order_id,latitude,longitude,restaurant,vehicle_type,vehicle_id,time_bucket
0,59.3484329289637,18.04472442413387,Max Karolinska,drone,drone_1,0
1,59.35072314444629,18.10485082876758,Max Hamngatan,moped,moped_40,0
2,59.33816822868978,18.069010946074417,Max Hötorget,moped,moped_7,0
3,59.34222462485758,18.069357465112695,Max Hötorget,moped,moped_14,0
4,59.31563800927102,18.09136385347688,Max Södermalm,moped,moped_4,0
5,59.332505616106666,18.006219379080342,Max Kungsholmen,moped,moped_13,0
6,59.33246113479535,18.065385727774732,Max Hötorget,moped,moped_14,0
7,59.33550655735316,17.9982245108618,Max Kungsholmen,moped,moped_27,0
8,59.33290327247786,18.060368468471896,Max Hötorget,moped,moped_6,0
9,59.318363855668224,18.04279805076149,Max Södermalm,moped,moped_3,0
10,59.31223129030276,18.040399015147056,Max Södermalm,moped,moped_6,0
11,59.335246537205094,18.078296528053016,Max Hamngatan,moped,moped_9,0
12,59.3338891432194,18.077070116016497,Max Hamngatan,moped,moped_41,0
13,59.31411930496,18.056676196814053,Max Södermalm,drone,drone_3,0
14,59.310246175292754,18.094470507354355,Max Södermalm,moped,moped_6,0
15,59.34989226521422,18.055169273182255,Max Odenplan,moped,moped_1,0
16,59.31514858644039,18.10197629313351,Max Södermalm,moped,moped_1,0
17,59.32870091190666,18.07930617941989,Max Hamngatan,moped,moped_28,0
18,59.32951098754748,18.00959882066135,Max Kungsholmen,moped,moped_26,0
19,59.34526083160863,18.096750951922797,Max Hamngatan,moped,moped_17,0
20,59.33785002732469,18.019939325208263,Max Kungsholmen,moped,moped_7,0
21,59.33246549378023,17.998452717761268,Max Kungsholmen,moped,moped_27,0
22,59.33879707649738,18.08286294380626,Max Hamngatan,moped,moped_6,0
23,59.33246100632718,18.016301197213725,Max Kungsholmen,moped,moped_8,0
24,59.33683218240239,18.029071589601127,Max Kungsholmen,moped,moped_27,0
25,59.34561595499116,18.08183435699935,Max Hamngatan,moped,moped_24,0
26,59.33251164142904,18.069734123248058,Max Hamngatan,moped,moped_19,0
27,59.310719462687594,18.096801475164803,Max Södermalm,moped,moped_2,0
28,59.341724957665114,18.10119294474015,Max Hamngatan,moped,moped_41,0
29,59.315519084128795,18.10117724547933,Max Södermalm,moped,moped_6,0
30,59.31890317459301,18.069636040237995,Max Södermalm,drone,drone_1,0
31,59.35642251971305,18.08685103351877,Max Odenplan,moped,moped_2,0
32,59.31455368577438,18.095428565623955,Max Södermalm,moped,moped_2,0
33,59.33631808788368,18.019216537368155,Max Kungsholmen,moped,moped_18,0
34,59.32036328624381,18.04527752137859,Max Södermalm,moped,moped_4,0
35,59.34596910284315,18.0989361742296,Max Hamngatan,moped,moped_40,0
36,59.35373257814627,18.088597840886585,Max Odenplan,moped,moped_1,0
37,59.33625656179353,18.096889877217,Max Hamngatan,moped,moped_31,0
38,59.33926033933875,18.005991774904643,Max Kungsholmen,moped,moped_25,0
39,59.31147017028801,18.09645532706556,Max Södermalm,moped,moped_5,0
40,59.33211230159983,18.039544673465286,Max Kungsholmen,moped,moped_26,0
41,59.33747642838854,18.05994641115499,Max Hötorget,moped,moped_10,0
42,59.347277708503334,18.08782625788331,Max Hamngatan,moped,moped_20,0
43,59.32579787499973,18.073787194428927,Max Hamngatan,moped,moped_41,0
44,59.345325511282674,18.083810204275995,Max Hamngatan,moped,moped_15,0
45,59.31084167144639,18.085627262386147,Max Södermalm,drone,drone_4,0
46,59.32567167671299,18.073168387961857,Max Hamngatan,moped,moped_8,0
47,59.34802168116628,18.101114428914673,Max Hamngatan,moped,moped_10,0
48,59.33862639667506,18.095719661304138,Max Hamngatan,moped,moped_41,0
49,59.31658107433398,18.09403130205648,Max Södermalm,drone,drone_7,0
50,59.333254133075194,18.09473568503636,Max Hamngatan,moped,moped_18,0
51,59.32833853745652,18.0370398518738,Max Kungsholmen,moped,moped_9,0
52,59.30414751934936,18.07284360239368,Max Södermalm,moped,moped_3,0
53,59.32807519496278,18.020151659240167,Max Kungsholmen,moped,moped_26,0
54,59.32982171799161,18.07140709924111,Max Hamngatan,moped,moped_40,0
55,59.34711451339808,18.05171436123614,Max Odenplan,moped,moped_4,0
56,59.33253740961972,18.07210206662247,Max Hamngatan,moped,moped_32,0
57,59.335915197519995,18.064731208509,Max Hötorget,moped,moped_13,0
58,59.33508170071584,18.06162497969355,Max Hötorget,moped,moped_8,0
59,59.34272120646423,18.08216153610628,Max Hamngatan,moped,moped_41,0
60,59.31309026419618,18.041540471232103,Max Södermalm,moped,moped_6,0
61,59.31459528321847,18.043389117947033,Max Södermalm,moped,moped_6,0
62,59.33254891628233,18.05853734948441,Max Hötorget,moped,moped_9,0
63,59.3411546450263,18.102166574040737,Max Hamngatan,moped,moped_7,0
64,59.306490161375265,18.073082658759663,Max Södermalm,moped,moped_3,0
65,59.33483562717469,18.066889562917133,Max Hötorget,moped,moped_11,0
66,59.31316124222352,18.102109158230014,Max Södermalm,moped,moped_4,0
67,59.34740985583206,18.109376264916623,Max Hamngatan,moped,moped_16,0
68,59.333357422175766,17.998043160771026,Max Kungsholmen,moped,moped_10,0
69,59.342947775151515,18.070819034679047,Max Hötorget,moped,moped_3,0
70,59.33975327672886,18.08193505196944,Max Hamngatan,moped,moped_12,0
71,59.31909912290789,18.05519937980769,Max Södermalm,moped,moped_6,0
72,59.31011388485647,18.069089283307132,Max Södermalm,drone,drone_14,0
73,59.353823977630526,18.097745223079496,Max Hamngatan,moped,moped_21,0
74,59.35193935105636,18.09634725334798,Max Hamngatan,moped,moped_13,0
75,59.34723989871029,18.08616551037099,Max Hamngatan,moped,moped_39,0
76,59.34908907848471,18.0682512622804,Max Odenplan,drone,drone_3,0
77,59.34995602415076,18.095711377632153,Max Hamngatan,moped,moped_27,0
78,59.34153068202525,18.110831679335583,Max Hamngatan,moped,moped_35,0
79,59.33375471066596,18.083334153081655,Max Hamngatan,moped,moped_5,0
80,59.35632402595107,18.09286319422029,Max Odenplan,drone,drone_1,0
81,59.32884552838699,18.050664428326037,Max Hötorget,moped,moped_7,0
82,59.342753919571706,18.028815292870245,Max Karolinska,drone,drone_1,0
83,59.31509470830489,18.036302535098415,Max Södermalm,moped,moped_1,0
84,59.31302072648081,18.090247026487138,Max Södermalm,moped,moped_2,0
85,59.305254295466526,18.081155329445043,Max Södermalm,drone,drone_4,0
86,59.32500894171318,18.076292904600333,Max Hamngatan,moped,moped_25,0
87,59.318879718090855,18.080963998538135,Max Södermalm,drone,drone_12,0
88,59.347033913270096,18.04795099985866,Max Odenplan,drone,drone_1,0
89,59.34889720875173,18.06165737357832,Max Odenplan,drone,drone_2,0
90,59.34426477095547,18.05264075189841,Max Odenplan,drone,drone_2,0
91,59.351365487417766,18.08498806261657,Max Odenplan,moped,moped_1,0
92,59.34333900866035,18.087201309677273,Max Hamngatan,moped,moped_35,0
93,59.33277344407609,18.039196381216144,Max Kungsholmen,moped,moped_10,0
94,59.30955782898217,18.096238078605605,Max Södermalm,drone,drone_6,0
95,59.3420887897423,18.08883744346771,Max Hamngatan,moped,moped_29,0
96,59.3356369909012,18.009319854968425,Max Kungsholmen,moped,moped_3,0
97,59.31876252847583,18.036015160259417,Max Kungsholmen,moped,moped_6,0
98,59.35419845716093,18.10482922758245,Max Hamngatan,moped,moped_32,0
99,59.31929868112488,18.085313382948502,Max Södermalm,drone,drone_11,0
100,59.331146821165824,18.01582537234682,Max Kungsholmen,moped,moped_7,0
101,59.31864228945851,18.02335520244444,Max Kungsholmen,moped,moped_11,0
102,59.31902899510179,18.075777965108845,Max Södermalm,drone,drone_4,0
103,59.33554592486203,18.007365376829227,Max Kungsholmen,moped,moped_22,0
104,59.33600788325385,18.005869328856818,Max Kungsholmen,moped,moped_22,0
105,59.33704306709611,18.08949898610806,Max Hamngatan,unassigned,unassigned,
106,59.320259976514805,18.04989648050542,Max Södermalm,drone,drone_12,0
107,59.35399221239596,18.0935002812514,Max Hamngatan,moped,moped_1,0
108,59.34036090023028,18.10843617595436,Max Hamngatan,moped,moped_24,0
109,59.343424462955355,18.06747393327587,Max Hötorget,moped,moped_6,0
110,59.341059252398615,18.062019948171866,Max Hötorget,moped,moped_2,0
111,59.340570876541705,18.045335343738973,Max Odenplan,drone,drone_1,0
112,59.349682583969475,18.053205146776676,Max Odenplan,moped,moped_2,0
113,59.347512549279266,18.104239024360275,Max Hamngatan,moped,moped_10,0
114,59.31632352375801,18.060810025692145,Max Södermalm,drone,drone_10,0
115,59.33045019739005,18.01042861554747,Max Kungsholmen,moped,moped_12,0
116,59.33448454491727,18.058931106674542,Max Hötorget,moped,moped_12,0
117,59.354056680441545,18.098416343536716,Max Hamngatan,moped,moped_29,0
118,59.3504606473556,18.101568770746,Max Hamngatan,moped,moped_37,0
119,59.34459687695639,18.05054835637525,Max Odenplan,drone,drone_4,0
120,59.33781626524848,18.096560326541088,Max Hamngatan,moped,moped_23,0
121,59.31890646859076,18.024939679431707,Max Kungsholmen,moped,moped_14,0
122,59.34867663676721,18.10649501513038,Max Hamngatan,unassigned,unassigned,
123,59.313466742332174,18.080061478826728,Max Södermalm,drone,drone_3,0
124,59.31233405168047,18.042302108324407,Max Södermalm,drone,drone_14,0
125,59.30963997736917,18.071558108480772,Max Södermalm,drone,drone_11,0
126,59.33998419374435,18.06547255274566,Max Hötorget,moped,moped_10,0
127,59.31660353001454,18.056205457073148,Max Södermalm,moped,moped_5,0
128,59.33767390960611,18.067230284372194,Max Hötorget,moped,moped_11,0
129,59.3205574855829,18.06791339444594,Max Södermalm,drone,drone_11,0
130,59.34239675039058,18.030185898448032,Max Karolinska,moped,moped_1,0
131,59.3505827572444,18.06939762371797,Max Odenplan,drone,drone_3,0
132,59.31574413614143,18.034381997352128,Max Kungsholmen,moped,moped_15,0
133,59.35196463721294,18.101777228682252,Max Hamngatan,moped,moped_31,0
134,59.31468000900102,18.07990488036577,Max Södermalm,moped,moped_4,0
135,59.34111711646088,18.103510474694577,Max Hamngatan,moped,moped_34,0
136,59.31887461807808,18.076117976002244,Max Södermalm,drone,drone_3,0
137,59.337381283591895,18.06697576078117,Max Hötorget,moped,moped_13,0
138,59.33904495276069,18.070276272739296,Max Hötorget,moped,moped_8,0
139,59.344294380091775,18.0885815508774,Max Hamngatan,moped,moped_26,0
140,59.3458384885274,18.0887745995988,Max Hamngatan,moped,moped_4,0
141,59.33147469991882,18.01287538643325,Max Kungsholmen,unassigned,unassigned,
142,59.343272392630745,18.026488583767694,Max Karolinska,drone,drone_1,0
143,59.316924541735126,18.040119939617853,Max Södermalm,moped,moped_5,0
144,59.33906564969386,18.09132857136824,Max Hamngatan,moped,moped_20,0
145,59.348909978984395,18.060762816857384,Max Odenplan,drone,drone_5,0
146,59.33683166367238,18.066006532945792,Max Hötorget,moped,moped_12,0
147,59.34618113075511,18.07188381234072,Max Odenplan,moped,moped_5,0
148,59.33739990932703,18.06678017375984,Max Hötorget,moped,moped_1,0
149,59.35497517733668,18.100033168620783,Max Hamngatan,moped,moped_33,0
150,59.31352931530362,18.061358915278436,Max Södermalm,drone,drone_9,0
151,59.312739453523946,18.050079234984388,Max Södermalm,drone,drone_9,0
152,59.31630332602131,18.064019703908524,Max Södermalm,drone,drone_3,0
153,59.33998671126173,18.06064427443092,Max Hötorget,moped,moped_5,0
154,59.32605239416109,18.072772498551792,Max Hamngatan,unassigned,unassigned,
155,59.34611889581193,18.093576037046223,Max Hamngatan,moped,moped_12,0
156,59.31866395991025,18.07087843333378,Max Södermalm,drone,drone_10,0
157,59.358808633153096,18.09935733281936,Max Hamngatan,moped,moped_14,0
158,59.34286351411704,18.112098692097447,Max Hamngatan,moped,moped_38,0
159,59.31612140230524,18.046070242822456,Max Södermalm,drone,drone_12,0
160,59.31970727680783,18.07520011376475,Max Södermalm,drone,drone_3,0
161,59.32076428816606,18.064470607281816,Max Södermalm,drone,drone_1,0
162,59.32867865808834,18.033903632313667,Max Kungsholmen,moped,moped_20,0
163,59.319121405190984,18.07364974424578,Max Södermalm,drone,drone_5,0
164,59.35267139814343,18.0976917780372,Max Hamngatan,moped,moped_11,0
165,59.3145125231006,18.070792643935953,Max Södermalm,drone,drone_9,0
166,59.33044439371675,18.004577499602725,Max Kungsholmen,moped,moped_1,0
167,59.33479759625926,18.020270693416723,Max Kungsholmen,moped,moped_8,0
168,59.33569512189776,18.07345113831715,Max Hamngatan,moped,moped_16,0
169,59.34157475212718,18.09615005152344,Max Hamngatan,moped,moped_7,0
170,59.337844436361934,18.0664619229254,Max Hötorget,moped,moped_4,0
171,59.32871635541266,18.062040143780433,Max Hamngatan,moped,moped_18,0
172,59.34658485650272,18.04053091498727,Max Karolinska,drone,drone_1,0
173,59.33977317764885,18.05352640353489,Max Odenplan,moped,moped_6,0
174,59.3436068990756,18.09473645321902,Max Hamngatan,moped,moped_39,0
175,59.33791425708926,18.059821583556943,Max Hötorget,moped,moped_13,0
176,59.3498483766673,18.04201973875736,Max Karolinska,moped,moped_1,0
177,59.31412181611349,18.067434951172434,Max Södermalm,drone,drone_11,0
178,59.35749185521355,18.08445962423598,Max Odenplan,moped,moped_4,0
179,59.313522182741785,18.0807887063284,Max Södermalm,drone,drone_13,0
180,59.35014798105726,18.0525385145458,Max Odenplan,drone,drone_6,0
181,59.3210841864856,18.05522914701532,Max Södermalm,drone,drone_7,0
182,59.33642426921352,18.018321403056927,Max Kungsholmen,moped,moped_27,0
183,59.31973330073536,18.051808323093617,Max Södermalm,drone,drone_6,0
184,59.319066980810504,18.07341236289404,Max Södermalm,drone,drone_2,0
185,59.30807975940893,18.084150683328765,Max Södermalm,drone,drone_8,0
186,59.30940056679902,18.085173042117173,Max Södermalm,drone,drone_8,0
187,59.35241651823161,18.08201401198287,Max Odenplan,drone,drone_4,0
188,59.33154208014268,18.084628185934477,Max Hamngatan,moped,moped_22,0
189,59.345248999521054,18.039809648647744,Max Karolinska,drone,drone_1,0
190,59.317572166494664,18.07694895378025,Max Södermalm,drone,drone_2,0
191,59.34448578811281,18.02998827627348,Max Karolinska,drone,drone_1,0
192,59.33589428134594,18.091398081773782,Max Hamngatan,moped,moped_11,0
193,59.312954198051465,18.082414358101257,Max Södermalm,drone,drone_10,0
194,59.335264335336575,18.058912531015174,Max Hötorget,moped,moped_3,0
195,59.31950090661212,18.072934165499007,Max Södermalm,drone,drone_3,0
196,59.31318127955042,18.092175456630667,Max Södermalm,drone,drone_4,0
197,59.31507044041589,18.089042033431635,Max Södermalm,drone,drone_8,0
198,59.32869002341467,18.04956728792577,Max Hötorget,moped,moped_14,0
199,59.34552365867915,18.1102902666395,Max Hamngatan,moped,moped_30,0
200,59.306013365537865,18.085020871647867,Max Södermalm,moped,moped_6,0
201,59.31241237547851,18.050714981227824,Max Södermalm,drone,drone_2,0
202,59.33400962778146,18.012341797827855,Max Kungsholmen,moped,moped_2,0
203,59.34574941438166,18.075943542876555,Max Hötorget,moped,moped_9,0
204,59.3307006113228,18.022925051938373,Max Kungsholmen,moped,moped_24,0
205,59.31495824717797,18.069018060963742,Max Södermalm,drone,drone_1,0
206,59.34804362405276,18.091720272493856,Max Hamngatan,moped,moped_37,0
207,59.314067679798995,18.04737242603854,Max Södermalm,drone,drone_7,0
208,59.318897097486285,18.043547416285424,Max Södermalm,moped,moped_5,0
209,59.347282250710414,18.082957947663736,Max Hamngatan,moped,moped_6,0
210,59.33952015755942,18.067390362531867,Max Hötorget,moped,moped_5,1
211,59.34216820810826,18.049770493609067,Max Odenplan,moped,moped_3,0
212,59.33750787914443,18.082450158828507,Max Hamngatan,moped,moped_33,0
213,59.3364963578493,18.0066718670979,Max Kungsholmen,unassigned,unassigned,
214,59.33344621146112,18.095443678825728,Max Hamngatan,moped,moped_23,0
215,59.33491341504066,18.023948631310866,Max Kungsholmen,moped,moped_25,0
216,59.3262689829141,18.064719511700027,Max Hamngatan,moped,moped_34,0
217,59.3342396875984,18.034847205685608,Max Kungsholmen,moped,moped_16,0
218,59.31444929759169,18.088642008232902,Max Södermalm,drone,drone_5,0
219,59.34694200968817,18.062316972517564,Max Odenplan,moped,moped_1,0
220,59.312294124475834,18.056294553657064,Max Södermalm,drone,drone_10,0
221,59.333552970322614,18.044841901818486,Max Kungsholmen,moped,moped_4,0
222,59.34433664888372,18.049184835052326,Max Odenplan,moped,moped_4,0
223,59.33576359491244,18.093010399115055,Max Hamngatan,moped,moped_40,0
224,59.33589565863385,18.02241287513354,Max Kungsholmen,moped,moped_23,0
225,59.309624470002525,18.053646306230466,Max Södermalm,drone,drone_2,0
226,59.34696341086063,18.056554236922416,Max Odenplan,drone,drone_2,0
227,59.344756846943014,18.102558609118596,Max Hamngatan,moped,moped_28,0
228,59.33271563605361,18.084572354159597,Max Hamngatan,moped,moped_20,0
229,59.31561360925405,18.02797148022964,Max Kungsholmen,moped,moped_13,0
230,59.35442849822081,18.09688002278912,Max Hamngatan,moped,moped_22,0
231,59.35363362334411,18.092104612247702,Max Hamngatan,moped,moped_14,0
232,59.3272158543553,18.024522541090516,Max Kungsholmen,moped,moped_23,0
233,59.319920901849464,18.071738722722603,Max Södermalm,drone,drone_12,0
234,59.334302170485415,18.0759079889335,Max Hamngatan,moped,moped_39,0
235,59.33159565354165,18.071351504892924,Max Hamngatan,moped,moped_25,0
236,59.32743448678854,18.05089124992193,Max Hötorget,moped,moped_4,1
237,59.34694085336611,18.1016386425446,Max Hamngatan,moped,moped_8,0
238,59.33654204093732,18.0119148814545,Max Kungsholmen,moped,moped_15,0
239,59.34074880708915,18.0390562021328,Max Odenplan,drone,drone_2,0
240,59.33321999770987,18.099508073042124,Max Hamngatan,moped,moped_26,0
241,59.34047421997838,18.079049421850435,Max Hamngatan,moped,moped_36,0
242,59.31743132446004,18.02802084644815,Max Kungsholmen,moped,moped_11,0
243,59.313194584841874,18.04671621345769,Max Södermalm,moped,moped_1,0
244,59.306003578101475,18.08588255107909,Max Södermalm,drone,drone_1,0
245,59.32925463160104,18.008067882013115,Max Kungsholmen,moped,moped_25,0
246,59.33657454323591,18.062827223223877,Max Hötorget,moped,moped_13,1
247,59.31244470061106,18.09944680358072,Max Södermalm,drone,drone_13,0
248,59.335106538482634,18.08845705446183,Max Hamngatan,moped,moped_2,0
249,59.31713028541648,18.053618402071702,Max Södermalm,drone,drone_10,0
250,59.33208294454645,18.06456928741832,Max Hötorget,moped,moped_11,1
251,59.3208261978899,18.058902519740357,Max Södermalm,drone,drone_8,0
252,59.35178921924808,18.069693370576832,Max Odenplan,moped,moped_1,0
253,59.30904432577151,18.060666417945843,Max Södermalm,drone,drone_6,0
254,59.31231989752244,18.06048510659349,Max Södermalm,drone,drone_11,0
255,59.346698869171206,18.11085105940562,Max Hamngatan,moped,moped_17,0
256,59.32849763462832,18.008638007967072,Max Kungsholmen,moped,moped_21,0
257,59.341201656233224,18.043377914880978,Max Odenplan,drone,drone_6,0
258,59.33427839858864,18.099747923531673,Max Hamngatan,moped,moped_3,0
259,59.34709767516164,18.08780314563491,Max Hamngatan,moped,moped_13,0
260,59.35699998689107,18.100911564108333,Max Hamngatan,moped,moped_38,0
261,59.33790312898011,18.018579220727787,Max Kungsholmen,moped,moped_18,0
262,59.342720198903656,18.05981946905275,Max Odenplan,drone,drone_4,0
263,59.31692261017384,18.08060009328384,Max Södermalm,moped,moped_3,0
264,59.34749319789787,18.03870802475745,Max Karolinska,drone,drone_1,0
265,59.348540725600266,18.10725138095796,Max Hamngatan,moped,moped_36,0
266,59.34777159043629,18.063913032922837,Max Odenplan,drone,drone_5,0
267,59.3498654699572,18.056671956382743,Max Odenplan,drone,drone_4,0
268,59.338542355719056,18.04243632017088,Max Odenplan,drone,drone_5,0
269,59.31100442401544,18.070024889887353,Max Södermalm,drone,drone_13,0
270,59.31006844900575,18.075748843017987,Max Södermalm,drone,drone_13,0
271,59.35116851168657,18.10501096259746,Max Hamngatan,moped,moped_30,0
272,59.357839794546386,18.100593940555516,Max Hamngatan,moped,moped_9,0
273,59.33443047314963,18.004044496239846,Max Kungsholmen,moped,moped_24,0
274,59.34139903104417,18.112563823434176,Max Hamngatan,moped,moped_27,0
275,59.35198847548479,18.0990405644513,Max Hamngatan,moped,moped_19,0
276,59.31391956700854,18.04902571526251,Max Södermalm,drone,drone_14,0
277,59.33689247268629,18.02402277608813,Max Kungsholmen,moped,moped_14,0
278,59.3475633730656,18.038256337248637,Max Karolinska,drone,drone_1,1
279,59.31099597553174,18.09197370680333,Max Södermalm,drone,drone_5,0
280,59.31679236319659,18.09746173321811,Max Södermalm,drone,drone_5,0
281,59.30754206753689,18.087415051341477,Max Södermalm,drone,drone_9,0
282,59.30806592488357,18.082203131039034,Max Södermalm,moped,moped_2,0
283,59.35224297678804,18.089365636162466,Max Hamngatan,moped,moped_15,0
284,59.34246066290225,18.08515391096652,Max Hamngatan,moped,moped_21,0
285,59.34055836834008,18.05277620170668,Max Odenplan,drone,drone_4,0
286,59.31913409020516,18.03656235866135,Max Kungsholmen,moped,moped_17,0
287,59.31385077256422,18.09166543246006,Max Södermalm,moped,moped_5,0
288,59.31361728203486,18.056958162719543,Max Södermalm,drone,drone_12,1
289,59.33474272527928,18.09309392045698,Max Hamngatan,moped,moped_5,0
290,59.331916152254,18.084103880489824,Max Hamngatan,moped,moped_44,1
291,59.30835187994535,18.083332060366637,Max Södermalm,drone,drone_11,1
292,59.32023877514093,18.05349038097083,Max Södermalm,moped,moped_4,1
293,59.34130288411304,18.09973902308912,Max Hamngatan,moped,moped_6,1
294,59.31594315370775,18.070174505153112,Max Södermalm,drone,drone_8,1
295,59.34174612738685,18.08064249139676,Max Hamngatan,moped,moped_45,1
296,59.330176861364755,18.019157712659144,Max Kungsholmen,moped,moped_20,0
297,59.31229311397013,18.070190575061996,Max Södermalm,drone,drone_6,1
298,59.31563848361176,18.05813549116187,Max Södermalm,drone,drone_13,1
299,59.341732781760776,18.052717195735703,Max Odenplan,drone,drone_2,0
300,59.3428148229847,18.050680389087603,Max Odenplan,drone,drone_1,0
301,59.31639087146066,18.093882315332664,Max Södermalm,drone,drone_3,1
302,59.31286583779484,18.060506145203767,Max Södermalm,drone,drone_5,1
303,59.33756908763735,18.058684866467104,Max Hötorget,moped,moped_12,1
304,59.3123253310754,18.05269192866411,Max Södermalm,drone,drone_6,1
305,59.34726845973455,18.080959817021213,Max Hamngatan,moped,moped_26,1
306,59.33061865510288,18.02939528019137,Max Kungsholmen,moped,moped_5,0
307,59.31951068125839,18.081374562680445,Max Södermalm,moped,moped_5,1
308,59.351748565839706,18.07271732471719,Max Odenplan,drone,drone_3,0
309,59.31433223584109,18.08008984367011,Max Södermalm,moped,moped_3,1
310,59.304739036735334,18.07058869058526,Max Södermalm,drone,drone_10,1
311,59.33177134516768,18.031265875341123,Max Kungsholmen,moped,moped_9,0
312,59.3300560566655,18.02624573414924,Max Kungsholmen,moped,moped_17,0
313,59.32819114909143,18.03586023344413,Max Kungsholmen,moped,moped_27,0
314,59.31259019985846,18.07431610923788,Max Södermalm,drone,drone_8,1
315,59.309074926772645,18.0529527490826,Max Södermalm,drone,drone_11,1
316,59.33268645052803,18.077348360835455,Max Hamngatan,moped,moped_21,1
317,59.33249743476464,18.00907236943931,Max Kungsholmen,moped,moped_19,0
318,59.34534186773087,18.09908712844364,Max Hamngatan,moped,moped_36,1
319,59.34136494713812,18.05041700274719,Max Odenplan,moped,moped_3,0
320,59.349204797186346,18.109152439154172,Max Hamngatan,moped,moped_10,1
321,59.352552432192375,18.08962031034251,Max Hamngatan,moped,moped_19,1
322,59.30368335516022,18.07830005866194,Max Södermalm,drone,drone_7,1
323,59.3446463440723,18.072058916397296,Max Hötorget,moped,moped_2,1
324,59.34750939104439,18.0987755548553,Max Hamngatan,moped,moped_45,1
325,59.341934689949866,18.115684878985327,Max Hamngatan,moped,moped_42,1
326,59.35099333036417,18.064630069768075,Max Odenplan,drone,drone_5,0
327,59.351895520268705,18.103711600875627,Max Hamngatan,moped,moped_41,1
328,59.3309162057398,18.01199167399922,Max Kungsholmen,moped,moped_19,0
329,59.33950357513734,18.112842310655942,Max Hamngatan,moped,moped_11,1
330,59.316254726394234,18.05540573192701,Max Södermalm,moped,moped_3,1
331,59.32756512419255,18.072266187600903,Max Hamngatan,moped,moped_23,1
332,59.3495810759389,18.059228270490685,Max Odenplan,drone,drone_6,0
333,59.340494639574054,18.10229094161241,Max Hamngatan,moped,moped_11,1
334,59.341725194336256,18.08538191054032,Max Hamngatan,moped,moped_38,1
335,59.34782789845334,18.06899731020534,Max Odenplan,moped,moped_5,0
336,59.32909387492158,18.043917291533894,Max Kungsholmen,moped,moped_26,0
337,59.334687329916406,18.081665650245352,Max Hamngatan,moped,moped_54,1
338,59.33942538132404,18.07390960277239,Max Hamngatan,moped,moped_42,1
339,59.35122208801679,18.050838707465193,Max Odenplan,drone,drone_6,0
340,59.345677854593426,18.03841837417211,Max Karolinska,moped,moped_1,1
341,59.325244864884894,18.074734086646263,Max Hamngatan,moped,moped_8,1
342,59.33840058764381,18.074878011445563,Max Hamngatan,moped,moped_17,1
343,59.3424480258568,18.055150091862505,Max Odenplan,drone,drone_2,0
344,59.33577906375037,18.0281923831392,Max Kungsholmen,moped,moped_16,0
345,59.350262110440866,18.10394695963482,Max Hamngatan,moped,moped_20,1
346,59.33028250725349,18.001680087194963,Max Kungsholmen,moped,moped_21,0
347,59.34805534644422,18.103302334572,Max Hamngatan,moped,moped_7,1
348,59.351208742323166,18.1063480831168,Max Hamngatan,moped,moped_33,1
349,59.32033798001024,18.042716370305897,Max Kungsholmen,moped,moped_27,0
350,59.3184452069384,18.033000581112663,Max Kungsholmen,moped,moped_18,0
351,59.31535733994391,18.05762837343047,Max Södermalm,drone,drone_4,1
352,59.3377158665717,18.054923804123888,Max Hötorget,moped,moped_5,1
353,59.333353375822675,18.075923068548786,Max Hamngatan,moped,moped_16,1
354,59.31554469407826,18.09670519508033,Max Södermalm,drone,drone_7,1
355,59.34070753153874,18.111064858974476,Max Hamngatan,moped,moped_32,1
356,59.32771506771416,18.02027142347107,Max Kungsholmen,moped,moped_12,0
357,59.31883753377949,18.064829726021404,Max Södermalm,drone,drone_3,1
358,59.34495858109684,18.049838285793957,Max Odenplan,drone,drone_1,1
359,59.35108496112264,18.0501326212775,Max Odenplan,drone,drone_2,1
360,59.3324660634211,18.031741052095537,Max Kungsholmen,moped,moped_21,1
361,59.33564703076523,18.016659065825696,Max Kungsholmen,moped,moped_33,1
362,59.31502914168071,18.06375236819457,Max Södermalm,drone,drone_4,1
363,59.34623249474123,18.068353602550197,Max Odenplan,moped,moped_5,1
364,59.335481591536286,18.070222231116684,Max Hamngatan,moped,moped_29,1
365,59.33213095067456,18.06377642136953,Max Hötorget,moped,moped_4,1
366,59.35774626967888,18.091314096508015,Max Odenplan,drone,drone_1,1
367,59.34942860973247,18.058897268003896,Max Odenplan,drone,drone_6,1
368,59.34645604210849,18.0466045069016,Max Odenplan,moped,moped_3,1
369,59.314863991226474,18.09840931586726,Max Södermalm,drone,drone_7,1
370,59.338434050611575,18.08327821375713,Max Hamngatan,moped,moped_53,1
371,59.33273257774644,18.02463076604852,Max Kungsholmen,moped,moped_26,1
372,59.33386243521901,18.095576618924532,Max Hamngatan,moped,moped_24,1
373,59.33961596200909,18.063826288989787,Max Hötorget,moped,moped_15,1
374,59.308531896080346,18.08363247028521,Max Södermalm,moped,moped_2,1
375,59.35271084502243,18.090610910996507,Max Hamngatan,moped,moped_2,1
376,59.34435572559321,18.1040797043854,Max Hamngatan,moped,moped_35,1
377,59.331500763773015,18.033009011465236,Max Kungsholmen,moped,moped_19,1
378,59.31003308096167,18.060695800664323,Max Södermalm,moped,moped_3,1
379,59.340732044452466,18.077636764287732,Max Hamngatan,moped,moped_33,1
380,59.349872785142225,18.088136619113076,Max Hamngatan,moped,moped_35,1
381,59.33201886260421,18.022682763264225,Max Kungsholmen,moped,moped_7,1
382,59.3189635681847,18.087124123089424,Max Södermalm,drone,drone_9,1
383,59.33436050315502,18.020958708373104,Max Kungsholmen,moped,moped_34,1
384,59.3137754340975,18.04039381820409,Max Södermalm,moped,moped_1,1
385,59.30891503342318,18.078318957955233,Max Södermalm,moped,moped_4,1
386,59.32818065865697,18.012987056308567,Max Kungsholmen,moped,moped_27,1
387,59.335102752702895,18.04235816784272,Max Kungsholmen,moped,moped_22,1
388,59.31609438650462,18.08502526376774,Max Södermalm,moped,moped_5,1
389,59.33028460155472,18.032952200382255,Max Kungsholmen,moped,moped_38,1
390,59.327503630396215,18.023474357606332,Max Kungsholmen,moped,moped_11,1
391,59.31126220225689,18.054409543372785,Max Södermalm,drone,drone_14,1
392,59.335192235784824,18.08318239276983,Max Hamngatan,moped,moped_34,1
393,59.3363075106983,18.054837173306584,Max Hötorget,moped,moped_7,1
394,59.34984834526265,18.10384861864612,Max Hamngatan,moped,moped_51,1
395,59.354192912965026,18.08676177986,Max Odenplan,moped,moped_2,1
396,59.337320069220226,18.064075797781932,Max Hötorget,moped,moped_13,1
397,59.33784509714296,18.08513424488278,Max Hamngatan,moped,moped_15,1
398,59.315136083078215,18.068637320458603,Max Södermalm,drone,drone_1,1
399,59.353459934496705,18.100317968712556,Max Hamngatan,moped,moped_29,1
400,59.33499331235009,18.013559301048204,Max Kungsholmen,moped,moped_20,1
401,59.33871881494379,18.0656267273866,Max Hötorget,moped,moped_6,1
402,59.34568761862712,18.04926936828425,Max Odenplan,drone,drone_5,1
403,59.33073795813182,18.00697942372714,Max Kungsholmen,moped,moped_13,1
404,59.33776955444424,18.011247198481197,Max Kungsholmen,moped,moped_37,1
405,59.34320255512841,18.065745542045608,Max Odenplan,drone,drone_3,1
406,59.31335980322648,18.079250383791415,Max Södermalm,drone,drone_2,1
407,59.31389292272448,18.082141474595325,Max Södermalm,drone,drone_6,1
408,59.31579259522649,18.09616242396719,Max Södermalm,drone,drone_13,1
409,59.32955442908902,18.075857181292157,Max Hamngatan,moped,moped_49,1
410,59.3124131059126,18.098593553149232,Max Södermalm,drone,drone_12,1
411,59.33273927972868,18.09709813760577,Max Hamngatan,moped,moped_50,1
412,59.33852701037629,18.090484993133305,Max Hamngatan,moped,moped_50,1
413,59.316045111424145,18.05818516844105,Max Södermalm,drone,drone_8,1
414,59.32965914658737,18.009476873839212,Max Kungsholmen,moped,moped_37,1
415,59.30430974189673,18.080620736442892,Max Södermalm,drone,drone_3,1
416,59.32767779126843,18.072769640210936,Max Hamngatan,moped,moped_30,1
417,59.3465387586858,18.06374439142392,Max Odenplan,moped,moped_1,1
418,59.317874372187326,18.024576751957717,Max Kungsholmen,moped,moped_6,1
419,59.338090230604855,18.064269841978223,Max Hötorget,moped,moped_15,1
420,59.33764960397216,18.004197404031196,Max Kungsholmen,moped,moped_34,1
421,59.31301323774315,18.042220466818048,Max Södermalm,moped,moped_3,1
422,59.34824399631855,18.088757393803768,Max Hamngatan,moped,moped_12,1
423,59.3097471316455,18.08622295603546,Max Södermalm,moped,moped_2,1
424,59.34066518955965,18.04540881268963,Max Odenplan,drone,drone_1,1
425,59.3325261006936,18.015365991425355,Max Kungsholmen,moped,moped_36,1
426,59.3448766559732,18.032261321032003,Max Karolinska,drone,drone_1,1
427,59.33375010555087,18.07330902183294,Max Hamngatan,moped,moped_28,1
428,59.33819252505432,18.087878811728157,Max Hamngatan,moped,moped_30,1
429,59.33052704830705,18.060467576263942,Max Hötorget,moped,moped_9,1
430,59.33872274138309,18.042503281440226,Max Odenplan,drone,drone_6,1
431,59.35517409766235,18.095501281284527,Max Hamngatan,moped,moped_1,1
432,59.34722404889674,18.092651962282456,Max Hamngatan,moped,moped_22,1
433,59.34244089994076,18.081474544417965,Max Hamngatan,moped,moped_43,1
434,59.33961494050863,18.072737758895073,Max Hötorget,moped,moped_14,1
435,59.357177735414496,18.08758049683376,Max Odenplan,drone,drone_6,1
436,59.31449143045358,18.06829654655484,Max Södermalm,drone,drone_1,1
437,59.34787899389471,18.084896923684227,Max Hamngatan,moped,moped_16,1
438,59.34450898882234,18.08222045113516,Max Hamngatan,moped,moped_55,1
439,59.347077233757425,18.093113922509673,Max Hamngatan,moped,moped_47,1
440,59.33406010080469,18.07665859857952,Max Hamngatan,moped,moped_49,1
441,59.318843791742275,18.085008503947563,Max Södermalm,drone,drone_2,1
442,59.31637648017434,18.09851601399613,Max Södermalm,moped,moped_2,1
443,59.315413378969026,18.037556259748783,Max Södermalm,drone,drone_2,1
444,59.34016681152587,18.03821070303756,Max Kungsholmen,moped,moped_33,1
445,59.3500725535445,18.107660373349617,Max Hamngatan,moped,moped_43,1
446,59.32939791640069,18.044947037903796,Max Kungsholmen,moped,moped_25,1
447,59.31756511886597,18.073863769730064,Max Södermalm,drone,drone_13,1
448,59.33182734494727,18.07375764055161,Max Hamngatan,moped,moped_41,1
449,59.3576250818388,18.08971599131565,Max Odenplan,moped,moped_4,1
450,59.34274891348944,18.03786252736299,Max Karolinska,drone,drone_1,1
451,59.33910544332622,18.08933289474574,Max Hamngatan,moped,moped_28,1
452,59.333988466688325,18.084660734965823,Max Hamngatan,moped,moped_40,1
453,59.35634996474511,18.101602869366555,Max Hamngatan,moped,moped_31,1
454,59.33681244884843,18.056532403552502,Max Hötorget,moped,moped_16,1
455,59.33281353813513,18.05530820590089,Max Hötorget,moped,moped_8,1
456,59.33419373630469,18.00974915500026,Max Kungsholmen,unassigned,unassigned,
457,59.338054638552066,18.017560973833017,Max Kungsholmen,moped,moped_16,1
458,59.34028718717956,18.10885226922731,Max Hamngatan,moped,moped_15,1
459,59.319360703309854,18.084610763989843,Max Södermalm,drone,drone_9,1
460,59.35662179890103,18.09178429626276,Max Odenplan,moped,moped_6,1
461,59.34578808933217,18.041866319396966,Max Karolinska,moped,moped_1,1
462,59.34290574999179,18.086218668686133,Max Hamngatan,moped,moped_5,1
463,59.34402341654299,18.049659101026432,Max Odenplan,drone,drone_5,1
464,59.32031270132629,18.069808743869316,Max Södermalm,moped,moped_4,1
465,59.304839339906344,18.076370315122126,Max Södermalm,moped,moped_1,1
466,59.343083023634314,18.04675187688496,Max Odenplan,drone,drone_2,1
467,59.34069342050266,18.092130534080415,Max Hamngatan,moped,moped_34,1
468,59.34766415881382,18.05219804264167,Max Odenplan,moped,moped_1,1
469,59.34435531489176,18.05926239528971,Max Odenplan,drone,drone_1,1
470,59.33611071033438,18.02552027707623,Max Kungsholmen,moped,moped_28,1
471,59.31711920360463,18.02798322631589,Max Kungsholmen,moped,moped_17,1
472,59.34491327837527,18.056309422312587,Max Odenplan,drone,drone_4,1
473,59.313261078744226,18.06984638246406,Max Södermalm,drone,drone_11,1
474,59.335051358606755,18.0575099166273,Max Hötorget,unassigned,unassigned,
475,59.33073557582359,18.01033340163367,Max Kungsholmen,moped,moped_23,1
476,59.338457270235075,18.02446099128245,Max Kungsholmen,moped,moped_22,1
477,59.34140060437159,18.074244691325383,Max Hötorget,moped,moped_1,1
478,59.308526128558135,18.064069151663436,Max Södermalm,drone,drone_9,1
479,59.32866984194514,18.035592367528277,Max Kungsholmen,moped,moped_35,1
480,59.327717038259856,18.022391343498523,Max Kungsholmen,moped,moped_30,1
481,59.337738728865915,18.10105228976804,Max Hamngatan,moped,moped_48,1
482,59.352010935215944,18.086320552674177,Max Odenplan,drone,drone_5,1
483,59.33619061894538,18.076492694803907,Max Hamngatan,moped,moped_46,1
484,59.3345608761548,18.02712293956642,Max Kungsholmen,moped,moped_18,1
485,59.33241107712216,18.0678517637899,Max Hamngatan,moped,moped_4,1
486,59.315629495188254,18.067327713929572,Max Södermalm,drone,drone_6,1
487,59.317857285306026,18.081184753146974,Max Södermalm,moped,moped_6,1
488,59.3080458210187,18.076799139372604,Max Södermalm,drone,drone_8,1
489,59.30801536075817,18.09042736510349,Max Södermalm,drone,drone_10,1
490,59.332312469984544,18.01706027738811,Max Kungsholmen,moped,moped_29,1
491,59.33930701470886,18.081300707713435,Max Hamngatan,moped,moped_25,1
492,59.320261800151016,18.050041528013946,Max Södermalm,drone,drone_14,1
493,59.33914937134828,18.008335660011966,Max Kungsholmen,moped,moped_4,1
494,59.33355703746578,18.020820969370188,Max Kungsholmen,moped,moped_9,1
495,59.344515762823896,18.037419482941154,Max Karolinska,drone,drone_1,1
496,59.35174163202345,18.084123019996177,Max Odenplan,moped,moped_1,1
497,59.31286484485601,18.07542684388035,Max Södermalm,drone,drone_14,1
498,59.31657204581085,18.09736311525661,Max Södermalm,moped,moped_6,1
499,59.339317278014974,18.015463233441533,Max Kungsholmen,moped,moped_19,1
500,59.30607012976974,18.068652315832537,Max Södermalm,drone,drone_5,1
501,59.31436694437989,18.06905105481592,Max Södermalm,drone,drone_9,1
502,59.34203297590219,18.11506564108801,Max Hamngatan,moped,moped_53,1
503,59.31490730368703,18.101886412968977,Max Södermalm,moped,moped_6,1
504,59.31161264800471,18.08701969514947,Max Södermalm,drone,drone_5,1
505,59.33509195344794,18.05922991438926,Max Hötorget,moped,moped_14,1
506,59.34413907931948,18.091441753414035,Max Hamngatan,moped,moped_18,1
507,59.337349283943375,18.058271226971687,Max Hötorget,moped,moped_11,1
508,59.317919732589814,18.033474445547707,Max Kungsholmen,moped,moped_7,1
509,59.33202580895915,18.0428296955038,Max Kungsholmen,moped,moped_24,1
510,59.32723396085055,18.070625677590748,Max Hamngatan,moped,moped_32,1
511,59.32581071732417,18.021195780048732,Max Kungsholmen,moped,moped_32,1
512,59.31142810238986,18.058518016138496,Max Södermalm,drone,drone_1,1
513,59.33341128263923,18.059041560913,Max Hötorget,moped,moped_12,1
514,59.33900499679618,18.091723573190627,Max Hamngatan,moped,moped_55,1
515,59.32925730231458,18.058455818769342,Max Hötorget,moped,moped_10,1
516,59.334078217724354,18.044615016283203,Max Kungsholmen,moped,moped_24,1
517,59.33996156541445,18.04161767404041,Max Odenplan,drone,drone_3,1
518,59.35749353598096,18.099741018167283,Max Hamngatan,moped,moped_48,1
519,59.31737834698988,18.033610834666007,Max Kungsholmen,moped,moped_1,1
520,59.31565738873277,18.03517384399839,Max Kungsholmen,moped,moped_5,1
521,59.33453148779121,18.068634936196624,Max Hamngatan,moped,moped_39,1
522,59.333771994970746,18.064959227313896,Max Hötorget,moped,moped_3,1
523,59.31090022175265,18.088143483163577,Max Södermalm,drone,drone_9,1
524,59.33407924781935,18.02924496998271,Max Kungsholmen,moped,moped_16,1
525,59.30908069085764,18.07490002564482,Max Södermalm,drone,drone_2,1
526,59.30984796709433,18.075094752112488,Max Södermalm,moped,moped_4,1
527,59.342607834857944,18.036364254378956,Max Karolinska,moped,moped_1,1
528,59.34145880267359,18.100120066040077,Max Hamngatan,moped,moped_56,1
529,59.3345518379333,18.062048757101024,Max Hötorget,moped,moped_3,1
530,59.33360101564034,18.04320596725864,Max Kungsholmen,moped,moped_31,1
531,59.31383879414019,18.10153342571346,Max Södermalm,drone,drone_1,1
532,59.31611315430376,18.08891508981912,Max Södermalm,drone,drone_8,1
533,59.351008178873165,18.052231362559617,Max Odenplan,drone,drone_2,1
534,59.33274169908569,18.076008651087506,Max Hamngatan,moped,moped_13,1
535,59.34903435316157,18.09038071076959,Max Hamngatan,moped,moped_44,1
536,59.33328443779788,18.083270595904548,Max Hamngatan,moped,moped_56,1
537,59.3124334945285,18.049197571842168,Max Södermalm,drone,drone_4,1
538,59.31140097016299,18.06476406047624,Max Södermalm,drone,drone_10,1
539,59.333888113178915,18.077941042869966,Max Hamngatan,moped,moped_26,1
540,59.3151637269986,18.07877316573643,Max Södermalm,drone,drone_10,1
541,59.34271874462662,18.087704185694857,Max Hamngatan,moped,moped_39,1
542,59.347766545328874,18.08569275825071,Max Hamngatan,moped,moped_31,1
543,59.33279687245116,18.005778749008716,Max Kungsholmen,moped,moped_36,1
544,59.34553656834704,18.03662992679911,Max Karolinska,drone,drone_1,1
545,59.33594251130702,18.076532719561968,Max Hamngatan,moped,moped_52,1
546,59.317169361385105,18.096820237573688,Max Södermalm,drone,drone_6,1
547,59.34976884676574,18.096130872580584,Max Hamngatan,moped,moped_9,1
548,59.33185266146333,18.06882747847232,Max Hamngatan,moped,moped_14,1
549,59.33304981419133,18.03003101205076,Max Kungsholmen,moped,moped_9,1
550,59.30840752268731,18.081534342679635,Max Södermalm,drone,drone_13,1
551,59.34830929436243,18.04867925611626,Max Odenplan,moped,moped_2,1
552,59.33550985545395,18.04103159224126,Max Kungsholmen,moped,moped_15,1
553,59.34908260055098,18.072796596573124,Max Odenplan,drone,drone_3,1
554,59.31089871336761,18.07719457879657,Max Södermalm,drone,drone_13,1
555,59.332388931289145,18.001682180406355,Max Kungsholmen,moped,moped_12,1
556,59.31924018339133,18.067128664807687,Max Södermalm,drone,drone_4,1
557,59.34504112467255,18.11079709414532,Max Hamngatan,moped,moped_51,1
558,59.31356594936951,18.09429307849644,Max Södermalm,drone,drone_11,1
559,59.316695119504914,18.06043073530655,Max Södermalm,drone,drone_1,1
560,59.31691933073889,18.02919307025666,Max Kungsholmen,unassigned,unassigned,
561,59.338870232972994,18.04486001200087,Max Odenplan,drone,drone_4,1
562,59.3341389324724,18.019277651026695,Max Kungsholmen,moped,moped_21,1
563,59.32491660991152,18.07265766096775,Max Hamngatan,moped,moped_54,1
564,59.31906490250388,18.07979712125474,Max Södermalm,drone,drone_4,1
565,59.33755678498027,18.06665289690186,Max Hötorget,moped,moped_9,1
566,59.30474869378417,18.073302023911097,Max Södermalm,moped,moped_1,1
567,59.327062944929466,18.072816918762708,Max Hamngatan,moped,moped_27,1
568,59.34707776717713,18.047759112561035,Max Odenplan,drone,drone_5,1
569,59.34216906146745,18.05685651131059,Max Odenplan,drone,drone_5,1
570,59.31551905432665,18.07418051773144,Max Södermalm,drone,drone_3,1
571,59.3454910000461,18.056429190233192,Max Odenplan,drone,drone_3,1
572,59.33857578129945,18.015503282420408,Max Kungsholmen,moped,moped_20,1
573,59.34656122478964,18.092277100181818,Max Hamngatan,moped,moped_37,1
574,59.31057612530672,18.073428826999276,Max Södermalm,drone,drone_8,1
575,59.30579742624023,18.0773141229464,Max Södermalm,drone,drone_14,1
576,59.338967379922245,18.088369436712767,Max Hamngatan,moped,moped_40,1
577,59.34622036615065,18.095136387267907,Max Hamngatan,moped,moped_52,1
578,59.33070653962421,18.059984038908855,Max Hötorget,moped,moped_10,1
579,59.317507638438194,18.077940009849453,Max Södermalm,drone,drone_10,1
580,59.334264460013166,18.063381790763707,Max Hötorget,moped,moped_8,2
581,59.31379637469659,18.10385633103279,Max Södermalm,drone,drone_12,1
582,59.3387761853328,18.05893980184166,Max Hötorget,moped,moped_14,2
583,59.32978633055585,18.048101694885613,Max Kungsholmen,moped,moped_14,1
584,59.32737779535706,18.05004218558063,Max Hötorget,moped,moped_5,2
585,59.33522070718322,18.068483271757636,Max Hamngatan,moped,moped_3,1
586,59.30951519685902,18.07553302882555,Max Södermalm,drone,drone_3,1
587,59.31373107568743,18.073681298472483,Max Södermalm,drone,drone_5,1
588,59.335235412207744,18.035596091145084,Max Kungsholmen,moped,moped_39,1
589,59.3083291259779,18.078476765433138,Max Södermalm,drone,drone_5,1
590,59.3397207796867,18.09132944196248,Max Hamngatan,moped,moped_25,1
591,59.31505039876201,18.053794052883628,Max Södermalm,moped,moped_5,1
592,59.33933852854467,18.086844873153684,Max Hamngatan,moped,moped_22,2
593,59.32524554162046,18.067492238727304,Max Hamngatan,moped,moped_9,2
594,59.30818015798625,18.0652329686949,Max Södermalm,moped,moped_6,2
595,59.35051967976521,18.052221951725272,Max Odenplan,moped,moped_6,1
596,59.33492269315956,18.018441969103577,Max Kungsholmen,moped,moped_35,1
597,59.34806050270804,18.090384226032967,Max Hamngatan,moped,moped_27,2
598,59.31046212952541,18.070213606544023,Max Södermalm,drone,drone_5,2
599,59.31421037853231,18.092281759312105,Max Södermalm,drone,drone_9,2
600,59.328884595047256,18.01820332203788,Max Kungsholmen,moped,moped_31,1
601,59.315603502718055,18.09145464234612,Max Södermalm,drone,drone_4,2
602,59.34077102054864,18.0607443086525,Max Odenplan,drone,drone_3,1
603,59.340985746961536,18.06117852684308,Max Odenplan,drone,drone_2,1
604,59.30567265017394,18.083190761382173,Max Södermalm,moped,moped_4,2
605,59.352626235582555,18.08219842673683,Max Odenplan,moped,moped_4,1
606,59.355546633245226,18.094708133263588,Max Hamngatan,moped,moped_8,2
607,59.317700468119675,18.068471047125502,Max Södermalm,drone,drone_13,2
608,59.350820849868,18.06312314774412,Max Odenplan,drone,drone_4,1
609,59.35595287951364,18.102248512400532,Max Hamngatan,moped,moped_19,2
610,59.31882887554297,18.05215556046148,Max Södermalm,drone,drone_13,2
611,59.337041479999336,18.05792630688993,Max Hötorget,moped,moped_1,2
612,59.34804200494036,18.094688513011715,Max Hamngatan,moped,moped_37,2
613,59.341647659607624,18.070158620447245,Max Hötorget,moped,moped_1,2
614,59.35718113044403,18.087749540473528,Max Odenplan,moped,moped_5,1
615,59.34004622328949,18.100821331176864,Max Hamngatan,moped,moped_17,2
616,59.33934533828552,18.080739019811418,Max Hamngatan,moped,moped_4,2
617,59.31251040095785,18.10288590320599,Max Södermalm,drone,drone_2,2
618,59.33852142154502,18.02017144745282,Max Kungsholmen,moped,moped_2,1
619,59.32858199275325,18.04978934158636,Max Hötorget,moped,moped_12,2
620,59.34587627136489,18.093256263492744,Max Hamngatan,moped,moped_16,2
621,59.33999408491093,18.05611044323952,Max Odenplan,drone,drone_2,1
622,59.31383715050661,18.03812291447473,Max Södermalm,drone,drone_3,2
623,59.3061282456535,18.088418227988043,Max Södermalm,drone,drone_11,2
624,59.351383551348654,18.060267849273277,Max Odenplan,moped,moped_5,1
625,59.31219173615729,18.069728038098123,Max Södermalm,drone,drone_5,2
626,59.33303549139788,18.031638518736653,Max Kungsholmen,unassigned,unassigned,
627,59.33943282368522,18.111843708766138,Max Hamngatan,moped,moped_2,2
628,59.328466971224664,18.027380997585944,Max Kungsholmen,moped,moped_3,1
629,59.35829772340253,18.094788227739695,Max Odenplan,moped,moped_3,1
630,59.31516510727658,18.07447585453935,Max Södermalm,drone,drone_10,2
631,59.31956453444389,18.078008646358057,Max Södermalm,drone,drone_12,2
632,59.351018841855144,18.095762986086054,Max Hamngatan,moped,moped_29,2
633,59.343466943855,18.089144252851867,Max Hamngatan,moped,moped_34,2
634,59.31642303446768,18.07369544026766,Max Södermalm,drone,drone_1,2
635,59.33913415137616,18.101449974026785,Max Hamngatan,moped,moped_6,2
636,59.328515611091845,18.02552104308821,Max Kungsholmen,moped,moped_8,1
637,59.3341930068125,18.05753353949864,Max Hötorget,moped,moped_3,2
638,59.34011190192024,18.04389721114868,Max Odenplan,drone,drone_2,1
639,59.3393978160939,18.071822354351273,Max Hötorget,moped,moped_7,2
640,59.339919625071886,18.06080669613801,Max Hötorget,unassigned,unassigned,
641,59.35309050119242,18.09194557359569,Max Hamngatan,moped,moped_11,2
642,59.34371129705704,18.10888344391391,Max Hamngatan,moped,moped_5,2
643,59.33798584264433,18.092126998656457,Max Hamngatan,moped,moped_36,2
644,59.30685432882856,18.084262257622814,Max Södermalm,drone,drone_7,2
645,59.33827126083687,18.05834445650485,Max Hötorget,moped,moped_11,2
646,59.30660770401612,18.078639783797698,Max Södermalm,drone,drone_10,2
647,59.317875788413744,18.086588958199613,Max Södermalm,moped,moped_5,2
648,59.31861594868919,18.01898980551563,Max Kungsholmen,moped,moped_14,1
649,59.32696461821546,18.069339230175583,Max Hamngatan,moped,moped_9,2
650,59.30824789894015,18.094225896274267,Max Södermalm,drone,drone_2,2
651,59.335078266321574,18.031558495536625,Max Kungsholmen,moped,moped_10,1
652,59.338030860592234,18.061458278729148,Max Hötorget,moped,moped_11,2
653,59.3502038672717,18.079607266549452,Max Odenplan,drone,drone_4,1
654,59.34469745088536,18.10310515158233,Max Hamngatan,moped,moped_13,2
655,59.33993576052598,18.08022932720302,Max Hamngatan,moped,moped_10,2
656,59.31425354546167,18.037812903894125,Max Södermalm,moped,moped_1,2
657,59.34990636321404,18.086779342694783,Max Hamngatan,moped,moped_18,2
658,59.334844739487174,18.067444791854808,Max Hötorget,moped,moped_13,2
659,59.32734881811574,18.02025596060101,Max Kungsholmen,moped,moped_32,1
660,59.351413233016544,18.081822176091265,Max Odenplan,drone,drone_4,2
661,59.30941118557749,18.084797527253983,Max Södermalm,moped,moped_5,2
662,59.33559566714264,18.097041091102604,Max Hamngatan,moped,moped_21,2
663,59.34643006475968,18.110645813075056,Max Hamngatan,moped,moped_14,2
664,59.316922242722136,18.07838457379314,Max Södermalm,drone,drone_12,2
665,59.3306607921036,17.997838895915567,Max Kungsholmen,moped,moped_38,1
666,59.358040122349536,18.09322911275955,Max Odenplan,moped,moped_4,2
667,59.334901121154225,18.013180916756877,Max Kungsholmen,moped,moped_6,2
668,59.31589414775588,18.03666330307075,Max Kungsholmen,moped,moped_15,2
669,59.33434136880123,17.99736273147903,Max Kungsholmen,unassigned,unassigned,
670,59.34090491967007,18.042689315878615,Max Odenplan,drone,drone_4,2
671,59.31674688331373,18.040147933516067,Max Södermalm,moped,moped_4,2
672,59.33907243339272,18.067623586323737,Max Hötorget,moped,moped_2,2
673,59.30565162151237,18.077223770496783,Max Södermalm,drone,drone_10,2
674,59.31971445149925,18.039736655514243,Max Kungsholmen,moped,moped_10,2
675,59.31913715096608,18.063323518886044,Max Södermalm,drone,drone_8,2
676,59.331478013146466,18.037653301789984,Max Kungsholmen,moped,moped_10,2
677,59.32280351314634,18.06958783191588,Max Södermalm,moped,moped_4,2
678,59.316273993595566,18.03226034312991,Max Kungsholmen,moped,moped_4,2
679,59.33119876152944,18.018293379858974,Max Kungsholmen,moped,moped_9,2
680,59.33432592853175,18.044414965454113,Max Kungsholmen,moped,moped_19,2
681,59.34098698571914,18.105481982240917,Max Hamngatan,moped,moped_33,2
682,59.315608778760186,18.083255536278564,Max Södermalm,drone,drone_6,2
683,59.3404490236808,18.068800756168457,Max Hötorget,moped,moped_9,2
684,59.34596234826083,18.05019651490803,Max Odenplan,drone,drone_1,2
685,59.352201657595025,18.10313615015161,Max Hamngatan,moped,moped_37,2
686,59.35217866041451,18.106448974369563,Max Hamngatan,moped,moped_35,2
687,59.32992744929208,18.06036533422533,Max Hötorget,moped,moped_5,2
688,59.35131591873,18.089437864727284,Max Hamngatan,moped,moped_15,2
689,59.340251447336975,18.080048642272835,Max Hamngatan,moped,moped_7,2
690,59.351056002781746,18.04771092555198,Max Karolinska,moped,moped_1,1
691,59.33250277135487,18.008145225719346,Max Kungsholmen,moped,moped_1,2
692,59.31581040593664,18.10205066010988,Max Södermalm,drone,drone_5,2
693,59.318689768067195,18.082664320024023,Max Södermalm,drone,drone_14,2
694,59.33938668100658,18.049772138581893,Max Odenplan,drone,drone_1,2
695,59.34040295819068,18.11749474866372,Max Hamngatan,moped,moped_20,2
696,59.35124258081815,18.059653516672338,Max Odenplan,drone,drone_2,2
697,59.33807659762489,18.04505339948151,Max Odenplan,drone,drone_5,2
698,59.34306829541092,18.083047039010697,Max Hamngatan,moped,moped_30,2
699,59.33061483326589,18.047285503527966,Max Kungsholmen,moped,moped_14,2
700,59.34264434875803,18.09707459859536,Max Hamngatan,moped,moped_18,2
701,59.34463286115071,18.106186512485777,Max Hamngatan,moped,moped_1,2
702,59.33286872960945,18.02973358387984,Max Kungsholmen,moped,moped_8,2
703,59.31310831381903,18.086087696935216,Max Södermalm,drone,drone_12,2
704,59.360208295973706,18.098476822969957,Max Odenplan,moped,moped_2,2
705,59.30729859170854,18.079749308504148,Max Södermalm,drone,drone_9,2
706,59.32930185854264,18.00253093363943,Max Kungsholmen,moped,moped_4,2
707,59.32940533425289,18.05075330629296,Max Hötorget,moped,moped_10,2
708,59.34766062464473,18.058582455036905,Max Odenplan,drone,drone_2,2
709,59.34199400340475,18.115216934261177,Max Hamngatan,moped,moped_3,2
710,59.31853386143503,18.02599568185685,Max Kungsholmen,moped,moped_11,2
711,59.33538059079861,18.085376264823733,Max Hamngatan,moped,moped_36,2
712,59.31823710649564,18.04953821874971,Max Södermalm,drone,drone_9,2
713,59.34936588353136,18.109706524279545,Max Hamngatan,moped,moped_12,2
714,59.3455264045095,18.07709510131967,Max Hötorget,moped,moped_15,2
715,59.3296451425568,18.04886992391058,Max Hötorget,moped,moped_6,2
716,59.334384760273,18.018163126314693,Max Kungsholmen,moped,moped_13,2
717,59.34560989076166,18.04502582856025,Max Odenplan,drone,drone_4,2
718,59.340287065881746,18.117901777564505,Max Hamngatan,moped,moped_24,2
719,59.3475630718724,18.04504993103247,Max Odenplan,moped,moped_4,2
720,59.34456045134995,18.10490233936521,Max Hamngatan,moped,moped_24,2
721,59.33204641994309,18.000605378086366,Max Kungsholmen,moped,moped_2,2
722,59.33246121378566,18.0485882244375,Max Hötorget,moped,moped_15,2
723,59.340022498679424,18.116413531829565,Max Hamngatan,unassigned,unassigned,
724,59.3455541349607,18.04592006676024,Max Odenplan,drone,drone_5,2
725,59.33870868124989,18.076830881579525,Max Hamngatan,moped,moped_27,2
726,59.33387742907476,18.044721712838832,Max Kungsholmen,moped,moped_12,2
727,59.30628952199317,18.079579380281807,Max Södermalm,drone,drone_11,2
728,59.34432157498231,18.053710303710705,Max Odenplan,drone,drone_6,2
729,59.34058585668198,18.07313281147396,Max Hötorget,moped,moped_13,2
730,59.35114906270156,18.09465821595992,Max Hamngatan,moped,moped_31,2
731,59.332227799668686,18.064440411035815,Max Hötorget,moped,moped_7,2
732,59.33194073374472,18.033685600187017,Max Kungsholmen,moped,moped_5,2
733,59.34595396122271,18.09861867517405,Max Hamngatan,moped,moped_36,2
734,59.33230896671001,18.012943092013884,Max Kungsholmen,moped,moped_7,2
735,59.31038739175129,18.094670875805004,Max Södermalm,drone,drone_14,2
736,59.315571887666266,18.0883149422374,Max Södermalm,drone,drone_4,2
737,59.31401274276243,18.069944049251127,Max Södermalm,moped,moped_3,2
738,59.31342663790109,18.075152663819136,Max Södermalm,drone,drone_9,2
739,59.33311379096812,18.0078343602403,Max Kungsholmen,moped,moped_3,2
740,59.35448701443472,18.103249136525612,Max Hamngatan,moped,moped_26,2
741,59.34010749977196,18.075668995769224,Max Hamngatan,moped,moped_5,2
742,59.33901455464484,18.04951249299055,Max Odenplan,drone,drone_1,2
743,59.33861953494202,18.07706825193053,Max Hamngatan,moped,moped_12,2
744,59.330532419328,18.002941398447376,Max Kungsholmen,moped,moped_18,2
745,59.33455100625658,18.05599281498749,Max Hötorget,moped,moped_4,2
746,59.32065337110422,18.05373261174314,Max Södermalm,drone,drone_1,2
747,59.34630280752119,18.06667478539695,Max Odenplan,moped,moped_1,2
748,59.31491280647317,18.09780191522085,Max Södermalm,drone,drone_3,2
749,59.335897933196144,18.02574320944584,Max Kungsholmen,moped,moped_18,2
750,59.30708117141222,18.081262529645247,Max Södermalm,drone,drone_8,2
751,59.35907788889133,18.090713545025224,Max Odenplan,moped,moped_3,2
752,59.35612753451189,18.09826355879594,Max Hamngatan,moped,moped_16,2
753,59.335499702091774,18.009417997824702,Max Kungsholmen,moped,moped_6,2
754,59.34185564542889,18.040554829667897,Max Odenplan,drone,drone_6,2
755,59.34068510434945,18.067330941566425,Max Hötorget,moped,moped_12,2
756,59.32105169533275,18.070261635492173,Max Södermalm,moped,moped_4,2
757,59.315065346686,18.06902651686295,Max Södermalm,drone,drone_7,2
758,59.31468180751256,18.089555697800083,Max Södermalm,moped,moped_2,2
759,59.316704935028966,18.034318294793845,Max Kungsholmen,moped,moped_17,2
760,59.3321264387291,18.0348573553918,Max Kungsholmen,moped,moped_14,2
761,59.30789964211235,18.0698716961279,Max Södermalm,drone,drone_7,2
762,59.353294700999946,18.09537581507181,Max Hamngatan,moped,moped_19,2
763,59.33979682351456,18.082260721297395,Max Hamngatan,moped,moped_32,2
764,59.31696347586102,18.04643427938787,Max Södermalm,drone,drone_1,2
765,59.33599138082663,18.09520834999512,Max Hamngatan,moped,moped_35,2
766,59.341624519556504,18.03204362749291,Max Karolinska,drone,drone_1,2
767,59.31667592226298,18.09684556224432,Max Södermalm,moped,moped_3,2
768,59.314275483733454,18.04349871426387,Max Södermalm,moped,moped_5,2
769,59.31871880735976,18.082866538081493,Max Södermalm,drone,drone_13,2
770,59.34143088708642,18.08080256251671,Max Hamngatan,moped,moped_30,2
771,59.32074692785418,18.046519055137995,Max Södermalm,moped,moped_3,2
772,59.33139813530444,18.036558416752907,Max Kungsholmen,moped,moped_17,2
773,59.35665871219864,18.085009272352423,Max Odenplan,moped,moped_1,2
774,59.34578004773384,18.108581162860297,Max Hamngatan,moped,moped_6,2
775,59.32968730840477,18.040788410327707,Max Kungsholmen,moped,moped_18,2
776,59.340434587802115,18.090388908886013,Max Hamngatan,moped,moped_26,2
777,59.34451742387322,18.090309903038182,Max Hamngatan,moped,moped_29,2
778,59.33618391592568,18.09955032748363,Max Hamngatan,moped,moped_33,2
779,59.3570785653199,18.09760000026368,Max Hamngatan,moped,moped_25,2
780,59.308967774455645,18.059413750249387,Max Södermalm,moped,moped_3,2
781,59.34030973073512,18.08064180789452,Max Hamngatan,moped,moped_7,2
782,59.32885174425297,18.050865436539944,Max Hötorget,moped,moped_4,2
783,59.35276802274538,18.091201493236515,Max Hamngatan,moped,moped_28,2
784,59.32893952715689,18.034340300824375,Max Kungsholmen,moped,moped_15,2
785,59.314510582717816,18.06651381313014,Max Södermalm,drone,drone_4,2
786,59.33464869158925,18.04001382801568,Max Kungsholmen,moped,moped_2,2
787,59.31605775964005,18.089453247407494,Max Södermalm,moped,moped_2,2
788,59.31810435813382,18.08078134687397,Max Södermalm,moped,moped_4,2
789,59.32073759125394,18.049214297556315,Max Södermalm,moped,moped_2,2
790,59.34391609968611,18.093060229157658,Max Hamngatan,moped,moped_11,2
791,59.34451770982631,18.068368305044647,Max Odenplan,moped,moped_2,2
792,59.343100265557794,18.026854319617737,Max Karolinska,drone,drone_1,2
793,59.341082316449366,18.05962442114014,Max Odenplan,drone,drone_2,2
794,59.31693302021466,18.065150625424085,Max Södermalm,drone,drone_7,2
795,59.31670058095519,18.04008913157529,Max Södermalm,moped,moped_2,2
796,59.3321123934313,18.01303515635001,Max Kungsholmen,moped,moped_12,2
797,59.31316611764096,18.07754434334998,Max Södermalm,drone,drone_3,2
798,59.31680167339285,18.083835166615035,Max Södermalm,drone,drone_12,2
799,59.33115758170117,18.036749656595713,Max Kungsholmen,moped,moped_18,2
800,59.308458200582,18.063560640309156,Max Södermalm,drone,drone_13,2
801,59.34672717412679,18.05734714325362,Max Odenplan,drone,drone_1,2
802,59.3478330930198,18.099329905480765,Max Hamngatan,moped,moped_26,2
803,59.33406018774432,18.06553222120036,Max Hötorget,moped,moped_8,2
804,59.33849937403987,18.006138559740446,Max Kungsholmen,moped,moped_16,2
805,59.34724138418187,18.060512537214812,Max Odenplan,drone,drone_6,2
806,59.308352007740766,18.08754811484894,Max Södermalm,moped,moped_2,2
807,59.33337267607227,18.044150663795364,Max Kungsholmen,moped,moped_9,2
808,59.33372961634789,18.03675910125867,Max Kungsholmen,moped,moped_15,2
809,59.34913794430257,18.094066741854473,Max Hamngatan,moped,moped_20,2
810,59.341868071972,18.096983559069628,Max Hamngatan,moped,moped_21,2
811,59.34857549921123,18.082008269811336,Max Hötorget,moped,moped_3,2
812,59.34293320614042,18.045170570270308,Max Odenplan,drone,drone_4,2
813,59.33339189489382,18.040747408635312,Max Kungsholmen,moped,moped_17,2
814,59.343498890172306,18.10315201649164,Max Hamngatan,moped,moped_36,2
815,59.343413547756086,18.05206787065033,Max Odenplan,drone,drone_1,2
816,59.34579374562868,18.097971023122927,Max Hamngatan,moped,moped_10,2
817,59.34439390384466,18.05616453054126,Max Odenplan,drone,drone_1,2
818,59.3484480571674,18.10677403933701,Max Hamngatan,moped,moped_33,2
819,59.3339795723183,18.04164544342699,Max Kungsholmen,moped,moped_15,2
820,59.32865303371093,18.06093089387975,Max Hötorget,moped,moped_14,2
821,59.33544818472924,18.081161436304733,Max Hamngatan,moped,moped_31,2
822,59.34251421076059,18.08746595904707,Max Hamngatan,moped,moped_22,2
823,59.33761341246395,18.059217540267717,Max Hötorget,moped,moped_12,3
824,59.33354324769082,18.083508491406857,Max Hamngatan,moped,moped_30,2
825,59.33095565602984,18.03052356639873,Max Kungsholmen,moped,moped_18,2
826,59.345824130060464,18.068317135258187,Max Odenplan,moped,moped_4,2
827,59.34124236250543,18.058828520451165,Max Odenplan,drone,drone_1,2
828,59.340091205847614,18.04154357248048,Max Odenplan,drone,drone_2,2
829,59.34379261439637,18.036710683003452,Max Karolinska,drone,drone_1,2
830,59.35847008318786,18.098805663580553,Max Hamngatan,moped,moped_23,2
831,59.31419540294931,18.09641521207691,Max Södermalm,drone,drone_10,2
832,59.34358789704089,18.062982956562653,Max Odenplan,drone,drone_5,2
833,59.308355149001166,18.074565091263192,Max Södermalm,drone,drone_7,2
834,59.33643603790936,18.022464543477728,Max Kungsholmen,moped,moped_8,2
835,59.35296350526106,18.089889893858796,Max Hamngatan,moped,moped_28,2
836,59.31616260313209,18.02647075354392,Max Kungsholmen,moped,moped_18,2
837,59.33158734300867,18.013865638996027,Max Kungsholmen,moped,moped_17,2
838,59.3354034502125,18.02742644240078,Max Kungsholmen,moped,moped_16,2
839,59.3147858316688,18.07779495402187,Max Södermalm,drone,drone_1,2
840,59.31293559198812,18.079359105532365,Max Södermalm,moped,moped_1,2
841,59.34066993960539,18.045063209396083,Max Odenplan,drone,drone_6,2
842,59.33791556027305,18.06394284140498,Max Hötorget,moped,moped_12,3
843,59.3392811936481,18.016819492280472,Max Kungsholmen,moped,moped_7,2
844,59.30628824298854,18.085242354036456,Max Södermalm,moped,moped_2,2
845,59.311499432849885,18.04325980506486,Max Södermalm,moped,moped_3,2
846,59.31207026351498,18.041564024208014,Max Södermalm,drone,drone_14,2
847,59.3464538728186,18.08370604712651,Max Hamngatan,moped,moped_36,2
848,59.332531365944334,18.06913060314044,Max Hamngatan,moped,moped_23,2
849,59.33552143778301,18.097026172222627,Max Hamngatan,moped,moped_14,2
850,59.341158451791856,18.102734662973837,Max Hamngatan,moped,moped_34,2
851,59.35087847386391,18.095703672087335,Max Hamngatan,moped,moped_13,2
852,59.31159821674591,18.09833926770252,Max Södermalm,drone,drone_6,2
853,59.340485268720634,18.08096979881953,Max Hamngatan,moped,moped_36,2
854,59.32906360122987,18.019375916792452,Max Kungsholmen,moped,moped_13,2
855,59.331978553607335,18.040055512258093,Max Kungsholmen,moped,moped_13,2
856,59.3483999353268,18.078819871817732,Max Odenplan,moped,moped_3,2
857,59.33786748177416,18.025368677620385,Max Kungsholmen,moped,moped_16,2
858,59.35250586243018,18.0848889666999,Max Odenplan,moped,moped_1,2
859,59.350467795592586,18.084846410869776,Max Hamngatan,moped,moped_13,2
860,59.30896262023504,18.07010477177353,Max Södermalm,drone,drone_8,2
861,59.315953235751806,18.045755647031623,Max Södermalm,drone,drone_8,2
862,59.33429121598428,18.09091465483944,Max Hamngatan,moped,moped_35,2
863,59.3334480789717,18.018678275074393,Max Kungsholmen,moped,moped_12,2
864,59.33738203443453,18.028877842872856,Max Kungsholmen,moped,moped_13,2
865,59.32889781250909,18.02232437707515,Max Kungsholmen,moped,moped_16,2
866,59.338487487905155,18.04184582351403,Max Odenplan,drone,drone_5,2
867,59.35195929668773,18.106253554281057,Max Hamngatan,moped,moped_32,2
868,59.330667922269136,17.99739212572588,Max Kungsholmen,moped,moped_17,2
869,59.31634606206487,18.076018244998735,Max Södermalm,drone,drone_13,2
870,59.30680258589733,18.0774943890625,Max Södermalm,moped,moped_2,2
871,59.33903463079808,18.03913805908121,Max Kungsholmen,moped,moped_14,2
872,59.31497418368664,18.08000770624544,Max Södermalm,moped,moped_3,2
873,59.31681275770923,18.083861743373973,Max Södermalm,drone,drone_12,2
874,59.32842990613502,18.05194717517422,Max Hötorget,moped,moped_12,3
875,59.342430816899586,18.108261734867977,Max Hamngatan,moped,moped_3,2
876,59.31551500707482,18.04356446789278,Max Södermalm,moped,moped_6,2
877,59.34668611384209,18.079533883691425,Max Hötorget,moped,moped_5,3
878,59.31707820512345,18.085510950343995,Max Södermalm,moped,moped_6,2
879,59.347654373896184,18.098943140918276,Max Hamngatan,moped,moped_17,2
880,59.33433576049789,17.999962809303202,Max Kungsholmen,moped,moped_17,2
881,59.35037092040807,18.063030936229904,Max Odenplan,drone,drone_6,2
882,59.34682532607393,18.109725277453993,Max Hamngatan,moped,moped_25,2
883,59.33194649327173,18.009862791701043,Max Kungsholmen,moped,moped_3,2
884,59.33297600715844,18.024019930699033,Max Kungsholmen,moped,moped_5,2
885,59.31012211146133,18.097199591412807,Max Södermalm,drone,drone_6,2
886,59.34481732209208,18.04117189520695,Max Karolinska,moped,moped_1,2
887,59.33413827699342,18.04539694220411,Max Kungsholmen,moped,moped_14,2
888,59.344475339267824,18.056237933643686,Max Odenplan,drone,drone_4,2
889,59.34158074075481,18.052549304580968,Max Odenplan,drone,drone_1,2
890,59.308696656643605,18.096834085260536,Max Södermalm,moped,moped_5,2
891,59.314891301315704,18.063044737983848,Max Södermalm,drone,drone_2,2
892,59.33977577200905,18.082343779885584,Max Hamngatan,moped,moped_15,2
893,59.33584775372291,18.002623799391433,Max Kungsholmen,moped,moped_1,2
894,59.342063143538866,18.099417177091805,Max Hamngatan,moped,moped_34,2
895,59.35466622166524,18.100196337194493,Max Hamngatan,moped,moped_4,2
896,59.33367652966168,18.08684453723618,Max Hamngatan,moped,moped_14,2
897,59.34758812140081,18.086331741988765,Max Hamngatan,moped,moped_35,2
898,59.31478975864209,18.098683404767428,Max Södermalm,drone,drone_11,2
899,59.31857124746682,18.036921605645013,Max Kungsholmen,moped,moped_18,2
900,59.33177367067586,18.071440830288005,Max Hamngatan,moped,moped_32,2
901,59.35058839118479,18.05001858867486,Max Odenplan,moped,moped_1,2
902,59.35591316240437,18.08730753313264,Max Odenplan,moped,moped_3,2
903,59.33956142995167,18.00875085772601,Max Kungsholmen,moped,moped_11,2
904,59.314463417189096,18.100431697941907,Max Södermalm,moped,moped_4,2
905,59.33159153668316,18.08524968482553,Max Hamngatan,moped,moped_8,2
906,59.34522350263595,18.105257106305487,Max Hamngatan,moped,moped_26,3
907,59.3456878246637,18.10789103277093,Max Hamngatan,moped,moped_33,3
908,59.35124144661121,18.10275531670993,Max Hamngatan,moped,moped_29,3
909,59.337130316521,18.01064581517394,Max Kungsholmen,moped,moped_18,2
910,59.35005046926969,18.086729658782534,Max Hamngatan,moped,moped_11,3
911,59.33744389198797,18.023884331299893,Max Kungsholmen,moped,moped_5,3
912,59.339779020095826,18.07786044671343,Max Hamngatan,moped,moped_32,3
913,59.33264762596461,18.09312274795957,Max Hamngatan,moped,moped_27,3
914,59.34754871782348,18.06151349736084,Max Odenplan,moped,moped_1,2
915,59.33371165676166,18.00409027382899,Max Kungsholmen,moped,moped_10,3
916,59.34613133222009,18.03413746527095,Max Karolinska,drone,drone_1,2
917,59.31400290182696,18.05281430793872,Max Södermalm,drone,drone_4,2
918,59.33326637637196,18.099343552076547,Max Hamngatan,moped,moped_31,3
919,59.33829571288239,18.08064138603598,Max Hamngatan,moped,moped_1,3
920,59.33665943075564,18.032732954324253,Max Kungsholmen,moped,moped_20,3
921,59.354953653825234,18.08752049233575,Max Odenplan,moped,moped_1,2
922,59.34439716538526,18.09947430877412,Max Hamngatan,moped,moped_31,3
923,59.318754660668134,18.028461848443794,Max Kungsholmen,moped,moped_23,3
924,59.31852306495125,18.0872987861668,Max Södermalm,drone,drone_5,2
925,59.34363419459405,18.037306425908312,Max Karolinska,drone,drone_1,2
926,59.305082367666074,18.07962054318945,Max Södermalm,moped,moped_5,2
927,59.33743083442519,18.01609225472634,Max Kungsholmen,moped,moped_2,3
928,59.33668299541103,18.067487644555953,Max Hötorget,moped,moped_6,3
929,59.32046805393467,18.041861029885425,Max Kungsholmen,moped,moped_17,3
930,59.33676766531766,18.0174706822502,Max Kungsholmen,moped,moped_4,3
931,59.34715545935028,18.06600854134826,Max Odenplan,moped,moped_1,2
932,59.33236351567224,18.07432827078529,Max Hamngatan,moped,moped_33,3
933,59.35788439639417,18.08805923300839,Max Odenplan,moped,moped_3,3
934,59.31313850151453,18.103132598253566,Max Södermalm,moped,moped_5,2
935,59.330562135402666,18.028297885112472,Max Kungsholmen,moped,moped_24,3
936,59.33969907824701,18.11858482310959,Max Hamngatan,moped,moped_27,3
937,59.31821937964453,18.076834032982234,Max Södermalm,drone,drone_10,3
938,59.31775380883944,18.06410860631786,Max Södermalm,drone,drone_9,3
939,59.311951827025034,18.088222304165857,Max Södermalm,moped,moped_3,3
940,59.314083595748414,18.041253339283447,Max Södermalm,moped,moped_4,3
941,59.33456918407286,17.997231440240917,Max Kungsholmen,moped,moped_24,3
942,59.340018697641625,18.04942263472276,Max Odenplan,drone,drone_2,3
943,59.34336546790582,18.038683972229457,Max Karolinska,drone,drone_1,2
944,59.34787924127296,18.10066646950372,Max Hamngatan,moped,moped_32,3
945,59.30986797807565,18.05522334677765,Max Södermalm,moped,moped_3,3
946,59.34584225543403,18.105174556408,Max Hamngatan,moped,moped_28,3
947,59.34444618925782,18.064977202365466,Max Odenplan,moped,moped_4,3
948,59.33529640463288,18.087823007313276,Max Hamngatan,moped,moped_31,3
949,59.31177959918949,18.098896635938804,Max Södermalm,drone,drone_10,3
950,59.30769481335498,18.09101380454626,Max Södermalm,drone,drone_9,3
951,59.30795386774383,18.057862470659217,Max Södermalm,drone,drone_7,3
952,59.33854982947733,18.019659715745536,Max Kungsholmen,moped,moped_24,3
953,59.31843169450786,18.0891770911232,Max Södermalm,drone,drone_14,3
954,59.31503616201658,18.075374805436635,Max Södermalm,drone,drone_7,3
955,59.3400503794578,18.007988292648992,Max Kungsholmen,moped,moped_24,3
956,59.3426984150072,18.040185205539785,Max Karolinska,moped,moped_1,2
957,59.33914203098474,18.054438971379376,Max Odenplan,drone,drone_1,3
958,59.339111127761,18.059238063302377,Max Hötorget,moped,moped_2,3
959,59.34705034736964,18.098494268471352,Max Hamngatan,moped,moped_8,3
960,59.334708887148,18.053453016861887,Max Hötorget,moped,moped_5,3
961,59.34329473274195,18.08101547091652,Max Hamngatan,moped,moped_8,3
962,59.31432316946656,18.07358481598325,Max Södermalm,drone,drone_2,3
963,59.33947115020216,18.007382422727684,Max Kungsholmen,moped,moped_16,3
964,59.34862777445535,18.057044638154007,Max Odenplan,moped,moped_6,3
965,59.30821442984473,18.07680877119007,Max Södermalm,drone,drone_4,3
966,59.330111392145746,18.037738101686625,Max Kungsholmen,moped,moped_3,3
967,59.34540295365557,18.108430256101297,Max Hamngatan,moped,moped_12,3
968,59.31140100557243,18.065646316782093,Max Södermalm,drone,drone_1,3
969,59.333211884041376,18.019472783400172,Max Kungsholmen,moped,moped_2,3
970,59.31254391095026,18.10198294084554,Max Södermalm,drone,drone_6,3
971,59.3162517833326,18.087379670332872,Max Södermalm,drone,drone_7,3
972,59.347625304539065,18.094167549514953,Max Hamngatan,moped,moped_6,3
973,59.332237506651246,18.069549324430497,Max Hamngatan,moped,moped_14,3
974,59.31803140486424,18.05285818353033,Max Södermalm,drone,drone_8,3
975,59.34585944909627,18.088043668098056,Max Hamngatan,moped,moped_23,3
976,59.3428283663272,18.075681253949632,Max Hötorget,moped,moped_11,3
977,59.35440194664535,18.08767795507857,Max Odenplan,moped,moped_1,3
978,59.31386590053811,18.068854689311593,Max Södermalm,drone,drone_1,3
979,59.328082503626995,18.02401452690175,Max Kungsholmen,moped,moped_19,3
980,59.34058761941826,18.09428043077106,Max Hamngatan,moped,moped_13,3
981,59.35318343596658,18.08909217016768,Max Odenplan,drone,drone_6,3
982,59.34481989626198,18.106848872561155,Max Hamngatan,moped,moped_11,3
983,59.34985833319107,18.102605439447828,Max Hamngatan,moped,moped_3,3
984,59.3327523730842,18.04170751409304,Max Kungsholmen,moped,moped_8,3
985,59.33978883507449,18.07015293010874,Max Hötorget,moped,moped_11,3
986,59.3167184500114,18.05563008510144,Max Södermalm,moped,moped_6,3
987,59.342776403459986,18.079377331256303,Max Hamngatan,moped,moped_1,3
988,59.308846704075215,18.09022659184625,Max Södermalm,moped,moped_6,3
989,59.3170194620495,18.06863121415896,Max Södermalm,drone,drone_3,3
990,59.34939795643138,18.062570627773137,Max Odenplan,moped,moped_6,3
991,59.315876976692145,18.09426163031608,Max Södermalm,moped,moped_5,3
992,59.33151093661099,18.00545311301858,Max Kungsholmen,moped,moped_6,3
993,59.334881418694366,18.082507873721102,Max Hamngatan,moped,moped_3,3
994,59.3162754319785,18.089507700418153,Max Södermalm,drone,drone_12,3
995,59.33556897033176,18.081524490122984,Max Hamngatan,moped,moped_19,3
996,59.333606638521275,18.00464054775068,Max Kungsholmen,moped,moped_3,3
997,59.34839443726055,18.10498410143871,Max Hamngatan,moped,moped_31,3
998,59.338547836359666,18.01758270028063,Max Kungsholmen,moped,moped_7,3
999,59.339345878153374,18.09060181855581,Max Hamngatan,moped,moped_6,3
1000,59.346373006464034,18.05178077427787,Max Odenplan,drone,drone_6,3
1001,59.31082762358171,18.07116710854895,Max Södermalm,drone,drone_3,3
1002,59.31369535782784,18.057775530422234,Max Södermalm,moped,moped_3,3
1003,59.32726464122477,18.05323121136711,Max Hötorget,moped,moped_11,3
1004,59.31330211576233,18.07968714885325,Max Södermalm,moped,moped_3,3
1005,59.34434669434483,18.03929134430198,Max Karolinska,drone,drone_1,2
1006,59.344436607417954,18.09659286458817,Max Hamngatan,moped,moped_10,3
1007,59.31588480705242,18.0553631946563,Max Södermalm,moped,moped_2,3
1008,59.32940370707012,18.026202725222653,Max Kungsholmen,moped,moped_22,3
1009,59.33282802164212,17.997366941156493,Max Kungsholmen,moped,moped_22,3
1010,59.311254472759245,18.100548035922422,Max Södermalm,moped,moped_4,3
1011,59.31777652081638,18.08562982973443,Max Södermalm,drone,drone_9,3
1012,59.31302343209835,18.055709487577253,Max Södermalm,drone,drone_6,3
1013,59.31614165335727,18.03290914262377,Max Kungsholmen,moped,moped_11,3
1014,59.34936133591819,18.098458481742053,Max Hamngatan,moped,moped_26,3
1015,59.34345630213424,18.050146486901543,Max Odenplan,drone,drone_1,3
1016,59.3359814557728,18.022759697161675,Max Kungsholmen,moped,moped_17,3
1017,59.33397825621921,18.0379263120308,Max Kungsholmen,moped,moped_22,3
1018,59.345361087207145,18.04929271274911,Max Odenplan,drone,drone_1,3
1019,59.31509754417973,18.08697673588853,Max Södermalm,drone,drone_1,3
1020,59.341504153840255,18.04932983729592,Max Odenplan,drone,drone_2,3
1021,59.33223062638246,18.092152294949138,Max Hamngatan,moped,moped_17,3
1022,59.34041432980524,18.10930421654065,Max Hamngatan,moped,moped_7,3
1023,59.34431586365614,18.05669210334607,Max Odenplan,drone,drone_1,3
1024,59.33600650290816,18.014047562454586,Max Kungsholmen,moped,moped_11,3
1025,59.333007072563305,18.05435774159392,Max Hötorget,moped,moped_7,3
1026,59.3349420889414,18.03815136165861,Max Kungsholmen,moped,moped_15,3
1027,59.33749448177487,18.072400791075932,Max Hamngatan,moped,moped_21,3
1028,59.31643329525961,18.03540920047981,Max Kungsholmen,moped,moped_13,3
1029,59.34171956828055,18.06759603946732,Max Hötorget,moped,moped_9,3
1030,59.32744024782703,18.01737164431295,Max Kungsholmen,moped,moped_20,3
1031,59.345417868716105,18.102508809641453,Max Hamngatan,moped,moped_30,3
1032,59.310124739884216,18.069301770976622,Max Södermalm,moped,moped_5,3
1033,59.35095955662699,18.10515269867721,Max Hamngatan,moped,moped_27,3
1034,59.341424254451866,18.033076714949143,Max Karolinska,drone,drone_1,3
1035,59.35710168810851,18.099041480612772,Max Hamngatan,moped,moped_15,3
1036,59.320863793085614,18.060254845019763,Max Södermalm,drone,drone_3,3
1037,59.34155072276519,18.0908886628322,Max Hamngatan,moped,moped_25,3
1038,59.330719938643654,18.078486845486168,Max Hamngatan,moped,moped_10,3
1039,59.33135199059015,18.007670483618952,Max Kungsholmen,moped,moped_21,3
1040,59.33052553386142,18.0144828539073,Max Kungsholmen,moped,moped_13,3
1041,59.348227739958446,18.055944797387205,Max Odenplan,drone,drone_4,3
1042,59.309802882913935,18.07234155309073,Max Södermalm,drone,drone_2,3
1043,59.33235846552546,18.01238048622136,Max Kungsholmen,moped,moped_1,3
1044,59.307531678520995,18.073404547028595,Max Södermalm,drone,drone_8,3
1045,59.31700701134597,18.099645002894786,Max Södermalm,moped,moped_1,3
1046,59.31701946866225,18.071032980824253,Max Södermalm,drone,drone_5,3
1047,59.338609304366834,18.02397191565197,Max Kungsholmen,moped,moped_14,3
1048,59.336206617832175,18.01091399279698,Max Kungsholmen,moped,moped_19,3
1049,59.34477085953366,18.0511888234597,Max Odenplan,drone,drone_2,3
1050,59.330663361219386,18.01791512533121,Max Kungsholmen,moped,moped_24,3
1051,59.34448919379566,18.100639976989505,Max Hamngatan,moped,moped_16,3
1052,59.34900163946443,18.048914758173566,Max Odenplan,moped,moped_4,3
1053,59.31748684999409,18.049268436076716,Max Södermalm,drone,drone_11,3
1054,59.33371488696034,18.09701397789027,Max Hamngatan,moped,moped_18,3
1055,59.339929962653486,18.106020171469943,Max Hamngatan,moped,moped_25,3
1056,59.33553012012379,18.001373896216105,Max Kungsholmen,moped,moped_21,3
1057,59.33424913253179,18.06054883695572,Max Hötorget,moped,moped_7,3
1058,59.34411439262687,18.042608904514513,Max Odenplan,drone,drone_5,3
1059,59.34959548186027,18.100235488630883,Max Hamngatan,moped,moped_28,3
1060,59.33106957979342,18.06399257540994,Max Hötorget,moped,moped_9,3
1061,59.33124782751611,18.060275249401023,Max Hötorget,moped,moped_10,3
1062,59.31842629756493,18.0600731121481,Max Södermalm,drone,drone_5,3
1063,59.34258395037266,18.092760101509683,Max Hamngatan,moped,moped_14,3
1064,59.31567961422096,18.06114444738829,Max Södermalm,drone,drone_10,3
1065,59.33752173544016,18.07996198873106,Max Hamngatan,moped,moped_5,3
1066,59.35305142217283,18.10609886051876,Max Hamngatan,moped,moped_32,3
1067,59.314887239539594,18.097102090214364,Max Södermalm,drone,drone_10,3
1068,59.32999459904708,18.0151514393034,Max Kungsholmen,moped,moped_21,3
1069,59.30894519903379,18.0866685532027,Max Södermalm,moped,moped_5,3
1070,59.31096482467691,18.091828599166995,Max Södermalm,moped,moped_6,3
1071,59.33307922910703,18.038830966827103,Max Kungsholmen,moped,moped_15,3
1072,59.34037768434637,18.054961588602445,Max Odenplan,drone,drone_3,3
1073,59.31479167719574,18.100020845511136,Max Södermalm,moped,moped_1,3
1074,59.31907987371057,18.035083287792048,Max Kungsholmen,moped,moped_18,3
1075,59.34849442910656,18.058940820254033,Max Odenplan,drone,drone_2,3
1076,59.34160092300094,18.03678457931527,Max Karolinska,moped,moped_1,3
1077,59.31729259758974,18.068509291406063,Max Södermalm,drone,drone_6,3
1078,59.315547114524385,18.068035581135167,Max Södermalm,drone,drone_4,3
1079,59.34401013941997,18.10032382788731,Max Hamngatan,moped,moped_2,3
1080,59.3439256550496,18.067167150072834,Max Odenplan,drone,drone_2,3
1081,59.3387152255947,18.0695982272413,Max Hötorget,moped,moped_2,3
1082,59.33586514162789,18.07429943702915,Max Hamngatan,moped,moped_5,3
1083,59.31876786858897,18.06052614128683,Max Södermalm,drone,drone_11,3
1084,59.340154554029255,18.072578839389703,Max Hötorget,moped,moped_4,3
1085,59.33621002656228,18.074014877274845,Max Hamngatan,moped,moped_11,3
1086,59.34901483160492,18.052075728702096,Max Odenplan,drone,drone_1,3
1087,59.318828212020904,18.028855894751207,Max Kungsholmen,moped,moped_24,3
1088,59.33371695844827,18.08492283913654,Max Hamngatan,moped,moped_30,3
1089,59.34649860467212,18.064049938162416,Max Odenplan,moped,moped_4,3
1090,59.3271765327128,18.073868217749688,Max Hamngatan,moped,moped_20,3
1091,59.349295764462994,18.080614088395727,Max Odenplan,drone,drone_3,3
1092,59.33902928574573,18.06070238902471,Max Hötorget,moped,moped_1,3
1093,59.33404274069993,18.051898544712152,Max Hötorget,moped,moped_1,3
1094,59.3422319121549,18.04290305693968,Max Odenplan,moped,moped_3,3
1095,59.30766817803988,18.05981049821127,Max Södermalm,drone,drone_2,3
1096,59.318540104877016,18.04920156209178,Max Södermalm,drone,drone_13,3
1097,59.33942053410262,18.018617570084384,Max Kungsholmen,moped,moped_8,3
1098,59.32914836172563,18.019568394592767,Max Kungsholmen,moped,moped_16,3
1099,59.310453240771025,18.094753453855535,Max Södermalm,drone,drone_5,3
1100,59.304369505889305,18.08019748222538,Max Södermalm,drone,drone_13,3
1101,59.351673171778565,18.08643726256116,Max Odenplan,moped,moped_5,3
1102,59.3547294873215,18.098146864880952,Max Hamngatan,moped,moped_22,3
1103,59.31765193826362,18.03274325193904,Max Kungsholmen,moped,moped_7,3
1104,59.33059712121081,18.028296946225648,Max Kungsholmen,moped,moped_10,3
1105,59.345906185016254,18.045709209716748,Max Odenplan,drone,drone_1,3
1106,59.34639973287208,18.08979811925362,Max Hamngatan,moped,moped_32,3
1107,59.33369274977341,18.022051494438013,Max Kungsholmen,moped,moped_1,3
1108,59.33663632039364,18.031662568722073,Max Kungsholmen,moped,moped_9,3
1109,59.33909995501981,18.083446240598043,Max Hamngatan,moped,moped_27,3
1110,59.33772349917963,18.08012159272028,Max Hamngatan,moped,moped_29,3
1111,59.30971775965368,18.09193717025451,Max Södermalm,drone,drone_9,3
1112,59.31087662689055,18.082002482511044,Max Södermalm,drone,drone_8,3
1113,59.335765307535944,18.067019398150705,Max Hötorget,moped,moped_6,3
1114,59.325145057272024,18.07212369764481,Max Hamngatan,moped,moped_23,3
1115,59.340255548777385,18.100260593909177,Max Hamngatan,moped,moped_11,3
1116,59.311192504510394,18.05942000411341,Max Södermalm,drone,drone_6,3
1117,59.31595331607031,18.09806705692699,Max Södermalm,drone,drone_1,3
1118,59.33586044016014,18.06971509449741,Max Hamngatan,moped,moped_33,3
1119,59.34221129580027,18.068664658948588,Max Hötorget,moped,moped_8,3
1120,59.330605815942654,18.07406661759964,Max Hamngatan,moped,moped_28,3
1121,59.31974771398467,18.07437259760256,Max Södermalm,moped,moped_2,3
1122,59.333628365528114,18.0612804309472,Max Hötorget,moped,moped_4,3
1123,59.34672685566625,18.080682300332533,Max Hamngatan,moped,moped_24,3
1124,59.31048899179059,18.06202928803111,Max Södermalm,drone,drone_2,3
1125,59.34812665824653,18.106224251466255,Max Hamngatan,moped,moped_7,3
1126,59.31419625284462,18.08006959462313,Max Södermalm,drone,drone_1,3
1127,59.334700442196834,18.096782005688745,Max Hamngatan,moped,moped_26,3
1128,59.31669703336066,18.062475365558964,Max Södermalm,drone,drone_11,3
1129,59.30590265624028,18.06600133149737,Max Södermalm,moped,moped_5,3
1130,59.31952877232187,18.07741545624226,Max Södermalm,drone,drone_4,3
1131,59.31199884951471,18.05844254490839,Max Södermalm,drone,drone_14,3
1132,59.31793236291383,18.045108629583044,Max Södermalm,drone,drone_12,3
1133,59.34331495167344,18.097602837739903,Max Hamngatan,moped,moped_21,3
1134,59.335526402238656,18.040594616359495,Max Kungsholmen,moped,moped_23,3
1135,59.34401184561958,18.10713618131337,Max Hamngatan,moped,moped_7,3
1136,59.341168962118346,18.032174717844963,Max Karolinska,drone,drone_1,3
1137,59.34072957307969,18.0915638383321,Max Hamngatan,moped,moped_29,3
1138,59.33553611384261,18.002612120624182,Max Kungsholmen,moped,moped_12,3
1139,59.33786010481314,18.05775009916808,Max Hötorget,moped,moped_8,3
1140,59.357973233375425,18.093707138649872,Max Odenplan,drone,drone_4,3
1141,59.31581720015583,18.103400469461235,Max Södermalm,moped,moped_2,3
1142,59.32884551012986,18.034755917562443,Max Kungsholmen,moped,moped_5,3
1143,59.35966312606183,18.098594025342123,Max Odenplan,moped,moped_2,3
1144,59.31911704005866,18.08342605664951,Max Södermalm,moped,moped_6,3
1145,59.33321022323099,18.038293258346695,Max Kungsholmen,moped,moped_6,3
1146,59.33091776136006,18.04962423575533,Max Hötorget,moped,moped_10,3
1147,59.34729130884924,18.036029261160383,Max Karolinska,drone,drone_1,3
1148,59.34292348580835,18.0995508361602,Max Hamngatan,moped,moped_22,3
1149,59.35118226448083,18.063083783754006,Max Odenplan,moped,moped_4,3
1150,59.30894651181326,18.06396753949097,Max Södermalm,drone,drone_3,3
1151,59.34027309874545,18.068219772259635,Max Hötorget,moped,moped_3,3
1152,59.34415786533772,18.056398977774776,Max Odenplan,drone,drone_2,3
1153,59.30539941825083,18.08360369585345,Max Södermalm,drone,drone_4,3
1154,59.331988786414115,18.019425538698073,Max Kungsholmen,moped,moped_12,3
1155,59.34454889666694,18.06511319105376,Max Odenplan,drone,drone_2,3
1156,59.31138227932638,18.06729558890653,Max Södermalm,drone,drone_13,3
1157,59.348087318422856,18.086763830348495,Max Hamngatan,moped,moped_28,3
1158,59.339109340393414,18.064561483368188,Max Hötorget,moped,moped_3,3
1159,59.32903750324451,18.018610871783437,Max Kungsholmen,moped,moped_20,3
1160,59.3358111140868,18.063669328878714,Max Hötorget,moped,moped_6,4
1161,59.35060658854161,18.07091300334764,Max Odenplan,moped,moped_2,3
1162,59.34874306873314,18.061821449444754,Max Odenplan,drone,drone_1,3
1163,59.33272848109282,18.07818015841795,Max Hamngatan,moped,moped_17,3
1164,59.34580978929786,18.1058383053336,Max Hamngatan,moped,moped_2,3
1165,59.333216191273635,18.01825529907236,Max Kungsholmen,moped,moped_23,3
1166,59.31243990319577,18.04503415070603,Max Södermalm,moped,moped_3,3
1167,59.3353747348444,18.056544664894464,Max Hötorget,moped,moped_2,4
1168,59.3187303622322,18.07123432877203,Max Södermalm,drone,drone_5,3
1169,59.33244672041206,18.000680644139393,Max Kungsholmen,moped,moped_9,3
1170,59.33391486102686,18.08175300255331,Max Hamngatan,moped,moped_9,3
1171,59.32835092171759,18.042188773485268,Max Kungsholmen,moped,moped_4,3
1172,59.33551535749077,18.040151391690223,Max Kungsholmen,moped,moped_14,3
1173,59.35097086709228,18.096972035075584,Max Hamngatan,moped,moped_29,3
1174,59.34777334398588,18.059407753680404,Max Odenplan,drone,drone_6,3
1175,59.33094839712523,18.0507013825325,Max Hötorget,moped,moped_7,4
1176,59.35716108906639,18.095368552999705,Max Odenplan,drone,drone_5,3
1177,59.34731701335309,18.0981661098359,Max Hamngatan,moped,moped_30,3
1178,59.342424388844265,18.040967915259152,Max Odenplan,drone,drone_3,3
1179,59.34852636135715,18.08352433550752,Max Hamngatan,moped,moped_25,3
1180,59.34233368084107,18.070277202877048,Max Hötorget,moped,moped_9,4
1181,59.34382755582116,18.113021569739757,Max Hamngatan,moped,moped_24,3
1182,59.31298960278187,18.059382236583225,Max Södermalm,drone,drone_14,3
1183,59.3307475076177,18.020711502068124,Max Kungsholmen,moped,moped_18,3
1184,59.33549158326089,18.009842353051766,Max Kungsholmen,moped,moped_20,4
1185,59.31736195845123,18.02594142791946,Max Kungsholmen,moped,moped_19,4
1186,59.33500720499058,18.095378021154698,Max Hamngatan,moped,moped_32,3
1187,59.33531296834787,18.03641720087236,Max Kungsholmen,moped,moped_16,4
1188,59.311623538945334,18.0735588827597,Max Södermalm,drone,drone_7,3
1189,59.33147981324029,18.042869644287855,Max Kungsholmen,moped,moped_1,4
1190,59.30685741484864,18.076391035715623,Max Södermalm,drone,drone_11,3
1191,59.34139265290747,18.091757084166343,Max Hamngatan,moped,moped_12,3
1192,59.33738957745705,18.0831516334486,Max Hamngatan,moped,moped_4,3
1193,59.31401365331935,18.060348326437072,Max Södermalm,drone,drone_4,3
1194,59.33923898962092,18.072924409960113,Max Hamngatan,moped,moped_19,3
1195,59.34257519950698,18.058332848622687,Max Odenplan,drone,drone_5,3
1196,59.33269423751568,18.034940929557564,Max Kungsholmen,moped,moped_11,4
1197,59.3506678455058,18.0579207155291,Max Odenplan,drone,drone_3,3
1198,59.34955495932013,18.109466263638573,Max Hamngatan,moped,moped_18,3
1199,59.3432622265355,18.055238732934697,Max Odenplan,drone,drone_4,3
1200,59.32872204527342,18.013483398923192,Max Kungsholmen,moped,moped_5,4
1201,59.349746330392286,18.05796930259214,Max Odenplan,moped,moped_3,3
1202,59.337587311577586,18.043987690686325,Max Odenplan,moped,moped_5,3
1203,59.32958465230496,18.048144903171018,Max Kungsholmen,moped,moped_16,4
1204,59.30891485146074,18.055592070179163,Max Södermalm,drone,drone_14,3
1205,59.3289185634278,18.046355772798165,Max Kungsholmen,moped,moped_7,4
1206,59.30894038568336,18.09036120085725,Max Södermalm,drone,drone_8,3
1207,59.331430321195825,18.054894401184445,Max Hötorget,moped,moped_5,4
1208,59.30523246574161,18.079576838370407,Max Södermalm,drone,drone_3,3
1209,59.33773146806756,18.055372363418332,Max Hötorget,moped,moped_1,4
1210,59.33925408793673,18.08566553694334,Max Hamngatan,moped,moped_9,3
1211,59.31578857219976,18.08413974756454,Max Södermalm,drone,drone_13,3
1212,59.35096001927563,18.097408981053853,Max Hamngatan,moped,moped_15,3
1213,59.33986464321546,18.086307775783588,Max Hamngatan,moped,moped_20,3
1214,59.31582855476172,18.052184771055593,Max Södermalm,drone,drone_5,3
1215,59.329765366669626,18.04066871494459,Max Kungsholmen,moped,moped_12,4
1216,59.341041022648994,18.05430193727616,Max Odenplan,drone,drone_4,4
1217,59.312889938544,18.100112730295333,Max Södermalm,moped,moped_1,3
1218,59.30875164257071,18.07645890242873,Max Södermalm,moped,moped_1,3
1219,59.33440276100734,18.099766014245407,Max Hamngatan,moped,moped_4,3
1220,59.33334212096343,18.0540481803628,Max Hötorget,moped,moped_2,4
1221,59.340825309459504,18.04652662423755,Max Odenplan,drone,drone_1,4
1222,59.3340871185688,18.007498075140166,Max Kungsholmen,moped,moped_7,4
1223,59.350651221537106,18.04662362541206,Max Karolinska,moped,moped_1,3
1224,59.33265063429735,18.01905256223647,Max Kungsholmen,moped,moped_23,4
1225,59.33449413697251,18.08800549492393,Max Hamngatan,moped,moped_16,3
1226,59.33176627785992,18.025264398587527,Max Kungsholmen,moped,moped_10,4
1227,59.338391026620165,18.09059581240277,Max Hamngatan,moped,moped_30,3
1228,59.30460379548128,18.081663321129128,Max Södermalm,moped,moped_4,3
1229,59.34455755546744,18.10264266947285,Max Hamngatan,moped,moped_13,3
1230,59.34655320532575,18.03879512782148,Max Karolinska,drone,drone_1,3
1231,59.31834301841992,18.088457580412413,Max Södermalm,drone,drone_2,3
1232,59.34514530264253,18.033805127498074,Max Karolinska,drone,drone_1,3
1233,59.30957844847683,18.095477354872745,Max Södermalm,drone,drone_12,3
1234,59.33701325696732,18.07607565877675,Max Hamngatan,moped,moped_20,4
1235,59.31855191516908,18.05184429086638,Max Södermalm,drone,drone_7,3
1236,59.331870891142145,18.02974924570636,Max Kungsholmen,moped,moped_14,4
1237,59.333368639599705,18.074191139342418,Max Hamngatan,moped,moped_13,4
1238,59.348495055223744,18.107264492258057,Max Hamngatan,moped,moped_36,4
1239,59.33255810121047,18.0885469206212,Max Hamngatan,moped,moped_30,4
1240,59.31064359976643,18.054605645945767,Max Södermalm,moped,moped_5,4
1241,59.338708959890106,18.008980210209305,Max Kungsholmen,moped,moped_20,4
1242,59.34717790643916,18.085522987801948,Max Hamngatan,moped,moped_1,4
1243,59.33854233688749,18.05259789970007,Max Odenplan,moped,moped_2,4
1244,59.326082301034454,18.065942590212455,Max Hamngatan,moped,moped_18,4
1245,59.34879623945389,18.105398889876778,Max Hamngatan,moped,moped_34,4
1246,59.35308771922293,18.086783658529225,Max Odenplan,moped,moped_3,4
1247,59.31322653943029,18.075037057415415,Max Södermalm,drone,drone_3,4
1248,59.31076223194772,18.062038264840663,Max Södermalm,drone,drone_4,4
1249,59.31752903641157,18.01900856761965,Max Kungsholmen,moped,moped_18,4
1250,59.310230285068926,18.0596050589293,Max Södermalm,drone,drone_13,4
1251,59.30697639986631,18.067172172536452,Max Södermalm,moped,moped_2,4
1252,59.33118378785176,18.022122596938193,Max Kungsholmen,moped,moped_1,4
1253,59.33316685590024,18.091402423267276,Max Hamngatan,moped,moped_33,4
1254,59.316383839409795,18.07961603838517,Max Södermalm,drone,drone_8,4
1255,59.34668989546928,18.093108360404543,Max Hamngatan,moped,moped_14,4
1256,59.342367117019414,18.086976920342813,Max Hamngatan,moped,moped_31,4
1257,59.317843695444445,18.056119771937325,Max Södermalm,drone,drone_3,4
1258,59.34088783892081,18.07437856563117,Max Hamngatan,moped,moped_23,4
1259,59.31819823822219,18.059115437347657,Max Södermalm,moped,moped_1,4
1260,59.352747919884784,18.084725184133596,Max Odenplan,moped,moped_6,4
1261,59.33184010890916,18.082870221002867,Max Hamngatan,moped,moped_3,4
1262,59.34094502279584,18.101340278830097,Max Hamngatan,moped,moped_35,4
1263,59.34533814168236,18.101588068799508,Max Hamngatan,moped,moped_22,4
1264,59.3092759264074,18.082762420839703,Max Södermalm,moped,moped_6,4
1265,59.349385173191465,18.106664806582344,Max Hamngatan,moped,moped_37,4
1266,59.3539865272459,18.097260800907392,Max Hamngatan,moped,moped_24,4
1267,59.31123319731418,18.06314569052129,Max Södermalm,drone,drone_6,4
1268,59.34600742748776,18.100466240288597,Max Hamngatan,moped,moped_25,4
1269,59.34969098055434,18.06190299519262,Max Odenplan,moped,moped_4,4
1270,59.33361249986331,18.04320274438102,Max Kungsholmen,moped,moped_3,4
1271,59.3185966085226,18.04735002982791,Max Södermalm,drone,drone_11,4
1272,59.34523093794207,18.090696462743225,Max Hamngatan,moped,moped_18,4
1273,59.34110492508107,18.09280092046977,Max Hamngatan,moped,moped_29,4
1274,59.34295970751366,18.05236750613925,Max Odenplan,drone,drone_1,4
1275,59.34064924246341,18.05818326393411,Max Odenplan,drone,drone_6,4
1276,59.314802278405736,18.09581148028101,Max Södermalm,moped,moped_3,4
1277,59.34647441650954,18.062790419995306,Max Odenplan,drone,drone_4,4
1278,59.33477526398377,18.04319163401981,Max Kungsholmen,moped,moped_24,4
1279,59.33127001937041,18.057364140533934,Max Hötorget,moped,moped_4,4
1280,59.315569657422635,18.091145183762585,Max Södermalm,drone,drone_5,4
1281,59.3491458742484,18.10504409197457,Max Hamngatan,moped,moped_17,4
1282,59.343306365222034,18.056479070902885,Max Odenplan,drone,drone_5,4
1283,59.31517193938384,18.065342674161496,Max Södermalm,drone,drone_11,4
1284,59.3272355231868,18.01374880764303,Max Kungsholmen,moped,moped_20,4
1285,59.34977495558192,18.061123035585048,Max Odenplan,drone,drone_3,4
1286,59.311896769986745,18.07306453679609,Max Södermalm,drone,drone_3,4
1287,59.35050222757303,18.059640336754807,Max Odenplan,drone,drone_1,4
1288,59.33243260300813,18.054559051239984,Max Hötorget,moped,moped_11,4
1289,59.34306028483177,18.045674889440978,Max Odenplan,moped,moped_5,4
1290,59.340963760230395,18.1016130767614,Max Hamngatan,moped,moped_28,4
1291,59.331037730514595,18.06771163686223,Max Hamngatan,moped,moped_21,4
1292,59.3346304729397,18.097152661026097,Max Hamngatan,moped,moped_15,4
1293,59.345252689450305,18.058475320561303,Max Odenplan,drone,drone_5,4
1294,59.344515451600145,18.05108244790526,Max Odenplan,drone,drone_1,4
1295,59.34421759700438,18.093175776479264,Max Hamngatan,moped,moped_26,4
1296,59.33326703054695,18.002129271483614,Max Kungsholmen,moped,moped_15,4
1297,59.343668811354654,18.083668222877545,Max Hamngatan,moped,moped_34,4
1298,59.33011515091893,18.03867200527916,Max Kungsholmen,moped,moped_12,4
1299,59.31694798069216,18.07737791915315,Max Södermalm,drone,drone_2,4
1300,59.33555125684373,18.08824819727419,Max Hamngatan,moped,moped_36,4
1301,59.3152318872437,18.072126958349664,Max Södermalm,drone,drone_14,4
1302,59.31657647674286,18.0560519863959,Max Södermalm,drone,drone_6,4
1303,59.3134989518221,18.06910600372556,Max Södermalm,drone,drone_14,4
1304,59.34056868251214,18.073256162361876,Max Hötorget,moped,moped_5,4
1305,59.33595297440472,18.085185302574633,Max Hamngatan,moped,moped_4,4
1306,59.304336098572875,18.072159328159387,Max Södermalm,moped,moped_5,4
1307,59.34916854451292,18.109345019559505,Max Hamngatan,moped,moped_1,4
1308,59.341068772499845,18.09297487143234,Max Hamngatan,moped,moped_38,4
1309,59.34270575677232,18.04221200677611,Max Odenplan,drone,drone_4,4
1310,59.33415332313909,17.99922267284581,Max Kungsholmen,moped,moped_22,4
1311,59.30668638597705,18.071094266718426,Max Södermalm,drone,drone_4,4
1312,59.35128970377819,18.06983422772813,Max Odenplan,moped,moped_2,4
1313,59.333603952696606,18.020942993578903,Max Kungsholmen,moped,moped_6,4
1314,59.34161968781871,18.032744532917416,Max Karolinska,drone,drone_1,3
1315,59.33490132626904,18.087523547728757,Max Hamngatan,moped,moped_11,4
1316,59.31218973934419,18.09412300486848,Max Södermalm,drone,drone_7,4
1317,59.31631907039332,18.053224207032503,Max Södermalm,drone,drone_3,4
1318,59.349746051477744,18.09302765543169,Max Hamngatan,moped,moped_3,4
1319,59.3152023737473,18.10164575818696,Max Södermalm,drone,drone_9,4
1320,59.3180971894425,18.058740004739565,Max Södermalm,drone,drone_1,4
1321,59.355872425022326,18.092574997046167,Max Odenplan,moped,moped_3,4
1322,59.34950986795082,18.047221482424916,Max Odenplan,drone,drone_5,4
1323,59.31710963352718,18.04869212896025,Max Södermalm,drone,drone_14,4
1324,59.312045353224256,18.078714117268937,Max Södermalm,drone,drone_8,4
1325,59.33756156303962,18.096068796582458,Max Hamngatan,moped,moped_38,4
1326,59.32872953627544,18.01925399151203,Max Kungsholmen,moped,moped_21,4
1327,59.34218089096705,18.05282725737501,Max Odenplan,drone,drone_3,4
1328,59.30992660368988,18.062019274766193,Max Södermalm,drone,drone_12,4
1329,59.3162581109028,18.029688834196925,Max Kungsholmen,moped,moped_5,4
1330,59.34414101521941,18.09591517520559,Max Hamngatan,moped,moped_19,4
1331,59.33490741266481,18.036141719419117,Max Kungsholmen,moped,moped_24,4
1332,59.334662402691094,18.099685449222772,Max Hamngatan,moped,moped_25,4
1333,59.34651369029204,18.04193797309629,Max Karolinska,drone,drone_1,3
1334,59.336448284529325,18.02147347321897,Max Kungsholmen,moped,moped_13,4
1335,59.31801445739225,18.023331620653945,Max Kungsholmen,moped,moped_2,4
1336,59.30743572008538,18.08244500358961,Max Södermalm,moped,moped_2,4
1337,59.326364171188736,18.018796511401646,Max Kungsholmen,moped,moped_19,4
1338,59.34404562065159,18.113839615083677,Max Hamngatan,moped,moped_5,4
1339,59.350515348184906,18.09823975494508,Max Hamngatan,moped,moped_5,4
1340,59.328952544069814,18.02004509553752,Max Kungsholmen,moped,moped_2,4
1341,59.30649060193329,18.07707924203887,Max Södermalm,drone,drone_3,4
1342,59.33871249257893,18.099700955194447,Max Hamngatan,moped,moped_4,4
1343,59.330830957485446,18.022701576872457,Max Kungsholmen,moped,moped_22,4
1344,59.34696831251965,18.09539546883057,Max Hamngatan,moped,moped_27,4
1345,59.31072425507222,18.09724327884195,Max Södermalm,drone,drone_11,4
1346,59.34084904819424,18.050000179570866,Max Odenplan,moped,moped_1,4
1347,59.3368557977775,18.069383416193705,Max Hötorget,moped,moped_4,4
1348,59.34315097642981,18.049380940540868,Max Odenplan,drone,drone_4,4
1349,59.34276016175796,18.08900247287115,Max Hamngatan,moped,moped_10,4
1350,59.33085661356308,18.00052681158018,Max Kungsholmen,moped,moped_17,4
1351,59.34217877026327,18.109208612540424,Max Hamngatan,moped,moped_12,4
1352,59.31842981443627,18.08683239529678,Max Södermalm,drone,drone_12,4
1353,59.34464614857646,18.04686193309026,Max Odenplan,drone,drone_1,4
1354,59.348238672926975,18.064093476400036,Max Odenplan,drone,drone_6,4
1355,59.35754244480159,18.1003027292406,Max Hamngatan,moped,moped_6,4
1356,59.314698461394464,18.03306902013292,Max Kungsholmen,moped,moped_9,4
1357,59.329978284318976,18.074928374528035,Max Hamngatan,moped,moped_8,4
1358,59.340574010371434,18.041971280883825,Max Odenplan,drone,drone_2,4
1359,59.33002402307171,18.056486820104663,Max Hötorget,moped,moped_3,4
1360,59.31593764027971,18.096445942890316,Max Södermalm,drone,drone_12,4
1361,59.32975209607252,18.003465061899714,Max Kungsholmen,moped,moped_8,4
1362,59.33317214298545,18.013063755259175,Max Kungsholmen,moped,moped_18,4
1363,59.3181000890365,18.07967459833753,Max Södermalm,drone,drone_10,4
1364,59.34024706201168,18.064229835185095,Max Hötorget,moped,moped_10,4
1365,59.35170843290071,18.09014629728395,Max Hamngatan,moped,moped_6,4
1366,59.32990734381064,18.057479441123423,Max Hötorget,moped,moped_8,4
1367,59.33072661041287,18.061793210021257,Max Hötorget,moped,moped_13,4
1368,59.318616919640064,18.06407761006621,Max Södermalm,drone,drone_11,4
1369,59.31263316019455,18.056565633200965,Max Södermalm,drone,drone_7,4
1370,59.307683815307115,18.07815565401456,Max Södermalm,drone,drone_7,4
1371,59.33967533359163,18.112612722482663,Max Hamngatan,moped,moped_37,4
1372,59.33588135714784,18.000339240936732,Max Kungsholmen,moped,moped_4,4
1373,59.31854161761565,18.026939829231452,Max Kungsholmen,moped,moped_23,4
1374,59.344049581820094,18.09024316065725,Max Hamngatan,moped,moped_9,4
1375,59.34953993817172,18.072678831317024,Max Odenplan,drone,drone_4,4
1376,59.33636148911218,18.080873960463578,Max Hamngatan,moped,moped_36,4
1377,59.329645315237904,18.02288572237731,Max Kungsholmen,moped,moped_15,4
1378,59.35257821673877,18.09395112365018,Max Hamngatan,moped,moped_26,4
1379,59.3302142994951,18.062111242786397,Max Hötorget,moped,moped_6,4
1380,59.34383169936618,18.10326135245769,Max Hamngatan,moped,moped_24,4
1381,59.33102516881486,18.0687260711534,Max Hamngatan,moped,moped_2,4
1382,59.3482770617644,18.04084643045766,Max Karolinska,drone,drone_1,4
1383,59.32880283732327,18.00621036535893,Max Kungsholmen,moped,moped_19,4
1384,59.33608482038629,18.087964081776096,Max Hamngatan,moped,moped_19,4
1385,59.33156087165285,18.04917768475513,Max Hötorget,moped,moped_6,4
1386,59.34168809572106,18.082361738368817,Max Hamngatan,moped,moped_7,4
1387,59.32561739830611,18.07388239933655,Max Hamngatan,moped,moped_32,4
1388,59.30968023777319,18.065828542189823,Max Södermalm,moped,moped_1,4
1389,59.339016722230575,18.078183782726107,Max Hamngatan,moped,moped_22,4
1390,59.34830785339311,18.104445815637177,Max Hamngatan,moped,moped_2,4
1391,59.315881391207235,18.094390294227356,Max Södermalm,drone,drone_2,4
1392,59.3377881113572,18.099283587556812,Max Hamngatan,moped,moped_27,4
1393,59.338934103688054,18.041902734768225,Max Odenplan,moped,moped_2,4
1394,59.35147697961715,18.099554026145324,Max Hamngatan,moped,moped_16,4
1395,59.33660439919226,18.060741802324667,Max Hötorget,moped,moped_12,4
1396,59.31810397696616,18.07083824364692,Max Södermalm,drone,drone_12,4
1397,59.330681110968015,18.030137704524083,Max Kungsholmen,moped,moped_11,4
1398,59.35498463391994,18.093231673468335,Max Hamngatan,moped,moped_13,4
1399,59.339871663985235,18.066235711907805,Max Hötorget,moped,moped_1,4
1400,59.318066235295404,18.016899078359067,Max Kungsholmen,moped,moped_24,4
1401,59.3384570769292,18.010144574639494,Max Kungsholmen,moped,moped_21,4
1402,59.31109374695651,18.051981534691613,Max Södermalm,drone,drone_8,4
1403,59.30887297342027,18.07739517450128,Max Södermalm,drone,drone_10,4
1404,59.348853664566406,18.044296212673288,Max Karolinska,drone,drone_1,4
1405,59.34807890169162,18.108714337581493,Max Hamngatan,moped,moped_12,4
1406,59.333440004548216,18.03416600041565,Max Kungsholmen,moped,moped_13,4
1407,59.34237190403807,18.047167987953863,Max Odenplan,drone,drone_1,4
1408,59.3295838314153,18.032959819007935,Max Kungsholmen,moped,moped_8,4
1409,59.35684293106459,18.09590834777676,Max Hamngatan,moped,moped_34,4
1410,59.30839218837836,18.06101809015437,Max Södermalm,drone,drone_13,4
1411,59.31938292904571,18.031707906259133,Max Kungsholmen,moped,moped_21,4
1412,59.3471044869697,18.03820773477577,Max Karolinska,drone,drone_1,4
1413,59.34560681119735,18.033155395014703,Max Karolinska,drone,drone_1,4
1414,59.35098661652756,18.087490657570513,Max Hamngatan,moped,moped_17,4
1415,59.349412181692074,18.094489969965498,Max Hamngatan,moped,moped_33,4
1416,59.317014192956336,18.040545201673428,Max Södermalm,drone,drone_8,4
1417,59.32780635484499,18.052730149926916,Max Hötorget,moped,moped_12,4
1418,59.33934591953295,18.057350046958675,Max Odenplan,drone,drone_2,4
1419,59.32878851554479,18.023225358143627,Max Kungsholmen,moped,moped_22,4
1420,59.35425898581152,18.094709338353784,Max Hamngatan,moped,moped_29,4
1421,59.34467910750297,18.113762455164817,Max Hamngatan,moped,moped_11,4
1422,59.31992988881329,18.069757407371817,Max Södermalm,drone,drone_12,4
1423,59.31405259687009,18.098037791245694,Max Södermalm,drone,drone_2,4
1424,59.344111610456906,18.069232581224707,Max Hötorget,moped,moped_3,4
1425,59.33607112975647,18.098089885291703,Max Hamngatan,moped,moped_38,4
1426,59.345117400501664,18.06700642671836,Max Odenplan,drone,drone_2,4
1427,59.31600702031457,18.063369530005588,Max Södermalm,drone,drone_1,4
1428,59.34448651117968,18.068963267687,Max Odenplan,drone,drone_5,4
1429,59.330906932026465,18.05526054438774,Max Hötorget,moped,moped_10,4
1430,59.3169118620235,18.04086556064683,Max Södermalm,drone,drone_9,4
1431,59.31076999979153,18.075876579043847,Max Södermalm,drone,drone_1,4
1432,59.34590224758061,18.09143029080354,Max Hamngatan,moped,moped_35,4
1433,59.337226636465424,18.06960841325198,Max Hötorget,moped,moped_11,4
1434,59.351695050514735,18.08167056780948,Max Odenplan,moped,moped_1,4
1435,59.30880197099028,18.066245153349225,Max Södermalm,drone,drone_13,4
1436,59.330046579951706,18.04896104554259,Max Hötorget,moped,moped_7,4
1437,59.31554336639887,18.040017749443106,Max Södermalm,moped,moped_3,4
1438,59.34526489351863,18.04191163928033,Max Karolinska,moped,moped_1,4
1439,59.33768308201065,18.097663543316777,Max Hamngatan,moped,moped_35,4
1440,59.3317837998122,17.999112693568428,Max Kungsholmen,moped,moped_24,4
1441,59.308828866540864,18.08268529862747,Max Södermalm,drone,drone_10,4
1442,59.34619340986527,18.067521195138593,Max Odenplan,drone,drone_5,4
1443,59.347963129769305,18.080758308920633,Max Hötorget,moped,moped_8,4
1444,59.31372762141059,18.07302028097917,Max Södermalm,drone,drone_1,4
1445,59.3099787226773,18.095398271926364,Max Södermalm,moped,moped_4,4
1446,59.33006306531315,18.056916108440426,Max Hötorget,moped,moped_9,4
1447,59.33712333170534,18.01810766435356,Max Kungsholmen,moped,moped_18,4
1448,59.31195558395967,18.05426775532976,Max Södermalm,drone,drone_13,4
1449,59.35083981480749,18.105699348252937,Max Hamngatan,moped,moped_16,4
1450,59.311024806208344,18.04810308600977,Max Södermalm,drone,drone_14,4
1451,59.34173364273683,18.097041459383867,Max Hamngatan,moped,moped_32,4
1452,59.3490616951987,18.102047717246933,Max Hamngatan,moped,moped_31,4
1453,59.31855412930171,18.075470716781265,Max Södermalm,drone,drone_4,4
1454,59.34856722378052,18.07304396924008,Max Odenplan,moped,moped_6,4
1455,59.334695352602694,18.03508160012507,Max Kungsholmen,moped,moped_9,4
1456,59.34352169189034,18.049457916451864,Max Odenplan,drone,drone_4,4
1457,59.34739793579821,18.043437390928094,Max Karolinska,drone,drone_1,4
1458,59.33230861166948,18.032608574563326,Max Kungsholmen,moped,moped_3,4
1459,59.30895488549687,18.07951703748769,Max Södermalm,drone,drone_5,4
1460,59.30997267026194,18.09308727751093,Max Södermalm,drone,drone_5,4
1461,59.34346109232083,18.113564778110373,Max Hamngatan,moped,moped_20,4
1462,59.34214284937523,18.104578803192872,Max Hamngatan,moped,moped_10,4
1463,59.31452809591696,18.101902576981097,Max Södermalm,moped,moped_3,4
1464,59.32871815091579,18.01631669385846,Max Kungsholmen,moped,moped_14,4
1465,59.328623865799976,18.038942761099264,Max Kungsholmen,moped,moped_6,4
1466,59.311486656868325,18.064123904256743,Max Södermalm,drone,drone_2,4
1467,59.34237902755589,18.063129674894817,Max Odenplan,drone,drone_3,4
1468,59.346643113956745,18.060078437241256,Max Odenplan,drone,drone_2,4
1469,59.33380403989885,18.08289535859447,Max Hamngatan,moped,moped_15,4
1470,59.332501452295034,18.01337940472833,Max Kungsholmen,moped,moped_10,4
1471,59.31396503981061,18.04409562756943,Max Södermalm,drone,drone_4,4
1472,59.31622158848317,18.08802773209817,Max Södermalm,drone,drone_1,4
1473,59.31507907636525,18.063421490945355,Max Södermalm,drone,drone_14,4
1474,59.31228986232256,18.04966884614357,Max Södermalm,moped,moped_4,4
1475,59.336557224342634,18.011334719352305,Max Kungsholmen,moped,moped_4,4
1476,59.34404612763577,18.051441218584618,Max Odenplan,drone,drone_6,4
1477,59.34028008891755,18.08399517342872,Max Hamngatan,moped,moped_39,4
1478,59.34630466015804,18.047623893175363,Max Odenplan,moped,moped_5,4
1479,59.350928152877486,18.057272725278292,Max Odenplan,drone,drone_2,4
1480,59.31254785162781,18.086693244607225,Max Södermalm,moped,moped_6,4
1481,59.342449865804944,18.093220181043534,Max Hamngatan,moped,moped_30,4
1482,59.34842345516157,18.0838092136367,Max Hamngatan,moped,moped_8,4
1483,59.33769263415373,18.013008521117044,Max Kungsholmen,moped,moped_23,4
1484,59.34617763450776,18.098724503050125,Max Hamngatan,moped,moped_14,4
1485,59.33119304755413,18.048228997472133,Max Hötorget,moped,moped_2,5
1486,59.34552296238336,18.095091011377654,Max Hamngatan,moped,moped_27,4
1487,59.33554250129378,18.00096022636348,Max Kungsholmen,moped,moped_17,4
1488,59.30802735314376,18.077903701292495,Max Södermalm,drone,drone_6,4
1489,59.35333054707922,18.10391182600958,Max Hamngatan,moped,moped_28,4
1490,59.33301610961549,18.0722084688654,Max Hamngatan,moped,moped_37,4
1491,59.31637216985688,18.05751038043626,Max Södermalm,drone,drone_5,4
1492,59.33933965905552,18.11278872023262,Max Hamngatan,moped,moped_33,4
1493,59.34477936716894,18.074638178698898,Max Hötorget,moped,moped_7,5
1494,59.32657021793328,18.01901301404879,Max Kungsholmen,moped,moped_18,5
1495,59.31154600953766,18.101375575486536,Max Södermalm,moped,moped_6,4
1496,59.30779892742136,18.069804910969573,Max Södermalm,drone,drone_6,4
1497,59.34208496944037,18.08800859747328,Max Hamngatan,moped,moped_38,4
1498,59.34804893530725,18.103518163003873,Max Hamngatan,moped,moped_9,4
1499,59.332200191100576,18.086026183780227,Max Hamngatan,moped,moped_21,4
1500,59.34053719864803,18.06106284326263,Max Hötorget,moped,moped_8,5
1501,59.33327803766987,18.005565144227248,Max Kungsholmen,moped,moped_4,5
1502,59.34575800025539,18.10474145626755,Max Hamngatan,moped,moped_7,4
1503,59.33147833268668,18.010795903681483,Max Kungsholmen,moped,moped_24,5
1504,59.33466218362758,18.042762463390737,Max Kungsholmen,moped,moped_13,5
1505,59.33823333345041,18.04850722065085,Max Odenplan,drone,drone_1,4
1506,59.34903794611445,18.049105548394667,Max Odenplan,drone,drone_2,5
1507,59.33957808656112,18.09730704103996,Max Hamngatan,moped,moped_23,4
1508,59.34171354573509,18.08295086368169,Max Hamngatan,moped,moped_18,5
1509,59.33527176537679,18.00337981049916,Max Kungsholmen,moped,moped_21,5
1510,59.3572275573472,18.090564138868817,Max Odenplan,moped,moped_4,5
1511,59.33250608173704,18.03509039644294,Max Kungsholmen,moped,moped_22,5
1512,59.344548514482504,18.087859408624908,Max Hamngatan,moped,moped_18,5
1513,59.333847735566,18.094733697825276,Max Hamngatan,moped,moped_19,5
1514,59.337756764508555,18.04923440967543,Max Odenplan,drone,drone_6,5
1515,59.33897325554081,18.068810623265954,Max Hötorget,moped,moped_6,5
1516,59.342834384809755,18.075447317001224,Max Hötorget,moped,moped_7,5
1517,59.3406652532172,18.05535501297427,Max Odenplan,drone,drone_2,5
1518,59.31424901878139,18.070684622607914,Max Södermalm,drone,drone_2,4
1519,59.346524821437285,18.03487536630244,Max Karolinska,drone,drone_1,4
1520,59.33874571445923,18.101860588648847,Max Hamngatan,moped,moped_21,5
1521,59.33294003945964,18.09430140756333,Max Hamngatan,moped,moped_24,5
1522,59.34227822113887,18.07297319635306,Max Hötorget,moped,moped_9,5
1523,59.33750048174827,18.058557459915736,Max Hötorget,moped,moped_10,5
1524,59.34578453591324,18.105358742644427,Max Hamngatan,moped,moped_34,5
1525,59.34829330756981,18.063442757883216,Max Odenplan,moped,moped_5,5
1526,59.335416291603416,18.021429661629696,Max Kungsholmen,moped,moped_9,5
1527,59.31753728500978,18.036760294335473,Max Kungsholmen,moped,moped_20,5
1528,59.31678078565449,18.028271814459263,Max Kungsholmen,moped,moped_25,5
1529,59.3097136916671,18.074167303647705,Max Södermalm,moped,moped_1,4
1530,59.31588436339535,18.09741106060233,Max Södermalm,moped,moped_6,4
1531,59.31610763015767,18.041339829444222,Max Södermalm,moped,moped_5,4
1532,59.308083645019224,18.065683656557965,Max Södermalm,drone,drone_10,4
1533,59.32839642403101,18.061189734533414,Max Hötorget,moped,moped_11,5
1534,59.332147904718326,18.08089604541833,Max Hamngatan,moped,moped_7,5
1535,59.31813069696715,18.077453236128097,Max Södermalm,drone,drone_6,4
1536,59.312198628365145,18.04424453909792,Max Södermalm,moped,moped_2,4
1537,59.32094518676782,18.068898741808056,Max Södermalm,drone,drone_9,4
1538,59.30926987491648,18.08114922808199,Max Södermalm,drone,drone_7,4
1539,59.333226357279585,18.0723802451346,Max Hamngatan,moped,moped_31,5
1540,59.3494740892646,18.041932013478608,Max Karolinska,drone,drone_1,4
1541,59.31227431113883,18.070924189164376,Max Södermalm,moped,moped_1,4
1542,59.35471778278885,18.088996788422847,Max Odenplan,moped,moped_1,5
1543,59.31293215687386,18.048467252252433,Max Södermalm,moped,moped_4,4
1544,59.32727114708363,18.07414302562909,Max Hamngatan,moped,moped_29,5
1545,59.34697817605496,18.09172874159053,Max Hamngatan,moped,moped_6,5
1546,59.31584441628996,18.06137616765887,Max Södermalm,drone,drone_1,4
1547,59.314234591608525,18.04406466958169,Max Södermalm,moped,moped_1,4
1548,59.33658624831696,18.08923505075746,Max Hamngatan,moped,moped_12,5
1549,59.34001406964494,18.092815865563782,Max Hamngatan,moped,moped_20,5
1550,59.3106870574894,18.06445434258297,Max Södermalm,drone,drone_10,4
1551,59.34222049358729,18.077439327717425,Max Hamngatan,moped,moped_26,5
1552,59.310638159358845,18.085529801226564,Max Södermalm,moped,moped_5,5
1553,59.34230391665107,18.03668864573704,Max Karolinska,drone,drone_1,4
1554,59.31953746885386,18.058748152613457,Max Södermalm,moped,moped_1,5
1555,59.344177006581575,18.086922620551352,Max Hamngatan,moped,moped_16,5
1556,59.34977635005775,18.089788505355248,Max Hamngatan,moped,moped_15,5
1557,59.31612193601695,18.05244349943335,Max Södermalm,drone,drone_12,5
1558,59.339233483617015,18.007610004404455,Max Kungsholmen,moped,moped_18,5
1559,59.35119190057564,18.07983247215949,Max Odenplan,moped,moped_1,5
1560,59.33673979761449,18.014265922230457,Max Kungsholmen,moped,moped_5,5
1561,59.339742518688354,18.109342931608108,Max Hamngatan,moped,moped_25,5
1562,59.3130832500896,18.072079940450983,Max Södermalm,drone,drone_12,5
1563,59.33540503930091,18.02076010572951,Max Kungsholmen,moped,moped_14,5
1564,59.30626422095095,18.08536705254822,Max Södermalm,moped,moped_1,5
1565,59.33353864623744,18.044671025310997,Max Kungsholmen,moped,moped_14,5
1566,59.33529161253375,18.025196663854427,Max Kungsholmen,moped,moped_21,5
1567,59.34047291752048,18.04428737339515,Max Odenplan,drone,drone_4,5
1568,59.31576473126104,18.100011187558614,Max Södermalm,drone,drone_3,5
1569,59.35453648701263,18.091021714586084,Max Odenplan,drone,drone_4,5
1570,59.30704134463653,18.076816412560163,Max Södermalm,drone,drone_7,5
1571,59.30822212599331,18.07403665510126,Max Södermalm,drone,drone_3,5
1572,59.33637355865338,18.008182428140863,Max Kungsholmen,moped,moped_19,5
1573,59.34784012930795,18.04476805833576,Max Karolinska,drone,drone_1,5
1574,59.35445835183454,18.09804951934039,Max Hamngatan,moped,moped_16,5
1575,59.33890068024829,18.044225238646824,Max Odenplan,drone,drone_2,5
1576,59.34047441470979,18.08083188620119,Max Hamngatan,moped,moped_6,5
1577,59.35438331806077,18.10217291549086,Max Hamngatan,moped,moped_11,5
1578,59.35124763476762,18.104046671237978,Max Hamngatan,moped,moped_17,5
1579,59.34634599740695,18.03609613379566,Max Karolinska,drone,drone_1,5
1580,59.33002828338062,18.02620566178531,Max Kungsholmen,moped,moped_11,5
1581,59.33984453486779,18.097535524148928,Max Hamngatan,moped,moped_9,5
1582,59.33337009927136,18.072080905757502,Max Hamngatan,moped,moped_34,5
1583,59.334222398063154,18.003376469721417,Max Kungsholmen,moped,moped_17,5
1584,59.347736723393304,18.0911283353035,Max Hamngatan,moped,moped_8,5
1585,59.31023984389862,18.053302653949377,Max Södermalm,drone,drone_8,5
1586,59.352055197550584,18.1001929193845,Max Hamngatan,moped,moped_27,5
1587,59.35256115147827,18.08317309976053,Max Odenplan,drone,drone_5,5
1588,59.34115517660226,18.087029484219983,Max Hamngatan,moped,moped_11,5
1589,59.31205123783255,18.07134477542677,Max Södermalm,moped,moped_6,5
1590,59.31998341888183,18.05022924524319,Max Södermalm,drone,drone_11,5
1591,59.35169027065088,18.08302231970904,Max Odenplan,drone,drone_3,5
1592,59.30682353931708,18.0675010088074,Max Södermalm,drone,drone_13,5
1593,59.342929954899326,18.048918644305637,Max Odenplan,moped,moped_3,5
1594,59.3432492644611,18.051103788801015,Max Odenplan,drone,drone_1,5
1595,59.330745255878064,18.077664042549905,Max Hamngatan,moped,moped_8,5
1596,59.33647936295331,18.078279098635768,Max Hamngatan,moped,moped_28,5
1597,59.3445232159352,18.042832972716003,Max Odenplan,moped,moped_6,5
1598,59.33256526028081,18.021746122508137,Max Kungsholmen,moped,moped_12,5
1599,59.33738930590641,18.056952855954854,Max Hötorget,moped,moped_7,5
1600,59.33368829360611,18.09373088760761,Max Hamngatan,moped,moped_10,5
1601,59.33297705325444,18.024736844644153,Max Kungsholmen,moped,moped_20,5
1602,59.336076360684515,18.06516410837565,Max Hötorget,moped,moped_1,5
1603,59.33418655357864,18.020169103158615,Max Kungsholmen,moped,moped_15,5
1604,59.342069263019745,18.11445489280428,Max Hamngatan,moped,moped_14,5
1605,59.314824733511934,18.069499719352095,Max Södermalm,drone,drone_9,5
1606,59.35949739359524,18.09419425484541,Max Odenplan,moped,moped_2,5
1607,59.33248759989342,18.024781497690512,Max Kungsholmen,moped,moped_5,5
1608,59.33098549853414,18.02613931167551,Max Kungsholmen,moped,moped_16,5
1609,59.311301281554826,18.05300203852685,Max Södermalm,drone,drone_5,5
1610,59.3503390969076,18.06370965729769,Max Odenplan,moped,moped_6,5
1611,59.33598030706885,18.012932634490074,Max Kungsholmen,moped,moped_25,5
1612,59.34131720226134,18.097930990492216,Max Hamngatan,moped,moped_9,5
1613,59.349693587083735,18.10152479783025,Max Hamngatan,moped,moped_13,5
1614,59.31332862321874,18.07417769722576,Max Södermalm,drone,drone_12,5
1615,59.31698591153349,18.057805789805403,Max Södermalm,drone,drone_2,5
1616,59.32963684364728,18.04486045921264,Max Kungsholmen,moped,moped_19,5
1617,59.30641438364753,18.07431474141223,Max Södermalm,drone,drone_4,5
1618,59.34017239729066,18.07540053661075,Max Hamngatan,moped,moped_26,5
1619,59.35673333477918,18.098207114037688,Max Hamngatan,moped,moped_23,5
1620,59.353284590067986,18.099426456669047,Max Hamngatan,moped,moped_23,5
1621,59.31405324121423,18.083447583860583,Max Södermalm,drone,drone_5,5
1622,59.32945425120041,18.060965577268533,Max Hötorget,moped,moped_8,5
1623,59.31556962936743,18.104346579903353,Max Södermalm,drone,drone_1,5
1624,59.33741583884773,18.061727734903677,Max Hötorget,moped,moped_4,5
1625,59.30550499602409,18.08070129873448,Max Södermalm,drone,drone_14,5
1626,59.315067738402945,18.034497478661716,Max Kungsholmen,moped,moped_7,5
1627,59.34837502942105,18.089785756862735,Max Hamngatan,moped,moped_13,5
1628,59.30667515676199,18.07065773667551,Max Södermalm,drone,drone_14,5
1629,59.303955141432205,18.07695155108781,Max Södermalm,moped,moped_4,5
1630,59.31465311409145,18.101828009119597,Max Södermalm,moped,moped_5,5
1631,59.34358548793226,18.08169408140209,Max Hamngatan,moped,moped_22,5
1632,59.320944809258194,18.048794308828324,Max Södermalm,moped,moped_4,5
1633,59.34876729982586,18.105962189680177,Max Hamngatan,moped,moped_32,5
1634,59.34232877161486,18.07775136090543,Max Hamngatan,moped,moped_31,5
1635,59.33142348815945,18.066712001479004,Max Hamngatan,moped,moped_14,5
1636,59.3165936840354,18.073717506706792,Max Södermalm,drone,drone_1,5
1637,59.31977069308704,18.070371891023,Max Södermalm,drone,drone_13,5
1638,59.342988931770606,18.065572892479093,Max Odenplan,drone,drone_1,5
1639,59.33350590091877,18.06495064324985,Max Hötorget,moped,moped_4,5
1640,59.34148979262784,18.07014627816375,Max Hötorget,moped,moped_1,5
1641,59.308820163783714,18.080462005354917,Max Södermalm,drone,drone_5,5
1642,59.35128074649085,18.102617196022297,Max Hamngatan,moped,moped_20,5
1643,59.33290102457614,18.08774332372773,Max Hamngatan,moped,moped_19,5
1644,59.33800824471658,18.000642778025227,Max Kungsholmen,moped,moped_3,5
1645,59.33697716086165,18.07048395799382,Max Hamngatan,moped,moped_5,5
1646,59.33692267425968,18.023212406485005,Max Kungsholmen,moped,moped_10,5
1647,59.30998803609624,18.062958989598435,Max Södermalm,drone,drone_10,5
1648,59.34145643974274,18.055115166737902,Max Odenplan,drone,drone_5,5
1649,59.33548398811632,18.003614335773754,Max Kungsholmen,moped,moped_3,5
1650,59.336752420270955,18.09554342759447,Max Hamngatan,moped,moped_5,5
1651,59.314116818011165,18.04990708052723,Max Södermalm,drone,drone_1,5
1652,59.33748494957601,18.016663171954487,Max Kungsholmen,moped,moped_22,5
1653,59.30959897160839,18.081860015385725,Max Södermalm,drone,drone_13,5
1654,59.35100139026544,18.058806673535177,Max Odenplan,moped,moped_1,5
1655,59.307489646899995,18.064999595582385,Max Södermalm,moped,moped_6,5
1656,59.310336500612905,18.080288349973575,Max Södermalm,drone,drone_13,5
1657,59.35026828311686,18.08600654578403,Max Hamngatan,moped,moped_28,5
1658,59.34426851204294,18.090049881380992,Max Hamngatan,moped,moped_2,5
1659,59.35504617946327,18.103750793568125,Max Hamngatan,moped,moped_12,5
1660,59.352353252309385,18.104520238867227,Max Hamngatan,moped,moped_29,5
1661,59.311254818072705,18.099782873559384,Max Södermalm,drone,drone_7,5
1662,59.33441961739524,18.014044281129127,Max Kungsholmen,moped,moped_24,5
1663,59.34982190492913,18.1047161750432,Max Hamngatan,moped,moped_25,5
1664,59.31247569771334,18.09238776433251,Max Södermalm,moped,moped_6,5
1665,59.34164706611339,18.11487497129523,Max Hamngatan,moped,moped_17,5
1666,59.32978192549941,18.02964008901258,Max Kungsholmen,moped,moped_2,5
1667,59.34495051526683,18.0653888160869,Max Odenplan,drone,drone_3,5
1668,59.31653183788441,18.054745490023436,Max Södermalm,drone,drone_11,5
1669,59.31581420305867,18.059446766662752,Max Södermalm,moped,moped_1,5
1670,59.34731609886756,18.09339517600539,Max Hamngatan,moped,moped_35,5
1671,59.312992797685986,18.09016930834235,Max Södermalm,moped,moped_5,5
1672,59.33138270506123,18.04867600530905,Max Hötorget,moped,moped_11,5
1673,59.33653873772258,18.059232017553445,Max Hötorget,moped,moped_6,5
1674,59.32669412208397,18.068605745528927,Max Hamngatan,moped,moped_30,5
1675,59.33963353236764,18.068555154523903,Max Hötorget,moped,moped_10,5
1676,59.3524619579333,18.099186460915764,Max Hamngatan,moped,moped_33,5
1677,59.31423294834912,18.08221828598398,Max Södermalm,drone,drone_12,5
1678,59.30715096411281,18.084418277784447,Max Södermalm,drone,drone_4,5
1679,59.33796918483926,18.012846695880338,Max Kungsholmen,moped,moped_9,5
1680,59.33525120888645,18.01779543135427,Max Kungsholmen,moped,moped_16,5
1681,59.333183092741926,18.02811139858856,Max Kungsholmen,moped,moped_14,5
1682,59.317641886423495,18.080783605822973,Max Södermalm,drone,drone_6,5
1683,59.31168924778963,18.04274492902139,Max Södermalm,moped,moped_6,5
1684,59.338221137902366,18.097939431179235,Max Hamngatan,moped,moped_35,5
1685,59.347198639579645,18.063714391011658,Max Odenplan,moped,moped_1,5
1686,59.3445099803381,18.032196807393458,Max Karolinska,drone,drone_1,5
1687,59.329873267578066,18.047855222745564,Max Kungsholmen,moped,moped_15,5
1688,59.337238697886264,18.06378576040664,Max Hötorget,moped,moped_3,5
1689,59.34993715190157,18.061350515807312,Max Odenplan,drone,drone_5,5
1690,59.34702118223508,18.08393884119314,Max Hamngatan,moped,moped_1,5
1691,59.351241776480585,18.103041277574896,Max Hamngatan,moped,moped_30,5
1692,59.345012006828846,18.045888419908803,Max Odenplan,drone,drone_1,5
1693,59.34730963272461,18.0591595088434,Max Odenplan,drone,drone_6,5
1694,59.32954646561871,18.040364158426627,Max Kungsholmen,moped,moped_23,5
1695,59.34812050264957,18.08856351527151,Max Hamngatan,moped,moped_3,5
1696,59.3371965230388,18.09124872660317,Max Hamngatan,moped,moped_15,5
1697,59.33348385426607,18.088437820375407,Max Hamngatan,moped,moped_31,5
1698,59.35003380420848,18.09207453779342,Max Hamngatan,moped,moped_32,5
1699,59.31754223895433,18.0321527522295,Max Kungsholmen,moped,moped_19,5
1700,59.35605990957665,18.087810606985308,Max Odenplan,moped,moped_2,5
1701,59.31492845172679,18.05220622039178,Max Södermalm,drone,drone_9,5
1702,59.348600403756656,18.05202146982143,Max Odenplan,drone,drone_5,5
1703,59.33304605630571,17.996942495283335,Max Kungsholmen,moped,moped_2,5
1704,59.31144711697734,18.09766364776587,Max Södermalm,moped,moped_4,5
1705,59.35390955664515,18.09296381946984,Max Hamngatan,moped,moped_32,5
1706,59.320838448324146,18.071113736024977,Max Södermalm,drone,drone_1,5
1707,59.34908742975334,18.07904128369855,Max Odenplan,moped,moped_3,5
1708,59.31252354902273,18.097114487119494,Max Södermalm,moped,moped_6,5
1709,59.309335509827555,18.079993915135393,Max Södermalm,drone,drone_4,5
1710,59.338260019577,18.0882031493331,Max Hamngatan,moped,moped_24,5
1711,59.34402884185413,18.05514391498896,Max Odenplan,drone,drone_1,5
1712,59.31295923767795,18.05707073559714,Max Södermalm,drone,drone_9,5
1713,59.349204146033934,18.0622182958663,Max Odenplan,drone,drone_2,5
1714,59.3345191284217,18.077465579511617,Max Hamngatan,moped,moped_33,5
1715,59.349126353850664,18.040697955110225,Max Karolinska,drone,drone_1,5
1716,59.30494567428898,18.08035340065276,Max Södermalm,moped,moped_2,5
1717,59.33168315540902,18.037808021170232,Max Kungsholmen,moped,moped_7,5
1718,59.333547539682385,18.097209180390273,Max Hamngatan,moped,moped_4,5
1719,59.31794072547007,18.090476146345537,Max Södermalm,moped,moped_1,5
1720,59.33324497187049,18.02789422690302,Max Kungsholmen,moped,moped_6,5
1721,59.35392654527259,18.10322678834701,Max Hamngatan,moped,moped_27,5
1722,59.3121479685755,18.073614718227812,Max Södermalm,moped,moped_2,5
1723,59.32649832359291,18.07185103456388,Max Hamngatan,moped,moped_33,5
1724,59.331446127311374,18.087904114793982,Max Hamngatan,moped,moped_21,5
1725,59.31447134858233,18.06178719698544,Max Södermalm,drone,drone_10,5
1726,59.34657987629857,18.102487410056895,Max Hamngatan,moped,moped_33,5
1727,59.33368585579283,18.028713406421176,Max Kungsholmen,moped,moped_12,5
1728,59.33729715199761,18.09851124111153,Max Hamngatan,moped,moped_28,5
1729,59.34256056912263,18.070007807735603,Max Hötorget,moped,moped_10,5
1730,59.350682906141216,18.067229842492576,Max Odenplan,moped,moped_3,5
1731,59.318917114425474,18.084302194564163,Max Södermalm,drone,drone_12,5
1732,59.345067135291146,18.05323878301184,Max Odenplan,drone,drone_4,5
1733,59.32058500656321,18.077326748037443,Max Södermalm,drone,drone_3,5
1734,59.34551082309965,18.06120665594926,Max Odenplan,moped,moped_5,5
1735,59.35808320167729,18.087859502820677,Max Odenplan,moped,moped_4,5
1736,59.33725855341355,18.049461173757894,Max Odenplan,drone,drone_4,5
1737,59.33356472439531,18.007079509817988,Max Kungsholmen,moped,moped_6,5
1738,59.34962071025877,18.0633894672026,Max Odenplan,drone,drone_2,5
1739,59.34441338213285,18.07705233143751,Max Hötorget,moped,moped_5,5
1740,59.323746889384786,18.071683251701103,Max Södermalm,moped,moped_3,5
1741,59.34977942181963,18.048963862816315,Max Odenplan,drone,drone_6,5
1742,59.3348621205693,18.035437409857433,Max Kungsholmen,moped,moped_8,5
1743,59.31772528034275,18.051844842073013,Max Södermalm,drone,drone_2,5
1744,59.33524309895198,18.065251245293744,Max Hötorget,moped,moped_2,5
1745,59.31237525484729,18.068287875417308,Max Södermalm,drone,drone_4,5
1746,59.345947930862785,18.06973401336791,Max Odenplan,drone,drone_3,5
1747,59.308940433507914,18.066972230253707,Max Södermalm,drone,drone_13,5
1748,59.307199657918666,18.06883855023907,Max Södermalm,drone,drone_5,5
1749,59.31711539545798,18.058344241489753,Max Södermalm,drone,drone_7,5
1750,59.34645549650876,18.072970309619095,Max Odenplan,drone,drone_6,5
1751,59.33072599546213,18.02268022017839,Max Kungsholmen,moped,moped_16,5
1752,59.332219193998306,18.056990774031583,Max Hötorget,moped,moped_3,5
1753,59.348983229487374,18.0881919723898,Max Hamngatan,moped,moped_32,5
1754,59.30935300259996,18.087919522712284,Max Södermalm,drone,drone_14,5
1755,59.336983368721874,18.088779698210512,Max Hamngatan,moped,moped_4,5
1756,59.34717320167485,18.08855852307218,Max Hamngatan,moped,moped_35,5
1757,59.34274639793682,18.066925197851443,Max Hötorget,moped,moped_5,5
1758,59.34268420068249,18.038564135805075,Max Karolinska,moped,moped_1,5
1759,59.34611539399685,18.04691302616703,Max Odenplan,drone,drone_6,5
1760,59.33167813493003,18.06617432306901,Max Hamngatan,moped,moped_34,5
1761,59.347626790569784,18.0926995088848,Max Hamngatan,moped,moped_22,5
1762,59.309689640644415,18.054808073942585,Max Södermalm,drone,drone_2,5
1763,59.33796841299253,18.096079485381782,Max Hamngatan,moped,moped_34,5
1764,59.340238081274165,18.10995231893893,Max Hamngatan,moped,moped_3,5
1765,59.32473297730618,18.067384343602352,Max Hamngatan,moped,moped_29,5
1766,59.312589179963275,18.09571728053121,Max Södermalm,moped,moped_5,5
1767,59.334274418923286,18.09278921446074,Max Hamngatan,moped,moped_34,5
1768,59.3374607472699,18.080635200704716,Max Hamngatan,moped,moped_10,5
1769,59.350816126753855,18.06944000449158,Max Odenplan,drone,drone_1,5
1770,59.314003341206394,18.065521998701055,Max Södermalm,drone,drone_14,5
1771,59.31212022747433,18.08023117845257,Max Södermalm,drone,drone_11,5
1772,59.3484458100567,18.040516194182047,Max Karolinska,drone,drone_1,5
1773,59.31618326591338,18.06493284032164,Max Södermalm,drone,drone_9,5
1774,59.33352244571758,18.014306017881236,Max Kungsholmen,moped,moped_1,5
1775,59.34154443640459,18.103957160929266,Max Hamngatan,moped,moped_34,5
1776,59.31300507897902,18.06819286251671,Max Södermalm,drone,drone_12,5
1777,59.356816805913176,18.0899233354391,Max Odenplan,drone,drone_5,6
1778,59.3313459988502,18.016867623744975,Max Kungsholmen,moped,moped_8,5
1779,59.34026618178736,18.111754668727016,Max Hamngatan,moped,moped_34,5
1780,59.342390428889075,18.03128420199772,Max Karolinska,moped,moped_1,5
1781,59.34551149115511,18.09579567435715,Max Hamngatan,moped,moped_7,5
1782,59.31889936064373,18.08217580502317,Max Södermalm,moped,moped_2,5
1783,59.34908746281699,18.08589159841782,Max Hamngatan,moped,moped_33,5
1784,59.352008376741296,18.097086768172264,Max Hamngatan,moped,moped_30,5
1785,59.32987182258935,18.07324942537791,Max Hamngatan,moped,moped_2,5
1786,59.305841005143215,18.067012032677248,Max Södermalm,drone,drone_6,5
1787,59.33401360011421,18.000032790372128,Max Kungsholmen,moped,moped_10,5
1788,59.35659395882411,18.084789919461187,Max Odenplan,moped,moped_6,6
1789,59.32967129633321,18.00991355015795,Max Kungsholmen,moped,moped_13,5
1790,59.31604455821754,18.09046839074705,Max Södermalm,drone,drone_8,5
1791,59.34970929547406,18.043424372264287,Max Karolinska,drone,drone_1,5
1792,59.312395050228574,18.087896667538132,Max Södermalm,drone,drone_10,5
1793,59.319894607231625,18.078782159459337,Max Södermalm,drone,drone_10,5
1794,59.33545983075074,18.0376190993504,Max Kungsholmen,moped,moped_4,5
1795,59.33764706043872,17.99992984091821,Max Kungsholmen,moped,moped_25,5
1796,59.307874850656866,18.08095284814293,Max Södermalm,drone,drone_3,5
1797,59.35283949163863,18.08812888208364,Max Odenplan,moped,moped_2,6
1798,59.3307702919029,18.04692404908153,Max Kungsholmen,moped,moped_17,5
1799,59.30709291472525,18.073497803555224,Max Södermalm,drone,drone_11,5
1800,59.334522920003,17.998021620875154,Max Kungsholmen,moped,moped_6,5
1801,59.33437162583409,18.05629068545663,Max Hötorget,moped,moped_7,5
1802,59.334506467377025,18.03463982728866,Max Kungsholmen,moped,moped_1,5
1803,59.34821841338521,18.060498833128,Max Odenplan,moped,moped_5,6
1804,59.35361989587841,18.103043038013062,Max Hamngatan,moped,moped_34,5
1805,59.343330330119166,18.107092410408107,Max Hamngatan,moped,moped_18,6
1806,59.33022172034457,18.05686633484483,Max Hötorget,moped,moped_10,5
1807,59.33106776776472,18.04014176509212,Max Kungsholmen,moped,moped_23,5
1808,59.333673680986855,18.084301636474667,Max Hamngatan,moped,moped_33,6
1809,59.34069202280117,18.090743743059228,Max Hamngatan,moped,moped_11,6
1810,59.30730317355139,18.079694565978674,Max Södermalm,moped,moped_2,5
1811,59.352765573898424,18.103950129245852,Max Hamngatan,moped,moped_36,6
1812,59.31778414085534,18.085473586899955,Max Södermalm,drone,drone_10,5
1813,59.33821830530682,18.05948303876856,Max Hötorget,moped,moped_9,5
1814,59.333520689257114,18.08105802057698,Max Hamngatan,moped,moped_34,6
1815,59.31824573515359,18.055243029314603,Max Södermalm,drone,drone_9,5
1816,59.31106029199959,18.055405074463273,Max Södermalm,moped,moped_2,5
1817,59.336666387422966,18.02830540999418,Max Kungsholmen,moped,moped_11,5
1818,59.344523697382975,18.078104443672594,Max Hamngatan,moped,moped_16,6
1819,59.33202060672583,18.003348297251314,Max Kungsholmen,moped,moped_22,5
1820,59.34533821988492,18.04071244438312,Max Karolinska,drone,drone_1,5
1821,59.34105981542732,18.095609631645143,Max Hamngatan,moped,moped_22,6
1822,59.33175101624241,18.064918881355524,Max Hamngatan,moped,moped_3,6
1823,59.31282660267677,18.08943201445646,Max Södermalm,drone,drone_6,5
1824,59.341790464597366,18.03833713499788,Max Karolinska,drone,drone_1,6
1825,59.33543986776606,18.063628712215447,Max Hötorget,moped,moped_7,6
1826,59.31368407996676,18.09340704396836,Max Södermalm,moped,moped_3,5
1827,59.334111378155576,18.019792313449106,Max Kungsholmen,moped,moped_12,6
1828,59.316749993377584,18.03251277879397,Max Kungsholmen,moped,moped_3,6
1829,59.33191038931443,17.996528261144437,Max Kungsholmen,moped,moped_17,6
1830,59.31758081494443,18.032290751453484,Max Kungsholmen,moped,moped_21,6
1831,59.32513879931803,18.072877931796988,Max Hamngatan,moped,moped_24,6
1832,59.33052020050256,18.05749210071458,Max Hötorget,moped,moped_4,6
1833,59.34071865242593,18.05015108862008,Max Odenplan,moped,moped_5,6
1834,59.30920487025814,18.061172396799375,Max Södermalm,drone,drone_6,5
1835,59.34082856498533,18.074908194137716,Max Hamngatan,moped,moped_17,6
1836,59.32616935427548,18.075219524908736,Max Hamngatan,moped,moped_25,6
1837,59.33419598545652,18.066115483737228,Max Hötorget,moped,moped_8,6
1838,59.31407262680779,18.04147307726335,Max Södermalm,drone,drone_8,5
1839,59.32850988762587,18.04241518293378,Max Kungsholmen,moped,moped_23,6
1840,59.3345366070544,18.0948972309695,Max Hamngatan,moped,moped_17,6
1841,59.33039205026147,18.022087965547264,Max Kungsholmen,moped,moped_20,6
1842,59.319888754878306,18.054227638491177,Max Södermalm,moped,moped_3,5
1843,59.334078008373034,18.061663650347736,Max Hötorget,moped,moped_4,6
1844,59.356903162675025,18.088312391475263,Max Odenplan,moped,moped_3,6
1845,59.31961078941625,18.07482042413469,Max Södermalm,drone,drone_2,5
1846,59.314225376284625,18.042287654340985,Max Södermalm,moped,moped_4,5
1847,59.33933076641253,18.00566590472117,Max Kungsholmen,moped,moped_7,6
1848,59.34069022075146,18.106833754118256,Max Hamngatan,moped,moped_15,6
1849,59.340321647732125,18.00757901039323,Max Kungsholmen,moped,moped_14,6
1850,59.31817552385268,18.032219597251604,Max Kungsholmen,moped,moped_5,6
1851,59.342284942138704,18.04340219440741,Max Odenplan,drone,drone_2,6
1852,59.30766430778896,18.06067721630539,Max Södermalm,moped,moped_6,6
1853,59.32922982900627,18.014363608896144,Max Kungsholmen,moped,moped_15,6
1854,59.33309133039188,18.064178364851173,Max Hötorget,moped,moped_1,6
1855,59.31528164748495,18.032895976617716,Max Kungsholmen,moped,moped_24,6
1856,59.34674077299166,18.03576262822653,Max Karolinska,drone,drone_1,6
1857,59.32088934159492,18.06289934387106,Max Södermalm,drone,drone_4,6
1858,59.34562000963459,18.08353086055681,Max Hamngatan,moped,moped_31,6
1859,59.33178842245293,18.010528303200772,Max Kungsholmen,moped,moped_9,6
1860,59.340584924064345,18.083503474003635,Max Hamngatan,moped,moped_19,6
1861,59.31643738255354,18.047206802980643,Max Södermalm,drone,drone_14,6
1862,59.33220750658958,18.02567284055089,Max Kungsholmen,moped,moped_19,6
1863,59.33145080747447,18.088431440714793,Max Hamngatan,moped,moped_36,6
1864,59.342484186052154,18.07537303794664,Max Hötorget,moped,moped_1,6
1865,59.35426583093426,18.08318460907046,Max Odenplan,moped,moped_1,6
1866,59.31120644209358,18.07362288298472,Max Södermalm,drone,drone_13,6
1867,59.33880172684076,18.09946520357293,Max Hamngatan,moped,moped_2,6
1868,59.30366088980727,18.07669765291356,Max Södermalm,drone,drone_6,6
1869,59.35745925722338,18.10109147350946,Max Hamngatan,moped,moped_9,6
1870,59.343617311994606,18.041444833825985,Max Odenplan,drone,drone_4,6
1871,59.30830047854428,18.05604217134685,Max Södermalm,drone,drone_7,6
1872,59.31604951583499,18.100550614800103,Max Södermalm,drone,drone_5,6
1873,59.33221673307585,18.00988993080309,Max Kungsholmen,moped,moped_2,6
1874,59.3316759123699,18.04519556615371,Max Kungsholmen,moped,moped_11,6
1875,59.33294279639107,18.077489141859672,Max Hamngatan,moped,moped_37,6
1876,59.3477982114261,18.050203158378093,Max Odenplan,drone,drone_1,6
1877,59.33929883457531,18.08592591427313,Max Hamngatan,moped,moped_10,6
1878,59.35293386063841,18.08116912791052,Max Odenplan,moped,moped_3,6
1879,59.315599744308145,18.09773199089346,Max Södermalm,moped,moped_1,6
1880,59.317407187436565,18.026176300837907,Max Kungsholmen,moped,moped_1,6
1881,59.31591238491095,18.029204332374295,Max Kungsholmen,moped,moped_16,6
1882,59.346516712664354,18.0764689803949,Max Hötorget,moped,moped_8,6
1883,59.344553952517906,18.107573444728757,Max Hamngatan,moped,moped_36,6
1884,59.33382948276421,18.09679125795123,Max Hamngatan,moped,moped_29,6
1885,59.33966424257013,18.09937458780214,Max Hamngatan,moped,moped_7,6
1886,59.338348606891856,18.103222830740723,Max Hamngatan,moped,moped_30,6
1887,59.33462703335216,18.04254714865168,Max Kungsholmen,moped,moped_8,6
1888,59.33951854484078,18.013345096785756,Max Kungsholmen,moped,moped_7,6
1889,59.3192443516857,18.029167928211884,Max Kungsholmen,moped,moped_3,6
1890,59.32032665575249,18.052001694487796,Max Södermalm,moped,moped_4,6
1891,59.33828345090077,18.019683917994335,Max Kungsholmen,moped,moped_15,6
1892,59.3191745316409,18.059642106276133,Max Södermalm,moped,moped_2,6
1893,59.34428104652275,18.108444655342073,Max Hamngatan,moped,moped_1,6
1894,59.32036386575425,18.052378931708137,Max Södermalm,drone,drone_3,6
1895,59.33195630167026,18.05519099482654,Max Hötorget,moped,moped_9,6
1896,59.31807613793032,18.050711544563757,Max Södermalm,moped,moped_1,6
1897,59.337573185053365,18.016908304645085,Max Kungsholmen,moped,moped_5,6
1898,59.31640120925854,18.024311679263295,Max Kungsholmen,moped,moped_21,6
1899,59.33842810523508,18.010909343671507,Max Kungsholmen,moped,moped_12,6
1900,59.328744530789656,18.021638868015124,Max Kungsholmen,moped,moped_23,6
1901,59.33456469242341,18.07129302596356,Max Hamngatan,moped,moped_25,6
1902,59.33000831450383,18.058244283993613,Max Hötorget,moped,moped_9,6
1903,59.3339133247162,18.01923034673381,Max Kungsholmen,moped,moped_21,6
1904,59.31454482688659,18.04877685609739,Max Södermalm,moped,moped_4,6
1905,59.33012475252262,18.00733533223253,Max Kungsholmen,moped,moped_22,6
1906,59.32409079651042,18.073264911411577,Max Södermalm,moped,moped_1,6
1907,59.33859219518166,18.015222770252972,Max Kungsholmen,moped,moped_20,6
1908,59.33294614462167,18.07532647933599,Max Hamngatan,moped,moped_23,6
1909,59.31438339080336,18.05917969055868,Max Södermalm,drone,drone_11,6
1910,59.328725753214194,18.02239158063841,Max Kungsholmen,moped,moped_17,6
1911,59.33518573803872,18.04375266079571,Max Kungsholmen,moped,moped_13,6
1912,59.34963712644665,18.06892326828232,Max Odenplan,moped,moped_5,6
1913,59.34068586899906,18.06367835069844,Max Hötorget,moped,moped_5,6
1914,59.34191210430867,18.115661250174327,Max Hamngatan,moped,moped_1,6
1915,59.32914738301681,18.032360969224577,Max Kungsholmen,moped,moped_24,6
1916,59.342534156394336,18.075473236702777,Max Hötorget,moped,moped_2,6
1917,59.33867485095468,18.089970978941828,Max Hamngatan,moped,moped_13,6
1918,59.350344962241735,18.084252574559923,Max Hamngatan,moped,moped_32,6
1919,59.31278431914978,18.060904278678468,Max Södermalm,drone,drone_1,6
1920,59.330128532441144,18.04187819950885,Max Kungsholmen,moped,moped_24,6
1921,59.330636547652055,18.03825980245611,Max Kungsholmen,moped,moped_24,6
1922,59.3106423177732,18.083120394972045,Max Södermalm,drone,drone_13,6
1923,59.34502148068493,18.043781948390546,Max Odenplan,moped,moped_3,6
1924,59.35217344888103,18.10402400389439,Max Hamngatan,moped,moped_7,6
1925,59.350950539246426,18.092737662212997,Max Hamngatan,moped,moped_21,6
1926,59.316160273208475,18.07664296510758,Max Södermalm,drone,drone_10,6
1927,59.342941016773786,18.054178614338323,Max Odenplan,moped,moped_2,6
1928,59.35369996296433,18.10426317473115,Max Hamngatan,moped,moped_37,6
1929,59.315969090966334,18.07208580887658,Max Södermalm,moped,moped_2,6
1930,59.31363448502428,18.035908734168437,Max Södermalm,moped,moped_5,6
1931,59.31326629591287,18.075786061490607,Max Södermalm,drone,drone_10,6
1932,59.3297766799948,18.059269625853982,Max Hötorget,moped,moped_9,6
1933,59.33369826630989,18.00920664713026,Max Kungsholmen,unassigned,unassigned,
1934,59.30511313817739,18.074227719880188,Max Södermalm,drone,drone_2,6
1935,59.35007482449785,18.08598797929186,Max Hamngatan,moped,moped_38,6
1936,59.35018004627443,18.093338639942555,Max Hamngatan,moped,moped_28,6
1937,59.33490860792915,18.043408605193807,Max Kungsholmen,moped,moped_22,6
1938,59.35563556351175,18.09410745683581,Max Hamngatan,moped,moped_26,6
1939,59.339964612867064,18.063716530322857,Max Hötorget,moped,moped_7,6
1940,59.3117425921485,18.04529002812771,Max Södermalm,moped,moped_6,6
1941,59.35089238737896,18.04622813733415,Max Karolinska,moped,moped_1,6
1942,59.31444638549174,18.088145901617604,Max Södermalm,drone,drone_12,6
1943,59.30806623938976,18.08029340049662,Max Södermalm,drone,drone_2,6
1944,59.34784352809551,18.1016824071691,Max Hamngatan,moped,moped_13,6
1945,59.3401065448997,18.108980300834713,Max Hamngatan,moped,moped_19,6
1946,59.3352746011321,18.031446065819143,Max Kungsholmen,moped,moped_10,6
1947,59.315918678171286,18.03960716641867,Max Södermalm,moped,moped_5,6
1948,59.33297913731269,18.0810917728553,Max Hamngatan,moped,moped_27,6
1949,59.30934816181637,18.095734478787367,Max Södermalm,moped,moped_6,6
1950,59.32903198266474,18.061347054108115,Max Hötorget,moped,moped_6,6
1951,59.32419354340924,18.07529324941195,Max Södermalm,moped,moped_4,6
1952,59.355945670938254,18.0938536853493,Max Odenplan,moped,moped_5,6
1953,59.31401296276538,18.058541841235854,Max Södermalm,drone,drone_7,6
1954,59.307177022021904,18.064887660582276,Max Södermalm,drone,drone_9,6
1955,59.31801663906346,18.02327690109513,Max Kungsholmen,moped,moped_13,6
1956,59.34629004062982,18.04220520137238,Max Karolinska,drone,drone_1,6
1957,59.3193887203735,18.07265016125236,Max Södermalm,moped,moped_3,6
1958,59.33826927205693,18.00349580774759,Max Kungsholmen,moped,moped_9,6
1959,59.34195579782127,18.07085392107848,Max Hötorget,moped,moped_8,6
1960,59.34702938565569,18.04543166184024,Max Odenplan,drone,drone_3,6
1961,59.33271151586858,18.048080769015364,Max Hötorget,moped,moped_5,6
1962,59.34781642841481,18.08225245638309,Max Hamngatan,moped,moped_37,6
1963,59.35038419963449,18.051946212044747,Max Odenplan,moped,moped_1,6
1964,59.313722116418866,18.069906974482517,Max Södermalm,drone,drone_11,6
1965,59.342337729439066,18.043815095364568,Max Odenplan,drone,drone_5,6
1966,59.346341440861366,18.058231317224948,Max Odenplan,drone,drone_1,6
1967,59.33766400240015,18.013670862384114,Max Kungsholmen,moped,moped_8,6
1968,59.342235276588646,18.046759678218432,Max Odenplan,drone,drone_1,6
1969,59.34851857371715,18.109980833055182,Max Hamngatan,moped,moped_27,6
1970,59.354044944193554,18.10178655237563,Max Hamngatan,moped,moped_35,6
1971,59.35008864569874,18.07067295652568,Max Odenplan,drone,drone_3,6
1972,59.334219377497895,18.056242644633286,Max Hötorget,moped,moped_6,6
1973,59.34776404315313,18.042426576950323,Max Karolinska,drone,drone_1,6
1974,59.359606631991845,18.096407753870107,Max Odenplan,moped,moped_4,6
1975,59.34917985991685,18.04266277124429,Max Karolinska,drone,drone_1,6
1976,59.330321439471795,18.00053209720287,Max Kungsholmen,moped,moped_10,6
1977,59.30983396020723,18.063376741379997,Max Södermalm,drone,drone_13,6
1978,59.353747352876105,18.104251460917773,Max Hamngatan,moped,moped_29,6
1979,59.3450716110286,18.10580979222749,Max Hamngatan,moped,moped_14,6
1980,59.33872564969949,18.09510408989386,Max Hamngatan,moped,moped_12,6
1981,59.343222809162654,18.030656568800055,Max Karolinska,drone,drone_1,6
1982,59.34504050965499,18.101022699790352,Max Hamngatan,moped,moped_10,6
1983,59.3159200854965,18.07533487001268,Max Södermalm,drone,drone_9,6
1984,59.307239990987334,18.063247450249133,Max Södermalm,drone,drone_14,6
1985,59.31457212980888,18.066187244551845,Max Södermalm,drone,drone_6,6
1986,59.33297187807853,18.02038105489661,Max Kungsholmen,moped,moped_23,6
1987,59.3367869429888,18.092489945342408,Max Hamngatan,moped,moped_8,6
1988,59.340087107573986,18.008211888786047,Max Kungsholmen,moped,moped_14,6
1989,59.3413782783584,18.047658359137312,Max Odenplan,drone,drone_1,6
1990,59.318901040365226,18.06138321765061,Max Södermalm,moped,moped_3,6
1991,59.33287060345517,18.027643345278804,Max Kungsholmen,moped,moped_18,6
1992,59.31528527667763,18.03609414964972,Max Kungsholmen,moped,moped_11,6
1993,59.33884353804535,18.079686030330613,Max Hamngatan,moped,moped_28,6
1994,59.31406320348712,18.086732925205258,Max Södermalm,drone,drone_9,6
1995,59.339938543075206,18.060332260081267,Max Hötorget,moped,moped_9,6
1996,59.332311992897125,18.032931907116893,Max Kungsholmen,moped,moped_4,6
1997,59.30997349885579,18.085599916930153,Max Södermalm,drone,drone_8,6
1998,59.31132495701336,18.064352822724903,Max Södermalm,drone,drone_5,6
1999,59.34025887080569,18.099731005879377,Max Hamngatan,moped,moped_37,6
2000,59.34805403576679,18.066028024610503,Max Odenplan,moped,moped_1,6
2001,59.339931692077585,18.117117639376836,Max Hamngatan,moped,moped_9,6
2002,59.30610814663251,18.078823268733313,Max Södermalm,drone,drone_3,6
2003,59.312284830816395,18.079406746666944,Max Södermalm,drone,drone_12,6
2004,59.344533721235074,18.11343621138603,Max Hamngatan,moped,moped_27,6
2005,59.31513977499174,18.033827478358404,Max Kungsholmen,moped,moped_23,6
2006,59.351588127001314,18.096365733693165,Max Hamngatan,moped,moped_35,6
2007,59.352902697910906,18.10180889122034,Max Hamngatan,moped,moped_36,6
2008,59.31810810819143,18.019783087416783,Max Kungsholmen,moped,moped_2,6
2009,59.31285597099815,18.06688308269663,Max Södermalm,moped,moped_1,6
2010,59.348007071229354,18.10042802076542,Max Hamngatan,moped,moped_14,6
2011,59.35593410470602,18.098430865705016,Max Hamngatan,moped,moped_3,6
2012,59.30635047093233,18.065262349430604,Max Södermalm,drone,drone_11,6
2013,59.34525172934335,18.054083641869813,Max Odenplan,drone,drone_2,6
2014,59.34590617146614,18.102866570472244,Max Hamngatan,moped,moped_11,6
2015,59.33344108621695,18.02606855049602,Max Kungsholmen,moped,moped_20,6
2016,59.32974659109342,18.001609353587234,Max Kungsholmen,moped,moped_22,6
2017,59.34231298664147,18.11347071669329,Max Hamngatan,moped,moped_26,6
2018,59.33478966945805,18.07374679400927,Max Hamngatan,moped,moped_30,6
2019,59.34849337780813,18.08821389164423,Max Hamngatan,moped,moped_5,6
2020,59.316960299826235,18.088629608608,Max Södermalm,drone,drone_9,6
2021,59.31559026825072,18.067192170625656,Max Södermalm,drone,drone_6,6
2022,59.31130719213228,18.05778129113362,Max Södermalm,drone,drone_4,6
2023,59.31883757079825,18.039884028800817,Max Kungsholmen,moped,moped_19,6
2024,59.33126821577875,18.00689018699612,Max Kungsholmen,moped,moped_18,6
2025,59.33511646007184,18.077651283901123,Max Hamngatan,moped,moped_21,6
2026,59.3379292724048,18.01564843996691,Max Kungsholmen,moped,moped_24,6
2027,59.337904182407854,18.001409209766287,Max Kungsholmen,moped,moped_6,6
2028,59.34454810058912,18.089575456210017,Max Hamngatan,moped,moped_32,6
2029,59.31055702139147,18.057878487645624,Max Södermalm,moped,moped_1,6
2030,59.31172595338699,18.05176650004449,Max Södermalm,drone,drone_11,6
2031,59.32714743649946,18.06962058064524,Max Hamngatan,moped,moped_16,6
2032,59.30428170444316,18.07497916262364,Max Södermalm,drone,drone_1,6
2033,59.3290127978669,18.01510151586347,Max Kungsholmen,moped,moped_1,6
2034,59.3453683452824,18.069496993441973,Max Odenplan,drone,drone_2,6
2035,59.34749475490279,18.047434138361556,Max Odenplan,drone,drone_2,6
2036,59.30890663137878,18.0594147661488,Max Södermalm,drone,drone_3,6
2037,59.33140389167087,18.06783654882807,Max Hamngatan,moped,moped_34,6
2038,59.30878429993495,18.058784530123575,Max Södermalm,moped,moped_5,6
2039,59.30676332975357,18.086068543218605,Max Södermalm,drone,drone_5,6
2040,59.34322145660831,18.106451565390756,Max Hamngatan,moped,moped_4,6
2041,59.31713755342862,18.050354625676892,Max Södermalm,moped,moped_2,6
2042,59.350505382403355,18.05172171050068,Max Odenplan,moped,moped_1,6
2043,59.34265216810583,18.09950739122071,Max Hamngatan,moped,moped_35,6
2044,59.341809913378896,18.113501928023556,Max Hamngatan,moped,moped_31,6
2045,59.3457820714054,18.035487911672693,Max Karolinska,drone,drone_1,6
2046,59.34675668758278,18.10246749707156,Max Hamngatan,moped,moped_22,6
2047,59.31119426223438,18.06227973394963,Max Södermalm,drone,drone_8,6
2048,59.33072322570609,18.033179214448932,Max Kungsholmen,moped,moped_4,6
2049,59.350184561054824,18.086858101741036,Max Hamngatan,moped,moped_24,6
2050,59.34668364634101,18.096997413988564,Max Hamngatan,moped,moped_15,6
2051,59.34658129729038,18.1001805936778,Max Hamngatan,moped,moped_6,6
2052,59.31860718345077,18.087698782639087,Max Södermalm,moped,moped_6,6
2053,59.31348423518473,18.074196355558684,Max Södermalm,drone,drone_8,6
2054,59.350096343323735,18.042578924342425,Max Karolinska,moped,moped_1,6
2055,59.33587692548226,18.005438817687697,Max Kungsholmen,moped,moped_16,6
2056,59.34107366808509,18.04859358093139,Max Odenplan,drone,drone_1,6
2057,59.34346979160259,18.072039796739652,Max Hötorget,moped,moped_7,6
2058,59.31933717644413,18.06202437523824,Max Södermalm,drone,drone_4,6
2059,59.34347812508659,18.07659827427006,Max Hötorget,moped,moped_5,6
2060,59.31027515514921,18.097462070135094,Max Södermalm,drone,drone_10,6
2061,59.33980627666176,18.102903285095156,Max Hamngatan,moped,moped_33,6
2062,59.3470392682359,18.069960405578826,Max Odenplan,drone,drone_4,6
2063,59.33002137210648,17.999596225129345,Max Kungsholmen,moped,moped_6,6
2064,59.33140962290999,18.04919882440183,Max Hötorget,moped,moped_1,6
2065,59.34906765486698,18.088551013869477,Max Hamngatan,moped,moped_2,6
2066,59.331961709386974,18.081268935126943,Max Hamngatan,moped,moped_4,6
2067,59.32794556479189,18.018539202721108,Max Kungsholmen,moped,moped_19,7
2068,59.33707676379493,18.05864995206995,Max Hötorget,moped,moped_2,6
2069,59.31401570387524,18.088248451537854,Max Södermalm,drone,drone_7,6
2070,59.34705608209603,18.035939534759976,Max Karolinska,drone,drone_1,7
2071,59.34715699544002,18.084893332589672,Max Hamngatan,moped,moped_6,6
2072,59.33290304585352,18.005584833355197,Max Kungsholmen,moped,moped_2,7
2073,59.310131183295695,18.06095256503341,Max Södermalm,drone,drone_4,6
2074,59.34769357557961,18.094164629834903,Max Hamngatan,moped,moped_8,6
2075,59.31778656205832,18.055271593210097,Max Södermalm,drone,drone_13,6
2076,59.3256315190121,18.075252392475768,Max Hamngatan,moped,moped_33,6
2077,59.313305587527275,18.10126335823939,Max Södermalm,moped,moped_2,6
2078,59.317128172072195,18.069188496782548,Max Södermalm,drone,drone_3,6
2079,59.34853399129308,18.08227109820182,Max Hamngatan,moped,moped_5,6
2080,59.31576437930008,18.08052095098538,Max Södermalm,moped,moped_5,6
2081,59.3457579500072,18.045437829400413,Max Odenplan,drone,drone_1,6
2082,59.32882601313725,18.007055151704165,Max Kungsholmen,moped,moped_2,7
2083,59.32772890756272,18.046034530230862,Max Kungsholmen,moped,moped_20,7
2084,59.3184501800333,18.051273131130788,Max Södermalm,drone,drone_14,6
2085,59.33687343121647,18.050729913819257,Max Odenplan,moped,moped_1,6
2086,59.3465132641983,18.04210460328292,Max Karolinska,drone,drone_1,7
2087,59.31771474389205,18.061744150094015,Max Södermalm,drone,drone_12,6
2088,59.35024634338677,18.097680119808572,Max Hamngatan,moped,moped_18,6
2089,59.34369356559119,18.06486789037745,Max Odenplan,moped,moped_4,6
2090,59.3484968895191,18.082489760462806,Max Hamngatan,moped,moped_25,6
2091,59.33800129157097,18.08960096051586,Max Hamngatan,moped,moped_20,6
2092,59.33665795822358,18.046916435928868,Max Odenplan,moped,moped_4,6
2093,59.35984167623138,18.094884655495388,Max Odenplan,moped,moped_1,6
2094,59.313291468223746,18.087466996076856,Max Södermalm,drone,drone_7,6
2095,59.33394516425173,18.067846972478502,Max Hamngatan,moped,moped_23,6
2096,59.31731727159111,18.07234985713781,Max Södermalm,drone,drone_9,6
2097,59.34066988686323,18.09812472967268,Max Hamngatan,moped,moped_23,6
2098,59.31392656591702,18.071337398989986,Max Södermalm,drone,drone_11,6
2099,59.33787050037736,18.071234277504843,Max Hamngatan,moped,moped_28,6
2100,59.34603577204335,18.11270707964015,Max Hamngatan,moped,moped_12,6
2101,59.31038456375953,18.08598659915161,Max Södermalm,drone,drone_1,6
2102,59.34782847672025,18.099147204081643,Max Hamngatan,moped,moped_20,6
2103,59.33634419787718,18.06803769352041,Max Hötorget,moped,moped_9,6
2104,59.35045444864685,18.059359991754448,Max Odenplan,drone,drone_5,6
2105,59.31188334240357,18.058138840914467,Max Södermalm,moped,moped_3,6
2106,59.31769213639046,18.085551549283633,Max Södermalm,drone,drone_8,6
2107,59.331539814638994,18.020385033324633,Max Kungsholmen,moped,moped_19,7
2108,59.335794928043654,17.99803433907827,Max Kungsholmen,moped,moped_20,7
2109,59.33336341244311,18.07174192127618,Max Hamngatan,moped,moped_2,7
2110,59.33467749531665,18.064307911577295,Max Hötorget,moped,moped_9,6
2111,59.350990131708144,18.072086358126555,Max Odenplan,drone,drone_4,6
2112,59.35303032016764,18.101483731662736,Max Hamngatan,moped,moped_27,7
2113,59.35025993966318,18.046927750545816,Max Karolinska,moped,moped_1,7
2114,59.340167333822166,18.040318487475115,Max Odenplan,moped,moped_6,6
2115,59.333513800714165,18.076999280957864,Max Hamngatan,moped,moped_12,7
2116,59.318991157728874,18.074639393417364,Max Södermalm,drone,drone_2,6
2117,59.3160294911509,18.044945479638347,Max Södermalm,drone,drone_10,6
2118,59.30782608546196,18.084671491652408,Max Södermalm,moped,moped_4,6
2119,59.343952585203176,18.08692491629064,Max Hamngatan,moped,moped_19,7
2120,59.34280875005094,18.102248130694175,Max Hamngatan,moped,moped_17,7
2121,59.3109147736447,18.06511950212492,Max Södermalm,drone,drone_8,6
2122,59.31122556220869,18.051312453471716,Max Södermalm,drone,drone_6,6
2123,59.331989392596626,18.0101320279203,Max Kungsholmen,moped,moped_20,7
2124,59.31468713090727,18.096066674142207,Max Södermalm,drone,drone_2,6
2125,59.33344347264251,18.031393762229705,Max Kungsholmen,moped,moped_5,7
2126,59.32060953011571,18.072901529043616,Max Södermalm,drone,drone_9,6
2127,59.34561649445796,18.079747473346472,Max Hamngatan,moped,moped_21,7
2128,59.31015855468123,18.05840051114623,Max Södermalm,moped,moped_3,6
2129,59.34639811202799,18.04567033073139,Max Odenplan,drone,drone_3,6
2130,59.33332855308605,18.098442861031984,Max Hamngatan,moped,moped_2,7
2131,59.34729529913107,18.04943930931966,Max Odenplan,drone,drone_1,6
2132,59.334479086167185,18.08263149381798,Max Hamngatan,moped,moped_1,7
2133,59.31440896485809,18.073603141507174,Max Södermalm,drone,drone_5,6
2134,59.30862087780982,18.07650080500806,Max Södermalm,moped,moped_4,6
2135,59.316210453790646,18.08432916666385,Max Södermalm,drone,drone_1,6
2136,59.34509265795611,18.067442383865163,Max Odenplan,drone,drone_2,6
2137,59.33806554784952,18.09365413487212,Max Hamngatan,moped,moped_26,7
2138,59.33323899160269,17.997563425856274,Max Kungsholmen,moped,moped_8,7
2139,59.33985152245222,18.059226030090898,Max Hötorget,moped,moped_3,6
2140,59.340813110210725,18.06154179464964,Max Hötorget,moped,moped_3,6
2141,59.3346604100278,18.072683856286897,Max Hamngatan,moped,moped_16,7
2142,59.33875948583496,18.021341628621222,Max Kungsholmen,moped,moped_19,7
2143,59.316500917116336,18.02445573094652,Max Kungsholmen,moped,moped_12,7
2144,59.336132563210256,18.02298440304564,Max Kungsholmen,moped,moped_8,7
2145,59.32913687977018,18.059031241522707,Max Hötorget,moped,moped_7,7
2146,59.338950729244395,18.007086030773984,Max Kungsholmen,moped,moped_9,7
2147,59.325758933467064,18.075862166226106,Max Hamngatan,moped,moped_8,7
2148,59.34821130675161,18.07255527446858,Max Odenplan,drone,drone_6,7
2149,59.3453518626574,18.091780234185673,Max Hamngatan,moped,moped_24,7
2150,59.31915745800573,18.042301455179555,Max Kungsholmen,moped,moped_17,7
2151,59.35045887950873,18.10067109205295,Max Hamngatan,moped,moped_9,7
2152,59.337891893331474,18.07568013662776,Max Hamngatan,moped,moped_13,7
2153,59.33235748112533,18.073909318823496,Max Hamngatan,moped,moped_3,7
2154,59.32995195214675,18.00302298569747,Max Kungsholmen,moped,moped_6,7
2155,59.34453211975708,18.057524997071212,Max Odenplan,drone,drone_3,7
2156,59.34185773594084,18.03766460026627,Max Karolinska,drone,drone_1,7
2157,59.32617401582548,18.06728144287569,Max Hamngatan,moped,moped_24,7
2158,59.319385195224,18.075298098341012,Max Södermalm,drone,drone_12,7
2159,59.3306501428395,18.005736814284848,Max Kungsholmen,moped,moped_10,7
2160,59.33854125824062,18.067420668494904,Max Hötorget,moped,moped_1,7
2161,59.35955070023573,18.098273862603488,Max Odenplan,moped,moped_1,7
2162,59.33855101984141,18.06751166719436,Max Hötorget,moped,moped_7,7
2163,59.31041344471728,18.082492083725796,Max Södermalm,moped,moped_6,7
2164,59.34446543513792,18.064555610951167,Max Odenplan,drone,drone_6,7
2165,59.34287226561412,18.112541691872693,Max Hamngatan,moped,moped_9,7
2166,59.338976073650464,18.01349287487447,Max Kungsholmen,unassigned,unassigned,
2167,59.34922927873955,18.092976087573724,Max Hamngatan,moped,moped_18,7
2168,59.34620382941182,18.063861024496106,Max Odenplan,moped,moped_4,7
2169,59.344466667185664,18.05417917329448,Max Odenplan,drone,drone_2,7
2170,59.31233397739625,18.080447174755385,Max Södermalm,drone,drone_8,7
2171,59.33432180342818,18.00915177942484,Max Kungsholmen,moped,moped_20,7
2172,59.310999710975146,18.06741223493226,Max Södermalm,drone,drone_12,7
2173,59.345060762744055,18.044825423340072,Max Odenplan,drone,drone_2,7
2174,59.314836670496376,18.10252465000912,Max Södermalm,drone,drone_12,7
2175,59.340074510492585,18.113630666654775,Max Hamngatan,moped,moped_24,7
2176,59.350725085143566,18.082241742084673,Max Odenplan,drone,drone_3,7
2177,59.30681851645023,18.07127191412889,Max Södermalm,drone,drone_7,7
2178,59.33169154203503,18.065403340756724,Max Hamngatan,moped,moped_23,7
2179,59.34215879676029,18.11414109583725,Max Hamngatan,moped,moped_23,7
2180,59.30786730341008,18.089872611027015,Max Södermalm,moped,moped_6,7
2181,59.317095440262214,18.0218868841958,Max Kungsholmen,moped,moped_20,7
2182,59.35046508827448,18.062611734391936,Max Odenplan,drone,drone_3,7
2183,59.33929110905058,18.08840034251871,Max Hamngatan,moped,moped_7,7
2184,59.34999390406482,18.10500613345627,Max Hamngatan,moped,moped_10,7
2185,59.313557123495904,18.101646987431568,Max Södermalm,moped,moped_3,7
2186,59.34324245955463,18.07802560148176,Max Hamngatan,moped,moped_19,7
2187,59.314548613178175,18.085009241585656,Max Södermalm,moped,moped_5,7
2188,59.33652474540859,18.05000999694029,Max Odenplan,moped,moped_2,7
2189,59.31592656288187,18.105770568275855,Max Södermalm,drone,drone_2,7
2190,59.34669609941254,18.044141060308124,Max Odenplan,drone,drone_1,7
2191,59.32817742535504,18.025739693568887,Max Kungsholmen,moped,moped_17,7
2192,59.31135317698446,18.074721839151653,Max Södermalm,drone,drone_2,7
2193,59.33479030043483,18.06212556367861,Max Hötorget,moped,moped_8,7
2194,59.31102712801261,18.088899235111565,Max Södermalm,moped,moped_2,7
2195,59.309307600072835,18.06476884980818,Max Södermalm,drone,drone_3,7
2196,59.33615029752584,18.02758506337072,Max Kungsholmen,moped,moped_5,7
2197,59.32954387514621,18.03599734234581,Max Kungsholmen,moped,moped_17,7
2198,59.33855032004439,18.0064361530119,Max Kungsholmen,moped,moped_6,7
2199,59.338866089675165,18.097430036708328,Max Hamngatan,moped,moped_20,7
2200,59.30470426106016,18.073761887291173,Max Södermalm,drone,drone_1,7
2201,59.30621501972827,18.075712632805224,Max Södermalm,moped,moped_6,7
2202,59.34279237077669,18.03394922136167,Max Karolinska,drone,drone_1,7
2203,59.3450051028779,18.063379340296617,Max Odenplan,moped,moped_3,7
2204,59.31231376399534,18.074647920384425,Max Södermalm,drone,drone_9,7
2205,59.35034061865615,18.090735825287,Max Hamngatan,moped,moped_7,7
2206,59.33799218635091,18.084157167819505,Max Hamngatan,moped,moped_8,7
2207,59.33089560842471,18.02017133552499,Max Kungsholmen,moped,moped_15,7
2208,59.31209983211587,18.078346305835364,Max Södermalm,drone,drone_6,7
2209,59.34195236871622,18.088292418938153,Max Hamngatan,moped,moped_1,7
2210,59.34677168344318,18.071747328181317,Max Odenplan,moped,moped_2,7
2211,59.34046620857774,18.034804875785134,Max Karolinska,drone,drone_1,7
2212,59.35066615276598,18.04921252333219,Max Odenplan,drone,drone_6,7
2213,59.337763535183065,18.076387461642444,Max Hamngatan,moped,moped_22,7
2214,59.325500951820125,18.072393816756485,Max Hamngatan,moped,moped_27,7
2215,59.31396709648075,18.049896602529454,Max Södermalm,drone,drone_13,7
2216,59.35541694871946,18.095149267634685,Max Hamngatan,moped,moped_25,7
2217,59.31964829791157,18.055203566250565,Max Södermalm,moped,moped_2,7
2218,59.341920772631376,18.09270374296009,Max Hamngatan,moped,moped_20,7
2219,59.32069898702052,18.050442534671287,Max Södermalm,drone,drone_2,7
2220,59.33766024665661,18.09520367678277,Max Hamngatan,moped,moped_22,7
2221,59.339782467482294,18.068148338233662,Max Hötorget,moped,moped_7,7
2222,59.31432993410327,18.070149725576947,Max Södermalm,drone,drone_6,7
2223,59.35647190319469,18.094695488305565,Max Odenplan,moped,moped_4,7
2224,59.33393984623255,18.00126302616455,Max Kungsholmen,moped,moped_9,7
2225,59.320831608992286,18.07388413246848,Max Södermalm,moped,moped_3,7
2226,59.320367338496446,18.078504390344648,Max Södermalm,drone,drone_11,7
2227,59.33565728919151,18.059881854442615,Max Hötorget,unassigned,unassigned,
2228,59.348299267425,18.091067646213304,Max Hamngatan,moped,moped_13,7
2229,59.350114355244024,18.055221625289388,Max Odenplan,drone,drone_2,7
2230,59.33076600897701,18.04866234706001,Max Hötorget,moped,moped_5,7
2231,59.32424052391227,18.071316289170483,Max Södermalm,moped,moped_1,7
2232,59.31354625543734,18.0365629233788,Max Södermalm,drone,drone_5,7
2233,59.31262239256595,18.040178024055173,Max Södermalm,drone,drone_14,7
2234,59.34942843641602,18.083373542989506,Max Hamngatan,unassigned,unassigned,
2235,59.313580383470224,18.044515001211572,Max Södermalm,drone,drone_11,7
2236,59.343764099107815,18.044579845985375,Max Odenplan,moped,moped_4,7
2237,59.31850581440416,18.073593235018787,Max Södermalm,drone,drone_9,7
2238,59.34327022563884,18.070648695666303,Max Hötorget,moped,moped_8,7
2239,59.34214386744456,18.100567197535018,Max Hamngatan,moped,moped_18,7
2240,59.34746178957902,18.097960070663422,Max Hamngatan,moped,moped_20,7
2241,59.34031893201744,18.008230151803787,Max Kungsholmen,moped,moped_21,7
2242,59.30897839580672,18.058295433021502,Max Södermalm,moped,moped_6,7
2243,59.342480185351405,18.089060485412855,Max Hamngatan,moped,moped_26,7
2244,59.35919919041341,18.096025486173588,Max Odenplan,drone,drone_4,7
2245,59.34364890648174,18.068001643061,Max Odenplan,drone,drone_4,7
2246,59.3535815751026,18.097352991757848,Max Hamngatan,moped,moped_16,7
2247,59.30640862102245,18.08944758141514,Max Södermalm,moped,moped_3,7
2248,59.314406552571505,18.04763457246757,Max Södermalm,moped,moped_4,7
2249,59.31938647593978,18.03674985901676,Max Kungsholmen,moped,moped_18,7
2250,59.340156770061334,18.05036319929662,Max Odenplan,drone,drone_1,7
2251,59.31196884894208,18.04735830710645,Max Södermalm,drone,drone_4,7
2252,59.33373381867609,18.01285167488055,Max Kungsholmen,moped,moped_12,7
2253,59.3363160864159,18.091237985369407,Max Hamngatan,moped,moped_27,7
2254,59.316450712897186,18.09592154271987,Max Södermalm,moped,moped_4,7
2255,59.33983790610849,18.053707862290366,Max Odenplan,drone,drone_3,7
2256,59.31676165342115,18.03231541358088,Max Kungsholmen,moped,moped_7,7
2257,59.33683196546957,18.056727625894705,Max Hötorget,moped,moped_5,7
2258,59.30930248019878,18.066269310829068,Max Södermalm,drone,drone_3,7
2259,59.31708221405091,18.038280224636868,Max Kungsholmen,moped,moped_18,7
2260,59.33003626312652,18.074264489146245,Max Hamngatan,moped,moped_4,7
2261,59.3500779127418,18.104549034621527,Max Hamngatan,moped,moped_22,7
2262,59.31470723941332,18.055524732279817,Max Södermalm,moped,moped_5,7
2263,59.34633248562088,18.10309328452345,Max Hamngatan,moped,moped_26,7
2264,59.31598681564921,18.04670658122427,Max Södermalm,drone,drone_9,7
2265,59.344169874493055,18.08021735076308,Max Hamngatan,moped,moped_23,7
2266,59.310892549408194,18.08595375351152,Max Södermalm,drone,drone_7,7
2267,59.33382892260688,18.027445783885906,Max Kungsholmen,moped,moped_19,7
2268,59.33775035299422,18.019628445211392,Max Kungsholmen,moped,moped_18,7
2269,59.314846512461266,18.09141878844791,Max Södermalm,moped,moped_3,7
2270,59.33314247709895,18.029150037257477,Max Kungsholmen,moped,moped_16,7
2271,59.31640045897704,18.077962307581274,Max Södermalm,drone,drone_9,7
2272,59.31384393785068,18.05632812357428,Max Södermalm,drone,drone_1,7
2273,59.35266202062996,18.08363404927997,Max Odenplan,moped,moped_6,7
2274,59.34608510472183,18.06791769237381,Max Odenplan,drone,drone_2,7
2275,59.34009579255591,18.114964501036436,Max Hamngatan,moped,moped_3,7
2276,59.3353183345364,18.065135479904963,Max Hötorget,moped,moped_4,7
2277,59.31166985220756,18.086553645398205,Max Södermalm,moped,moped_5,7
2278,59.3052027948225,18.082468785108116,Max Södermalm,moped,moped_6,7
2279,59.32551625266535,18.07237263170031,Max Hamngatan,moped,moped_26,7
2280,59.34416440641176,18.09379599338024,Max Hamngatan,moped,moped_11,7
2281,59.336704750919885,18.068328037091245,Max Hötorget,moped,moped_6,7
2282,59.304069972828486,18.07469602168402,Max Södermalm,drone,drone_6,7
2283,59.33308000910238,18.00156959551826,Max Kungsholmen,moped,moped_4,7
2284,59.31823554625612,18.019455402371765,Max Kungsholmen,moped,moped_15,7
2285,59.31613338046632,18.099528184281013,Max Södermalm,moped,moped_6,7
2286,59.3440737083673,18.084573344092675,Max Hamngatan,moped,moped_18,7
2287,59.34493657676404,18.03434597382484,Max Karolinska,drone,drone_1,7
2288,59.310373212187365,18.049927580683967,Max Södermalm,drone,drone_3,7
2289,59.33927530658752,18.06600366168553,Max Hötorget,moped,moped_3,7
2290,59.31612916849364,18.088554896879632,Max Södermalm,drone,drone_7,7
2291,59.31654581991978,18.09098785378974,Max Södermalm,moped,moped_4,7
2292,59.3135970302117,18.049959605634857,Max Södermalm,drone,drone_5,7
2293,59.339754055510795,18.051082030501345,Max Odenplan,drone,drone_1,7
2294,59.31237965866701,18.04649597217806,Max Södermalm,moped,moped_4,7
2295,59.34469095482901,18.053971148945752,Max Odenplan,moped,moped_4,7
2296,59.30759756667195,18.075210851256223,Max Södermalm,drone,drone_14,7
2297,59.31537449454872,18.08285626931523,Max Södermalm,drone,drone_1,7
2298,59.32649319295541,18.02212284440354,Max Kungsholmen,moped,moped_13,7
2299,59.34878539149739,18.056798170035105,Max Odenplan,moped,moped_5,7
2300,59.33955615394138,18.101578598261764,Max Hamngatan,moped,moped_27,7
2301,59.33675873782873,18.087553766883985,Max Hamngatan,moped,moped_14,7
2302,59.31713314797155,18.092639139843588,Max Södermalm,moped,moped_2,7
2303,59.33640314680549,18.017089930766733,Max Kungsholmen,moped,moped_10,7
2304,59.30865184304067,18.079932601177916,Max Södermalm,moped,moped_3,7
2305,59.34905410314581,18.092633244108264,Max Hamngatan,moped,moped_25,7
2306,59.30609729632888,18.06963271460035,Max Södermalm,drone,drone_12,7
2307,59.34847128812763,18.05729359284513,Max Odenplan,drone,drone_5,7
2308,59.333276890814034,18.01434406923079,Max Kungsholmen,moped,moped_18,7
2309,59.309340712723994,18.05225362668331,Max Södermalm,drone,drone_8,7
2310,59.34545517509118,18.084162606110336,Max Hamngatan,moped,moped_6,7
2311,59.3183527117709,18.05094236428034,Max Södermalm,drone,drone_4,7
2312,59.35616429352803,18.09830734849471,Max Hamngatan,moped,moped_10,7
2313,59.32117009440732,18.052190942845765,Max Södermalm,drone,drone_6,7
2314,59.31949669322439,18.053415099296934,Max Södermalm,drone,drone_9,7
2315,59.338984991728,18.003199932122907,Max Kungsholmen,moped,moped_3,7
2316,59.349157079042705,18.100568390105497,Max Hamngatan,moped,moped_17,7
2317,59.34637470151272,18.08169712322084,Max Hamngatan,moped,moped_14,7
2318,59.31617143425615,18.07991863846405,Max Södermalm,moped,moped_2,7
2319,59.33534950655755,18.090962356190715,Max Hamngatan,moped,moped_15,7
2320,59.31232409783869,18.048272613676875,Max Södermalm,drone,drone_10,7
2321,59.33337696864448,18.026774965601497,Max Kungsholmen,moped,moped_17,7
2322,59.34177323733562,18.055571898169596,Max Odenplan,drone,drone_1,7
2323,59.33851258481378,18.050962176983735,Max Odenplan,drone,drone_1,7
2324,59.34582554435862,18.08484120494442,Max Hamngatan,moped,moped_5,7
2325,59.33444920510433,18.05314885828113,Max Hötorget,moped,moped_2,7
2326,59.334095815377,18.042613916164395,Max Kungsholmen,moped,moped_16,7
2327,59.32318722320566,18.07528428957846,Max Södermalm,moped,moped_5,7
2328,59.338305164652525,18.08637185867875,Max Hamngatan,moped,moped_4,7
2329,59.31154006188445,18.06397601927768,Max Södermalm,drone,drone_5,7
2330,59.34422194960715,18.10062254806596,Max Hamngatan,moped,moped_6,7
2331,59.33960438908833,18.090320943576092,Max Hamngatan,moped,moped_16,7
2332,59.33009987814306,18.075250083312604,Max Hamngatan,moped,moped_15,7
2333,59.33007407698737,18.018623562056533,Max Kungsholmen,moped,moped_7,7
2334,59.34673034706851,18.09031178573528,Max Hamngatan,moped,moped_11,7
2335,59.33121911500057,18.06436556248572,Max Hamngatan,moped,moped_14,7
2336,59.31322076544717,18.053829984665132,Max Södermalm,drone,drone_14,7
2337,59.334534780119775,18.03209471389626,Max Kungsholmen,moped,moped_1,7
2338,59.337909954229886,18.098043311945094,Max Hamngatan,moped,moped_24,7
2339,59.33896222003184,18.064801465212025,Max Hötorget,moped,moped_7,7
2340,59.33722043377352,18.09123951688349,Max Hamngatan,moped,moped_26,7
2341,59.34371244438289,18.045030122137753,Max Odenplan,moped,moped_3,7
2342,59.31703261511356,18.040863093279818,Max Södermalm,moped,moped_2,7
2343,59.33393495787808,18.02503168434085,Max Kungsholmen,moped,moped_11,7
2344,59.341630331765224,18.107111022274488,Max Hamngatan,unassigned,unassigned,
2345,59.33062972090682,18.07495542153054,Max Hamngatan,moped,moped_26,7
2346,59.3148893325068,18.072644559079592,Max Södermalm,drone,drone_2,7
2347,59.33671820725458,18.035072309500546,Max Kungsholmen,moped,moped_20,7
2348,59.336274203372106,18.020420077512767,Max Kungsholmen,moped,moped_14,7
2349,59.35878293552858,18.096973498721493,Max Odenplan,moped,moped_4,7
2350,59.30951032401095,18.06487806070418,Max Södermalm,drone,drone_1,7
2351,59.336305447278065,18.079702762357,Max Hamngatan,moped,moped_27,7
2352,59.33454066229442,18.018971525800495,Max Kungsholmen,moped,moped_14,7
2353,59.340714070939576,18.106012581475248,Max Hamngatan,moped,moped_23,7
2354,59.344117808017245,18.029507515312297,Max Karolinska,drone,drone_1,7
2355,59.310997712546296,18.059364636481384,Max Södermalm,drone,drone_3,7
2356,59.34560258774374,18.08533151888656,Max Hamngatan,moped,moped_22,7
2357,59.33432575353556,18.027234826893253,Max Kungsholmen,unassigned,unassigned,
2358,59.33233896289878,18.0757616986289,Max Hamngatan,moped,moped_15,7
2359,59.34513394467417,18.072724418044125,Max Hötorget,moped,moped_4,7
2360,59.31616905048411,18.06961800234352,Max Södermalm,moped,moped_4,7
2361,59.3471858118269,18.0822954077517,Max Hamngatan,moped,moped_25,7
2362,59.35194769804178,18.08059287149128,Max Odenplan,moped,moped_3,7
2363,59.338652658037965,18.068798663428364,Max Hötorget,moped,moped_6,7
2364,59.337186792215775,18.02938901835729,Max Kungsholmen,moped,moped_13,7
2365,59.32960780222196,18.075104757502675,Max Hamngatan,moped,moped_25,7
2366,59.32937804865792,18.032069819889006,Max Kungsholmen,unassigned,unassigned,
2367,59.33092027880974,18.068386869537093,Max Hamngatan,moped,moped_19,7
2368,59.34057394862023,18.11631490259233,Max Hamngatan,moped,moped_21,7
2369,59.33507800384853,18.032106686500192,Max Kungsholmen,moped,moped_20,7
2370,59.34581692180231,18.095912262963427,Max Hamngatan,moped,moped_25,7
2371,59.3142002042756,18.042623306030144,Max Södermalm,drone,drone_11,7
2372,59.31938753147696,18.06047415724772,Max Södermalm,drone,drone_10,7
2373,59.349103506808,18.06321235826242,Max Odenplan,moped,moped_3,7
2374,59.30499919965328,18.073411544162404,Max Södermalm,moped,moped_1,7
2375,59.33689015771554,18.010306359313148,Max Kungsholmen,moped,moped_16,7
2376,59.31970287496726,18.05640340336345,Max Södermalm,drone,drone_13,7
2377,59.34157453008932,18.03736379524196,Max Karolinska,moped,moped_1,7
2378,59.331535812748946,18.07297850136558,Max Hamngatan,unassigned,unassigned,
2379,59.33199860253152,18.040777842477823,Max Kungsholmen,moped,moped_11,7
2380,59.33656289981073,18.06639152011862,Max Hötorget,moped,moped_2,7
2381,59.31596280557155,18.072897313373502,Max Södermalm,drone,drone_12,7
2382,59.33930083960153,18.07727944918964,Max Hamngatan,moped,moped_12,7
2383,59.32874347889266,18.03596859998941,Max Kungsholmen,moped,moped_21,7
2384,59.35040994766089,18.06780057179339,Max Odenplan,moped,moped_1,7
2385,59.31482356930007,18.046993993359777,Max Södermalm,drone,drone_10,7
2386,59.33280757362843,18.07796720819107,Max Hamngatan,moped,moped_17,7
2387,59.342146760966,18.06773133477222,Max Hötorget,moped,moped_8,7
2388,59.32518142138003,18.06939581744558,Max Hamngatan,moped,moped_5,7
2389,59.33463656147582,18.060823648989977,Max Hötorget,moped,moped_6,7
2390,59.30677435966746,18.067199170143866,Max Södermalm,drone,drone_8,7
2391,59.311733142726766,18.056444117697716,Max Södermalm,drone,drone_8,7
2392,59.308197397486374,18.09482757760654,Max Södermalm,drone,drone_13,7
2393,59.3157705393807,18.099629011917155,Max Södermalm,moped,moped_5,7
2394,59.34067985143404,18.047852806812113,Max Odenplan,drone,drone_2,7
2395,59.33173362034689,18.062166185919217,Max Hötorget,moped,moped_3,7
2396,59.33345958242179,18.017448745728036,Max Kungsholmen,moped,moped_15,7
2397,59.320959262199615,18.06157650813243,Max Södermalm,drone,drone_4,7
2398,59.34172994865024,18.06308611642287,Max Odenplan,drone,drone_5,7
2399,59.328558816071094,18.06314998815237,Max Hamngatan,moped,moped_21,7
