latitude,longitude,geodisc_distant,restaurant,moped_delivery_distance,drone_delivery_distance,moped_travel_distance,drone_travel_distance,moped_delivery_time,drone_delivery_time,moped_unavailability_time,drone_unavailability_time,no_fly_status
59.3171106934295,18.08628520893992,0.7697740164845356,max södermalm,1.7776500000000002,0.7697740164845356,3.5553000000000003,1.5395480329690712,7.110600000000001,0.9237288197814427,14.221200000000001,5.926553705501028,clear
59.332806664180225,17.998626452512834,1.9267011565068373,max kungsholmen,1.88634,1.9267011565068373,3.77268,3.8534023130136745,7.5453600000000005,2.3120413878082045,15.090720000000001,13.330887401643757,clear
59.334252764028,18.036809425662128,0.25465286340559873,max kungsholmen,1.04006,0.25465286340559873,2.08012,0.5093057268111975,4.16024,0.30558343608671845,8.32048,2.629778325795832,clear
59.33287812368428,18.06832105938411,0.21221468522997608,max hamngatan,2.27193,0.21221468522997608,4.54386,0.42442937045995216,9.08772,0.2546576222759713,18.17544,2.358173985471847,clear
59.30433931496168,18.080813138682988,1.3366919499189145,max södermalm,0.38661,1.3366919499189145,0.77322,2.673383899837829,1.54644,1.6040303399026974,3.09288,9.554828479481053,clear
59.3197241197545,18.033118408999783,1.5699640723080686,max kungsholmen,2.76463,1.5699640723080686,5.52926,3.139928144616137,11.05852,1.8839568867696823,22.11704,11.047770062771638,clear
59.34480176432367,18.082123335435263,1.442908498986759,max hamngatan,0.92844,1.442908498986759,1.85688,2.885816997973518,3.71376,1.731490198784111,7.42752,10.234614393515258,clear
59.32898694584142,18.04189395147924,0.761484532738419,max kungsholmen,2.19392,1.761484532738419,4.38784,3.522969065476838,8.77568,2.113781439286103,17.55136,12.273501009525882,intersects
59.33698847009269,18.06470049936547,0.20701201463689464,max hötorget,2.14316,0.20701201463689464,4.28632,0.4140240292737893,8.57264,0.24841441756427357,17.14528,2.3248768936761257,clear
59.329953767015745,17.999013965170917,1.9494482349291173,max kungsholmen,1.25278,1.9494482349291173,2.50556,3.8988964698582347,5.01112,2.3393378819149406,10.02224,13.47646870354635,clear
59.33766016746535,18.096827477023812,1.5060829212701432,max hamngatan,0.58198,1.5060829212701432,1.16396,3.0121658425402864,2.32792,1.8072995055241718,4.65584,10.638930696128917,clear
59.349344676821524,18.091248499031444,2.13151125951914,max hamngatan,1.47772,2.13151125951914,2.95544,4.26302251903828,5.91088,2.557813511422968,11.82176,14.641672060922495,clear
59.33301488897334,18.002731701873458,1.6921034125630883,max kungsholmen,1.6181199999999998,1.6921034125630883,3.2362399999999996,3.3842068251261765,6.472479999999999,2.0305240950757057,12.944959999999998,11.829461840403765,clear
59.33338224187733,17.998798271513916,1.9142442833887232,max kungsholmen,1.9855399999999999,1.9142442833887232,3.9710799999999997,3.8284885667774464,7.9421599999999986,2.297093140066468,15.884319999999997,13.251163413687829,clear
59.33997439542094,18.100573323550282,1.8038522123522513,max hamngatan,2.85931,1.8038522123522513,5.71862,3.6077044247045027,11.43724,2.1646226548227014,22.87448,12.544654159054408,clear
59.334458317899085,18.030217425441762,0.1444973560118066,max kungsholmen,1.991,0.1444973560118066,3.982,0.2889947120236132,7.964,0.17339682721416794,15.928,1.9247830784755622,clear
59.33262231211261,18.08553779117691,0.7684940552421842,max hamngatan,1.75445,0.7684940552421842,3.5089,1.5369881104843683,7.0178,0.922192866290621,14.0356,5.9183619535499785,clear
59.34311004272657,18.026017722329268,0.5879057125249598,max karolinska,1.46871,0.5879057125249598,2.93742,1.1758114250499196,5.87484,0.7054868550299518,11.74968,4.762596560159743,clear
59.345421672187655,18.06941346959593,1.07931214242115,max odenplan,1.4364400000000002,1.07931214242115,2.8728800000000003,2.1586242848423,5.745760000000001,1.2951745709053801,11.491520000000001,7.90759771149536,clear
59.340844307491786,18.057744904873992,0.4174636070573757,max odenplan,1.82784,0.4174636070573757,3.65568,0.8349272141147513,7.31136,0.5009563284688509,14.62272,3.6717670851672044,clear
59.33416426668828,18.06488867579052,0.20162493163343156,max hötorget,1.5463099999999999,0.20162493163343156,3.0926199999999997,0.40324986326686313,6.185239999999999,0.2419499179601179,12.370479999999999,2.290399562453962,clear
59.34916275705932,18.06730406026794,1.1691154470739182,max odenplan,2.23723,1.1691154470739182,4.47446,2.3382308941478365,8.94892,1.402938536488702,17.89784,8.482338861273076,clear
59.33169321354146,18.096459871328847,1.3961583956386465,max hamngatan,0.87761,1.3961583956386465,1.75522,2.792316791277293,3.51044,1.6753900747663757,7.02088,9.935413732087337,clear
59.314835658481854,18.063562136897048,0.5491185120774706,max södermalm,1.1813,0.5491185120774706,2.3626,1.0982370241549413,4.7252,0.6589422144929648,9.4504,4.514358477295812,clear
59.33206602002033,18.082076791494032,0.5786005918143403,max hamngatan,2.88659,0.5786005918143403,5.77318,1.1572011836286806,11.54636,0.6943207101772083,23.09272,4.703043787611778,clear
59.31623877286426,18.047862182254555,1.4367624667150014,max södermalm,1.73004,1.4367624667150014,3.46008,2.873524933430003,6.92016,1.7241149600580017,13.84032,10.195279786976009,clear
59.347453894110544,18.058605625099503,0.6830160790972181,max odenplan,2.07417,0.6830160790972181,4.14834,1.3660321581944361,8.29668,0.8196192949166617,16.59336,5.371302906222196,clear
59.35453730469095,18.09390139688828,2.7106834673071933,max hamngatan,1.18148,2.7106834673071933,2.36296,5.421366934614387,4.72592,3.252820160768632,9.45184,18.348374190766037,clear
59.34328295478944,18.085467753635058,1.3845732237699597,max hamngatan,0.35624,1.3845732237699597,0.71248,2.7691464475399195,1.42496,1.6614878685239516,2.84992,9.861268632127743,clear
59.3150965395915,18.075163632286035,0.1352101498752877,max södermalm,1.33079,0.1352101498752877,2.66158,0.2704202997505754,5.32316,0.16225217985034524,10.64632,1.8653449592018414,clear
59.317191699882564,18.09001614110992,0.9800757104782092,max södermalm,1.13448,0.9800757104782092,2.26896,1.9601514209564184,4.53792,1.176090852573851,9.07584,7.272484547060539,clear
59.33448189631231,18.01460026630124,1.0169414728079231,max kungsholmen,1.68843,1.0169414728079231,3.37686,2.0338829456158463,6.75372,1.2203297673695077,13.50744,7.508425425970708,clear
59.31433459597137,18.069629584684954,0.2455725261236388,max södermalm,2.2831300000000003,0.2455725261236388,4.566260000000001,0.4911450522472776,9.132520000000001,0.2946870313483666,18.265040000000003,2.5716641671912885,clear
59.3385529884368,18.02084200096466,0.8444119012695802,max kungsholmen,0.99774,0.8444119012695802,1.99548,1.6888238025391604,3.9909599999999994,1.0132942815234962,7.981919999999999,6.404236168125314,clear
59.33406480352351,18.084003642720706,0.6923945296257874,max hamngatan,1.59319,0.6923945296257874,3.18638,1.3847890592515748,6.37276,0.8308734355509448,12.74552,5.43132498960504,clear
59.33792402876171,18.07969070818814,0.7074294899609322,max hamngatan,1.6404100000000001,0.7074294899609322,3.2808200000000003,1.4148589799218645,6.561640000000001,0.8489153879531187,13.123280000000001,5.527548735749966,clear
59.348947174991956,18.056985715958113,0.7781449079997795,max odenplan,0.40364,0.7781449079997795,0.80728,1.556289815999559,1.61456,0.9337738895997354,3.22912,5.980127411198589,clear
59.348006171523494,18.038136368711605,0.30558179072394537,max karolinska,1.49412,0.30558179072394537,2.98824,0.6111635814478907,5.97648,0.3666981488687345,11.95296,2.9557234606332505,clear
59.33831910885191,18.017664967402304,0.9783527071965661,max kungsholmen,2.83055,0.9783527071965661,5.6611,1.9567054143931322,11.3222,1.1740232486358793,22.6444,7.261457326058023,clear
59.32054467172248,18.049953517215386,1.4239706165405586,max södermalm,1.97944,1.4239706165405586,3.95888,2.847941233081117,7.91776,1.7087647398486703,15.83552,10.113411945859575,clear
59.33644903145378,18.019279794244774,0.8034444289290299,max kungsholmen,1.7818800000000001,0.8034444289290299,3.5637600000000003,1.6068888578580598,7.1275200000000005,0.9641333147148358,14.255040000000001,6.142044345145791,clear
59.33395284819475,18.039594722722487,0.40871909854534605,max kungsholmen,0.52955,0.40871909854534605,1.0591,0.8174381970906921,2.1182,0.49046291825441524,4.2364,3.615802230690215,clear
59.32840502227354,18.014451792814185,1.1869690199449903,max kungsholmen,1.83389,1.1869690199449903,3.66778,2.3739380398899805,7.33556,1.4243628239339885,14.67112,8.596601727647938,clear
59.347106565363596,18.069995992449947,1.1779416533686073,max odenplan,1.75894,1.1779416533686073,3.51788,2.3558833067372147,7.03576,1.4135299840423288,14.07152,8.538826581559087,clear
59.317523318789796,18.052480993982293,1.1904138130143447,max södermalm,1.29507,1.1904138130143447,2.59014,2.3808276260286894,5.18028,1.4284965756172134,10.36056,8.618648403291806,clear
59.3378123867284,18.076338236418657,0.5976269621291173,max hamngatan,1.55094,0.5976269621291173,3.10188,1.1952539242582345,6.20376,0.7171523545549406,12.40752,4.82481255762635,clear
59.31966375388639,18.066505417426963,0.5813454439607395,max södermalm,2.3550999999999997,0.5813454439607395,4.7101999999999995,1.162690887921479,9.420399999999999,0.6976145327528873,18.840799999999998,4.720610841348733,clear
59.328119384493725,18.049440988260717,1.1092005717550528,max hötorget,1.34547,1.1092005717550528,2.69094,2.2184011435101056,5.38188,1.3310406861060633,10.76376,8.098883659232339,clear
59.344352696875795,18.054802487516476,0.2802060440609062,max odenplan,1.5253599999999998,0.2802060440609062,3.0507199999999997,0.5604120881218124,6.101439999999999,0.33624725287308743,12.202879999999999,2.7933186819898,clear
59.33169532389133,18.03325653596063,0.2406263418152942,max kungsholmen,1.79331,0.2406263418152942,3.58662,0.4812526836305884,7.17324,0.28875161017835305,14.34648,2.5400085876178826,clear
59.33498961252719,18.008588647146986,1.3626835960328179,max kungsholmen,1.48143,1.3626835960328179,2.96286,2.7253671920656357,5.92572,1.6352203152393814,11.85144,9.721175014610035,clear
59.330614728358796,18.045589017592928,0.8299785326386628,max kungsholmen,0.83508,1.8299785326386628,1.67016,3.6599570652773257,3.34032,2.1959742391663952,6.68064,12.711862608887442,intersects
59.33307377560271,18.053021080532222,0.6041704074608965,max hötorget,1.64618,0.6041704074608965,3.29236,1.208340814921793,6.58472,0.7250044889530757,13.16944,4.866690607749737,clear
59.340852977756555,18.05607027355284,0.3357291566893084,max odenplan,1.5140799999999999,0.3357291566893084,3.0281599999999997,0.6714583133786168,6.0563199999999995,0.4028749880271701,12.112639999999999,3.148666602811574,clear
59.33663502352384,18.021169838010824,0.7133013519112698,max kungsholmen,2.5028,0.7133013519112698,5.0056,1.4266027038225395,10.0112,0.8559616222935238,20.0224,5.565128652232127,clear
59.332611882894,18.03533291674162,0.21306358645769766,max kungsholmen,1.81534,0.21306358645769766,3.63068,0.4261271729153953,7.26136,0.25567630374923717,14.52272,2.363606953329265,clear
59.33482580806079,18.095609649312866,1.357817552156272,max hamngatan,1.37222,1.357817552156272,2.74444,2.715635104312544,5.48888,1.6293810625875267,10.97776,9.690032333800142,clear
59.34133342271784,18.087531800439315,1.2867879272370466,max hamngatan,0.8775299999999999,1.2867879272370466,1.7550599999999998,2.573575854474093,3.5101199999999997,1.5441455126844559,7.020239999999999,9.235442734317099,clear
59.35743519984416,18.09845312989964,3.1174012851593065,max hamngatan,2.20775,3.1174012851593065,4.4155,6.234802570318613,8.831,3.740881542191168,17.662,20.95136822501956,clear
59.33351979689322,18.05591747485916,0.43553323329974303,max hötorget,1.3348900000000001,0.43553323329974303,2.6697800000000003,0.8710664665994861,5.3395600000000005,0.5226398799596916,10.679120000000001,3.7874126931183554,clear
59.34845095063106,18.06957469670074,1.2287038149301925,max odenplan,2.2813600000000003,1.2287038149301925,4.5627200000000006,2.457407629860385,9.125440000000001,1.474444577916231,18.250880000000002,8.863704415553233,clear
59.33831488851304,18.025337045021754,0.6434564428509988,max kungsholmen,1.23234,0.6434564428509988,2.46468,1.2869128857019976,4.92936,0.7721477314211986,9.85872,5.118121234246392,clear
59.338514856764235,18.019137321110623,0.9196901206269031,max kungsholmen,1.3138699999999999,0.9196901206269031,2.6277399999999997,1.8393802412538063,5.2554799999999995,1.1036281447522838,10.510959999999999,6.88601677201218,clear
59.314941968706215,18.08035987258626,0.42309298347685353,max södermalm,1.6864100000000002,0.42309298347685353,3.3728200000000004,0.8461859669537071,6.745640000000001,0.5077115801722242,13.491280000000001,3.7077950942518623,clear
59.33953376364827,18.06936776912331,0.594775768336758,max hötorget,2.1309299999999998,0.594775768336758,4.2618599999999995,1.189551536673516,8.523719999999999,0.7137309220041096,17.047439999999998,4.806564917355251,clear
59.312957626209425,18.092051614505166,1.1225040437405258,max södermalm,1.74028,1.1225040437405258,3.48056,2.2450080874810516,6.96112,1.3470048524886309,13.92224,8.184025879939366,clear
59.33878663370061,18.09571952323149,1.4975754462189534,max hamngatan,0.9021399999999999,1.4975754462189534,1.8042799999999999,2.995150892437907,3.6085599999999998,1.797090535462744,7.2171199999999995,10.584482855801301,clear
59.34147678423522,18.05278859198484,0.15240460054830834,max odenplan,1.68654,0.15240460054830834,3.37308,0.3048092010966167,6.74616,0.18288552065797,13.49232,1.9753894435091734,clear
59.330855473503576,18.037192831708445,0.4270235087497792,max kungsholmen,1.62548,,3.25096,,6.50192,,13.00384,,nogo
59.351915631642534,18.088742336070922,2.319992325579201,max hamngatan,1.85425,2.319992325579201,3.7085,4.639984651158402,7.417,2.783990790695041,14.834,15.847950883706886,clear
59.352767582452174,18.09398622148698,2.5394980601692563,max hamngatan,1.7998599999999998,2.5394980601692563,3.5997199999999996,5.0789961203385126,7.199439999999999,3.0473976722031075,14.398879999999998,17.25278758508324,clear
59.3208076788484,18.071722483886056,0.5779035775333297,max södermalm,1.3166300000000002,0.5779035775333297,2.6332600000000004,1.1558071550666593,5.266520000000001,0.6934842930399956,10.533040000000002,4.69858289621331,clear
59.33068441857139,18.027614760709476,0.4429654087777256,max kungsholmen,2.08569,0.4429654087777256,4.17138,0.8859308175554512,8.34276,0.5315584905332706,16.68552,3.8349786161774437,clear
59.33994185105862,18.009286938967513,1.48305636606349,max kungsholmen,0.47467000000000004,1.48305636606349,0.9493400000000001,2.96611273212698,1.8986800000000001,1.7796676392761879,3.7973600000000003,10.491560742806335,clear
59.355218635813635,18.095467756082382,2.819355738979032,max hamngatan,1.38923,2.819355738979032,2.77846,5.638711477958064,5.55692,3.383226886774838,11.11384,19.043876729465804,clear
59.31550447510337,18.10176213502269,1.6342605250714075,max södermalm,2.71554,1.6342605250714075,5.43108,3.268521050142815,10.86216,1.961112630085689,21.72432,11.459267360457009,clear
59.31390615534188,18.035240213917334,2.16311194363642,max södermalm,0.85299,2.16311194363642,1.70598,4.32622388727284,3.41196,2.595734332363704,6.82392,14.843916439273087,clear
59.34472013862879,18.086109310562957,1.5393376741047555,max hamngatan,1.6904400000000002,1.5393376741047555,3.3808800000000003,3.078675348209511,6.761760000000001,1.8472052089257067,13.523520000000001,10.851761114270435,clear
59.34239364455698,18.10742063187234,2.2731629078669857,max hamngatan,1.4051600000000002,2.2731629078669857,2.8103200000000004,4.546325815733971,5.620640000000001,2.727795489440383,11.241280000000001,15.548242610348709,clear
59.32948219816042,18.02932619020776,0.5135242177729522,max kungsholmen,2.08157,0.5135242177729522,4.16314,1.0270484355459044,8.32628,0.6162290613275426,16.65256,4.286554993746894,clear
59.346370088002594,18.089228055231416,1.7894861148515444,max hamngatan,0.39011,1.7894861148515444,0.78022,3.578972229703089,1.56044,2.147383337821853,3.12088,12.452711135049885,clear
59.34315263188112,18.11502114469299,2.6984213888337507,max hamngatan,0.28366,2.6984213888337507,0.56732,5.396842777667501,1.13464,3.238105666600501,2.26928,18.269896888536003,clear
59.30559155546188,18.085475008287325,1.3262628305067423,max södermalm,1.71682,1.3262628305067423,3.43364,2.6525256610134846,6.86728,1.5915153966080908,13.73456,9.48808211524315,clear
59.333464725757366,18.016599771049464,0.9012438442977218,max kungsholmen,1.4438,0.9012438442977218,2.8876,1.8024876885954435,5.7752,1.081492613157266,11.5504,6.7679606035054185,clear
59.35269694648168,18.097761834849194,2.6451564763299156,max hamngatan,1.99116,2.6451564763299156,3.98232,5.290312952659831,7.96464,3.174187771595899,15.92928,17.92900144851146,clear
59.35455135117423,18.10077480921278,2.9122078368063185,max hamngatan,2.8988400000000003,2.9122078368063185,5.797680000000001,5.824415673612637,11.595360000000001,3.494649404167582,23.190720000000002,19.63813015556044,clear
59.35085206969229,18.058949016086217,1.0176953721790283,max odenplan,1.79417,1.0176953721790283,3.58834,2.0353907443580566,7.17668,1.221234446614834,14.35336,7.513250381945781,clear
59.336081756917324,18.070582223167975,0.3624310966744623,max hamngatan,1.33811,0.3624310966744623,2.67622,0.7248621933489247,5.35244,0.4349173160093548,10.70488,3.319559018716559,clear
59.33470931977982,18.093126632327973,1.2162397134470517,max hamngatan,1.0780999999999998,1.2162397134470517,2.1561999999999997,2.4324794268941035,4.312399999999999,1.459487656136462,8.624799999999999,8.783934166061131,clear
59.34622044512207,18.09080064124501,1.8263533418174338,max hamngatan,2.08168,1.8263533418174338,4.16336,3.6527066836348676,8.32672,2.1916240101809206,16.65344,12.688661387631576,clear
59.339227413001176,18.1041017138825,1.9550845291010754,max hamngatan,2.41124,1.9550845291010754,4.82248,3.910169058202151,9.64496,2.3461014349212905,19.28992,13.512540986246883,clear
59.33852897080529,18.070998256530086,0.5889604079704641,max hötorget,1.4061400000000002,0.5889604079704641,2.8122800000000003,1.1779208159409282,5.624560000000001,0.7067524895645569,11.249120000000001,4.76934661101097,clear
59.308217298674705,18.070821863015023,0.8395559227318513,max södermalm,1.14318,0.8395559227318513,2.28636,1.6791118454637026,4.57272,1.0074671072782215,9.14544,6.373157905483849,clear
59.33647596284801,18.096966234777472,1.472633399127272,max hamngatan,2.95061,1.472633399127272,5.90122,2.945266798254544,11.80244,1.7671600789527264,23.60488,10.42485375441454,clear
59.32833341080305,18.020224859999278,0.9243248428456337,max kungsholmen,1.57643,0.9243248428456337,3.15286,1.8486496856912673,6.30572,1.1091898114147605,12.61144,6.915678994212056,clear
59.316288293660605,18.02671102223262,1.9790764358145176,max kungsholmen,1.38528,1.9790764358145176,2.77056,3.9581528716290353,5.54112,2.374891722977421,11.08224,13.666089189212911,clear
59.33691398360067,18.01383305825952,1.1128278490722106,max kungsholmen,1.67061,1.1128278490722106,3.34122,2.225655698144421,6.68244,1.3353934188866527,13.36488,8.122098234062147,clear
59.338949043473676,18.09668525415737,1.5549387144907514,max hamngatan,1.51228,1.5549387144907514,3.02456,3.1098774289815028,6.04912,1.8659264573889018,12.09824,10.95160777274081,clear
59.31871491438123,18.06023052676575,0.8060345964502893,max södermalm,0.9623400000000001,0.8060345964502893,1.9246800000000002,1.6120691929005786,3.8493600000000003,0.9672415157403471,7.698720000000001,6.158621417281852,clear
59.34000139876461,18.077590364485175,0.85002122165514,max hamngatan,1.8345799999999999,0.85002122165514,3.6691599999999998,1.70004244331028,7.3383199999999995,1.020025465986168,14.676639999999999,6.440135818592896,clear
59.31375965637938,18.058402491217873,0.8616986366214072,max södermalm,1.92541,0.8616986366214072,3.85082,1.7233972732428144,7.701640000000001,1.0340383639456887,15.403280000000002,6.514871274377006,clear
59.341020165262265,18.053571541709367,0.21971765221022735,max odenplan,1.10663,0.21971765221022735,2.21326,0.4394353044204547,4.42652,0.26366118265227284,8.85304,2.406192974145455,clear
59.31935040271635,18.058212873342388,0.9401898632981175,max södermalm,1.93576,0.9401898632981175,3.87152,1.880379726596235,7.743040000000001,1.128227835957741,15.486080000000001,7.017215125107952,clear
59.34111525901395,18.086474022531892,1.2281554711068359,max hamngatan,1.29132,1.2281554711068359,2.58264,2.4563109422136717,5.16528,1.473786565328203,10.33056,8.86019501508375,clear
59.30924463523015,18.064856794331416,0.8545846936425303,max södermalm,2.29689,0.8545846936425303,4.59378,1.7091693872850606,9.18756,1.0255016323710364,18.37512,6.469342039312194,clear
59.30965757693664,18.099041437444086,1.623717181404412,max södermalm,0.9148200000000001,1.623717181404412,1.8296400000000002,3.247434362808824,3.6592800000000003,1.9484606176852943,7.318560000000001,11.391789960988238,clear
59.334380160836034,18.001829060559103,1.7422588769137157,max kungsholmen,2.14053,1.7422588769137157,4.28106,3.4845177538274315,8.56212,2.0907106522964587,17.12424,12.15045681224778,clear
59.320379303457386,18.044977291066672,1.6584773634724992,max kungsholmen,1.72099,1.6584773634724992,3.44198,3.3169547269449984,6.88396,1.990172836166999,13.76792,11.614255126223995,clear
59.331968933087886,18.033400080422666,0.21283248839144825,max kungsholmen,0.87738,0.21283248839144825,1.75476,0.4256649767828965,3.50952,0.2553989860697379,7.01904,2.362127925705269,clear
59.31769229047613,18.07740581386854,0.3346984172367152,max södermalm,1.66952,0.3346984172367152,3.33904,0.6693968344734303,6.67808,0.4016381006840582,13.35616,3.142069870314977,clear
59.333008701343154,18.017853278513005,0.8338905494292458,max kungsholmen,0.64128,0.8338905494292458,1.28256,1.6677810988584916,2.56512,1.000668659315095,5.13024,6.336899516347174,clear
59.34332193020252,18.0752995038022,1.1349295904317223,max hötorget,2.85386,1.1349295904317223,5.70772,2.2698591808634445,11.41544,1.3619155085180668,22.83088,8.263549378763022,clear
59.33734461339797,18.071999872360465,0.49338077051538204,max hamngatan,1.97802,0.49338077051538204,3.95604,0.9867615410307641,7.91208,0.5920569246184584,15.82416,4.157636931298445,clear
59.335637988328614,18.069076957520572,0.3472336834128298,max hamngatan,2.31633,0.3472336834128298,4.63266,0.6944673668256596,9.26532,0.41668042009539574,18.53064,3.2222955738421106,clear
59.315162334357915,18.08975468592655,0.95201377015729,max södermalm,0.922,0.95201377015729,1.844,1.90402754031458,3.688,1.142416524188748,7.376,7.092888129006656,clear
59.3206951339566,18.043651120233175,1.595063429138427,max kungsholmen,1.2466199999999998,1.595063429138427,2.4932399999999997,3.190126858276854,4.986479999999999,1.9140761149661123,9.972959999999999,11.208405946485932,clear
59.33810803312438,18.059307498606035,0.3424677447271195,max hötorget,1.58157,0.3424677447271195,3.16314,0.684935489454239,6.32628,0.4109612936725434,12.65256,3.1917935662535646,clear
59.33464167915281,18.01132658372018,1.2040788789485997,max kungsholmen,1.68611,1.2040788789485997,3.37222,2.4081577578971993,6.74444,1.4448946547383195,13.48888,8.706104825271037,clear
59.31266262655311,18.04032961889125,1.8941835894973207,max södermalm,2.37448,1.8941835894973207,4.74896,3.7883671789946414,9.49792,2.2730203073967847,18.99584,13.122774972782853,clear
59.33452541934833,18.088042952504615,0.927857195119265,max hamngatan,1.3188900000000001,0.927857195119265,2.6377800000000002,1.85571439023853,5.2755600000000005,1.113428634143118,10.551120000000001,6.938286048763296,clear
59.34637416186748,18.07143770382753,1.2222637334786963,max odenplan,2.2904299999999997,1.2222637334786963,4.5808599999999995,2.4445274669573926,9.161719999999999,1.4667164801744357,18.323439999999998,8.822487894263656,clear
59.339061041186554,18.07856492632412,0.7785886340981648,max hamngatan,2.0979099999999997,0.7785886340981648,4.195819999999999,1.5571772681963296,8.391639999999999,0.9343063609177977,16.783279999999998,5.982967258228255,clear
59.340292148880955,18.052154296175647,0.2622704396637981,max odenplan,1.4328299999999998,0.2622704396637981,2.8656599999999997,0.5245408793275962,5.731319999999999,0.3147245275965577,11.462639999999999,2.6785308138483077,clear
59.310654990338705,18.060871663404324,0.891052613076821,max södermalm,3.06824,0.891052613076821,6.13648,1.782105226153642,12.27296,1.0692631356921853,24.54592,6.702736723691655,clear
59.3099100210464,18.09362223703361,1.3347938267312462,max södermalm,1.1145399999999999,1.3347938267312462,2.2290799999999997,2.6695876534624925,4.4581599999999995,1.6017525920774955,8.916319999999999,9.542680491079976,clear
59.30942503268165,18.082335870277134,0.8729400516304409,max södermalm,1.27001,0.8729400516304409,2.54002,1.7458801032608817,5.08004,1.047528061956529,10.16008,6.5868163304348215,clear
59.32983892115785,18.0111681342543,1.2880862909615234,max kungsholmen,1.29949,1.2880862909615234,2.59898,2.5761725819230468,5.19796,1.545703549153828,10.39592,9.24375226215375,clear
59.33375294637601,18.014124309544627,1.0413264222140606,max kungsholmen,0.93643,1.0413264222140606,1.87286,2.082652844428121,3.74572,1.2495917066568727,7.49144,7.664489102169988,clear
59.34436150236597,18.05727435892616,0.39406762057100936,max odenplan,1.9448599999999998,0.39406762057100936,3.8897199999999996,0.7881352411420187,7.779439999999999,0.47288114468521125,15.558879999999998,3.5220327716544597,clear
59.31507565089455,18.072247211696766,0.08062062626296791,max södermalm,2.10948,0.08062062626296791,4.21896,0.16124125252593582,8.43792,0.0967447515155615,16.87584,1.5159720080829946,clear
59.35509862061897,18.103456318872123,3.0496875729209947,max hamngatan,1.12123,3.0496875729209947,2.24246,6.099375145841989,4.48492,3.6596250875051934,8.96984,20.518000466694367,clear
59.35738086543503,18.097857405127634,3.0958783100293568,max hamngatan,1.68018,3.0958783100293568,3.36036,6.1917566200587135,6.72072,3.7150539720352285,13.44144,20.813621184187884,clear
59.355000817453956,18.09008525615917,2.6048737392267585,max odenplan,2.1704,2.6048737392267585,4.3408,5.209747478453517,8.6816,3.12584848707211,17.3632,17.671191931051254,clear
59.335636902477276,18.098324681278033,1.5259701388398539,max hamngatan,1.45849,1.5259701388398539,2.91698,3.0519402776797078,5.83396,1.8311641666078247,11.66792,10.766208888575065,clear
59.308566608740485,18.083677909088937,0.9953330007572173,max södermalm,1.54094,0.9953330007572173,3.08188,1.9906660015144346,6.16376,1.1943996009086608,12.32752,7.37013120484619,clear
59.341064461966845,18.075834028228673,0.9329816805755037,max hamngatan,2.0126,0.9329816805755037,4.0252,1.8659633611510074,8.0504,1.1195780166906044,16.1008,6.9710827556832236,clear
59.31327993939786,18.086330137722847,0.800753032465357,max södermalm,2.41212,0.800753032465357,4.82424,1.601506064930714,9.64848,0.9609036389584285,19.29696,6.1248194077782845,clear
59.34441267579282,18.087560337234176,1.5555164737678675,max hamngatan,1.66552,1.5555164737678675,3.33104,3.111032947535735,6.66208,1.866619768521441,13.32416,10.955305432114352,clear
59.34710655744341,18.051153262195037,0.501819239304495,max odenplan,1.80722,0.501819239304495,3.61444,1.00363847860899,7.22888,0.602183087165394,14.45776,4.211643131548768,clear
59.33564297783284,18.01303653125764,1.1218763814552162,max kungsholmen,0.9908899999999999,1.1218763814552162,1.9817799999999999,2.2437527629104324,3.9635599999999998,1.3462516577462593,7.9271199999999995,8.180008841313384,clear
59.33104412037856,18.035630317149284,0.3584990866812924,max kungsholmen,1.89053,0.3584990866812924,3.78106,0.7169981733625848,7.56212,0.43019890401755084,15.12424,3.2943941547602713,clear
59.340501964857864,18.093486897366155,1.4842138401898788,max hamngatan,1.79978,1.4842138401898788,3.59956,2.9684276803797576,7.19912,1.7810566082278545,14.39824,10.498968577215225,clear
59.3439343369416,18.093130001617336,1.7164159707704527,max hamngatan,1.34883,1.7164159707704527,2.69766,3.4328319415409054,5.39532,2.0596991649245435,10.79064,11.985062212930899,clear
59.349347860096834,18.04839385335935,0.7690268530638915,max odenplan,1.6056,0.7690268530638915,3.2112,1.538053706127783,6.4224,0.9228322236766697,12.8448,5.9217718596089055,clear
59.331480257590194,18.03677802731425,0.3592528777863376,max kungsholmen,1.88571,0.3592528777863376,3.77142,0.7185057555726752,7.54284,0.4311034533436051,15.08568,3.2992184178325603,clear
59.34212948279611,18.078401810460797,1.0882345220881686,max hamngatan,1.7976500000000002,1.0882345220881686,3.5953000000000004,2.1764690441763372,7.190600000000001,1.3058814265058023,14.381200000000002,7.9647009413642795,clear
59.35471064302201,18.097538649343225,2.828201916440301,max hamngatan,1.3896099999999998,2.828201916440301,2.7792199999999996,5.656403832880602,5.558439999999999,3.3938422997283615,11.116879999999998,19.100492265217927,clear
59.320584571412596,18.0748840712827,0.5576444892317997,max södermalm,1.31276,0.5576444892317997,2.62552,1.1152889784635993,5.25104,0.6691733870781595,10.50208,4.568924731083518,clear
59.33557594888693,18.073489407532907,0.3074788048772018,max hamngatan,0.5027200000000001,0.3074788048772018,1.0054400000000001,0.6149576097544036,2.0108800000000002,0.36897456585264216,4.0217600000000004,2.9678643512140916,clear
59.31484359946789,18.046195465789015,1.5330295430056629,max södermalm,1.9795099999999999,1.5330295430056629,3.9590199999999998,3.0660590860113257,7.9180399999999995,1.8396354516067954,15.836079999999999,10.811389075236242,clear
59.34325894770289,18.071483371524156,1.0034522078316357,max hötorget,1.66086,1.0034522078316357,3.32172,2.0069044156632714,6.64344,1.204142649397963,13.28688,7.422094130122469,clear
59.3118011443721,18.078784616668056,0.5398083008073855,max södermalm,0.77315,0.5398083008073855,1.5463,1.079616601614771,3.0926,0.6477699609688626,6.1852,4.454773125167267,clear
59.31214547844765,18.057615259057297,0.9634082863597868,max södermalm,2.4758899999999997,0.9634082863597868,4.951779999999999,1.9268165727195736,9.903559999999999,1.1560899436317442,19.807119999999998,7.165813032702635,clear
59.33901426238931,18.085848573440124,1.038471774040757,max hamngatan,1.64004,1.038471774040757,3.28008,2.076943548081514,6.56016,1.2461661288489085,13.12032,7.646219353860845,clear
59.33075033126292,18.009739145423886,1.335268150734818,max kungsholmen,0.63293,1.335268150734818,1.26586,2.670536301469636,2.53172,1.6023217808817818,5.06344,9.545716164702835,clear
59.332649053765444,18.007756985539924,1.4097147833701664,max kungsholmen,1.41296,1.4097147833701664,2.82592,2.819429566740333,5.65184,1.6916577400441997,11.30368,10.022174613569065,clear
59.327888229195146,18.053547261246543,0.9900804854059402,max hötorget,1.12969,0.9900804854059402,2.25938,1.9801609708118804,4.51876,1.1880965824871283,9.03752,7.336515106598018,clear
59.360195172772656,18.098679546822577,3.334129306890851,max odenplan,1.63853,3.334129306890851,3.27706,6.668258613781702,6.55412,4.000955168269021,13.10824,22.338427564101444,clear
59.33527673773547,18.058730075742833,0.21660441728516222,max hötorget,1.79739,0.21660441728516222,3.59478,0.43320883457032444,7.18956,0.25992530074219466,14.37912,2.386268270625038,clear
59.31170901253164,18.057856077493398,0.9719647847461531,max södermalm,0.94435,0.9719647847461531,1.8887,1.9439295694923062,3.7774000000000005,1.1663577416953836,7.554800000000001,7.22057462237538,clear
59.337964926678545,18.078632639159544,0.6758711101242821,max hamngatan,1.25433,0.6758711101242821,2.50866,1.3517422202485643,5.01732,0.8110453321491385,10.03464,5.325575104795406,clear
59.3320970577214,18.093670861095962,1.234115183058541,max hamngatan,1.72127,1.234115183058541,3.44254,2.468230366117082,6.88508,1.4809382196702494,13.77016,8.898337171574664,clear
59.341500882018956,18.095390014410135,1.6368716885636372,max hamngatan,1.41123,1.6368716885636372,2.82246,3.2737433771272744,5.64492,1.9642460262763646,11.28984,11.475978806807278,clear
59.34527271902243,18.066470534162345,0.9148664843135225,max odenplan,1.32483,0.9148664843135225,2.64966,1.829732968627045,5.29932,1.0978397811762268,10.59864,6.855145499606543,clear
59.33505420477702,18.01734278918516,0.8691765639725657,max kungsholmen,2.5238,0.8691765639725657,5.0476,1.7383531279451314,10.0952,1.0430118767670788,20.1904,6.5627300094244205,clear
59.33808457975203,18.007188353777057,1.512802963779441,max kungsholmen,1.96663,1.512802963779441,3.93326,3.025605927558882,7.86652,1.815363556535329,15.73304,10.681938968188422,clear
59.34436743405788,18.11400285799,2.70705604808363,max hamngatan,2.4282199999999996,2.70705604808363,4.856439999999999,5.41411209616726,9.712879999999998,3.2484672577003564,19.425759999999997,18.325158707735234,clear
59.31671536151377,18.031153973929918,1.9059982456549132,max kungsholmen,0.6524099999999999,1.9059982456549132,1.3048199999999999,3.8119964913098263,2.6096399999999997,2.287197894785896,5.2192799999999995,13.198388772191445,clear
59.31422562380329,18.07585052097699,0.22555019938881585,max södermalm,0.60637,0.22555019938881585,1.21274,0.4511003987776317,2.42548,0.270660239266579,4.85096,2.4435212760884215,clear
59.33688835616341,18.04902772735011,0.649160376547952,max odenplan,1.93627,0.649160376547952,3.87254,1.298320753095904,7.745079999999999,0.7789924518575424,15.490159999999998,5.154626409906893,clear
59.33699426705193,18.00102377818418,1.8216924716968355,max kungsholmen,0.87109,1.8216924716968355,1.74218,3.643384943393671,3.48436,2.1860309660362027,6.96872,12.658831818859747,clear
59.34626248870657,18.06761563567818,1.0157278424851566,max odenplan,1.0307,1.0157278424851566,2.0614,2.031455684970313,4.1228,1.218873410982188,8.2456,7.500658191905002,clear
59.31466748057385,18.031301429095652,2.1337210271998046,max kungsholmen,1.1337899999999999,2.1337210271998046,2.2675799999999997,4.267442054399609,4.535159999999999,2.5604652326397654,9.070319999999999,14.65581457407875,clear
59.35020496364642,18.067043525907753,1.2341626246859396,max odenplan,1.7097,1.2341626246859396,3.4194,2.4683252493718792,6.8388,1.4809951496231275,13.6776,8.898640797990014,clear
59.330573136789305,18.064981509630172,0.4795115844091855,max hamngatan,2.83604,0.4795115844091855,5.67208,0.959023168818371,11.34416,0.5754139012910227,22.68832,4.068874140218787,clear
59.31573287395187,18.094036727591217,1.1942308419024528,max södermalm,1.58046,1.1942308419024528,3.16092,2.3884616838049055,6.32184,1.4330770102829433,12.64368,8.643077388175698,clear
59.333658185678225,18.071760298739626,0.08431446288552863,max hamngatan,0.90234,0.08431446288552863,1.80468,0.16862892577105726,3.60936,0.10117735546263436,7.21872,1.5396125624673833,clear
59.33465749968471,18.003602675966995,1.642853378366077,max kungsholmen,1.2658699999999998,1.642853378366077,2.5317399999999997,3.285706756732154,5.063479999999999,1.9714240540392924,10.126959999999999,11.514261621542893,clear
59.35135474198399,18.10655191572064,2.8415208968686376,max hamngatan,1.95237,2.8415208968686376,3.90474,5.683041793737275,7.80948,3.409825076242365,15.61896,19.185733739959282,clear
59.31640762012895,18.100337854904915,1.5552278514336684,max södermalm,0.74691,1.5552278514336684,1.49382,3.1104557028673367,2.98764,1.866273421720402,5.97528,10.953458249175478,clear
59.33859802611794,18.05027116352346,0.44965989119438654,max odenplan,2.39572,0.44965989119438654,4.79144,0.8993197823887731,9.58288,0.5395918694332638,19.16576,3.8778233036440737,clear
59.33568557813596,18.014016338879262,1.0680026543973757,max kungsholmen,1.92516,1.0680026543973757,3.85032,2.1360053087947515,7.700639999999999,1.2816031852768508,15.401279999999998,7.8352169881432046,clear
59.329114959252294,18.035319098206003,0.5487305459175896,max kungsholmen,1.99143,0.5487305459175896,3.98286,1.0974610918351793,7.965719999999999,0.6584766551011076,15.931439999999998,4.511875493872574,clear
59.33797705858173,18.051772728799907,0.5160634950769479,max odenplan,1.53385,0.5160634950769479,3.0677,1.0321269901538959,6.1354,0.6192761940923376,12.2708,4.302806368492467,clear
59.31545544043879,18.101654146005547,1.6281817064792636,max södermalm,3.31187,1.6281817064792636,6.62374,3.2563634129585273,13.24748,1.9538180477751164,26.49496,11.420362921467287,clear
59.34642617013301,18.053405141575734,0.4430289568282876,max odenplan,0.35214999999999996,0.4430289568282876,0.7042999999999999,0.8860579136565752,1.4085999999999999,0.5316347481939452,2.8171999999999997,3.8353853237010407,clear
59.34320208294246,18.0741190337451,1.0824562276722018,max hötorget,1.46671,1.0824562276722018,2.93342,2.1649124553444037,5.86684,1.2989474732066422,11.73368,7.927719857102092,clear
59.336899536805014,18.030546268040112,0.3600371280853644,max kungsholmen,2.16071,0.3600371280853644,4.32142,0.7200742561707288,8.64284,0.43204455370243733,17.28568,3.304237619746332,clear
59.31277928727174,18.055216782756034,1.0662108669990156,max södermalm,1.94198,1.0662108669990156,3.88396,2.132421733998031,7.767920000000001,1.2794530403988187,15.535840000000002,7.8237495487937,clear
59.327910152055495,18.052658817809856,1.0150247594798334,max hötorget,1.8020999999999998,1.0150247594798334,3.6041999999999996,2.030049518959667,7.208399999999999,1.2180297113758,14.416799999999999,7.496158460670934,clear
59.339670513532475,18.10444285053665,1.9913256388017402,max hamngatan,1.6733900000000002,1.9913256388017402,3.3467800000000003,3.9826512776034804,6.693560000000001,2.389590766562088,13.387120000000001,13.744484088331138,clear
59.313174631466104,18.077843909021862,0.3886297273114765,max södermalm,2.0670300000000004,0.3886297273114765,4.134060000000001,0.777259454622953,8.268120000000001,0.4663556727737718,16.536240000000003,3.4872302547934497,clear
59.33677895282668,18.025368743246688,0.519834683573721,max kungsholmen,2.27468,0.519834683573721,4.54936,1.039669367147442,9.09872,0.6238016202884652,18.19744,4.326941974871814,clear
59.339867312405424,18.05537411618097,0.3840296922811157,max odenplan,2.0176600000000002,0.3840296922811157,4.0353200000000005,0.7680593845622314,8.070640000000001,0.4608356307373389,16.141280000000002,3.4577900305991407,clear
59.34377249497976,18.029304506013712,0.4127977109914983,max karolinska,1.31262,0.4127977109914983,2.62524,0.8255954219829966,5.25048,0.49535725318979795,10.50096,3.6419053503455894,clear
59.353830086962546,18.091728763870563,2.5850229590815172,max hamngatan,2.1933000000000002,2.5850229590815172,4.3866000000000005,5.1700459181630345,8.773200000000001,3.102027550897821,17.546400000000002,17.54414693812171,clear
59.30498204137865,18.082242459310283,1.2998650420479665,max södermalm,1.4833399999999999,1.2998650420479665,2.9666799999999998,2.599730084095933,5.9333599999999995,1.55983805045756,11.866719999999999,9.319136269106986,clear
59.343891792545506,18.040971544512917,0.5525907330819955,max karolinska,1.33635,0.5525907330819955,2.6727,1.105181466163991,5.3454,0.6631088796983946,10.6908,4.536580691724771,clear
59.307330723937994,18.076953792073052,0.9545568348989055,max södermalm,1.71528,0.9545568348989055,3.43056,1.909113669797811,6.86112,1.1454682018786866,13.72224,7.109163743352996,clear
59.336391561911206,18.0912150666521,1.1575663254584359,max hamngatan,2.3013600000000003,1.1575663254584359,4.602720000000001,2.3151326509168717,9.205440000000001,1.389079590550123,18.410880000000002,8.40842448293399,clear
59.34803218692297,18.104667117736184,2.5062561683174884,max hamngatan,1.1976600000000002,2.5062561683174884,2.3953200000000003,5.012512336634977,4.790640000000001,3.007507401980986,9.581280000000001,17.040039477231925,clear
59.348177722957324,18.069298858191843,1.1993879982041298,max odenplan,1.9198,1.1993879982041298,3.8396,2.3987759964082596,7.6792,1.4392655978449558,15.3584,8.67608318850643,clear
59.32856357173456,18.04512168976866,0.9299113155487585,max kungsholmen,0.86181,1.9299113155487584,1.72362,3.8598226310975168,3.44724,2.31589357865851,6.89448,13.351432419512054,intersects
59.334927712841015,18.059688257809494,0.17297764910270055,max hötorget,1.03423,0.17297764910270055,2.06846,0.3459552982054011,4.13692,0.20757317892324065,8.27384,2.1070569542572835,clear
59.34841220914429,18.07963681927339,1.7370417345610971,max hötorget,2.9568000000000003,1.7370417345610971,5.913600000000001,3.4740834691221942,11.827200000000001,2.0844500814733165,23.654400000000003,12.117067101191022,clear
59.33231805795713,18.081560917142692,0.5455174192832991,max hamngatan,1.67799,0.5455174192832991,3.35598,1.0910348385665982,6.71196,0.6546209031399589,13.42392,4.4913114834131145,clear
59.33442851815618,18.02313345169707,0.5329534223406268,max kungsholmen,1.67926,0.5329534223406268,3.35852,1.0659068446812536,6.71704,0.6395441068087522,13.43408,4.410901902980012,clear
59.32989491501283,18.018018221634012,0.9286572047529644,max kungsholmen,1.5846500000000001,0.9286572047529644,3.1693000000000002,1.8573144095059289,6.3386000000000005,1.1143886457035574,12.677200000000001,6.943406110418973,clear
59.35748178211208,18.098546384615155,3.1245056462773206,max hamngatan,1.82841,3.1245056462773206,3.65682,6.249011292554641,7.31364,3.7494067755327847,14.62728,20.996836136174853,clear
59.31091924791743,18.07974073316584,0.6512064831984528,max södermalm,1.21426,0.6512064831984528,2.42852,1.3024129663969055,4.85704,0.7814477798381434,9.71408,5.167721492470098,clear
59.33089762751794,18.06187904284069,0.5145404057173129,max hötorget,0.6362599999999999,0.5145404057173129,1.2725199999999999,1.0290808114346257,2.5450399999999997,0.6174484868607754,5.0900799999999995,4.293058596590802,clear
59.3585389592143,18.09084465355443,2.8673535100305854,max odenplan,1.5947799999999999,2.8673535100305854,3.1895599999999997,5.734707020061171,6.3791199999999995,3.4408242120367025,12.758239999999999,19.351062464195746,clear
59.33859797212906,18.050698842998845,0.447253594077053,max odenplan,2.42067,0.447253594077053,4.84134,0.894507188154106,9.68268,0.5367043128924636,19.36536,3.862423002093139,clear
59.34464494397978,18.09050735539589,1.6765461218984192,max hamngatan,1.91219,1.6765461218984192,3.82438,3.3530922437968385,7.64876,2.011855346278103,15.29752,11.729895180149882,clear
59.33237951732429,18.081513174594896,0.5420225434184456,max hamngatan,1.76009,0.5420225434184456,3.52018,1.0840450868368912,7.04036,0.6504270521021347,14.08072,4.468944277878052,clear
59.306832729934776,18.084206789552837,1.1708314441478196,max södermalm,0.71205,1.1708314441478196,1.4241,2.341662888295639,2.8482,1.4049977329773835,5.6964,8.493321242546045,clear
59.31339835076481,18.044410946692516,1.6513846076785301,max södermalm,1.37189,1.6513846076785301,2.74378,3.3027692153570603,5.48756,1.9816615292142363,10.97512,11.568861489142593,clear
59.33385373963763,17.997280701632544,2.0000130580263864,max kungsholmen,1.79528,2.0000130580263864,3.59056,4.000026116052773,7.18112,2.4000156696316637,14.36224,13.800083571368873,clear
59.34971751898797,18.047565064445177,0.8201373604601908,max odenplan,1.53671,0.8201373604601908,3.07342,1.6402747209203816,6.14684,0.984164832552229,12.29368,6.248879106945221,clear
59.31267656500281,18.08889586090891,0.9610214878785949,max södermalm,0.78224,0.9610214878785949,1.56448,1.9220429757571897,3.12896,1.153225785454314,6.25792,7.150537522423008,clear
59.34703860393892,18.053069936268336,0.504753514960839,max odenplan,1.20092,0.504753514960839,2.40184,1.009507029921678,4.80368,0.6057042179530068,9.60736,4.2304224957493695,clear
59.34097722984097,18.110703582791086,2.3761970994655357,max hamngatan,1.76245,2.3761970994655357,3.5249,4.752394198931071,7.0498,2.851436519358643,14.0996,16.20766143657943,clear
59.309887684880664,18.063001382537344,0.8619419633611894,max södermalm,1.7175,0.8619419633611894,3.435,1.723883926722379,6.87,1.0343303560334274,13.74,6.516428565511612,clear
59.3538450493518,18.090418229742003,2.5551236397525248,max hamngatan,1.8548900000000001,2.5551236397525248,3.7097800000000003,5.1102472795050495,7.419560000000001,3.0661483677030295,14.839120000000001,17.352791294416157,clear
59.32864409764469,18.06120109082419,0.7679523806675483,max hötorget,0.81239,1.7679523806675483,1.62478,3.5359047613350967,3.24956,2.121542856801058,6.49912,12.31489523627231,intersects
59.332479524082125,18.075614145348453,0.2086857421867744,max hamngatan,1.84303,0.2086857421867744,3.68606,0.4173714843735488,7.37212,0.25042289062412926,14.74424,2.335588749995356,clear
59.35082389941665,18.09251471754179,2.3100356428099516,max hamngatan,1.99331,2.3100356428099516,3.98662,4.620071285619903,7.97324,2.772042771371942,15.94648,15.78422811398369,clear
59.319902791128825,18.076293290924717,0.5065075325093369,max södermalm,1.60552,0.5065075325093369,3.21104,1.0130150650186738,6.42208,0.6078090390112042,12.84416,4.241648208059756,clear
59.32884133696047,18.005522444118252,1.6280977310761664,max kungsholmen,1.8694600000000001,1.6280977310761664,3.7389200000000002,3.256195462152333,7.4778400000000005,1.9537172772913998,14.955680000000001,11.419825478887464,clear
59.35936879176307,18.092816335976707,3.012652783676495,max odenplan,2.15468,3.012652783676495,4.30936,6.02530556735299,8.61872,3.615183340411794,17.23744,20.280977815529567,clear
59.33484079294004,18.057832876206145,0.2762695337019796,max hötorget,1.6491099999999999,0.2762695337019796,3.2982199999999997,0.5525390674039592,6.596439999999999,0.3315234404423755,13.192879999999999,2.7681250156926693,clear
59.340944399627475,18.032803973478966,0.6625864236063354,max karolinska,1.60276,0.6625864236063354,3.20552,1.3251728472126707,6.41104,0.7951037083276024,12.82208,5.240553111080546,clear
59.32242366856863,18.07358724627349,0.7534174925790487,max södermalm,1.44392,0.7534174925790487,2.88784,1.5068349851580973,5.77568,0.9041009910948584,11.55136,5.821871952505911,clear
59.335599656786606,18.05251658600534,0.568841676139382,max hötorget,2.2420999999999998,0.568841676139382,4.4841999999999995,1.137683352278764,8.968399999999999,0.6826100113672583,17.936799999999998,4.640586727292044,clear
59.328104692638405,18.019534468438927,0.9706877592128426,max kungsholmen,0.70278,0.9706877592128426,1.40556,1.9413755184256851,2.81112,1.164825311055411,5.62224,7.212401658962192,clear
59.34780395032256,18.081123473070495,1.7317975543220328,max hötorget,2.29023,1.7317975543220328,4.58046,3.4635951086440655,9.16092,2.0781570651864394,18.32184,12.083504347661009,clear
59.347117714301696,18.102549052189037,2.3485599589766846,max hamngatan,1.73669,2.3485599589766846,3.47338,4.697119917953369,6.94676,2.8182719507720213,13.89352,16.030783737450783,clear
59.33582418919725,18.073712149282546,0.3375471796252933,max hamngatan,2.68289,0.3375471796252933,5.36578,0.6750943592505866,10.73156,0.405056615550352,21.46312,3.160301949601877,clear
59.33098026496823,18.06559433751409,0.42598804481741487,max hamngatan,1.58718,0.42598804481741487,3.17436,0.8519760896348297,6.34872,0.5111856537808979,12.69744,3.726323486831455,clear
59.346706252203774,18.080108772355604,1.6000114816149915,max hötorget,1.03558,1.6000114816149915,2.07116,3.200022963229983,4.14232,1.9200137779379898,8.28464,11.240073482335946,clear
59.334957930828146,18.099564166952298,1.5825589685830577,max hamngatan,0.6110399999999999,1.5825589685830577,1.2220799999999998,3.1651179371661153,2.4441599999999997,1.8990707622996692,4.888319999999999,11.128377398931569,clear
59.34398219127316,18.09575987968433,1.827764276787614,max hamngatan,1.66752,1.827764276787614,3.33504,3.655528553575228,6.67008,2.193317132145137,13.34016,12.69769137144073,clear
59.344093275824456,18.037038394707853,0.37927687339090593,max karolinska,1.98492,0.37927687339090593,3.96984,0.7585537467818119,7.93968,0.4551322480690871,15.87936,3.427371989701798,clear
59.331769131162496,18.089568496383706,1.0053856423349323,max hamngatan,1.17897,1.0053856423349323,2.35794,2.0107712846698647,4.71588,1.2064627708019187,9.43176,7.434468110943566,clear
59.315897614369035,18.083760048890763,0.6095140425800382,max södermalm,1.28038,0.6095140425800382,2.56076,1.2190280851600763,5.12152,0.7314168510960458,10.24304,4.900889872512244,clear
59.33504294239171,18.07852008107611,0.4379791115520979,max hamngatan,1.77072,0.4379791115520979,3.54144,0.8759582231041958,7.08288,0.5255749338625175,14.16576,3.8030663139334266,clear
59.34755735590833,18.07960324687689,1.6579590683149288,max hötorget,1.60404,1.6579590683149288,3.20808,3.3159181366298576,6.41616,1.9895508819779146,12.83232,11.610938037215544,clear
59.31850983894265,18.057663498155,0.9326171145974875,max södermalm,1.81169,0.9326171145974875,3.62338,1.865234229194975,7.24676,1.1191405375169852,14.49352,6.968749533423921,clear
59.33397165231215,18.06590123608792,0.25778631882850556,max hötorget,1.39261,0.25778631882850556,2.78522,0.5155726376570111,5.57044,0.3093435825942067,11.14088,2.6498324405024354,clear
59.35145593019189,18.104557539687722,2.7727076181372756,max hamngatan,1.18252,2.7727076181372756,2.36504,5.545415236274551,4.73008,3.3272491417647307,9.46016,18.745328756078564,clear
59.30675446574693,18.082446565607665,1.1273466960162382,max södermalm,2.32624,1.1273466960162382,4.65248,2.2546933920324763,9.30496,1.3528160352194858,18.60992,8.215018854503924,clear
59.354687112276025,18.103145086547574,3.00219556915527,max hamngatan,1.853,3.00219556915527,3.706,6.00439113831054,7.412,3.602634682986324,14.824,20.214051642593727,clear
59.342204461092585,18.029611291558282,0.5609627838813339,max karolinska,0.88105,0.5609627838813339,1.7621,1.1219255677626678,3.5242,0.6731553406576006,7.0484,4.590161816840537,clear
59.318920789495024,18.044964886747984,1.6408439253153198,max södermalm,0.9413400000000001,1.6408439253153198,1.8826800000000001,3.2816878506306395,3.7653600000000003,1.9690127103783837,7.5307200000000005,11.501401122018047,clear
59.32959366047617,18.010360643791152,1.340680349085705,max kungsholmen,1.63144,1.340680349085705,3.26288,2.68136069817141,6.52576,1.6088164189028462,13.05152,9.580354234148512,clear
59.33719372408841,18.04653507423685,0.6599382286133306,max odenplan,1.54274,0.6599382286133306,3.08548,1.3198764572266612,6.17096,0.7919258743359967,12.34192,5.223604663125316,clear
59.34233432329728,18.087742507096248,1.3779065543834599,max hamngatan,1.55323,1.3779065543834599,3.10646,2.7558131087669198,6.21292,1.653487865260152,12.42584,9.818601948054143,clear
59.32787469519203,18.021267096828815,0.9168064776521402,max kungsholmen,2.7439,0.9168064776521402,5.4878,1.8336129553042804,10.9756,1.100167773182568,21.9512,6.8675614569736965,clear
59.33638786803441,18.052676642959455,0.56820110818725,max hötorget,0.95496,0.56820110818725,1.90992,1.1364022163745,3.81984,0.6818413298247,7.63968,4.6364870923984,clear
59.349828447751634,18.089931405146054,2.1413399508347917,max hamngatan,2.1514499999999996,2.1413399508347917,4.302899999999999,4.282679901669583,8.605799999999999,2.56960794100175,17.211599999999997,14.704575685342666,clear
59.35588500932441,18.100175238730174,3.0180689367022695,max hamngatan,2.12314,3.0180689367022695,4.24628,6.036137873404539,8.49256,3.6216827240427234,16.98512,20.315641194894525,clear
59.34172160767526,18.036602447835875,0.6066717750125052,max karolinska,0.82814,0.6066717750125052,1.65628,1.2133435500250105,3.31256,0.7280061300150062,6.62512,4.882699360080034,clear
59.331985167280486,18.019962956971092,0.7376451188666275,max kungsholmen,1.18547,0.7376451188666275,2.37094,1.475290237733255,4.74188,0.8851741426399531,9.48376,5.720928760746416,clear
59.30700675450307,18.06601362834037,1.0449218645754519,max södermalm,1.53599,1.0449218645754519,3.07198,2.0898437291509038,6.14396,1.2539062374905423,12.28792,7.687499933282892,clear
59.331961406222185,18.096273903750863,1.3830013997991732,max hamngatan,2.22878,1.3830013997991732,4.45756,2.7660027995983465,8.91512,1.659601679759008,17.83024,9.85120895871471,clear
59.348326101725064,18.094721791864025,2.1475298026927687,max hamngatan,0.88098,2.1475298026927687,1.76196,4.295059605385537,3.52392,2.577035763231322,7.04784,14.744190737233719,clear
59.34655262249198,18.046188502422005,0.5264341340612265,max odenplan,1.6171600000000002,0.5264341340612265,3.2343200000000003,1.052868268122453,6.468640000000001,0.6317209608734718,12.937280000000001,4.36917845799185,clear
59.329596340835906,18.06973087767708,0.3926221165894582,max hamngatan,1.6716199999999999,,3.3432399999999998,,6.6864799999999995,,13.372959999999999,,nogo
59.31764952530369,18.03646752021627,1.8152617973376661,max kungsholmen,0.69963,1.8152617973376661,1.39926,3.6305235946753323,2.79852,2.1783141568051994,5.59704,12.617675502961063,clear
59.30777490813506,18.07459511004133,0.8833457873848047,max södermalm,0.6604099999999999,0.8833457873848047,1.3208199999999999,1.7666915747696095,2.6416399999999998,1.0600149448617657,5.2832799999999995,6.65341303926275,clear
59.31452736314386,18.08381822089655,0.6252873138168714,max södermalm,2.64323,0.6252873138168714,5.28646,1.2505746276337428,10.57292,0.7503447765802457,21.14584,5.001838808427977,clear
59.34464409930787,18.105863346261632,2.326006909180942,max hamngatan,1.91951,2.326006909180942,3.83902,4.652013818361884,7.678040000000001,2.7912082910171305,15.356080000000002,15.88644421875803,clear
59.313457770607776,18.04797876319367,1.4497814740000134,max södermalm,1.11104,1.4497814740000134,2.22208,2.899562948000027,4.44416,1.7397377688000162,8.88832,10.278601433600086,clear
59.329247223341845,18.06746855493511,0.48476024798157447,max hamngatan,2.34368,,4.68736,,9.37472,,18.74944,,nogo
59.31318320477946,18.061417260943447,0.7187756085400302,max södermalm,1.50025,0.7187756085400302,3.0005,1.4375512170800604,6.001,0.8625307302480363,12.002,5.600163894656193,clear
59.34684178672254,18.085918665779374,1.7406196139346282,max hamngatan,0.3322,1.7406196139346282,0.6644,3.4812392278692563,1.3288,2.088743536721554,2.6576,12.13996552918162,clear
59.32977223746106,18.019206822284893,0.8764589983559214,max kungsholmen,1.57851,0.8764589983559214,3.15702,1.752917996711843,6.31404,1.0517507980271057,12.62808,6.609337589477898,clear
59.351050984718775,18.10333936449014,2.692949248513112,max hamngatan,1.7832999999999999,2.692949248513112,3.5665999999999998,5.385898497026224,7.1331999999999995,3.2315390982157344,14.266399999999999,18.234875190483915,clear
59.33299384250485,18.010149851971345,1.2708146733550878,max kungsholmen,1.79827,1.2708146733550878,3.59654,2.5416293467101756,7.19308,1.5249776080261053,14.38616,9.133213909472563,clear
59.33406967364094,17.997029402437477,2.0145085278235246,max kungsholmen,0.85299,2.0145085278235246,1.70598,4.029017055647049,3.41196,2.41741023338823,6.82392,13.892854578070558,clear
59.317839456887725,18.047407945210978,1.4811062226664475,max södermalm,0.9589,1.4811062226664475,1.9178,2.962212445332895,3.8355999999999995,1.777327467199737,7.671199999999999,10.479079825065265,clear
59.31281376828725,18.065885351505322,0.5178897032171977,max södermalm,0.38683999999999996,0.5178897032171977,0.7736799999999999,1.0357794064343955,1.5473599999999998,0.6214676438606374,3.0947199999999997,4.314494100590066,clear
59.34861066047147,18.087615096539245,1.960019226469261,max hamngatan,1.71767,1.960019226469261,3.43534,3.920038452938522,6.87068,2.352023071763113,13.74136,13.544123049403272,clear
59.316790214924545,18.090482861934763,0.9996844773248077,max södermalm,2.4317800000000003,0.9996844773248077,4.8635600000000005,1.9993689546496154,9.727120000000001,1.199621372789769,19.454240000000002,7.3979806548787685,clear
59.31922274468855,18.041732222143565,1.7096052476632388,max kungsholmen,1.0226,1.7096052476632388,2.0452,3.4192104953264777,4.0904,2.0515262971958865,8.1808,11.94147358504473,clear
59.33191481244146,18.011805098186105,1.1922349786450146,max kungsholmen,1.6056400000000002,1.1922349786450146,3.2112800000000004,2.384469957290029,6.422560000000001,1.4306819743740176,12.845120000000001,8.630303863328093,clear
59.315623228692864,18.03667401702076,2.0407298748958462,max kungsholmen,2.0324400000000002,2.0407298748958462,4.0648800000000005,4.0814597497916925,8.129760000000001,2.4488758498750154,16.259520000000002,14.060671199333417,clear
59.35343014928692,18.093706227329907,2.596422830071746,max hamngatan,0.54641,2.596422830071746,1.09282,5.192845660143492,2.18564,3.115707396086095,4.37128,17.617106112459176,clear
59.35301723687583,18.082914845391628,2.142068910490693,max odenplan,1.66764,2.142068910490693,3.33528,4.284137820981386,6.67056,2.5704826925888318,13.34112,14.709241027140436,clear
59.337296322039336,18.07276570228706,0.48969681712018714,max hamngatan,1.18678,0.48969681712018714,2.37356,0.9793936342403743,4.74712,0.5876361805442245,9.49424,4.134059629569197,clear
59.33891961915882,18.102934271588435,1.880779520052019,max hamngatan,0.8898400000000001,1.880779520052019,1.7796800000000002,3.761559040104038,3.5593600000000003,2.256935424062423,7.118720000000001,13.03698892833292,clear
59.33160905782344,18.081209998895872,0.5414070123825033,max hamngatan,1.7221300000000002,0.5414070123825033,3.4442600000000003,1.0828140247650067,6.888520000000001,0.6496884148590041,13.777040000000001,4.4650048792480215,clear
59.33230085592984,18.008476795370278,1.373145308850305,max kungsholmen,0.8743500000000001,1.373145308850305,1.7487000000000001,2.74629061770061,3.4974000000000003,1.647774370620366,6.994800000000001,9.788129976641951,clear
59.30896464922767,18.062251349354344,0.9678338890570402,max södermalm,1.52947,0.9678338890570402,3.05894,1.9356677781140803,6.11788,1.1614006668684482,12.23576,7.194136889965057,clear
59.30710875948464,18.06185557214764,1.1473549036907553,max södermalm,1.1263299999999998,1.1473549036907553,2.2526599999999997,2.2947098073815106,4.505319999999999,1.3768258844289063,9.010639999999999,8.343071383620835,clear
59.334454533579624,18.089839891484697,1.0270511468843009,max hamngatan,1.7087,1.0270511468843009,3.4174,2.0541022937686018,6.8348,1.2324613762611611,13.6696,7.573127340059526,clear
59.30754649270748,18.069198868966517,0.9309318343602778,max södermalm,1.71341,0.9309318343602778,3.42682,1.8618636687205556,6.85364,1.1171182012323335,13.70728,6.957963739905779,clear
59.33305939132169,18.024208642471695,0.47480091544520864,max kungsholmen,0.9846900000000001,0.47480091544520864,1.9693800000000001,0.9496018308904173,3.9387600000000007,0.5697610985342504,7.877520000000001,4.038725858849335,clear
59.340607849862664,18.06578876142076,0.5982929370380279,max hötorget,1.0856199999999998,0.5982929370380279,2.1712399999999996,1.1965858740760558,4.342479999999999,0.7179515244456335,8.684959999999998,4.829074797043378,clear
59.341074665828565,18.045369908782266,0.3762118877818194,max odenplan,2.05734,0.3762118877818194,4.11468,0.7524237755636388,8.22936,0.4514542653381833,16.45872,3.4077560818036443,clear
59.31875276321954,18.068882042442823,0.41838800776040586,max södermalm,1.86102,0.41838800776040586,3.72204,0.8367760155208117,7.44408,0.502065609312487,14.88816,3.6776832496665977,clear
59.342954308340865,18.063625349035497,0.7043710297207205,max odenplan,0.90295,0.7043710297207205,1.8059,1.408742059441441,3.6118,0.8452452356648645,7.2236,5.507974590212611,clear
59.34880502916215,18.081170510421625,1.8228530855963887,max hötorget,1.67553,1.8228530855963887,3.35106,3.6457061711927774,6.70212,2.1874237027156664,13.40424,12.666259747816888,clear
59.34223041203964,18.055349699878732,0.23603611079433193,max odenplan,1.4924600000000001,0.23603611079433193,2.9849200000000002,0.47207222158866385,5.9698400000000005,0.2832433329531983,11.939680000000001,2.5106311090837243,clear
59.33220734306093,18.0977452525434,1.464780631317364,max hamngatan,1.03791,1.464780631317364,2.07582,2.929561262634728,4.15164,1.7577367575808367,8.30328,10.374596040431129,clear
59.33449918617851,18.016870160259707,0.8883067834547037,max kungsholmen,1.60392,0.8883067834547037,3.20784,1.7766135669094074,6.41568,1.0659681401456444,12.83136,6.685163414110104,clear
59.3112450549403,18.057852352285582,0.9966588050884678,max södermalm,2.36464,0.9966588050884678,4.72928,1.9933176101769357,9.45856,1.1959905661061614,18.91712,7.378616352566194,clear
59.32876222626871,18.021016079224026,0.8589766370701013,max kungsholmen,2.17957,0.8589766370701013,4.35914,1.7179532741402026,8.71828,1.0307719644841216,17.43656,6.497450477248648,clear
59.34265074306727,18.033754145587547,0.4729855014499322,max karolinska,1.84553,0.4729855014499322,3.69106,0.9459710028998644,7.38212,0.5675826017399186,14.76424,4.027107209279566,clear
59.33577159519841,18.021573596377625,0.6547320931328549,max kungsholmen,1.34253,0.6547320931328549,2.68506,1.3094641862657097,5.37012,0.7856785117594258,10.74024,5.190285396050271,clear
59.35480759246205,18.08478158457878,2.3419271855854573,max odenplan,2.2699499999999997,2.3419271855854573,4.539899999999999,4.683854371170915,9.079799999999999,2.810312622702549,18.159599999999998,15.988333987746927,clear
59.34977696860938,18.07311777829549,1.478047361379621,max odenplan,1.8684100000000001,1.478047361379621,3.7368200000000003,2.956094722759242,7.4736400000000005,1.7736568336555454,14.947280000000001,10.459503112829575,clear
59.33538072456491,18.006180126143857,1.503620273456303,max kungsholmen,1.40281,1.503620273456303,2.80562,3.007240546912606,5.61124,1.8043443281475635,11.22248,10.623169750120338,clear
59.33543957574296,18.07534629414797,0.33804429513663403,max hamngatan,1.71076,0.33804429513663403,3.42152,0.6760885902732681,6.84304,0.40565315416396086,13.68608,3.1634834888744576,clear
59.33368384705289,18.07800667402518,0.34975041462806605,max hamngatan,2.65844,0.34975041462806605,5.31688,0.6995008292561321,10.63376,0.4197004975536793,21.26752,3.2384026536196227,clear
59.33670053794754,18.08748916597553,0.9747231980005581,max hamngatan,1.66861,0.9747231980005581,3.33722,1.9494463960011161,6.67444,1.1696678376006697,13.34888,7.238228467203571,clear
59.31120690648442,18.063036182785424,0.7570120618132796,max södermalm,0.65206,0.7570120618132796,1.30412,1.5140241236265592,2.60824,0.9084144741759356,5.21648,5.844877195604989,clear
59.336147496705834,18.09450000893703,1.3276045040446633,max hamngatan,2.06545,1.3276045040446633,4.1309,2.6552090080893267,8.2618,1.593125404853596,16.5236,9.496668825885845,clear
59.34167082006468,18.039295097894264,0.6758994552220146,max karolinska,1.1519000000000001,0.6758994552220146,2.3038000000000003,1.3517989104440291,4.607600000000001,0.8110793462664174,9.215200000000001,5.3257565134208935,clear
59.318049489449365,18.02702734252904,1.782641391319103,max kungsholmen,0.88175,1.782641391319103,1.7635,3.565282782638206,3.527,2.1391696695829236,7.054,12.40890490444226,clear
59.336195159004454,18.029573657247777,0.31093473714013675,max kungsholmen,1.2280799999999998,0.31093473714013675,2.4561599999999997,0.6218694742802735,4.912319999999999,0.37312168456816414,9.824639999999999,2.9899823176968754,clear
59.34953420927009,18.08869183107448,2.079499077195451,max hamngatan,1.3103,2.079499077195451,2.6206,4.158998154390902,5.2412,2.495398892634541,10.4824,14.308794094050887,clear
59.345625703736395,18.111315287578464,2.6454271478501075,max hamngatan,2.50611,2.6454271478501075,5.01222,5.290854295700215,10.02444,3.1745125774201286,20.04888,17.930733746240687,clear
59.34693230024203,18.108362283187763,2.5901097073060195,max hamngatan,1.79625,2.5901097073060195,3.5925,5.180219414612039,7.185,3.1081316487672233,14.37,17.576702126758526,clear
59.3386946024287,18.09004468621096,1.20974986541319,max hamngatan,2.00623,1.20974986541319,4.01246,2.41949973082638,8.02492,1.451699838495828,16.04984,8.742399138644416,clear
59.30432608948259,18.073070654711284,1.2632459085055294,max södermalm,1.93721,1.2632459085055294,3.87442,2.526491817011059,7.74884,1.5158950902066355,15.49768,9.084773814435389,clear
59.34836938474869,18.1021658019571,2.4292063033853935,max hamngatan,2.1769600000000002,2.4292063033853935,4.3539200000000005,4.858412606770787,8.707840000000001,2.9150475640624722,17.415680000000002,16.546920341666517,clear
59.33591492719308,18.099505080233172,1.5980531042472428,max hamngatan,1.43895,1.5980531042472428,2.8779,3.1961062084944856,5.7558,1.9176637250966913,11.5116,11.227539867182355,clear
59.33261063210448,18.060872567872856,0.3356470893123677,max hötorget,1.60052,0.3356470893123677,3.20104,0.6712941786247354,6.40208,0.4027765071748412,12.80416,3.148141371599153,clear
59.34064487511992,18.10114162737223,1.866262984904681,max hamngatan,0.7729600000000001,1.866262984904681,1.5459200000000002,3.732525969809362,3.0918400000000004,2.239515581885617,6.183680000000001,12.944083103389957,clear
59.3349846677412,18.08037702352846,0.5270902943400556,max hamngatan,1.7746,0.5270902943400556,3.5492,1.0541805886801112,7.0984,0.6325083532080668,14.1968,4.373377883776356,clear
59.32992532548765,18.0033827507623,1.708574230399455,max kungsholmen,0.59158,1.708574230399455,1.18316,3.41714846079891,2.36632,2.050289076479346,4.73264,11.934875074556512,clear
59.31847474648132,18.055739591646315,1.03514051179436,max södermalm,1.00771,1.03514051179436,2.01542,2.07028102358872,4.03084,1.242168614153232,8.06168,7.624899275483903,clear
59.3083406544745,18.083262895767692,1.001561767189165,max södermalm,2.24631,1.001561767189165,4.49262,2.00312353437833,8.98524,1.201874120626998,17.97048,7.409995310010656,clear
59.308438446735174,18.056725048588806,1.230644837113233,max södermalm,1.1002,1.230644837113233,2.2004,2.461289674226466,4.4008,1.4767738045358798,8.8016,8.876126957524692,clear
59.328291358995436,18.036529602578526,0.6580640826010747,max kungsholmen,1.9818099999999998,0.6580640826010747,3.9636199999999997,1.3161281652021495,7.927239999999999,0.7896768991212897,15.854479999999999,5.211610128646878,clear
59.31556063664421,18.074571788492182,0.08650893268045161,max södermalm,0.61971,0.08650893268045161,1.23942,0.17301786536090322,2.47884,0.10381071921654192,4.95768,1.5536571691548904,clear
59.355530280779746,18.08391706283647,2.3504912198799435,max odenplan,2.74105,2.3504912198799435,5.4821,4.700982439759887,10.9642,2.8205894638559323,21.9284,16.043143807231637,clear
59.31237709143404,18.063462691790917,0.6583191647879961,max södermalm,1.87701,0.6583191647879961,3.75402,1.3166383295759923,7.508039999999999,0.7899829977455953,15.016079999999999,5.213242654643175,clear
59.34163626113505,18.0616014550646,0.5978896892433467,max odenplan,1.073,0.5978896892433467,2.146,1.1957793784866935,4.292,0.7174676270920161,8.584,4.826494011157419,clear
59.333239476210785,18.06791611653594,0.23796859613487703,max hamngatan,2.20179,0.23796859613487703,4.40358,0.47593719226975406,8.80716,0.28556231536185245,17.61432,2.522999015263213,clear
59.33658741185876,18.08785226006826,0.9881145157766896,max hamngatan,1.32413,0.9881145157766896,2.64826,1.9762290315533793,5.29652,1.1857374189320276,10.59304,7.323932900970814,clear
59.35093939268976,18.058613878930977,1.0185144264015888,max odenplan,1.84211,1.0185144264015888,3.68422,2.0370288528031777,7.36844,1.2222173116819066,14.73688,7.518492328970169,clear
59.31295785438301,18.038357212796836,1.9996123703087951,max södermalm,2.17947,1.9996123703087951,4.35894,3.9992247406175903,8.71788,2.399534844370554,17.43576,13.797519169976288,clear
59.344508627182016,18.062847027038003,0.6923488848035962,max odenplan,1.3451600000000001,0.6923488848035962,2.6903200000000003,1.3846977696071925,5.3806400000000005,0.8308186617643155,10.761280000000001,5.431032862743016,clear
59.31867116408713,18.071300398523597,0.34958531179794344,max södermalm,2.22671,0.34958531179794344,4.45342,0.6991706235958869,8.90684,0.41950237415753217,17.81368,3.237345995506838,clear
59.33733029608576,18.09549858969606,1.42239067944118,max hamngatan,1.95841,1.42239067944118,3.91682,2.84478135888236,7.833639999999999,1.706868815329416,15.667279999999998,10.103300348423552,clear
59.34162006716288,18.074565868401933,0.966857501781401,max hötorget,2.09776,0.966857501781401,4.19552,1.933715003562802,8.39104,1.160229002137681,16.78208,7.1878880114009664,clear
59.33229423594917,18.03963453304158,0.44416113920558936,max kungsholmen,2.52062,0.44416113920558936,5.04124,0.8883222784111787,10.08248,0.5329933670467072,20.16496,3.842631290915772,clear
59.30417968487419,18.07822631049121,1.3128701558185571,max södermalm,1.79761,1.3128701558185571,3.59522,2.6257403116371143,7.19044,1.5754441869822686,14.38088,9.402368997238765,clear
59.33881252524212,18.06339568187444,0.3718754143738135,max hötorget,1.77433,0.3718754143738135,3.54866,0.743750828747627,7.09732,0.4462504972485762,14.19464,3.3800026519924065,clear
59.32893519517894,18.039058237301195,0.6618418869001809,max kungsholmen,2.73063,0.6618418869001809,5.46126,1.3236837738003617,10.92252,0.7942102642802171,21.84504,5.235788076161158,clear
59.328663246492496,18.029009214571445,0.6055829987845769,max kungsholmen,1.3257,0.6055829987845769,2.6514,1.2111659975691538,5.3028,0.7266995985414924,10.6056,4.875731192221292,clear
59.344582551429774,18.099149327566703,2.016891497517515,max hamngatan,1.38707,2.016891497517515,2.77414,4.03378299503503,5.54828,2.420269797021018,11.09656,13.908105584112096,clear
59.33558225852428,18.08711350564711,0.9074450856718522,max hamngatan,2.1663,0.9074450856718522,4.3326,1.8148901713437045,8.6652,1.0889341028062227,17.3304,6.807648548299854,clear
59.31058551619144,18.065923171414337,0.6970024028370426,max södermalm,1.80865,0.6970024028370426,3.6173,1.3940048056740852,7.2346,0.8364028834044511,14.4692,5.460815378157073,clear
59.31782497827224,18.08736944493278,0.8492675206709138,max södermalm,1.08107,0.8492675206709138,2.16214,1.6985350413418276,4.32428,1.0191210248050966,8.64856,6.4353121322938485,clear
59.34334163600033,18.046638155378293,0.27592151407618076,max odenplan,2.1616999999999997,0.27592151407618076,4.3233999999999995,0.5518430281523615,8.646799999999999,0.33110581689141694,17.293599999999998,2.7658976900875567,clear
59.33547337248788,18.067418770679936,0.27943801667197676,max hötorget,2.2208200000000002,0.27943801667197676,4.4416400000000005,0.5588760333439535,8.883280000000001,0.3353256200063721,17.766560000000002,2.7884033067006513,clear
59.34408599691948,18.096877360519215,1.8828280678854463,max hamngatan,2.28534,1.8828280678854463,4.57068,3.7656561357708926,9.14136,2.2593936814625355,18.28272,13.050099634466857,clear
59.33706317021566,18.05402423312593,0.5131670172061289,max hötorget,0.9326599999999999,0.5131670172061289,1.8653199999999999,1.0263340344122578,3.7306399999999997,0.6158004206473547,7.4612799999999995,4.284268910119225,clear
59.3155611396734,18.072278419736048,0.046379854064767086,max södermalm,0.92691,0.046379854064767086,1.85382,0.09275970812953417,3.70764,0.0556558248777205,7.41528,1.2968310660145095,clear
59.34918617420871,18.084330356472577,1.942613481659009,max hamngatan,1.48061,1.942613481659009,2.96122,3.885226963318018,5.92244,2.331136177990811,11.84488,13.432726282617658,clear
59.31473812725213,18.07365707990659,0.10867180064357948,max södermalm,2.82497,0.10867180064357948,5.64994,0.21734360128715896,11.29988,0.1304061607722954,22.59976,1.6954995241189086,clear
59.33136397297565,18.059464977983556,0.4928079134678637,max hötorget,1.73277,0.4928079134678637,3.46554,0.9856158269357274,6.93108,0.5913694961614364,13.86216,4.1539706461943275,clear
59.32908632975194,18.076126670262177,0.48567344800747697,max hamngatan,1.94395,0.48567344800747697,3.8879,0.9713468960149539,7.7758,0.5828081376089723,15.5516,4.108310067247853,clear
59.30875980867154,18.06531493871159,0.8870077660796251,max södermalm,1.0176399999999999,0.8870077660796251,2.0352799999999998,1.7740155321592501,4.0705599999999995,1.06440931929555,8.141119999999999,6.6768497029096,clear
59.31593467170473,18.031972301327006,1.9917685554715285,max kungsholmen,2.18,1.9917685554715285,4.36,3.983537110943057,8.72,2.390122266565834,17.44,13.747318755017783,clear
59.336287022209426,18.00347314256936,1.6703906094156584,max kungsholmen,1.18608,1.6703906094156584,2.37216,3.340781218831317,4.74432,2.00446873129879,9.48864,11.690499900260214,clear
59.33162088595334,18.00870430665936,1.3717460535207762,max kungsholmen,1.9645,1.3717460535207762,3.929,2.7434921070415523,7.857999999999999,1.6460952642249314,15.715999999999998,9.779174742532968,clear
59.3123495504346,18.06735353953231,0.4922842773430645,max södermalm,1.54331,0.4922842773430645,3.08662,0.984568554686129,6.17324,0.5907411328116774,12.34648,4.150619374995613,clear
59.34585865934872,18.089882327624217,1.7632141992284862,max hamngatan,2.09047,1.7632141992284862,4.18094,3.5264283984569724,8.36188,2.1158570390741835,16.72376,12.284570875062311,clear
59.33292329819194,18.075914058135826,0.22001829128653752,max hamngatan,2.0770399999999998,0.22001829128653752,4.1540799999999996,0.44003658257307504,8.308159999999999,0.264021949543845,16.616319999999998,2.4081170642338403,clear
59.31164978842093,18.09940734844654,1.5654349008674615,max södermalm,2.3703600000000002,1.5654349008674615,4.7407200000000005,3.130869801734923,9.481440000000001,1.8785218810409536,18.962880000000002,11.018783365551753,clear
59.352833862102834,18.08807919224012,2.3845275302576603,max odenplan,1.82951,2.3845275302576603,3.65902,4.769055060515321,7.31804,2.861433036309192,14.63608,16.260976193649025,clear
59.33537392052264,18.03861796959947,0.39336486760447614,max kungsholmen,1.78226,0.39336486760447614,3.56452,0.7867297352089523,7.12904,0.4720378411253714,14.25808,3.517535152668647,clear
59.33141661983554,18.020715128807474,0.717669768016448,max kungsholmen,1.31992,0.717669768016448,2.63984,1.435339536032896,5.27968,0.8612037216197376,10.55936,5.593086515305267,clear
59.34236757191142,18.097867198835324,1.8076877962415432,max hamngatan,1.92348,1.8076877962415432,3.84696,3.6153755924830864,7.69392,2.1692253554898517,15.38784,12.569201895945877,clear
59.31246274295727,18.040563362369806,1.8851753525532333,max södermalm,1.24586,1.8851753525532333,2.49172,3.7703507051064666,4.98344,2.26221042306388,9.96688,13.065122256340693,clear
59.33790548407376,18.095202599244132,1.4302479156215546,max hamngatan,2.1086799999999997,1.4302479156215546,4.217359999999999,2.8604958312431092,8.434719999999999,1.7162974987458655,16.869439999999997,10.15358665997795,clear
59.35188279676988,18.103638713227422,2.7741399683989645,max hamngatan,2.65213,2.7741399683989645,5.30426,5.548279936797929,10.60852,3.3289679620787576,21.21704,18.75449579775337,clear
59.3400804176704,18.114505228864054,2.5447584138157877,max hamngatan,1.47807,2.5447584138157877,2.95614,5.089516827631575,5.91228,3.053710096578945,11.82456,17.28645384842104,clear
59.35590535833594,18.08806765978093,2.5651352081829057,max odenplan,1.55877,2.5651352081829057,3.11754,5.1302704163658115,6.23508,3.0781622498194867,12.47016,17.416865332370598,clear
59.33592434508949,18.00125010727199,1.7895544839734903,max kungsholmen,1.1511300000000002,1.7895544839734903,2.3022600000000004,3.5791089679469805,4.604520000000001,2.1474653807681885,9.209040000000002,12.453148697430338,clear
59.33057127885062,18.026527238158007,0.49279846520006476,max kungsholmen,2.01682,0.49279846520006476,4.03364,0.9855969304001295,8.06728,0.5913581582400778,16.13456,4.153910177280414,clear
59.334636675252774,18.028118146413437,0.2614504203391061,max kungsholmen,0.18899000000000002,0.2614504203391061,0.37798000000000004,0.5229008406782122,0.7559600000000001,0.31374050440692736,1.5119200000000002,2.673282690170279,clear
59.31049348197288,18.058173886033877,1.0253879159482462,max södermalm,2.80771,1.0253879159482462,5.61542,2.0507758318964924,11.23084,1.2304654991378956,22.46168,7.562482662068776,clear
59.339490659400084,18.101209088137736,1.8140756340184623,max hamngatan,2.98047,1.8140756340184623,5.96094,3.6281512680369246,11.92188,2.176890760822155,23.84376,12.610084057718158,clear
59.33693690155487,18.057382214652343,0.3325530319421372,max hötorget,2.39513,0.3325530319421372,4.79026,0.6651060638842744,9.58052,0.39906363833056463,19.16104,3.128339404429678,clear
59.34140741094416,18.052797340675852,0.15909563713366318,max odenplan,2.30553,0.15909563713366318,4.61106,0.31819127426732635,9.22212,0.1909147645603958,18.44424,2.0182120776554444,clear
59.353817348870436,18.10298940688596,2.919140083978359,max hamngatan,1.2538,2.919140083978359,2.5076,5.838280167956718,5.0152,3.5029681007740305,10.0304,19.682496537461496,clear
59.314317527338495,18.069908314118422,0.23433138346518803,max södermalm,1.19367,0.23433138346518803,2.38734,0.46866276693037606,4.77468,0.2811976601582256,9.54936,2.4997208541772036,clear
59.333290442573784,18.08891257756876,0.9607876733249621,max hamngatan,1.28633,0.9607876733249621,2.57266,1.9215753466499241,5.14532,1.1529452079899545,10.29064,7.149041109279757,clear
59.34691675946127,18.061689448378946,0.7633871478278065,max odenplan,0.9488099999999999,0.7633871478278065,1.8976199999999999,1.526774295655613,3.7952399999999993,0.9160645773933678,7.590479999999999,5.8856777460979615,clear
59.33202414054671,18.04308503585011,0.638952483473799,max kungsholmen,2.6218600000000003,0.638952483473799,5.243720000000001,1.277904966947598,10.487440000000001,0.7667429801685587,20.974880000000002,5.089295894232313,clear
59.33483177977077,18.074095588450096,0.24316852774732575,max hamngatan,1.61307,0.24316852774732575,3.22614,0.4863370554946515,6.45228,0.2918022332967909,12.90456,2.556278577582885,clear
59.339028095186286,18.041174373112014,0.6988138425771038,max odenplan,2.36721,0.6988138425771038,4.73442,1.3976276851542075,9.46884,0.8385766110925246,18.93768,5.472408592493464,clear
59.33536106027613,18.08593206923111,0.8358428279872008,max hamngatan,0.6562,0.8358428279872008,1.3124,1.6716856559744016,2.6248,1.003011393584641,5.2496,6.349394099118085,clear
59.344170379592356,18.061878290841154,0.6286140382344129,max odenplan,1.5236800000000001,0.6286140382344129,3.0473600000000003,1.2572280764688257,6.094720000000001,0.7543368458812955,12.189440000000001,5.023129844700242,clear
59.351477594038805,18.095566093934096,2.463063367004661,max hamngatan,0.66232,2.463063367004661,1.32464,4.926126734009322,2.64928,2.955676040405593,5.29856,16.76360554882983,clear
59.33262881812146,18.009915267229978,1.2876667436205043,max kungsholmen,1.19124,1.2876667436205043,2.38248,2.5753334872410085,4.76496,1.545200092344605,9.52992,9.241067159171227,clear
59.35686951579246,18.086792551888724,2.5712220034616977,max odenplan,0.9305800000000001,2.5712220034616977,1.8611600000000001,5.142444006923395,3.7223200000000003,3.085466404154037,7.444640000000001,17.455820822154866,clear
59.31766487928904,18.064917062129396,0.5147622639245499,max södermalm,3.00327,0.5147622639245499,6.00654,1.0295245278490999,12.01308,0.61771471670946,24.02616,4.29447848911712,clear
59.318545958079625,18.087273931396723,0.870344971843518,max södermalm,1.70168,0.870344971843518,3.40336,1.740689943687036,6.80672,1.0444139662122216,13.61344,6.570207819798515,clear
59.31911254599214,18.02517453079671,1.6887278351945632,max kungsholmen,1.6340899999999998,1.6887278351945632,3.2681799999999996,3.3774556703891263,6.536359999999999,2.0264734022334756,13.072719999999999,11.807858145245204,clear
59.339211130812046,18.050569164495023,0.37985672610373844,max odenplan,1.42823,0.37985672610373844,2.85646,0.7597134522074769,5.71292,0.45582807132448616,11.42584,3.431083047063926,clear
59.340149785190455,18.036616733572124,0.745302031902634,max kungsholmen,1.9052200000000001,0.745302031902634,3.8104400000000003,1.490604063805268,7.62088,0.8943624382831609,15.24176,5.769933004176858,clear
59.334916443392316,18.08924868995114,1.004037349671753,max hamngatan,0.66653,1.004037349671753,1.33306,2.008074699343506,2.66612,1.2048448196061037,5.33224,7.42583903789922,clear
59.331377313816105,18.032069363568752,0.2720142067963236,max kungsholmen,1.51602,0.2720142067963236,3.03204,0.5440284135926472,6.06408,0.3264170481555883,12.12816,2.740890923496471,clear
59.35815090864257,18.09893909806757,3.2006118570316486,max hamngatan,2.12696,3.2006118570316486,4.25392,6.401223714063297,8.50784,3.8407342284379786,17.01568,21.483915885002553,clear
59.34229393831051,18.09084044518453,1.4950708068881544,max hamngatan,0.7132000000000001,1.4950708068881544,1.4264000000000001,2.990141613776309,2.8528000000000002,1.7940849682657853,5.7056000000000004,10.568453164084188,clear
59.35574327567131,18.09551877708022,2.8723376562505893,max hamngatan,1.0371199999999998,2.8723376562505893,2.0742399999999996,5.744675312501179,4.148479999999999,3.4468051875007073,8.296959999999999,19.38296100000377,clear
59.3380075454657,18.058603743803648,0.35653868912421477,max hötorget,0.8357,0.35653868912421477,1.6714,0.7130773782484295,3.3428,0.4278464269490577,6.6856,3.2818476103949745,clear
59.31516768443375,18.042922394210773,1.7175777088782127,max södermalm,1.62883,1.7175777088782127,3.25766,3.4351554177564254,6.51532,2.061093250653855,13.03064,11.992497336820561,clear
59.33631421368363,18.03424173181622,0.2973707478048633,max kungsholmen,1.42207,0.2973707478048633,2.84414,0.5947414956097266,5.68828,0.3568448973658359,11.37656,2.903172785951125,clear
59.333299532647864,18.055726346460737,0.4576329277390963,max hötorget,1.67232,0.4576329277390963,3.34464,0.9152658554781926,6.68928,0.5491595132869156,13.37856,3.928850737530216,clear
59.34578285210242,18.043478212990852,0.5673702802018653,max odenplan,1.8046,0.5673702802018653,3.6092,1.1347405604037306,7.2184,0.6808443362422384,14.4368,4.631169793291938,clear
59.33646328965787,18.057755998077653,0.29083189328778486,max hötorget,1.19557,0.29083189328778486,2.39114,0.5816637865755697,4.78228,0.34899827194534183,9.56456,2.861324117041823,clear
59.30835168595747,18.084869961194173,1.0563168552708966,max södermalm,1.59197,1.0563168552708966,3.18394,2.112633710541793,6.36788,1.267580226325076,12.73576,7.760427873733738,clear
59.314945623149086,18.06103222758594,0.6900301063621355,max södermalm,2.27848,0.6900301063621355,4.55696,1.380060212724271,9.11392,0.8280361276345626,18.22784,5.416192680717667,clear
59.314990015067565,18.03846603864776,1.9719077822771118,max södermalm,1.76436,1.9719077822771118,3.52872,3.9438155645542237,7.05744,2.366289338732534,14.11488,13.620209806573516,clear
59.34430003399305,18.077213742266494,1.2884616327307665,max hötorget,1.68791,1.2884616327307665,3.37582,2.576923265461533,6.75164,1.5461539592769198,13.50328,9.246154449476906,clear
59.319632589312135,18.06105813558991,0.814187910135937,max södermalm,1.92659,0.814187910135937,3.85318,1.628375820271874,7.706359999999999,0.9770254921631244,15.412719999999998,6.210802624869997,clear
59.34441107227189,18.08140159603129,1.38679879473023,max hamngatan,2.1451,1.38679879473023,4.2902,2.77359758946046,8.5804,1.6641585536762762,17.1608,9.875512286273473,clear
59.32863112741894,18.027620739367844,0.6385739495414975,max kungsholmen,1.69637,0.6385739495414975,3.39274,1.277147899082995,6.78548,0.766288739449797,13.57096,5.086873277065584,clear
59.33799223992317,18.06833120852856,0.43190758932948686,max hötorget,2.37452,0.43190758932948686,4.74904,0.8638151786589737,9.49808,0.5182891071953842,18.99616,3.764208571708716,clear
59.33673137009667,18.09270107606321,1.2499515879979177,max hamngatan,1.1535499999999999,1.2499515879979177,2.3070999999999997,2.4999031759958354,4.614199999999999,1.4999419055975012,9.228399999999999,8.999690163186674,clear
59.312115240729426,18.06777529311135,0.4972505591595057,max södermalm,2.0428800000000003,0.4972505591595057,4.0857600000000005,0.9945011183190114,8.171520000000001,0.5967006709914069,16.343040000000002,4.1824035786208364,clear
59.34549565449063,18.098906020064852,2.073650524811424,max hamngatan,2.42419,2.073650524811424,4.84838,4.147301049622848,9.69676,2.488380629773709,19.39352,14.271363358793113,clear
59.331966895625634,18.007669115510893,1.423684040739956,max kungsholmen,1.06649,1.423684040739956,2.13298,2.847368081479912,4.26596,1.7084208488879473,8.53192,10.111577860735718,clear
59.30918544078815,18.07505043376243,0.7306995254361929,max södermalm,0.82584,0.7306995254361929,1.65168,1.4613990508723858,3.30336,0.8768394305234314,6.60672,5.676476962791634,clear
59.309744960629544,18.066368391667872,0.7619597976097287,max södermalm,2.43986,0.7619597976097287,4.87972,1.5239195952194573,9.75944,0.9143517571316744,19.51888,5.876542704702263,clear
59.31572693782742,18.063908911530277,0.5215650392425925,max södermalm,2.0541,0.5215650392425925,4.1082,1.043130078485185,8.2164,0.625878047091111,16.4328,4.338016251152592,clear
59.32874102498724,18.038114315213605,0.6513718059758443,max kungsholmen,1.33706,0.6513718059758443,2.67412,1.3027436119516886,5.34824,0.7816461671710131,10.69648,5.1687795582454035,clear
59.33878903311524,18.07932645951339,0.774376161892205,max hamngatan,0.9487000000000001,0.774376161892205,1.8974000000000002,1.54875232378441,3.7948000000000004,0.9292513942706461,7.589600000000001,5.956007436110112,clear
59.31127047360663,18.055998734953604,1.0884104094948723,max södermalm,1.79576,1.0884104094948723,3.59152,2.1768208189897447,7.18304,1.3060924913938468,14.36608,7.965826620767183,clear
59.312483779255984,18.10173156962543,1.6705352041829926,max södermalm,1.71817,1.6705352041829926,3.43634,3.3410704083659852,6.87268,2.004642245019591,13.74536,11.691425306771151,clear
59.34094695807083,18.04781275744513,0.2694863857765131,max odenplan,2.7639899999999997,0.2694863857765131,5.5279799999999994,0.5389727715530263,11.055959999999999,0.32338366293181575,22.111919999999998,2.724712868969684,clear
59.316472834187245,18.06860676994124,0.26942630934406964,max södermalm,2.4753600000000002,0.26942630934406964,4.9507200000000005,0.5388526186881393,9.901440000000001,0.32331157121288356,19.802880000000002,2.7243283798020457,clear
59.33603721920926,18.03762921826379,0.38646641443730695,max kungsholmen,0.82011,0.38646641443730695,1.64022,0.7729328288746139,3.28044,0.4637596973247683,6.56088,3.4733850523987644,clear
59.31508060289451,18.050182341134956,1.3048671453490133,max södermalm,1.98676,1.3048671453490133,3.97352,2.6097342906980265,7.947039999999999,1.5658405744188157,15.894079999999999,9.351149730233685,clear
59.328756457945005,18.02947888989345,0.5875897519182488,max kungsholmen,0.90137,0.5875897519182488,1.80274,1.1751795038364976,3.60548,0.7051077023018986,7.21096,4.760574412276792,clear
59.33884128257669,18.085983092403055,1.0318429750831626,max hamngatan,1.14564,1.0318429750831626,2.29128,2.063685950166325,4.58256,1.238211570099795,9.16512,7.6037950405322405,clear
59.332893847542046,18.098635610445097,1.513318827846464,max hamngatan,0.94104,1.513318827846464,1.88208,3.026637655692928,3.76416,1.8159825934157567,7.52832,10.68524049821737,clear
59.31737088492708,18.060968688257393,0.7146509692147367,max södermalm,2.22539,0.7146509692147367,4.45078,1.4293019384294734,8.90156,0.8575811630576841,17.80312,5.573766202974315,clear
59.33976387943391,18.09311923686791,1.4212966915829477,max hamngatan,1.94638,1.4212966915829477,3.89276,2.8425933831658954,7.78552,1.7055560298995371,15.57104,10.096298826130866,clear
59.34925916571365,18.084261091184057,1.948793177664557,max hamngatan,2.49781,1.948793177664557,4.99562,3.897586355329114,9.99124,2.3385518131974683,19.98248,13.472276337053165,clear
59.31287125943623,18.046942038774283,1.5200378242213062,max södermalm,1.6043,1.5200378242213062,3.2086,3.0400756484426124,6.4172,1.8240453890655675,12.8344,10.72824207501636,clear
59.317992268499374,18.02166707321175,1.8656670478786304,max kungsholmen,2.34348,1.8656670478786304,4.68696,3.7313340957572607,9.37392,2.2388004574543565,18.74784,12.940269106423234,clear
59.33446100634138,18.00813170625279,1.3842645781023688,max kungsholmen,1.58918,1.3842645781023688,3.17836,2.7685291562047376,6.35672,1.6611174937228426,12.71344,9.85929329985516,clear
59.33608718378029,18.00882145028275,1.3667829191185572,max kungsholmen,2.25131,1.3667829191185572,4.50262,2.7335658382371144,9.00524,1.6401395029422687,18.01048,9.747410682358765,clear
59.34722602686704,18.04786745719504,0.5501917277106503,max odenplan,2.2351300000000003,0.5501917277106503,4.470260000000001,1.1003834554213006,8.940520000000001,0.6602300732527804,17.881040000000002,4.521227057348161,clear
59.33022043626528,18.077471861012416,0.4306445929151413,max hamngatan,2.50819,0.4306445929151413,5.01638,0.8612891858302826,10.03276,0.5167735114981695,20.06552,3.7561253946569044,clear
59.34122367348904,18.1023178586518,1.9555678423780156,max hamngatan,2.06202,1.9555678423780156,4.12404,3.9111356847560312,8.24808,2.346681410853619,16.49616,13.5156341912193,clear
59.32823584199655,18.04161574482654,0.8124017192456638,max kungsholmen,1.58922,1.8124017192456638,3.17844,3.6248034384913277,6.35688,2.1748820630947967,12.71376,12.599371003172248,intersects
59.33293814747485,18.080236932046887,0.46607909177789064,max hamngatan,1.19269,0.46607909177789064,2.38538,0.9321581835557813,4.77076,0.5592949101334688,9.54152,3.9829061873785,clear
59.34183278987301,18.080767179730593,1.1103909950220887,max hamngatan,2.6566,1.1103909950220887,5.3132,2.2207819900441774,10.6264,1.3324691940265063,21.2528,8.106502368141367,clear
59.33499103388023,18.08558550046991,0.8044223681126509,max hamngatan,1.7041600000000001,0.8044223681126509,3.4083200000000002,1.6088447362253018,6.8166400000000005,0.9653068417351811,13.633280000000001,6.148303155920965,clear
59.344743178830875,18.038166599888292,0.3686945265825641,max karolinska,1.9129200000000002,0.3686945265825641,3.8258400000000004,0.7373890531651281,7.65168,0.44243343189907686,15.30336,3.35964497012841,clear
59.34461549028183,18.03005507761252,0.3110753321449215,max karolinska,2.80679,0.3110753321449215,5.61358,0.622150664289843,11.22716,0.3732903985739058,22.45432,2.990882125727498,clear
59.31778486553915,18.08045217923753,0.4823007829791248,max södermalm,1.62924,0.4823007829791248,3.25848,0.9646015659582496,6.51696,0.5787609395749498,13.03392,4.086725011066399,clear
59.32882741492134,18.02713348647645,0.6316101525348374,max kungsholmen,1.1219400000000002,0.6316101525348374,2.2438800000000003,1.2632203050696749,4.487760000000001,0.7579321830418049,8.975520000000001,5.04230497622296,clear
59.32940289630013,18.028490083308885,0.5397513269562446,max kungsholmen,1.9335799999999999,0.5397513269562446,3.8671599999999997,1.0795026539124892,7.7343199999999985,0.6477015923474935,15.468639999999997,4.454408492519965,clear
59.333232059217295,18.010540535953997,1.2469740248742558,max kungsholmen,1.78456,1.2469740248742558,3.56912,2.4939480497485116,7.13824,1.496368829849107,14.27648,8.980633759195237,clear
59.34371887477804,18.046982243435362,0.2736634782812123,max odenplan,1.42981,0.2736634782812123,2.85962,0.5473269565624246,5.71924,0.32839617393745474,11.43848,2.7514462609997588,clear
59.3487991780939,18.058106522675782,0.7924954034028581,max odenplan,1.5972899999999999,0.7924954034028581,3.1945799999999998,1.5849908068057161,6.3891599999999995,0.9509944840834296,12.778319999999999,6.071970581778292,clear
59.344914671574706,18.0625661929569,0.6926723373774252,max odenplan,1.31213,0.6926723373774252,2.62426,1.3853446747548503,5.24852,0.8312068048529102,10.49704,5.433102959215521,clear
59.34312568506516,18.053757656590943,0.15329745005760292,max odenplan,2.08444,0.15329745005760292,4.16888,0.30659490011520585,8.33776,0.18395694006912353,16.67552,1.9811036803686588,clear
59.31196036146441,18.048193235793658,1.4754964725158377,max södermalm,1.90123,1.4754964725158377,3.80246,2.9509929450316754,7.604920000000001,1.7705957670190051,15.209840000000002,10.44317742410136,clear
59.347544742454986,18.100798821889814,2.3092536238930137,max hamngatan,2.25027,2.3092536238930137,4.50054,4.618507247786027,9.00108,2.7711043486716163,18.00216,15.779223192915287,clear
59.334908351422,18.045136682408355,0.7340683859550151,max kungsholmen,2.61643,0.7340683859550151,5.23286,1.4681367719100302,10.46572,0.8808820631460181,20.93144,5.698037670112097,clear
59.306193229401096,18.085517734266332,1.2714000005367352,max södermalm,1.34957,1.2714000005367352,2.69914,2.5428000010734704,5.39828,1.5256800006440823,10.79656,9.136960003435105,clear
59.34801610973685,18.106232438051915,2.571754554191135,max hamngatan,1.3183699999999998,2.571754554191135,2.6367399999999996,5.14350910838227,5.273479999999999,3.086105465029362,10.546959999999999,17.459229146823265,clear
59.337565546772815,18.0020819754903,1.7765323371285435,max kungsholmen,2.29476,1.7765323371285435,4.58952,3.553064674257087,9.17904,2.1318388045542522,18.35808,12.369806957622679,clear
59.31582944144827,18.065066483530764,0.455962774011882,max södermalm,2.0828699999999998,0.455962774011882,4.1657399999999996,0.911925548023764,8.331479999999999,0.5471553288142584,16.662959999999998,3.9181617536760447,clear
59.33523421390656,17.998427094105022,1.9411898279214623,max kungsholmen,0.67343,1.9411898279214623,1.34686,3.8823796558429247,2.69372,2.329427793505755,5.38744,13.423614898697359,clear
59.34722900040523,18.057333422481367,0.6203532226795102,max odenplan,0.97809,0.6203532226795102,1.95618,1.2407064453590204,3.91236,0.7444238672154122,7.82472,4.970260625148866,clear
59.34532125334191,18.08498809707479,1.5659213281956854,max hamngatan,1.44227,1.5659213281956854,2.88454,3.131842656391371,5.76908,1.8791055938348227,11.53816,11.021896500452387,clear
59.33553651096324,18.059420885286546,0.17582021782853952,max hötorget,1.07342,0.17582021782853952,2.14684,0.35164043565707903,4.29368,0.21098426139424742,8.58736,2.125249394102653,clear
59.34517056266134,18.100762375648973,2.1293084303537255,max hamngatan,1.50238,2.1293084303537255,3.00476,4.258616860707451,6.00952,2.5551701164244705,12.01904,14.627573954263843,clear
59.33182389522108,18.027276784220433,0.36708478407288864,max kungsholmen,2.69419,0.36708478407288864,5.38838,0.7341695681457773,10.77676,0.44050174088746635,21.55352,3.3493426180664874,clear
59.33165147187772,18.05494801492653,0.6078953369834873,max hötorget,1.0620999999999998,0.6078953369834873,2.1241999999999996,1.2157906739669746,4.248399999999999,0.7294744043801847,8.496799999999999,4.890530156694319,clear
59.336330961788285,18.016176621047446,0.9660910162121087,max kungsholmen,2.34051,0.9660910162121087,4.68102,1.9321820324242174,9.36204,1.1593092194545305,18.72408,7.182982503757495,clear
59.311417518490565,18.0598695268734,0.8881900409807372,max södermalm,2.03773,0.8881900409807372,4.07546,1.7763800819614743,8.15092,1.0658280491768846,16.30184,6.684416262276718,clear
59.31598800824988,18.073577725213454,0.046212041785985834,max södermalm,0.88691,0.046212041785985834,1.77382,0.09242408357197167,3.54764,0.055454450143183,7.09528,1.2957570674303094,clear
59.315652822696954,18.037614844848353,2.0189257615938296,max södermalm,1.8576199999999998,2.0189257615938296,3.7152399999999997,4.037851523187659,7.430479999999999,2.4227109139125953,14.860959999999999,13.921124874200508,clear
59.316925554363415,18.050896079506053,1.2703329436782882,max södermalm,1.2021300000000001,1.2703329436782882,2.4042600000000003,2.5406658873565764,4.808520000000001,1.5243995324139459,9.617040000000001,9.130130839541044,clear
59.35547581274878,18.09148684994744,2.7005271563552267,max odenplan,2.1673400000000003,2.7005271563552267,4.3346800000000005,5.401054312710453,8.669360000000001,3.2406325876262723,17.338720000000002,18.283373800673452,clear
59.343415699674665,18.061895525524616,0.6115921490886396,max odenplan,1.95922,0.6115921490886396,3.91844,1.2231842981772791,7.836879999999999,0.7339105789063675,15.673759999999998,4.914189754167293,clear
59.349865064766696,18.04664491429605,0.8320671567831033,max karolinska,0.56002,0.8320671567831033,1.12004,1.6641343135662066,2.24008,0.9984805881397238,4.48016,6.325229803411861,clear
59.31478654274257,18.044356749651236,1.6379367330657977,max södermalm,1.36667,1.6379367330657977,2.73334,3.2758734661315954,5.46668,1.965524079678957,10.93336,11.482795091621105,clear
59.35663473537686,18.097383482374582,3.009961924464366,max hamngatan,1.5174,3.009961924464366,3.0348,6.019923848928732,6.0696,3.6119543093572393,12.1392,20.263756316571943,clear
59.34778949640374,18.10155014618382,2.358808535145902,max hamngatan,0.53691,2.358808535145902,1.07382,4.717617070291804,2.14764,2.8305702421750825,4.29528,16.096374624933773,clear
59.32911375539719,18.03816148452915,0.6171210452429905,max kungsholmen,0.95474,0.6171210452429905,1.90948,1.234242090485981,3.81896,0.7405452542915886,7.63792,4.949574689555139,clear
59.34592211911109,18.111031277800876,2.6496919008183193,max hamngatan,2.48423,2.6496919008183193,4.96846,5.299383801636639,9.93692,3.1796302809819834,19.87384,17.958028165237245,clear
59.345630232310654,18.03458538993812,0.1599020053169504,max karolinska,2.09747,0.1599020053169504,4.19494,0.3198040106339008,8.38988,0.1918824063803405,16.77976,2.0233728340284824,clear
59.3297441171812,18.047003548925712,0.9458266225303018,max kungsholmen,1.55522,1.9458266225303018,3.11044,3.8916532450606036,6.22088,2.3349919470363623,12.44176,13.45329038419393,intersects
59.31668787739294,18.08279355476077,0.5655018418941024,max södermalm,0.60203,0.5655018418941024,1.20406,1.1310036837882047,2.40812,0.6786022102729229,4.81624,4.619211788122255,clear
59.335723954423585,18.084736317414613,0.7869923264761622,max hamngatan,2.31482,0.7869923264761622,4.62964,1.5739846529523245,9.25928,0.9443907917713947,18.51856,6.036750889447438,clear
59.33193433594363,18.086232425794087,0.8147147903301482,max hamngatan,1.74052,0.8147147903301482,3.48104,1.6294295806602963,6.96208,0.9776577483961777,13.92416,6.214174658112948,clear
59.333044756287,18.01774613906167,0.8395346364925397,max kungsholmen,0.91662,0.8395346364925397,1.83324,1.6790692729850794,3.66648,1.0074415637910477,7.33296,6.373021673552254,clear
59.35093902704965,18.064375309563538,1.1911492659288014,max odenplan,1.60623,1.1911492659288014,3.21246,2.382298531857603,6.42492,1.4293791191145617,12.84984,8.62335530194433,clear
59.31019992726684,18.07072420194056,0.6233420665369671,max södermalm,0.29496,0.6233420665369671,0.58992,1.2466841330739342,1.17984,0.7480104798443605,2.35968,4.9893892258365895,clear
59.309926347335306,18.07449619808838,0.6445373344322409,max södermalm,2.00826,0.6445373344322409,4.01652,1.2890746688644819,8.03304,0.7734448013186891,16.06608,5.125038940366342,clear
59.32005026920924,18.073360216319017,0.4887217897774852,max södermalm,1.7779200000000002,0.4887217897774852,3.5558400000000003,0.9774435795549704,7.111680000000001,0.5864661477329822,14.223360000000001,4.1278194545759055,clear
59.326497296095695,18.069274115355803,0.7322632863028736,max hamngatan,1.95992,,3.91984,,7.839680000000001,,15.679360000000003,,nogo
59.33441557615417,18.03368523848597,0.09852130929992725,max kungsholmen,1.5186300000000001,0.09852130929992725,3.0372600000000003,0.1970426185998545,6.074520000000001,0.11822557115991271,12.149040000000001,1.6305363795195345,clear
59.34159860909034,18.09752851118274,1.7431154599151653,max hamngatan,1.43514,1.7431154599151653,2.87028,3.4862309198303305,5.74056,2.091738551898198,11.48112,12.155938943457057,clear
59.347143185033424,18.058672596582255,0.6584017447683732,max odenplan,1.78286,0.6584017447683732,3.56572,1.3168034895367464,7.13144,0.7900820937220479,14.26288,5.2137711665175885,clear
59.33345040197269,18.03611273045697,0.21406937218560795,max kungsholmen,2.0780100000000004,0.21406937218560795,4.156020000000001,0.4281387443712159,8.312040000000001,0.25688324662272954,16.624080000000003,2.370043981987891,clear
59.32805575897834,18.05295846735817,0.9920946957001996,max hötorget,1.17153,0.9920946957001996,2.34306,1.9841893914003992,4.68612,1.1905136348402396,9.37224,7.349406052481278,clear
59.35029897835049,18.10296816348591,2.616446312285918,max hamngatan,1.88575,2.616446312285918,3.7715,5.232892624571836,7.543,3.1397355747431015,15.086,17.745256398629873,clear
59.34052210473199,18.110665463952582,2.3554919719647023,max hamngatan,2.06891,2.3554919719647023,4.13782,4.710983943929405,8.27564,2.826590366357643,16.55128,16.075148620574094,clear
59.33564935133278,18.017021916392302,0.8999269712549139,max kungsholmen,1.66266,0.8999269712549139,3.32532,1.7998539425098279,6.65064,1.0799123655058969,13.30128,6.75953261603145,clear
59.347333481936644,18.088644286848496,1.8632272966444758,max hamngatan,1.33771,1.8632272966444758,2.67542,3.7264545932889517,5.35084,2.235872755973371,10.70168,12.924654698524645,clear
59.33153951906975,18.014257220576273,1.0643336647772736,max kungsholmen,1.94344,1.0643336647772736,3.88688,2.1286673295545473,7.773759999999999,1.2772003977327284,15.547519999999999,7.811735454574551,clear
59.337948922336416,18.0145742251213,1.1152794734688263,max kungsholmen,3.1117,1.1152794734688263,6.2234,2.2305589469376526,12.4468,1.3383353681625914,24.8936,8.137788630200488,clear
59.31660583735852,18.046469579675588,1.5182574268518017,max södermalm,1.6813900000000002,1.5182574268518017,3.3627800000000003,3.0365148537036033,6.725560000000001,1.821908912222162,13.451120000000001,10.716847531851531,clear
59.33198868244166,18.092882048753754,1.1903318756258014,max hamngatan,1.4780499999999999,1.1903318756258014,2.9560999999999997,2.380663751251603,5.9121999999999995,1.4283982507509616,11.824399999999999,8.618124004005129,clear
59.30881071067857,18.083965238005955,0.984104178134555,max södermalm,0.98382,0.984104178134555,1.96764,1.96820835626911,3.9352800000000006,1.180925013761466,7.870560000000001,7.298266740061152,clear
59.33427974829053,18.082082501856313,0.5909769497600268,max hamngatan,2.2389699999999997,0.5909769497600268,4.477939999999999,1.1819538995200536,8.955879999999999,0.7091723397120322,17.911759999999997,4.782252478464171,clear
59.34360853454962,18.041627499353954,0.5597978443575907,max odenplan,0.32849,0.5597978443575907,0.65698,1.1195956887151814,1.31396,0.6717574132291089,2.62792,4.582706203888581,clear
59.34567775815834,18.036235110988027,0.21767313679855288,max karolinska,2.66377,0.21767313679855288,5.32754,0.43534627359710576,10.65508,0.2612077641582634,21.31016,2.3931080755107383,clear
59.335539681681304,18.06357748080763,0.06090889328600229,max hötorget,0.9965700000000001,0.06090889328600229,1.9931400000000001,0.12181778657200458,3.9862800000000007,0.07309067194320275,7.972560000000001,1.3898169170304147,clear
59.342842701903976,18.107000070865613,2.2758658783111163,max hamngatan,2.35821,2.2758658783111163,4.71642,4.551731756622233,9.43284,2.7310390539733396,18.86568,15.565541621191144,clear
59.30946090762716,18.05349549733412,1.31157732383267,max södermalm,1.93117,1.31157732383267,3.86234,2.62315464766534,7.72468,1.573892788599204,15.44936,9.394094872529088,clear
59.34209494323706,18.10391123651091,2.081803204082774,max hamngatan,2.16238,2.081803204082774,4.32476,4.163606408165548,8.64952,2.498163844899329,17.29904,14.323540506129754,clear
59.33524968561759,18.079359883188545,0.4906812235532886,max hamngatan,0.22218000000000002,0.4906812235532886,0.44436000000000003,0.9813624471065772,0.8887200000000001,0.5888174682639463,1.7774400000000001,4.140359830741047,clear
59.31908018134804,18.080802749539295,0.5820214370310957,max södermalm,1.2764000000000002,0.5820214370310957,2.5528000000000004,1.1640428740621913,5.105600000000001,0.6984257244373148,10.211200000000002,4.724937196999012,clear
59.31032982009981,18.06809766253148,0.6583567820707308,max södermalm,0.98649,0.6583567820707308,1.97298,1.3167135641414616,3.9459600000000004,0.790028138484877,7.891920000000001,5.213483405252677,clear
59.353449143126596,18.091611836930667,2.543924706463668,max hamngatan,1.2152,2.543924706463668,2.4304,5.087849412927336,4.8608,3.0527096477564015,9.7216,17.281118121367477,clear
59.31682868003896,18.097541817786983,1.3998015850063157,max södermalm,0.96657,1.3998015850063157,1.93314,2.7996031700126314,3.8662800000000006,1.6797619020075787,7.732560000000001,9.95873014404042,clear
59.3302877903977,18.050922736985196,0.879076099551203,max hötorget,0.50766,0.879076099551203,1.01532,1.758152199102406,2.03064,1.0548913194614435,4.06128,6.626087037127699,clear
59.3374879617815,18.00819709189836,1.43811403255542,max kungsholmen,1.6216400000000002,1.43811403255542,3.2432800000000004,2.87622806511084,6.486560000000001,1.725736839066504,12.973120000000002,10.203929808354689,clear
59.351131052391565,18.060732317647332,1.0921506298904446,max odenplan,0.31714,1.0921506298904446,0.63428,2.1843012597808893,1.26856,1.3105807558685336,2.53712,7.989764031298845,clear
59.313906717401125,18.06580142599075,0.4578146089660589,max södermalm,1.73645,0.4578146089660589,3.4729,0.9156292179321178,6.9458,0.5493775307592706,13.8916,3.930013497382777,clear
59.31515319496866,18.087365500434696,0.8162989276381969,max södermalm,1.09796,0.8162989276381969,2.19592,1.6325978552763938,4.39184,0.9795587131658362,8.78368,6.22431313688446,clear
59.31107192115643,18.067426948590995,0.6042040276683855,max södermalm,0.89528,0.6042040276683855,1.79056,1.208408055336771,3.58112,0.7250448332020627,7.16224,4.866905777077667,clear
59.336258719332186,18.033427975253336,0.27849195721199843,max kungsholmen,0.29305000000000003,0.27849195721199843,0.5861000000000001,0.5569839144239969,1.1722000000000001,0.3341903486543981,2.3444000000000003,2.78234852615679,clear
59.347602889105865,18.072291107506015,1.31964844888263,max odenplan,0.8505900000000001,1.31964844888263,1.7011800000000001,2.63929689776526,3.4023600000000003,1.583578138659156,6.8047200000000005,9.445750072848833,clear
59.34084243303464,18.06105775206033,0.5906769341157139,max odenplan,1.08385,0.5906769341157139,2.1677,1.1813538682314277,4.3354,0.7088123209388567,8.6708,4.780332378340569,clear
59.31429778989461,18.083804304550387,0.6302044236234959,max södermalm,0.72047,0.6302044236234959,1.44094,1.2604088472469919,2.88188,0.7562453083481951,5.76376,5.033308311190374,clear
59.35346889851916,18.09722196530643,2.7007885194953554,max hamngatan,0.5380900000000001,2.7007885194953554,1.0761800000000001,5.401577038990711,2.1523600000000003,3.240946223394426,4.3047200000000005,18.285046524770273,clear
59.345358896714124,18.063603412538683,0.7662337666632945,max odenplan,1.79507,0.7662337666632945,3.59014,1.532467533326589,7.18028,0.9194805199959534,14.36056,5.903896106645084,clear
59.33686619356462,18.024009419317178,0.587215175581103,max kungsholmen,0.53346,0.587215175581103,1.06692,1.174430351162206,2.13384,0.7046582106973236,4.26768,4.75817712371906,clear
59.33381249826587,18.043908349153693,0.6539439313433718,max kungsholmen,1.1165,0.6539439313433718,2.233,1.3078878626867436,4.466,0.7847327176120462,8.932,5.185241160597579,clear
59.34384579108673,18.029914921422456,0.3879234294359435,max karolinska,1.1209500000000001,0.3879234294359435,2.2419000000000002,0.775846858871887,4.4838000000000005,0.4655081153231322,8.967600000000001,3.4827099483900383,clear
59.32769389509278,18.02556840009545,0.7852890722334174,max kungsholmen,2.973,0.7852890722334174,5.946,1.5705781444668347,11.892,0.9423468866801008,23.784,6.0258500622938715,clear
59.343661403762695,18.079248145817758,1.2652477874384014,max hamngatan,1.3409,1.2652477874384014,2.6818,2.5304955748768028,5.3636,1.5182973449260817,10.7272,9.097585839605768,clear
59.306065300120515,18.0660458273699,1.1418103697081725,max södermalm,2.13962,1.1418103697081725,4.27924,2.283620739416345,8.55848,1.3701724436498068,17.11696,8.307586366132304,clear
59.350379328000976,18.060154444366486,1.003167841236723,max odenplan,3.1793,1.003167841236723,6.3586,2.006335682473446,12.7172,1.2038014094840677,25.4344,7.420274183915028,clear
59.34191284369389,18.04874325971611,0.1628146400440231,max odenplan,0.28564999999999996,0.1628146400440231,0.5712999999999999,0.3256292800880462,1.1425999999999998,0.19537756805282772,2.2851999999999997,2.0420136962817477,clear
59.33759552797639,18.012044539449498,1.23382054522558,max kungsholmen,1.02122,1.23382054522558,2.04244,2.46764109045116,4.08488,1.480584654270696,8.16976,8.896451489443711,clear
59.3453837046393,18.082170372294414,1.50364198687278,max hamngatan,3.20241,1.50364198687278,6.40482,3.00728397374556,12.80964,1.804370384247336,25.61928,10.623308715985791,clear
59.31812896197773,18.086437554658637,0.8093561519475465,max södermalm,1.59435,0.8093561519475465,3.1887,1.618712303895093,6.3774,0.9712273823370559,12.7548,6.179879372464297,clear
59.343236798315594,18.04883850049423,0.1551705471744598,max odenplan,1.5223900000000001,0.1551705471744598,3.0447800000000003,0.3103410943489196,6.0895600000000005,0.18620465660935176,12.179120000000001,1.9930915019165427,clear
59.349650020022224,18.094760176528933,2.268391041767542,max hamngatan,1.32281,2.268391041767542,2.64562,4.536782083535084,5.29124,2.7220692501210504,10.58248,15.51770266731227,clear
59.314167068184275,18.06333781151952,0.5786647334969759,max södermalm,1.42371,0.5786647334969759,2.84742,1.1573294669939518,5.69484,0.6943976801963712,11.38968,4.703454294380646,clear
59.34794524556244,18.038016363382386,0.2966004561657419,max karolinska,0.77532,0.2966004561657419,1.55064,0.5932009123314838,3.10128,0.3559205473988903,6.20256,2.898242919460748,clear
59.32860719981042,18.049329581130976,1.0739275179288836,max hötorget,0.6507000000000001,1.0739275179288836,1.3014000000000001,2.1478550358577673,2.6028000000000002,1.2887130215146605,5.2056000000000004,7.873136114744856,clear
59.33865306669558,18.018575182775237,0.9547713256809875,max kungsholmen,1.48525,0.9547713256809875,2.9705,1.909542651361975,5.941,1.145725590817185,11.882,7.11053648435832,clear
59.34328135136628,18.101310858932656,2.026511942667382,max hamngatan,1.73875,2.026511942667382,3.4775,4.053023885334764,6.955,2.4318143312008584,13.91,13.969676433071246,clear
59.33599610429623,17.997433530339165,2.0060493835694957,max kungsholmen,1.10793,2.0060493835694957,2.21586,4.012098767138991,4.43172,2.4072592602833947,8.86344,13.838716054844772,clear
59.314774442830796,18.098416424935888,1.4470547984059556,max södermalm,1.97019,1.4470547984059556,3.94038,2.8941095968119113,7.880760000000001,1.7364657580871468,15.761520000000003,10.261150709798116,clear
59.34938624477591,18.04549070347678,0.7509303920047076,max karolinska,2.81498,0.7509303920047076,5.62996,1.5018607840094151,11.25992,0.9011164704056491,22.51984,5.805954508830128,clear
59.3416070351946,18.07489541337724,0.9792474554983708,max hötorget,2.41481,0.9792474554983708,4.82962,1.9584949109967416,9.65924,1.1750969465980448,19.31848,7.267183715189573,clear
59.31372109678824,18.04759055019183,1.4669508606822212,max södermalm,3.0644699999999996,1.4669508606822212,6.128939999999999,2.9339017213644425,12.257879999999998,1.7603410328186655,24.515759999999997,10.388485508366216,clear
59.32986994375174,18.00199589349795,1.7865585438160394,max kungsholmen,2.3406100000000003,1.7865585438160394,4.681220000000001,3.573117087632079,9.362440000000001,2.143870252579247,18.724880000000002,12.43397468042265,clear
59.349838899430026,18.052348444743583,0.808512902109464,max odenplan,1.44429,0.808512902109464,2.88858,1.617025804218928,5.77716,0.9702154825313568,11.55432,6.17448257350057,clear
59.341243512620736,18.090288916205473,1.3922299894962633,max hamngatan,0.84651,1.3922299894962633,1.69302,2.7844599789925266,3.38604,1.670675987395516,6.77208,9.910271932776086,clear
59.32703555024592,18.019442313648042,1.0562315683561725,max kungsholmen,0.77831,1.0562315683561725,1.55662,2.112463136712345,3.11324,1.267477882027407,6.22648,7.759882037479504,clear
59.34204130277227,18.11580990643722,2.690021720121655,max hamngatan,0.6664,2.690021720121655,1.3328,5.38004344024331,2.6656,3.228026064145986,5.3312,18.21613900877859,clear
59.33466997563979,18.072842119413068,0.20056664779288555,max hamngatan,1.1855799999999999,0.20056664779288555,2.3711599999999997,0.4011332955857711,4.742319999999999,0.24067997735146265,9.484639999999999,2.2836265458744673,clear
59.33399151806285,18.094014083457544,1.2559714883921798,max hamngatan,0.61098,1.2559714883921798,1.22196,2.5119429767843595,2.44392,1.5071657860706158,4.88784,9.03821752570995,clear
59.34857331514679,18.040909199958943,0.4754377676947475,max karolinska,1.27099,0.4754377676947475,2.54198,0.950875535389495,5.08396,0.570525321233697,10.16792,4.042801713246384,clear
59.34339644631557,18.0280649596589,0.48757852326964335,max karolinska,2.53983,0.48757852326964335,5.07966,0.9751570465392867,10.15932,0.585094227923572,20.31864,4.120502548925717,clear
59.31389800912597,18.058979029866002,0.826106083829086,max södermalm,2.03119,0.826106083829086,4.06238,1.652212167658172,8.12476,0.9913273005949033,16.24952,6.28707893650615,clear
59.344298288415125,18.08051671550149,1.3565092323076695,max hamngatan,1.20355,1.3565092323076695,2.4071,2.713018464615339,4.8142,1.6278110787692033,9.6284,9.681659086769084,clear
59.33091198122693,18.04417671604385,0.7431692884475534,max kungsholmen,1.82595,,3.6519,,7.3038,,14.6076,,nogo
59.32051568814716,18.066723542028154,0.6499053270080598,max södermalm,1.14971,0.6499053270080598,2.29942,1.2998106540161196,4.59884,0.7798863924096717,9.19768,5.159394092851583,clear
59.34536125033092,18.108756861836078,2.507239706903933,max hamngatan,0.85552,2.507239706903933,1.71104,5.014479413807866,3.42208,3.0086876482847194,6.84416,17.046334124185172,clear
59.33778479415615,18.085089240365964,0.9192847954302926,max hamngatan,2.7525999999999997,0.9192847954302926,5.505199999999999,1.8385695908605852,11.010399999999999,1.103141754516351,22.020799999999998,6.883422690753873,clear
59.332716018086806,18.058569085092582,0.383203281705212,max hötorget,1.21646,0.383203281705212,2.43292,0.766406563410424,4.86584,0.4598439380462544,9.73168,3.452501002913357,clear
59.30878356075735,18.05758057578338,1.1686411079873988,max södermalm,1.48069,1.1686411079873988,2.96138,2.3372822159747977,5.92276,1.4023693295848787,11.84552,8.479303091119352,clear
59.3415883526032,18.075559543143928,0.9865757010768774,max hamngatan,2.53449,0.9865757010768774,5.06898,1.9731514021537548,10.13796,1.1838908412922529,20.27592,7.314084486892016,clear
59.34432576857057,18.09889262537316,1.9873301197591837,max hamngatan,3.09319,1.9873301197591837,6.18638,3.9746602395183674,12.37276,2.3847961437110206,24.74552,13.718912766458775,clear
59.33894832150128,18.094058514073406,1.4215577296566648,max hamngatan,1.38702,1.4215577296566648,2.77404,2.8431154593133297,5.54808,1.7058692755879978,11.09616,10.097969469802655,clear
59.31966661033037,18.046438129685296,1.58050796955432,max södermalm,3.01883,1.58050796955432,6.03766,3.16101593910864,12.07532,1.8966095634651838,24.15064,11.115251005147648,clear
59.30605267331225,18.072861010483656,1.0709678406555163,max södermalm,1.61766,1.0709678406555163,3.23532,2.1419356813110326,6.47064,1.2851614087866197,12.94128,7.854194180195305,clear
59.32707786709382,18.01953613025313,1.0491270086062023,max kungsholmen,0.61934,1.0491270086062023,1.23868,2.0982540172124047,2.47736,1.2589524103274428,4.95472,7.714412855079695,clear
59.34080094279948,18.087455311127933,1.2411490105314922,max hamngatan,1.37901,1.2411490105314922,2.75802,2.4822980210629844,5.51604,1.4893788126377907,11.03208,8.94335366740155,clear
59.32947708819408,18.014144582608353,1.1468706036241614,max kungsholmen,1.04113,1.1468706036241614,2.08226,2.2937412072483228,4.16452,1.3762447243489937,8.32904,8.339971863194632,clear
59.32399793783886,18.071248400044333,0.933965506553165,max södermalm,0.79255,0.933965506553165,1.5851,1.86793101310633,3.1702,1.120758607863798,6.3404,6.977379241940256,clear
59.35294012766758,18.10545150095721,2.930677598677918,max hamngatan,1.98546,2.930677598677918,3.97092,5.861355197355836,7.941840000000001,3.5168131184135016,15.883680000000002,19.756336631538677,clear
59.31704991602086,18.065175671096817,0.4750907029038296,max södermalm,2.7198800000000003,0.4750907029038296,5.439760000000001,0.9501814058076592,10.879520000000001,0.5701088434845955,21.759040000000002,4.040580498584509,clear
59.355506425132326,18.09015982881562,2.638715421782718,max odenplan,0.44253,2.638715421782718,0.88506,5.277430843565436,1.77012,3.1664585061392616,3.54024,17.887778699409395,clear
59.31946613362909,18.035041057203937,1.6051544576163066,max kungsholmen,2.0915100000000004,1.6051544576163066,4.183020000000001,3.210308915232613,8.366040000000002,1.926185349139568,16.732080000000003,11.272988528744362,clear
59.31086094503252,18.056191723996335,1.10007217079584,max södermalm,0.9219700000000001,1.10007217079584,1.8439400000000001,2.20014434159168,3.6878800000000003,1.320086604955008,7.3757600000000005,8.040461893093376,clear
59.313334433282115,18.061964298211088,0.6835458837593544,max södermalm,0.6295299999999999,0.6835458837593544,1.2590599999999998,1.3670917675187089,2.5181199999999997,0.8202550605112253,5.036239999999999,5.374693656059868,clear
59.35483444238637,18.09174909787254,2.676120589304173,max odenplan,0.90712,2.676120589304173,1.81424,5.352241178608346,3.62848,3.211344707165008,7.25696,18.127171771546706,clear
59.33306191603725,17.99926946019735,1.888685574985342,max kungsholmen,1.0127899999999999,1.888685574985342,2.0255799999999997,3.777371149970684,4.051159999999999,2.2664226899824103,8.102319999999999,13.08758767990619,clear
59.3328696345195,18.01468139762441,1.0150593663512786,max kungsholmen,2.77353,1.0150593663512786,5.54706,2.030118732702557,11.09412,1.2180712396215343,22.18824,7.496379944648183,clear
59.33001893765097,18.027558994372903,0.505104300370291,max kungsholmen,2.15406,0.505104300370291,4.30812,1.010208600740582,8.61624,0.6061251604443492,17.23248,4.232667522369862,clear
59.34350066005334,18.04095154864711,0.5790900322473418,max karolinska,1.55284,0.5790900322473418,3.10568,1.1581800644946836,6.21136,0.6949080386968101,12.42272,4.706176206382987,clear
59.340490702250484,18.06178258975417,0.556927964084029,max hötorget,0.5934400000000001,0.556927964084029,1.1868800000000002,1.113855928168058,2.3737600000000003,0.6683135569008348,4.747520000000001,4.5643389701377854,clear
59.310485820998316,18.079049303385116,0.6701338956071325,max södermalm,0.89444,0.6701338956071325,1.78888,1.340267791214265,3.57776,0.8041606747285591,7.15552,5.288856931885649,clear
59.34801529028499,18.06375856782941,0.9321315143029211,max odenplan,2.34485,0.9321315143029211,4.6897,1.8642630286058421,9.3794,1.1185578171635053,18.7588,6.9656416915386945,clear
59.351783553032554,18.085332380389104,2.1915356838966873,max odenplan,0.62938,2.1915356838966873,1.25876,4.383071367793375,2.51752,2.6298428206760245,5.03504,15.025828376938797,clear
59.344962052278575,18.032404045216254,0.21967624191549398,max karolinska,0.37676,0.21967624191549398,0.75352,0.43935248383098796,1.50704,0.26361149029859277,3.01408,2.4059279482591616,clear
59.350231082188365,18.09086450284899,2.206182226856902,max hamngatan,0.8193400000000001,2.206182226856902,1.6386800000000001,4.412364453713804,3.2773600000000003,2.6474186722282824,6.5547200000000005,15.119566251884173,clear
59.309536199986375,18.088391769248126,1.108185319073829,max södermalm,1.55409,1.108185319073829,3.10818,2.216370638147658,6.21636,1.3298223828885947,12.43272,8.092386042072505,clear
59.33492128388059,18.0259114815425,0.3904478525925058,max kungsholmen,2.91054,0.3904478525925058,5.82108,0.7808957051850116,11.64216,0.468537423111007,23.28432,3.498866256592037,clear
59.31985561013285,18.057751550311778,0.9891651608140127,max södermalm,1.09203,0.9891651608140127,2.18406,1.9783303216280255,4.36812,1.1869981929768154,8.73624,7.330657029209682,clear
59.350908383656034,18.099583996227576,2.544152025950205,max hamngatan,0.36916000000000004,2.544152025950205,0.7383200000000001,5.08830405190041,1.4766400000000002,3.0529824311402463,2.9532800000000003,17.28257296608131,clear
59.3438558446643,18.054922937775224,0.25059747886739636,max odenplan,0.31439,0.25059747886739636,0.62878,0.5011949577347927,1.25756,0.30071697464087566,2.51512,2.6038238647513365,clear
59.304025153801305,18.074657955899376,1.2999337429755888,max södermalm,0.92104,1.2999337429755888,1.84208,2.5998674859511777,3.68416,1.5599204915707066,7.36832,9.319575955043769,clear
59.317846949249265,18.060207867322855,0.7715276612319111,max södermalm,1.6242,0.7715276612319111,3.2484,1.5430553224638222,6.4968,0.9258331934782933,12.9936,5.937777031884231,clear
59.309625620081256,18.06918276419476,0.7083028383015819,max södermalm,0.86946,0.7083028383015819,1.73892,1.4166056766031638,3.47784,0.8499634059618983,6.95568,5.533138165130124,clear
59.31551236737487,18.077424793792353,0.24877450165948226,max södermalm,0.57799,0.24877450165948226,1.15598,0.4975490033189645,2.31196,0.29852940199137873,4.62392,2.5921568106206863,clear
59.33925176276033,18.084983880183092,1.0198947401847243,max hamngatan,0.6989099999999999,1.0198947401847243,1.3978199999999998,2.0397894803694485,2.7956399999999997,1.2238736882216692,5.591279999999999,7.527326337182235,clear
59.31296368800808,18.102225045020436,1.687647470369808,max södermalm,3.1925100000000004,1.687647470369808,6.385020000000001,3.375294940739616,12.770040000000002,2.0251769644437694,25.540080000000003,11.800943810366771,clear
59.33014148195032,18.014998470367786,1.07262358650501,max kungsholmen,1.8077699999999999,1.07262358650501,3.6155399999999998,2.14524717301002,7.2310799999999995,1.287148303806012,14.462159999999999,7.864790953632064,clear
59.35030222092133,18.04955746071078,0.8632701481127187,max odenplan,1.69218,0.8632701481127187,3.38436,1.7265402962254375,6.76872,1.0359241777352626,13.53744,6.5249289479214,clear
59.31321200450456,18.056409325043454,0.9872419585050394,max södermalm,1.08751,0.9872419585050394,2.17502,1.9744839170100787,4.35004,1.1846903502060473,8.70008,7.318348534432252,clear
59.340117644525805,18.076209229716646,0.8365059250162058,max hamngatan,0.88667,0.8365059250162058,1.77334,1.6730118500324116,3.54668,1.003807110019447,7.09336,6.353637920103717,clear
59.314824594226835,18.08259583064515,0.5507061806350947,max södermalm,0.6169199999999999,0.5507061806350947,1.2338399999999998,1.1014123612701894,2.4676799999999997,0.6608474167621136,4.935359999999999,4.524519556064606,clear
59.334796337144894,18.09790774045875,1.4866798263499335,max hamngatan,1.48069,1.4866798263499335,2.96138,2.973359652699867,5.92276,1.78401579161992,11.84552,10.514750888639574,clear
59.34730319536567,18.10255364483784,2.3627173429122945,max hamngatan,1.03818,2.3627173429122945,2.07636,4.725434685824589,4.15272,2.8352608114947535,8.30544,16.121390994638684,clear
59.33893471029259,18.060535859328333,0.39821936480968645,max hötorget,2.3410900000000003,0.39821936480968645,4.682180000000001,0.7964387296193729,9.364360000000001,0.47786323777162376,18.728720000000003,3.548603934781993,clear
59.35562993945852,18.097418116363592,2.9131786155000925,max hamngatan,2.3997800000000002,2.9131786155000925,4.7995600000000005,5.826357231000185,9.599120000000001,3.495814338600111,19.198240000000002,19.644343139200593,clear
59.33728770187612,18.00397582276468,1.6645005140292295,max kungsholmen,0.8310700000000001,1.6645005140292295,1.6621400000000002,3.329001028058459,3.3242800000000003,1.9974006168350755,6.648560000000001,11.65280328978707,clear
59.33276262238122,18.067344653516233,0.2682934542038723,max hamngatan,1.13527,0.2682934542038723,2.27054,0.5365869084077446,4.54108,0.32195214504464675,9.08216,2.7170781069047827,clear
59.34856930936466,18.078978065728027,1.7111552988043623,max odenplan,0.82799,1.7111552988043623,1.65598,3.4223105976087247,3.31196,2.053386358565235,6.62392,11.95139391234792,clear
59.337977231145324,18.076486371800424,0.617832622134284,max hamngatan,1.29073,0.617832622134284,2.58146,1.235665244268568,5.16292,0.7413991465611408,10.32584,4.954128781659418,clear
59.34221941633962,18.09077236994412,1.4865025736700972,max hamngatan,1.0283399999999998,1.4865025736700972,2.0566799999999996,2.9730051473401944,4.113359999999999,1.7838030884041165,8.226719999999998,10.513616471488621,clear
59.33644647693477,18.032951756628538,0.2949864618596898,max kungsholmen,0.15819999999999998,0.2949864618596898,0.31639999999999996,0.5899729237193796,0.6327999999999999,0.35398375423162776,1.2655999999999998,2.8879133559020147,clear
59.31664445338133,18.0428059306115,1.7267217125530772,max södermalm,0.34269,1.7267217125530772,0.68538,3.4534434251061543,1.37076,2.0720660550636927,2.74152,12.051018960339693,clear
59.33418686908913,18.056020248186,0.39746877813345555,max hötorget,1.03122,0.39746877813345555,2.06244,0.7949375562669111,4.12488,0.47696253376014663,8.24976,3.5438001800541157,clear
59.34433503907113,18.040346918441177,0.4947610630608021,max karolinska,1.26145,0.4947610630608021,2.5229,0.9895221261216042,5.0458,0.5937132756729625,10.0916,4.166470803589133,clear
59.307577150258034,18.090298608306636,1.3323564465127036,max södermalm,1.21936,1.3323564465127036,2.43872,2.664712893025407,4.87744,1.5988277358152443,9.75488,9.527081257681303,clear
59.34439783533395,18.087862750829313,1.563995336615748,max hamngatan,1.87666,1.563995336615748,3.75332,3.127990673231496,7.506640000000001,1.8767944039388977,15.013280000000002,11.009570154340787,clear
59.31310843415666,18.078441356118734,0.41815335729065534,max södermalm,0.34319,0.41815335729065534,0.68638,0.8363067145813107,1.37276,0.5017840287487864,2.74552,3.676181486660194,clear
59.319703952272704,18.064073748157945,0.6816306450258931,max södermalm,0.85485,0.6816306450258931,1.7097,1.3632612900517862,3.4194,0.8179567740310717,6.8388,5.362436128165716,clear
59.346401139114576,18.04443021819111,0.5747910690343061,max odenplan,0.80167,0.5747910690343061,1.60334,1.1495821380686122,3.20668,0.6897492828411673,6.41336,4.678662841819559,clear
59.34621246756891,18.10564095500911,2.418402027954661,max hamngatan,1.2196099999999999,2.418402027954661,2.4392199999999997,4.836804055909322,4.878439999999999,2.9020824335455933,9.756879999999999,16.477772978909833,clear
59.33155667514348,18.084930328792755,0.7487024230774894,max hamngatan,1.62715,0.7487024230774894,3.2543,1.4974048461549787,6.5086,0.8984429076929872,13.0172,5.791695507695932,clear
59.3154483575256,18.060840652942723,0.6966766285451951,max södermalm,1.1165,0.6966766285451951,2.233,1.3933532570903902,4.466,0.836011954254234,8.932,5.458730422689248,clear
59.31888502232295,18.037385356731928,1.6867987307055174,max kungsholmen,2.50728,1.6867987307055174,5.01456,3.373597461411035,10.02912,2.0241584768466208,20.05824,11.795511876515311,clear
59.35989916613275,18.097307233275483,3.251654398775142,max odenplan,2.1411700000000002,3.251654398775142,4.2823400000000005,6.503308797550284,8.564680000000001,3.9019852785301703,17.129360000000002,21.81058815216091,clear
59.31437058316609,18.03407219515525,2.1678903945145427,max kungsholmen,1.40921,2.1678903945145427,2.81842,4.335780789029085,5.63684,2.601468473417451,11.27368,14.874498524893074,clear
59.31546588891406,18.054417596148205,1.06227232224919,max södermalm,0.99307,1.06227232224919,1.98614,2.12454464449838,3.9722799999999996,1.274726786699028,7.944559999999999,7.798542862394816,clear
59.34426692280414,18.031154278206074,0.3150247342684055,max karolinska,1.68805,0.3150247342684055,3.3761,0.630049468536811,6.7522,0.37802968112208657,13.5044,3.0161582993177953,clear
59.34578456387596,18.087319973583085,1.6764461095476615,max hamngatan,1.57384,1.6764461095476615,3.14768,3.352892219095323,6.29536,2.0117353314571935,12.59072,11.729255101105032,clear
59.35283557460896,18.092581192747154,2.507866286888197,max hamngatan,2.61623,2.507866286888197,5.23246,5.015732573776394,10.46492,3.0094395442658364,20.92984,17.050344236084463,clear
59.337954195523714,18.065746313412234,0.329193121982675,max hötorget,2.12659,0.329193121982675,4.25318,0.65838624396535,8.50636,0.39503174637920996,17.01272,3.10683598068912,clear
59.3155835548746,18.05176103231489,1.2133587811486595,max södermalm,1.27154,1.2133587811486595,2.54308,2.426717562297319,5.08616,1.4560305373783913,10.17232,8.765496199351421,clear
59.317767436290204,18.07193363086773,0.24285548547592903,max södermalm,0.64564,0.24285548547592903,1.29128,0.48571097095185806,2.58256,0.2914265825711148,5.16512,2.554275107045946,clear
59.33727667605821,18.014916697116984,1.0682911870840301,max kungsholmen,0.61925,1.0682911870840301,1.2385,2.1365823741680603,2.477,1.281949424500836,4.954,7.837063597337792,clear
59.33410387850353,18.08524763696669,0.7628356436356563,max hamngatan,1.34049,0.7628356436356563,2.68098,1.5256712872713125,5.36196,0.9154027723627874,10.72392,5.8821481192682,clear
59.339838213549,18.074911941215355,0.7881925676515318,max hamngatan,2.12909,0.7881925676515318,4.25818,1.5763851353030636,8.51636,0.9458310811818381,17.03272,6.044432432969804,clear
59.31469977945788,18.05913416834663,0.8007102575332112,max södermalm,0.52683,0.8007102575332112,1.05366,1.6014205150664225,2.10732,0.9608523090398534,4.21464,6.1245456482125515,clear
59.31635302516406,18.0537581638581,1.1022404258742653,max södermalm,2.6814400000000003,1.1022404258742653,5.3628800000000005,2.2044808517485306,10.725760000000001,1.3226885110491184,21.451520000000002,8.054338725595297,clear
59.345664447010314,18.079095513186825,1.473678112861872,max hötorget,4.22904,1.473678112861872,8.45808,2.947356225723744,16.91616,1.7684137354342462,33.83232,10.43153992231598,clear
59.341506938856234,18.092582916651065,1.5105339053258189,max hamngatan,1.21639,1.5105339053258189,2.43278,3.0210678106516378,4.86556,1.8126406863909825,9.73112,10.66741699408524,clear
59.349090564561685,18.04588130714588,0.760358980948851,max karolinska,2.7744899999999997,0.760358980948851,5.548979999999999,1.520717961897702,11.097959999999999,0.9124307771386212,22.195919999999997,5.866297478072647,clear
59.344535398482165,18.09292941252157,1.7571743727597657,max hamngatan,0.33343,1.7571743727597657,0.66686,3.5143487455195315,1.33372,2.1086092473117186,2.66744,12.2459159856625,clear
59.33206134578561,18.08005975687606,0.4658228092284128,max hamngatan,1.35635,0.4658228092284128,2.7127,0.9316456184568256,5.4254,0.5589873710740954,10.8508,3.981265979061842,clear
59.31693383562059,18.02898054656635,1.8904621376091366,max kungsholmen,0.81692,1.8904621376091366,1.63384,3.7809242752182732,3.26768,2.2685545651309638,6.53536,13.098957680698474,clear
59.33543747533979,18.03535184226869,0.2462337207705539,max kungsholmen,1.0345799999999998,0.2462337207705539,2.0691599999999997,0.4924674415411078,4.138319999999999,0.2954804649246646,8.276639999999999,2.575895812931545,clear
59.30889740700168,18.071030674115786,0.7628639800160709,max södermalm,2.32798,0.7628639800160709,4.65596,1.5257279600321418,9.31192,0.9154367760192851,18.62384,5.882329472102854,clear
59.3389501693472,18.04405385630335,0.577905839800629,max odenplan,1.17276,0.577905839800629,2.34552,1.155811679601258,4.69104,0.6934870077607549,9.38208,4.6985973747240255,clear
59.34991128166563,18.09900648189012,2.436785284891945,max hamngatan,1.33824,2.436785284891945,2.67648,4.87357056978389,5.35296,2.924142341870334,10.70592,16.59542582330845,clear
59.33220195190103,18.01279296432964,1.1314248837401324,max kungsholmen,2.36212,1.1314248837401324,4.72424,2.262849767480265,9.44848,1.357709860488159,18.89696,8.241119255936848,clear
59.34755686886517,18.09652750001732,2.144940785364737,max hamngatan,2.23906,2.144940785364737,4.47812,4.289881570729474,8.95624,2.5739289424376843,17.91248,14.727621026334315,clear
59.33179300740654,18.027031286869722,0.3803461164422017,max kungsholmen,2.82992,0.3803461164422017,5.65984,0.7606922328844034,11.31968,0.456415339730642,22.63936,3.4342151452300906,clear
59.34436435741925,18.106407979102578,2.3345514635745066,max hamngatan,0.38725,2.3345514635745066,0.7745,4.669102927149013,1.549,2.8014617562894077,3.098,15.941129366876842,clear
59.325828247526665,18.07175524609,0.7897366701887557,max hamngatan,3.15706,,6.31412,,12.62824,,25.25648,,nogo
59.34832725164552,18.056879139874464,0.7132626899939956,max odenplan,0.39244,0.7132626899939956,0.78488,1.4265253799879911,1.56976,0.8559152279927946,3.13952,5.564881215961572,clear
59.34448465634284,18.103985903151877,2.228097941200033,max hamngatan,0.70899,2.228097941200033,1.41798,4.456195882400066,2.83596,2.6737175294400393,5.67192,15.25982682368021,clear
59.34843470365659,18.072066467399086,1.3501288616226144,max odenplan,0.37789,1.3501288616226144,0.75578,2.7002577232452287,1.51156,1.620154633947137,3.02312,9.640824714384731,clear
59.31884691169695,18.06231095477598,0.7076256929236618,max södermalm,0.28699,0.7076256929236618,0.57398,1.4152513858473237,1.14796,0.8491508315083942,2.29592,5.528804434711436,clear
59.33216264982493,18.06692592183863,0.3034180231056686,max hamngatan,1.5294100000000002,0.3034180231056686,3.0588200000000003,0.6068360462113372,6.117640000000001,0.3641016277268024,12.235280000000001,2.9418753478762794,clear
59.31169262979619,18.044580538728937,1.6816282003907406,max södermalm,1.60633,1.6816282003907406,3.21266,3.363256400781481,6.42532,2.0179538404688886,12.85064,11.76242048250074,clear
59.34064805046336,18.052571021614835,0.2300219891379981,max odenplan,3.31764,0.2300219891379981,6.63528,0.4600439782759962,13.27056,0.2760263869655977,26.54112,2.4721407304831877,clear
59.33629724583057,18.09831967294953,1.5419789156263561,max hamngatan,0.37343,1.5419789156263561,0.74686,3.0839578312527123,1.49372,1.8503746987516272,2.98744,10.868665060008679,clear
59.346404557108016,18.06021628264738,0.6623956133405511,max odenplan,1.38283,0.6623956133405511,2.76566,1.3247912266811022,5.53132,0.7948747360086613,11.06264,5.239331925379527,clear
59.344474340405675,18.070432144123092,1.0961842560308894,max hötorget,2.8933,1.0961842560308894,5.7866,2.192368512061779,11.5732,1.3154211072370674,23.1464,8.015579238597692,clear
59.308814857234864,18.059509400728295,1.085666925908766,max södermalm,1.64775,1.085666925908766,3.2955,2.171333851817532,6.591,1.302800311090519,13.182,7.948268325816102,clear
59.35152588649312,18.06769171159553,1.3644083492900623,max odenplan,0.6655800000000001,1.3644083492900623,1.3311600000000001,2.7288166985801245,2.6623200000000002,1.6372900191480748,5.3246400000000005,9.732213435456398,clear
59.34606518789618,18.03421886303118,0.1075127576986115,max karolinska,1.0842,0.1075127576986115,2.1684,0.215025515397223,4.3368,0.12901530923833382,8.6736,1.6880816492711137,clear
59.32039168984348,18.046028548388648,1.6271936666933884,max södermalm,0.45929000000000003,1.6271936666933884,0.9185800000000001,3.2543873333867768,1.8371600000000001,1.952632400032066,3.6743200000000003,11.414039466837686,clear
59.35169975549673,18.097363030995915,2.5404261455338704,max hamngatan,1.57698,2.5404261455338704,3.15396,5.080852291067741,6.30792,3.0485113746406447,12.61584,17.25872733141677,clear
59.32919082066971,18.06763535523075,0.4850847810627232,max hamngatan,1.21303,,2.42606,,4.85212,,9.70424,,nogo
59.31281652126426,18.074543767439707,0.3283656065510146,max södermalm,1.17978,0.3283656065510146,2.35956,0.6567312131020292,4.71912,0.3940387278612175,9.43824,3.1015398819264934,clear
59.33388497436338,18.08278645964263,0.6206446630254692,max hamngatan,0.82013,0.6206446630254692,1.64026,1.2412893260509383,3.28052,0.744773595630563,6.56104,4.972125843363003,clear
59.32983776056929,18.04113365970832,0.6649238281353108,max kungsholmen,2.34271,1.664923828135311,4.68542,3.329847656270622,9.37084,1.9979085937623728,18.74168,11.655512500065988,intersects
59.331944665230104,17.99686796778515,2.0342268264661185,max kungsholmen,1.03594,2.0342268264661185,2.07188,4.068453652932237,4.14376,2.4410721917593423,8.28752,14.019051689383158,clear
59.33840993252309,18.07818666871704,0.7047321291819238,max hamngatan,0.51747,0.7047321291819238,1.03494,1.4094642583638477,2.06988,0.8456785550183086,4.13976,5.510285626764313,clear
59.35666956025621,18.101088209839975,3.1197065336309704,max hamngatan,1.16767,3.1197065336309704,2.33534,6.239413067261941,4.67068,3.7436478403571645,9.34136,20.96612181523821,clear
59.358734583908266,18.098518305184655,3.233576783308386,max odenplan,1.0480699999999998,3.233576783308386,2.0961399999999997,6.467153566616772,4.192279999999999,3.8802921399700634,8.384559999999999,21.69489141317367,clear
59.34060790720784,18.077285716618274,0.9072639278508386,max hamngatan,0.73868,0.9072639278508386,1.47736,1.8145278557016773,2.95472,1.0887167134210065,5.90944,6.806489138245368,clear
59.31250717890039,18.078251201797872,0.4593382642174706,max södermalm,1.5223900000000001,0.4593382642174706,3.0447800000000003,0.9186765284349412,6.0895600000000005,0.5512059170609647,12.179120000000001,3.9397648909918117,clear
59.30999810952236,18.05918572333723,1.0117477703593043,max södermalm,3.02325,1.0117477703593043,6.0465,2.0234955407186086,12.093,1.2140973244311652,24.186,7.475185730299548,clear
59.340333510473265,18.075360387332086,0.8475620625332748,max hamngatan,1.43599,0.8475620625332748,2.87198,1.6951241250665496,5.74396,1.0170744750399299,11.48792,6.424397200212959,clear
59.33600734639986,18.059473511392156,0.1816186327928897,max hötorget,2.40761,0.1816186327928897,4.81522,0.3632372655857794,9.63044,0.21794235935146763,19.26088,2.162359249874494,clear
59.33467912994429,18.06397011207322,0.12401656617623158,max hötorget,2.8131999999999997,0.12401656617623158,5.626399999999999,0.24803313235246316,11.252799999999999,0.1488198794114779,22.505599999999998,1.793706023527882,clear
59.332555835178376,18.078175460570243,0.35103455495020136,max hamngatan,0.52149,0.35103455495020136,1.04298,0.7020691099004027,2.08596,0.42124146594024164,4.17192,3.2466211516812886,clear
59.33743333416788,18.094928889692213,1.3961051893606597,max hamngatan,2.72757,1.3961051893606597,5.45514,2.7922103787213195,10.91028,1.6753262272327916,21.82056,9.935073211908222,clear
59.311802709438886,18.07449816715972,0.43800093970091175,max södermalm,0.9574199999999999,0.43800093970091175,1.9148399999999999,0.8760018794018235,3.8296799999999998,0.5256011276410941,7.6593599999999995,3.803206014085835,clear
59.31066837265797,18.073986697746896,0.5591730180828715,max södermalm,0.33475,0.5591730180828715,0.6695,1.118346036165743,1.339,0.6710076216994457,2.678,4.5787073157303775,clear
59.31392109005621,18.064487811853454,0.5258060359143402,max södermalm,2.03927,0.5258060359143402,4.07854,1.0516120718286803,8.15708,0.6309672430972082,16.31416,4.365158629851777,clear
59.30869945177162,18.09229279370083,1.342123307007853,max södermalm,0.75194,1.342123307007853,1.50388,2.684246614015706,3.00776,1.6105479684094237,6.01552,9.58958916485026,clear
59.33424626117594,18.077721159236656,0.3552634952003878,max hamngatan,2.33146,0.3552634952003878,4.66292,0.7105269904007756,9.32584,0.42631619424046535,18.65168,3.273686369282482,clear
59.31654131534096,18.099147519261585,1.4884398867983992,max södermalm,0.92444,1.4884398867983992,1.84888,2.9768797735967985,3.69776,1.7861278641580791,7.39552,10.526015275509755,clear
59.33731379759433,18.05441044046166,0.5030537974740675,max hötorget,1.55524,0.5030537974740675,3.11048,1.006107594948135,6.22096,0.603664556968881,12.44192,4.219544303834033,clear
59.350305004684635,18.0932352019321,2.2817017970298608,max hamngatan,0.72274,2.2817017970298608,1.44548,4.5634035940597215,2.89096,2.738042156435833,5.78192,15.60289150099111,clear
59.345002779644425,18.104177639291407,2.270740093606415,max hamngatan,1.5947799999999999,2.270740093606415,3.1895599999999997,4.54148018721283,6.3791199999999995,2.724888112327698,12.758239999999999,15.532736599081055,clear
59.350954589516306,18.057424641277773,0.994244731992391,max odenplan,0.93637,0.994244731992391,1.87274,1.988489463984782,3.74548,1.1930936783908692,7.49096,7.363166284751303,clear
59.34120415214829,18.107779157314912,2.233320397523835,max hamngatan,1.82155,2.233320397523835,3.6431,4.46664079504767,7.2862,2.679984477028602,14.5724,15.293250544152546,clear
59.33758619775754,18.04701235494987,0.608978683218782,max odenplan,1.38544,0.608978683218782,2.77088,1.217957366437564,5.54176,0.7307744198625384,11.08352,4.897463572600205,clear
59.3273655874588,18.025900673686333,0.8083828448901313,max kungsholmen,0.62152,0.8083828448901313,1.24304,1.6167656897802627,2.48608,0.9700594138681575,4.97216,6.17365020729684,clear
59.34464124680795,18.069408767391636,1.0570396715428725,max odenplan,0.47278,1.0570396715428725,0.94556,2.114079343085745,1.89112,1.268447605851447,3.78224,7.765053897874384,clear
59.32852258414742,18.01660835941146,1.0757583111503424,max kungsholmen,2.0911500000000003,1.0757583111503424,4.182300000000001,2.1515166223006847,8.364600000000001,1.2909099733804108,16.729200000000002,7.8848531913621915,clear
59.35040581142674,18.054696511110926,0.8909603205834887,max odenplan,0.243,0.8909603205834887,0.486,1.7819206411669775,0.972,1.0691523847001865,1.944,6.702146051734328,clear
59.33847465751285,18.076024344805397,0.6593063282141605,max hamngatan,1.80539,0.6593063282141605,3.61078,1.318612656428321,7.22156,0.7911675938569926,14.44312,5.219560500570627,clear
59.32623837912505,18.069722631763774,0.7555635942483739,max hamngatan,1.89726,,3.79452,,7.589039999999999,,15.178079999999998,,nogo
59.337547151957935,18.00159396777583,1.803065489453377,max kungsholmen,0.52736,1.803065489453377,1.05472,3.606130978906754,2.10944,2.1636785873440525,4.21888,12.539619132501613,clear
59.340653688966974,18.10578291944645,2.104553851923401,max hamngatan,2.41481,2.104553851923401,4.82962,4.209107703846802,9.65924,2.525464622308081,19.31848,14.469144652309765,clear
59.340362882458074,18.06930472770848,0.665132898146554,max hötorget,2.75539,0.665132898146554,5.51078,1.330265796293108,11.02156,0.7981594777758647,22.04312,5.256850548137946,clear
59.32110558818073,18.065158423971262,0.7550030865939793,max södermalm,1.6778199999999999,0.7550030865939793,3.3556399999999997,1.5100061731879586,6.7112799999999995,0.9060037039127752,13.422559999999999,5.832019754201467,clear
59.330968704316476,18.06627594383508,0.39372647018803875,max hamngatan,0.86826,0.39372647018803875,1.73652,0.7874529403760775,3.47304,0.47247176422564646,6.94608,3.519849409203448,clear
59.33537630992519,18.050010826826046,0.7115071138901264,max hötorget,0.34116,0.7115071138901264,0.68232,1.4230142277802529,1.36464,0.8538085366681517,2.72928,5.553645528896809,clear
59.34710273127556,18.05463773105043,0.5368035287389741,max odenplan,1.94806,0.5368035287389741,3.89612,1.0736070574779482,7.79224,0.6441642344867688,15.58448,4.4355425839294345,clear
59.351035168884316,18.062567574402856,1.1384168044851484,max odenplan,0.34594,1.1384168044851484,0.69188,2.2768336089702967,1.38376,1.366100165382178,2.76752,8.28586754870495,clear
59.346538154825794,18.036106988038608,0.16817110719717276,max karolinska,0.9215800000000001,0.16817110719717276,1.8431600000000001,0.33634221439434553,3.6863200000000003,0.20180532863660733,7.3726400000000005,2.0762950860619056,clear
59.31644161242777,18.082382510018025,0.537508297049439,max södermalm,2.60001,0.537508297049439,5.20002,1.075016594098878,10.40004,0.6450099564593268,20.80008,4.44005310111641,clear
59.34178388793852,18.066142394658506,0.7293688225141511,max hötorget,0.84048,0.7293688225141511,1.68096,1.4587376450283023,3.36192,0.8752425870169814,6.72384,5.667960464090568,clear
59.33188556636932,18.082040501680268,0.5802040516756691,max hamngatan,1.34859,0.5802040516756691,2.69718,1.1604081033513383,5.39436,0.6962448620108029,10.78872,4.713305930724283,clear
59.35657642074668,18.099599588041865,3.0667623678286757,max hamngatan,0.43513,3.0667623678286757,0.87026,6.1335247356573515,1.74052,3.680114841394411,3.48104,20.627279154103526,clear
59.33706742918062,18.07158357337036,0.4632512749296915,max hamngatan,2.1280900000000003,0.4632512749296915,4.2561800000000005,0.926502549859383,8.512360000000001,0.5559015299156298,17.024720000000002,3.9648081595500253,clear
59.33814172137506,18.00293134545946,1.7461988595149511,max kungsholmen,0.61453,1.7461988595149511,1.22906,3.4923977190299023,2.45812,2.095438631417941,4.91624,12.175672700895687,clear
59.31681909183653,18.031405834491842,1.8939599545788433,max kungsholmen,2.56268,1.8939599545788433,5.12536,3.7879199091576865,10.25072,2.272751945494612,20.50144,13.121343709304597,clear
59.33234751371164,18.065890322037976,0.3562034406216481,max hamngatan,2.82224,0.3562034406216481,5.64448,0.7124068812432962,11.28896,0.4274441287459777,22.57792,3.279702019978548,clear
59.338772437781785,18.06152883971908,0.3682269757041903,max hötorget,1.5764200000000002,0.3682269757041903,3.1528400000000003,0.7364539514083805,6.305680000000001,0.44187237084502834,12.611360000000001,3.3566526445068177,clear
59.34743432152469,18.04403899057508,0.6178867533436788,max karolinska,1.41228,0.6178867533436788,2.82456,1.2357735066873576,5.64912,0.7414641040124146,11.29824,4.954475221399544,clear
59.34771313728553,18.10041891986205,2.3073491597553972,max hamngatan,0.95708,2.3073491597553972,1.91416,4.6146983195107945,3.82832,2.768818991706477,7.65664,15.767034622434544,clear
59.34294055643252,18.046847138469545,0.25425982891697174,max odenplan,1.62955,0.25425982891697174,3.2591,0.5085196578339435,6.5182,0.3051117947003661,13.0364,2.627262905068619,clear
59.34366776621021,18.08315269752615,1.354258999053471,max hamngatan,0.25366,1.354258999053471,0.50732,2.708517998106942,1.01464,1.6251107988641653,2.02928,9.667257593942214,clear
59.31895894950021,18.072424466317056,0.36868061228721555,max södermalm,1.7086400000000002,0.36868061228721555,3.4172800000000003,0.7373612245744311,6.834560000000001,0.44241673474465865,13.669120000000001,3.3595559186381796,clear
59.33445250836739,18.028325216894686,0.24367768194832728,max kungsholmen,1.0856700000000001,0.24367768194832728,2.1713400000000003,0.48735536389665457,4.3426800000000005,0.2924132183379927,8.685360000000001,2.559537164469295,clear
59.3202642805639,18.079015522713572,0.6141507099095777,max södermalm,0.79976,0.6141507099095777,1.59952,1.2283014198191553,3.19904,0.7369808518914932,6.39808,4.930564543421297,clear
59.317051986412686,18.021702487455222,1.9642925084891123,max kungsholmen,0.52171,1.9642925084891123,1.04342,3.9285850169782246,2.08684,2.357151010186935,4.17368,13.571472054330318,clear
59.3493536477298,18.049826330099386,0.7565547618440117,max odenplan,0.36957,0.7565547618440117,0.73914,1.5131095236880234,1.47828,0.9078657142128141,2.95656,5.841950475801675,clear
59.351884736119864,18.084441055134935,2.152205949601023,max odenplan,0.12442,2.152205949601023,0.24884,4.304411899202046,0.49768,2.5826471395212276,0.99536,14.774118077446548,clear
59.3361869612536,18.03263874542818,0.2648095001339166,max kungsholmen,1.1007799999999999,0.2648095001339166,2.2015599999999997,0.5296190002678332,4.4031199999999995,0.3177714001606999,8.806239999999999,2.694780800857066,clear
59.33630570303183,18.067337751815987,0.28890835527409986,max hötorget,1.61577,0.28890835527409986,3.23154,0.5778167105481997,6.46308,0.3466900263289198,12.92616,2.849013473754239,clear
59.34313601594354,18.11015819304806,2.449528035844621,max hamngatan,2.16514,2.449528035844621,4.33028,4.899056071689242,8.66056,2.9394336430135453,17.32112,16.676979429405574,clear
59.31764683955699,18.075888900858654,0.27300992415153924,max södermalm,0.65165,0.27300992415153924,1.3033,0.5460198483030785,2.6066,0.3276119089818471,5.2132,2.747263514569851,clear
59.337511339287,18.069524146336583,0.45752769911853003,max hötorget,3.0633000000000004,0.45752769911853003,6.126600000000001,0.9150553982370601,12.253200000000001,0.549033238942236,24.506400000000003,3.928177274358592,clear
59.33695385262087,18.03157348677347,0.3532409631085161,max kungsholmen,0.59061,0.3532409631085161,1.18122,0.7064819262170322,2.36244,0.4238891557302193,4.72488,3.260742163894503,clear
59.33344927993635,18.06077824593074,0.24932793968630168,max hötorget,2.7004200000000003,0.24932793968630168,5.4008400000000005,0.49865587937260336,10.801680000000001,0.29919352762356205,21.603360000000002,2.595698813992331,clear
59.344821535488876,18.09835019153116,1.9998833177922604,max hamngatan,2.97507,1.9998833177922604,5.95014,3.9997666355845207,11.90028,2.3998599813507124,23.80056,13.799253233870466,clear
59.31909193904853,18.04651836649391,1.5592436255556117,max södermalm,0.38051,1.5592436255556117,0.76102,3.1184872511112234,1.52204,1.871092350666734,3.04408,10.979159203555914,clear
59.33210909071085,18.086968503154203,0.8539822554586536,max hamngatan,2.4485799999999998,0.8539822554586536,4.8971599999999995,1.7079645109173072,9.794319999999999,1.0247787065503842,19.588639999999998,6.465486434935382,clear
59.324127693697186,18.069059874533902,0.969881007774549,max södermalm,1.4415,0.969881007774549,2.883,1.939762015549098,5.766,1.1638572093294588,11.532,7.207238449757114,clear
59.30671833297181,18.062618321840333,1.160882396413792,max södermalm,0.54347,1.160882396413792,1.08694,2.321764792827584,2.17388,1.3930588756965503,4.34776,8.42964733704827,clear
59.33192518569369,18.034672617659478,0.24628905105476695,max kungsholmen,2.15046,0.24628905105476695,4.30092,0.4925781021095339,8.60184,0.29554686126572033,17.20368,2.5762499267505086,clear
59.333772583344434,18.05447046733638,0.49659645321875767,max hötorget,0.80557,0.49659645321875767,1.61114,0.9931929064375153,3.22228,0.5959157438625092,6.44456,4.178217300600049,clear
59.33348145194023,18.059520415387727,0.28243481606410237,max hötorget,1.5943699999999998,0.28243481606410237,3.1887399999999997,0.5648696321282047,6.377479999999999,0.33892177927692285,12.754959999999999,2.807582822810255,clear
59.30731043475023,18.08556056723042,1.171636161044529,max södermalm,1.93419,1.171636161044529,3.86838,2.343272322089058,7.73676,1.4059633932534348,15.47352,8.498471430684985,clear
59.34742622102699,18.086441259212428,1.8121327012857655,max hamngatan,3.1974699999999996,1.8121327012857655,6.394939999999999,3.624265402571531,12.789879999999998,2.1745592415429185,25.579759999999997,12.597649288228899,clear
59.32925579135551,18.052715102592185,0.891898964340761,max hötorget,2.9853,0.891898964340761,5.9706,1.783797928681522,11.9412,1.0702787572089132,23.8824,6.70815337178087,clear
59.33373847510449,18.035538442486043,0.17773722451270155,max kungsholmen,1.2371800000000002,0.17773722451270155,2.4743600000000003,0.3554744490254031,4.948720000000001,0.21328466941524185,9.897440000000001,2.1375182368812897,clear
59.33984307000518,18.012360045010094,1.3246231134915323,max kungsholmen,0.8433200000000001,1.3246231134915323,1.6866400000000001,2.6492462269830646,3.3732800000000003,1.5895477361898387,6.746560000000001,9.477587926345807,clear
59.33756664804027,18.082462101476924,0.7872193968104476,max hamngatan,1.73645,0.7872193968104476,3.4729,1.5744387936208952,6.9458,0.9446632761725372,13.8916,6.038204139586865,clear
59.34455082461031,18.078537864813107,1.3477360821732571,max hamngatan,1.77362,1.3477360821732571,3.54724,2.6954721643465143,7.09448,1.6172832986079086,14.18896,9.625510925908845,clear
59.34978704589383,18.070732035452778,1.366494789949488,max odenplan,1.35525,1.366494789949488,2.7105,2.732989579898976,5.421,1.6397937479393856,10.842,9.745566655676722,clear
59.33927628951244,18.094837819788182,1.4779515320334737,max hamngatan,3.18924,1.4779515320334737,6.37848,2.9559030640669475,12.75696,1.7735418384401687,25.51392,10.458889805014232,clear
59.316534669108506,18.10186584059508,1.6428967917470776,max södermalm,1.14464,1.6428967917470776,2.28928,3.285793583494155,4.57856,1.971476150096493,9.15712,11.514539467181297,clear
59.3400082293995,18.080904841717956,0.9371847366495307,max hamngatan,0.86752,0.9371847366495307,1.73504,1.8743694732990615,3.47008,1.124621683979437,6.94016,6.997982314556997,clear
59.31449179450699,18.07166238129377,0.15329650434749365,max södermalm,2.8266,0.15329650434749365,5.6532,0.3065930086949873,11.3064,0.18395580521699237,22.6128,1.9810976278239594,clear
59.33406063877014,18.00960249706501,1.2989662966373265,max kungsholmen,0.7456,1.2989662966373265,1.4912,2.597932593274653,2.9824,1.5587595559647918,5.9648,9.31338429847889,clear
59.320165566695714,18.041930287517772,1.613828101076653,max kungsholmen,2.24437,1.613828101076653,4.48874,3.227656202153306,8.97748,1.9365937212919837,17.95496,11.32849984689058,clear
59.312290760338975,18.091312239963198,1.1050333225818363,max södermalm,0.61246,1.1050333225818363,1.22492,2.2100666451636726,2.44984,1.3260399870982036,4.89968,8.072213264523752,clear
59.341939638331155,18.08228358037845,1.161829764985324,max hamngatan,1.39685,1.161829764985324,2.7937,2.323659529970648,5.5874,1.394195717982389,11.1748,8.435710495906074,clear
59.31138494584928,18.047582959811763,1.52768855474213,max södermalm,0.88819,1.52768855474213,1.77638,3.05537710948426,3.55276,1.833226265690556,7.10552,10.777206750349631,clear
59.33379698755865,18.055310967916586,0.4517490984349823,max hötorget,3.24214,0.4517490984349823,6.48428,0.9034981968699646,12.96856,0.5420989181219787,25.93712,3.8911942299838866,clear
59.34826807217445,18.107693169427048,2.6531925253422712,max hamngatan,0.9228200000000001,2.6531925253422712,1.8456400000000002,5.3063850506845425,3.6912800000000003,3.183831030410725,7.382560000000001,17.980432162190535,clear
59.314111735075095,18.04939808926151,1.3589911329816893,max södermalm,0.49901,1.3589911329816893,0.99802,2.7179822659633786,1.9960400000000003,1.630789359578027,3.9920800000000005,9.697543251082811,clear
59.344513990469444,18.051018758663737,0.21342790500966202,max odenplan,2.9903299999999997,0.21342790500966202,5.980659999999999,0.42685581001932404,11.961319999999999,0.25611348601159445,23.922639999999998,2.3659385920618368,clear
59.33107754376597,18.03017346905225,0.3304062419740665,max kungsholmen,1.65524,0.3304062419740665,3.31048,0.660812483948133,6.62096,0.3964874903688798,13.24192,3.1145999486340257,clear
59.30435633283906,18.075688587256632,1.2686965746535235,max södermalm,3.16556,1.2686965746535235,6.33112,2.537393149307047,12.66224,1.522435889584228,25.32448,9.11965807778255,clear
59.3456368797268,18.081811394199544,1.522156933773796,max hamngatan,1.04268,1.522156933773796,2.08536,3.044313867547592,4.17072,1.8265883205285551,8.34144,10.741804376152293,clear
59.31658725394679,18.084641716227686,0.6671146132180648,max södermalm,0.74582,0.6671146132180648,1.49164,1.3342292264361295,2.98328,0.8005375358616778,5.96656,5.269533524595614,clear
59.33714527718543,18.09190996746472,1.2246879581317582,max hamngatan,0.38255,1.2246879581317582,0.7651,2.4493759162635165,1.5302,1.4696255497581099,3.0604,8.838002932043253,clear
59.32776793862505,18.050723258316296,1.0922584505604391,max hötorget,0.74737,1.0922584505604391,1.49474,2.1845169011208783,2.98948,1.3107101406725268,5.97896,7.99045408358681,clear
59.34872188545236,18.063565518197137,0.9769816604240368,max odenplan,1.09949,0.9769816604240368,2.19898,1.9539633208480736,4.39796,1.1723779925088442,8.79592,7.252682626713836,clear
59.35931411979151,18.098383474332273,3.2635772579512285,max odenplan,0.8137000000000001,3.2635772579512285,1.6274000000000002,6.527154515902457,3.2548000000000004,3.9162927095414743,6.509600000000001,21.886894450887862,clear
59.32955858097823,18.046723099837692,0.942074368758221,max kungsholmen,2.00471,1.9420743687582211,4.00942,3.8841487375164423,8.01884,2.330489242509865,16.03768,13.429275960052614,intersects
59.35397495593046,18.086678350624773,2.3799723729975533,max odenplan,2.2817600000000002,2.3799723729975533,4.5635200000000005,4.7599447459951065,9.127040000000001,2.855966847597064,18.254080000000002,16.23182318718434,clear
59.33688192464651,18.066421276634365,0.27035098225283793,max hötorget,2.58771,0.27035098225283793,5.17542,0.5407019645056759,10.35084,0.32442117870340553,20.70168,2.7302462864181627,clear
59.340599198988265,18.040279511686375,0.663822033148601,max odenplan,1.07551,0.663822033148601,2.15102,1.327644066297202,4.30204,0.7965864397783212,8.60408,5.248461012151046,clear
59.31901027920106,18.0258982624357,1.6902531237325968,max kungsholmen,1.5783900000000002,1.6902531237325968,3.1567800000000004,3.3805062474651937,6.313560000000001,2.028303748479116,12.627120000000001,11.81761999188862,clear
59.311276741498496,18.099654135724034,1.591191180851786,max södermalm,1.66685,1.591191180851786,3.3337,3.182382361703572,6.6674,1.9094294170221433,13.3348,11.18362355745143,clear
59.31707081834815,18.046301936952812,1.5321936954979265,max södermalm,0.98351,1.5321936954979265,1.96702,3.064387390995853,3.9340400000000004,1.8386324345975118,7.868080000000001,10.80603965118673,clear
59.356079487481765,18.085418718049024,2.455487326798045,max odenplan,0.85512,2.455487326798045,1.71024,4.91097465359609,3.42048,2.946584792157654,6.84096,16.715118891507487,clear
59.313299041553904,18.049654770187075,1.3591352989428733,max södermalm,0.65542,1.3591352989428733,1.31084,2.7182705978857467,2.62168,1.630962358731448,5.24336,9.69846591323439,clear
59.33425696343528,18.01056393555275,1.2449305495785594,max kungsholmen,1.58286,1.2449305495785594,3.16572,2.489861099157119,6.33144,1.4939166594942712,12.66288,8.967555517302781,clear
59.310535549737786,18.07754403844607,0.6258162558106096,max södermalm,1.89172,0.6258162558106096,3.78344,1.2516325116212192,7.566880000000001,0.7509795069727315,15.133760000000002,5.005224037187902,clear
59.31964347662364,18.052185373736815,1.268969695391224,max södermalm,1.62422,1.268969695391224,3.24844,2.537939390782448,6.49688,1.5227636344694688,12.99376,9.121406050503833,clear
59.33606726315978,18.03779003139581,0.39564945951347696,max kungsholmen,2.24842,0.39564945951347696,4.49684,0.7912989190269539,8.99368,0.47477935141617233,17.98736,3.5321565408862527,clear
59.312822186073724,18.092503659407733,1.151383479195792,max södermalm,2.08181,1.151383479195792,4.16362,2.302766958391584,8.32724,1.3816601750349504,16.65448,8.368854266853068,clear
59.30906004776726,18.08400806122883,0.9642823081570556,max södermalm,0.83329,0.9642823081570556,1.66658,1.9285646163141112,3.33316,1.1571387697884667,6.66632,7.171406772205156,clear
59.338821010815664,18.02264703402811,0.7878005902731222,max kungsholmen,1.72293,0.7878005902731222,3.44586,1.5756011805462444,6.89172,0.9453607083277467,13.78344,6.041923777747982,clear
59.311792903387335,18.09517231121443,1.330824803034205,max södermalm,0.9604,1.330824803034205,1.9208,2.66164960606841,3.8415999999999997,1.596989763641046,7.683199999999999,9.517278739418911,clear
59.34962591660879,18.08927005461238,2.10372391624798,max hamngatan,0.52259,2.10372391624798,1.04518,4.20744783249596,2.09036,2.5244686994975765,4.18072,14.463833063987074,clear
59.34481813280614,18.05087493156725,0.247846606882478,max odenplan,2.7620999999999998,0.247846606882478,5.5241999999999996,0.495693213764956,11.048399999999999,0.2974159282589736,22.096799999999998,2.586218284047859,clear
59.3368098914355,18.077663574425824,0.5388113707052751,max hamngatan,0.85905,0.5388113707052751,1.7181,1.0776227414105501,3.4362,0.6465736448463301,6.8724,4.448392772513761,clear
59.33762871859558,18.05659926934405,0.41122368332149584,max hötorget,1.89704,0.41122368332149584,3.79408,0.8224473666429917,7.588160000000001,0.49346841998579494,15.176320000000002,3.631831573257573,clear
59.31807000166579,18.04731084730656,1.4909554967033554,max södermalm,0.45025,1.4909554967033554,0.9005,2.9819109934067107,1.801,1.7891465960440265,3.602,10.542115178901474,clear
59.340356325502654,18.099597665775367,1.7735185747534683,max hamngatan,1.67263,1.7735185747534683,3.34526,3.5470371495069366,6.69052,2.128222289704162,13.38104,12.350518878422196,clear
59.34990112899587,18.099243269060878,2.4444148757272757,max hamngatan,0.95205,2.4444148757272757,1.9041,4.888829751454551,3.8082,2.933297850872731,7.6164,16.644255204654563,clear
59.35000088162592,18.060804435359195,0.9868375655698339,max odenplan,1.24758,0.9868375655698339,2.49516,1.9736751311396679,4.99032,1.1842050786838008,9.98064,7.315760419646937,clear
59.35931255231744,18.09985409527402,3.3325362028606698,max odenplan,1.9323599999999999,3.3325362028606698,3.8647199999999997,6.6650724057213395,7.729439999999999,3.9990434434328037,15.458879999999999,22.328231698308286,clear
59.34485274448692,18.103888810114576,2.247599839377128,max hamngatan,1.2757100000000001,2.247599839377128,2.5514200000000002,4.495199678754256,5.1028400000000005,2.6971198072525535,10.205680000000001,15.384638972013619,clear
59.31894816275556,18.0661782793901,0.5362645799875458,max södermalm,0.35308999999999996,0.5362645799875458,0.7061799999999999,1.0725291599750917,1.4123599999999998,0.643517495985055,2.8247199999999997,4.432093311920293,clear
59.306381548499886,18.063934951693966,1.1576793043264617,max södermalm,1.27065,1.1576793043264617,2.5413,2.3153586086529234,5.0826,1.3892151651917541,10.1652,8.409147547689354,clear
59.31767969375636,18.079530504559727,0.43107516638207916,max södermalm,0.37577999999999995,0.43107516638207916,0.7515599999999999,0.8621503327641583,1.5031199999999998,0.517290199658495,3.0062399999999996,3.7588810648453066,clear
59.31790173854792,18.06537751975793,0.5037624891483106,max södermalm,1.55862,0.5037624891483106,3.11724,1.0075249782966211,6.23448,0.6045149869779727,12.46896,4.224079930549188,clear
59.33116084121733,18.034269856417286,0.3136216189355595,max kungsholmen,0.6105,0.3136216189355595,1.221,0.627243237871119,2.442,0.3763459427226714,4.884,3.007178361187581,clear
59.3495373215043,18.06830356711535,1.239587655156896,max odenplan,1.7333399999999999,1.239587655156896,3.4666799999999998,2.479175310313792,6.9333599999999995,1.4875051861882753,13.866719999999999,8.933360993004134,clear
59.33958287334766,18.111995600071676,2.3917781262770577,max hamngatan,1.84075,2.3917781262770577,3.6815,4.783556252554115,7.363,2.870133751532469,14.726,16.30738000817317,clear
59.35687504665664,18.08909427419011,2.6757465520685058,max odenplan,0.55708,2.6757465520685058,1.11416,5.3514931041370115,2.22832,3.2108958624822073,4.45664,18.124777933238438,clear
59.31223331743312,18.042814089548727,1.7648446841178818,max södermalm,1.70224,1.7648446841178818,3.40448,3.5296893682357635,6.80896,2.117813620941458,13.61792,12.295005978354443,clear
59.34766052674519,18.0848674827816,1.797276584340986,max hamngatan,1.77853,1.797276584340986,3.55706,3.594553168681972,7.11412,2.156731901209183,14.22824,12.50257013978231,clear
59.3106731948972,18.09009155256779,1.1177977445483198,max södermalm,1.4894,1.1177977445483198,2.9788,2.2355954890966396,5.9576,1.3413572934579836,11.9152,8.153905565109246,clear
59.35495804201673,18.101561594594305,2.9748492197917544,max hamngatan,1.42597,2.9748492197917544,2.85194,5.949698439583509,5.70388,3.5698190637501055,11.40776,20.039035006667227,clear
59.311291101084095,18.093902900846224,1.2828372055966104,max södermalm,0.61926,1.2828372055966104,1.23852,2.565674411193221,2.47704,1.5394046467159326,4.95408,9.210158115818306,clear
59.30815425614626,18.089985879399254,1.2762390911910142,max södermalm,1.46346,1.2762390911910142,2.92692,2.5524781823820284,5.85384,1.531486909429217,11.70768,9.167930183622492,clear
59.35034743058009,18.064265437334107,1.1364372269025256,max odenplan,2.16364,1.1364372269025256,4.32728,2.272874453805051,8.65456,1.3637246722830307,17.30912,8.273198252176163,clear
59.34208947206784,18.047368837606424,0.22900927361961404,max odenplan,0.42683,0.22900927361961404,0.85366,0.4580185472392281,1.70732,0.2748111283435369,3.41464,2.46565935116553,clear
59.30537522250142,18.083144610853296,1.2820503601985396,max södermalm,1.8486600000000002,1.2820503601985396,3.6973200000000004,2.564100720397079,7.394640000000001,1.5384604322382476,14.789280000000002,9.205122305270653,clear
59.312203687589665,18.070902964961853,0.40488571011103386,max södermalm,0.99185,0.40488571011103386,1.9837,0.8097714202220677,3.9674000000000005,0.4858628521332406,7.934800000000001,3.5912685447106165,clear
59.345108318053235,18.08572580274149,1.565472195716402,max hamngatan,1.39066,1.565472195716402,2.78132,3.130944391432804,5.56264,1.8785666348596821,11.12528,11.019022052584972,clear
59.3281274431999,18.013319266152436,1.2582280976945057,max kungsholmen,0.76671,1.2582280976945057,1.53342,2.5164561953890114,3.06684,1.509873717233407,6.13368,9.052659825244836,clear
59.3291318445049,18.077258400401135,0.5153994743651888,max hamngatan,2.53709,0.5153994743651888,5.07418,1.0307989487303777,10.14836,0.6184793692382267,20.29672,4.298556635937208,clear
59.34941557307144,18.08451655463727,1.9702689285103447,max hamngatan,0.81121,1.9702689285103447,1.62242,3.9405378570206895,3.24484,2.3643227142124137,6.48968,13.609721142466206,clear
59.3439621998922,18.094826511936088,1.7873729431516825,max hamngatan,1.52927,1.7873729431516825,3.05854,3.574745886303365,6.11708,2.144847531782019,12.23416,12.439186836170768,clear
59.31534545991055,18.080896053184176,0.4472964618429365,max södermalm,2.0612199999999996,0.4472964618429365,4.122439999999999,0.894592923685873,8.244879999999998,0.5367557542115238,16.489759999999997,3.8626973557947935,clear
59.354945824948814,18.094205146385967,2.7590529446159393,max hamngatan,1.70607,2.7590529446159393,3.41214,5.518105889231879,6.82428,3.310863533539127,13.64856,18.657938845542013,clear
59.35664808038609,18.09027702065945,2.7155176627752073,max odenplan,1.1970999999999998,2.7155176627752073,2.3941999999999997,5.431035325550415,4.788399999999999,3.2586211953302486,9.576799999999999,18.37931304176133,clear
59.314384144708136,18.096221786722392,1.3263755798681651,max södermalm,0.9683099999999999,1.3263755798681651,1.9366199999999998,2.6527511597363302,3.873239999999999,1.591650695841798,7.746479999999998,9.488803711156256,clear
59.33695559485046,18.09716554124505,1.4987202495203256,max hamngatan,3.1488899999999997,1.4987202495203256,6.2977799999999995,2.997440499040651,12.595559999999999,1.7984642994243907,25.191119999999998,10.591809596930084,clear
59.34683768488943,18.07180020947627,1.2600577537521267,max odenplan,2.55067,1.2600577537521267,5.10134,2.5201155075042534,10.20268,1.512069304502552,20.40536,9.064369624013612,clear
59.33746865110106,18.07820323135514,0.6163984215481855,max hamngatan,1.4913599999999998,0.6163984215481855,2.9827199999999996,1.232796843096371,5.965439999999999,0.7396781058578226,11.930879999999998,4.944949897908387,clear
59.35843459061396,18.09027561902559,2.8347575117163184,max odenplan,0.6115499999999999,2.8347575117163184,1.2230999999999999,5.669515023432637,2.4461999999999997,3.4017090140595823,4.892399999999999,19.142448074984436,clear
59.34738476612319,18.043476089281167,0.5854772330145285,max karolinska,1.49347,0.5854772330145285,2.98694,1.170954466029057,5.97388,0.7025726796174342,11.94776,4.747054291292982,clear
59.320312131417,18.048393337679638,1.497322630256463,max södermalm,2.23625,1.497322630256463,4.4725,2.994645260512926,8.945,1.7967871563077558,17.89,10.582864833641363,clear
59.33147990136162,18.015140406955258,1.0172536987285539,max kungsholmen,1.0778800000000002,1.0172536987285539,2.1557600000000003,2.0345073974571077,4.311520000000001,1.2207044384742647,8.623040000000001,7.510423671862744,clear
59.339074146324414,18.0480882892528,0.4326467659270684,max odenplan,0.5824,0.4326467659270684,1.1648,0.8652935318541368,2.3296,0.5191761191124821,4.6592,3.768939301933238,clear
59.344317463444526,18.11052687707407,2.531500556985727,max hamngatan,1.21976,2.531500556985727,2.43952,5.063001113971454,4.87904,3.0378006683828724,9.75808,17.201603564708655,clear
59.34353688706724,18.05112015044934,0.10444369591714146,max odenplan,1.4062000000000001,0.10444369591714146,2.8124000000000002,0.20888739183428293,5.6248000000000005,0.12533243510056974,11.249600000000001,1.6684396538697053,clear
59.327488259566216,18.02135307005843,0.945068706974789,max kungsholmen,0.25983999999999996,0.945068706974789,0.5196799999999999,1.890137413949578,1.0393599999999998,1.1340824483697467,2.0787199999999997,7.04843972463865,clear
59.31087679577464,18.05759051799547,1.030286908087217,max södermalm,2.04445,1.030286908087217,4.0889,2.060573816174434,8.1778,1.2363442897046604,16.3556,7.593836211758189,clear
59.335324303939046,18.060532972969433,0.11428213655989057,max hötorget,1.7363499999999998,0.11428213655989057,3.4726999999999997,0.22856427311978114,6.945399999999999,0.13713856387186868,13.890799999999999,1.7314056739832997,clear
59.34296254003268,18.069698064827236,0.9260205339122943,max hötorget,1.00352,0.9260205339122943,2.00704,1.8520410678245887,4.01408,1.1112246406947532,8.02816,6.926531417038683,clear
59.35020363556668,18.101378309874132,2.5484503767078857,max hamngatan,1.53934,2.5484503767078857,3.07868,5.096900753415771,6.15736,3.058140452049463,12.31472,17.31008241093047,clear
59.31702285781052,18.092138385469728,1.0965510588783747,max södermalm,0.94243,1.0965510588783747,1.88486,2.1931021177567493,3.7697200000000004,1.3158612706540496,7.539440000000001,8.017926776821598,clear
59.33625188701783,18.02439792739067,0.5312907643254297,max kungsholmen,0.67323,0.5312907643254297,1.34646,1.0625815286508593,2.69292,0.6375489171905155,5.38584,4.40026089168275,clear
59.33767200068107,18.049737294636266,0.5560890284679523,max odenplan,0.8843799999999999,0.5560890284679523,1.7687599999999999,1.1121780569359045,3.5375199999999998,0.6673068341615427,7.0750399999999996,4.558969782194895,clear
59.34683192913403,18.095813750941844,2.0572745558439762,max hamngatan,0.6559400000000001,2.0572745558439762,1.3118800000000002,4.1145491116879525,2.6237600000000003,2.4687294670127717,5.247520000000001,14.16655715740145,clear
59.31778875834286,18.074746853123692,0.2551229802398124,max södermalm,1.54581,0.2551229802398124,3.09162,0.5102459604796248,6.18324,0.3061475762877749,12.36648,2.632787073534799,clear
59.332949222019394,18.058689070051578,0.3582713875756727,max hötorget,0.54767,0.3582713875756727,1.09534,0.7165427751513453,2.19068,0.4299256650908072,4.38136,3.292936880484305,clear
59.32794127109352,18.049951940299064,1.1049659680155821,max hötorget,1.7698800000000001,1.1049659680155821,3.5397600000000002,2.2099319360311642,7.0795200000000005,1.3259591616186985,14.159040000000001,8.071782195299726,clear
59.31190897205284,18.065004676670465,0.6212596625200846,max södermalm,0.13172999999999999,0.6212596625200846,0.26345999999999997,1.2425193250401692,0.5269199999999999,0.7455115950241015,1.0538399999999999,4.9760618401285415,clear
59.35028896471912,18.09452924971524,2.319962248553097,max hamngatan,1.9426400000000001,2.319962248553097,3.8852800000000003,4.639924497106194,7.770560000000001,2.783954698263716,15.541120000000001,15.84775839073982,clear
59.31374652221089,18.05361500129079,1.1282175231034843,max södermalm,1.07515,1.1282175231034843,2.1503,2.2564350462069687,4.3006,1.3538610277241812,8.6012,8.2205921478623,clear
59.30824079773591,18.089234340279173,1.2377726982930917,max södermalm,1.19571,1.2377726982930917,2.39142,2.4755453965861833,4.78284,1.48532723795171,9.56568,8.921745269075787,clear
59.31579491820113,18.06680318690345,0.35698612227411225,max södermalm,1.4008800000000001,0.35698612227411225,2.8017600000000003,0.7139722445482245,5.6035200000000005,0.4283833467289347,11.207040000000001,3.2847111825543185,clear
59.33012152277659,18.071311541125617,0.3141007842525333,max hamngatan,0.59373,0.3141007842525333,1.18746,0.6282015685050666,2.37492,0.3769209411030399,4.74984,3.010245019216213,clear
59.35763631121304,18.08844176447144,2.697775213736768,max odenplan,2.86611,2.697775213736768,5.73222,5.395550427473536,11.46444,3.2373302564841215,22.92888,18.265761367915314,clear
59.334503367762814,18.003107117684426,1.6701381848006578,max kungsholmen,2.2897,1.6701381848006578,4.5794,3.3402763696013156,9.1588,2.0041658217607896,18.3176,11.688884382724211,clear
59.34590696372776,18.038458703389914,0.31684670907528184,max karolinska,0.7366,0.31684670907528184,1.4732,0.6336934181505637,2.9464,0.3802160508903382,5.8928,3.0278189380818037,clear
59.35256822292022,18.09041256168364,2.425897643892588,max hamngatan,1.84204,2.425897643892588,3.68408,4.851795287785176,7.36816,2.9110771726711056,14.73632,16.525744920912565,clear
59.335113002816605,18.062969902643914,0.05094855416484602,max hötorget,1.5368499999999998,0.05094855416484602,3.0736999999999997,0.10189710832969204,6.147399999999999,0.061138264997815224,12.294799999999999,1.3260707466550146,clear
59.34818916012062,18.057203425410133,0.7081559302530942,max odenplan,2.90768,0.7081559302530942,5.81536,1.4163118605061884,11.63072,0.8497871163037131,23.26144,5.532197953619803,clear
59.311180354673475,18.069136872396815,0.5475121956883643,max södermalm,2.82004,0.5475121956883643,5.64008,1.0950243913767286,11.28016,0.6570146348260372,22.56032,4.504078052405531,clear
59.33614061600775,18.078635756834288,0.5192500465964421,max hamngatan,0.33769,0.5192500465964421,0.67538,1.0385000931928843,1.35076,0.6231000559157306,2.70152,4.3232002982172295,clear
59.33146463347955,18.046457936812832,0.8408063559345756,max kungsholmen,2.9177600000000004,0.8408063559345756,5.835520000000001,1.6816127118691513,11.671040000000001,1.0089676271214907,23.342080000000003,6.381160677981284,clear
59.333242893361344,18.0389327792573,0.3761390174283887,max kungsholmen,2.6345300000000003,0.3761390174283887,5.2690600000000005,0.7522780348567774,10.538120000000001,0.4513668209140664,21.076240000000002,3.4072897115416874,clear
59.337336631601424,18.09801729730853,1.5579159008606243,max hamngatan,0.88075,1.5579159008606243,1.7615,3.1158318017212485,3.523,1.8694990810327492,7.046,10.970661765507995,clear
59.338516310751565,18.018149323082746,0.966526760535379,max kungsholmen,0.85568,0.966526760535379,1.71136,1.933053521070758,3.42272,1.1598321126424547,6.84544,7.185771267426425,clear
59.31857135782613,18.055614268834628,1.0452268132388776,max södermalm,0.54815,1.0452268132388776,1.0963,2.090453626477755,2.1926,1.254272175886653,4.3852,7.689451604728816,clear
59.36028339790081,18.09719708217104,3.272182991286674,max odenplan,1.58763,3.272182991286674,3.17526,6.544365982573348,6.35052,3.926619589544009,12.70104,21.941971144234714,clear
59.3076988414435,18.065420388371436,0.9886092309742562,max södermalm,2.3618,0.9886092309742562,4.7236,1.9772184619485125,9.4472,1.1863310771691076,18.8944,7.32709907823524,clear
59.34320901771916,18.037710441023883,0.48262133246787464,max karolinska,1.23222,0.48262133246787464,2.46444,0.9652426649357493,4.92888,0.5791455989614496,9.85776,4.088776527794398,clear
59.30595577894784,18.06907450757817,1.1053381429728204,max södermalm,0.22966999999999999,1.1053381429728204,0.45933999999999997,2.210676285945641,0.9186799999999999,1.3264057715673845,1.8373599999999999,8.07416411502605,clear
59.33228157592766,18.072106285697817,0.07073012081074047,max hamngatan,0.74294,0.07073012081074047,1.48588,0.14146024162148094,2.97176,0.08487614497288856,5.94352,1.452672773188739,clear
59.331042356867634,18.07497930996408,0.2671796070901093,max hamngatan,0.81843,0.2671796070901093,1.63686,0.5343592141802186,3.27372,0.32061552850813113,6.54744,2.7099494853766997,clear
59.317260199415074,18.078731783073614,0.3682743102135026,max södermalm,2.5180599999999997,0.3682743102135026,5.0361199999999995,0.7365486204270052,10.072239999999999,0.44192917225620315,20.144479999999998,3.356955585366417,clear
59.34301732764014,18.07427769368949,1.071846247710613,max hötorget,1.2841099999999999,1.071846247710613,2.5682199999999997,2.143692495421226,5.1364399999999995,1.2862154972527358,10.272879999999999,7.8598159853479235,clear
59.306688552943655,18.065495379688866,1.0890790785380071,max södermalm,1.5595,1.0890790785380071,3.119,2.1781581570760142,6.238,1.3068948942456085,12.476,7.970106102643245,clear
59.31355520953004,18.099906921140782,1.546530693146511,max södermalm,2.48204,1.546530693146511,4.96408,3.093061386293022,9.92816,1.8558368317758132,19.85632,10.897796436137671,clear
59.30689097816205,18.080677590503157,1.0693203469140122,max södermalm,2.4415500000000003,1.0693203469140122,4.883100000000001,2.1386406938280245,9.766200000000001,1.2831844162968147,19.532400000000003,7.843650220249678,clear
59.31987035420406,18.055074138406972,1.1265716527051277,max södermalm,0.62134,1.1265716527051277,1.24268,2.2531433054102554,2.48536,1.3518859832461534,4.97072,8.210058577312818,clear
59.35083843862314,18.101978093405503,2.624314777858034,max hamngatan,2.23039,2.624314777858034,4.46078,5.248629555716068,8.92156,3.149177733429641,17.84312,17.795614578291417,clear
59.336094609972236,18.06271669365553,0.06671179656755137,max hötorget,1.28904,0.06671179656755137,2.57808,0.13342359313510274,5.15616,0.08005415588106164,10.31232,1.4269554980323287,clear
59.3454557257994,18.06301209186473,0.7400986296804974,max odenplan,1.16445,0.7400986296804974,2.3289,1.4801972593609949,4.6578,0.888118355616597,9.3156,5.736631229955184,clear
59.32876404067204,18.060847271019615,0.7569075498383085,max hötorget,2.62677,0.7569075498383085,5.25354,1.513815099676617,10.50708,0.9082890598059703,21.01416,5.844208318965174,clear
59.32499914261267,18.069114827445038,0.8975973049258308,max hamngatan,1.10251,,2.20502,,4.41004,,8.82008,,nogo
59.313918596047316,18.046849608296352,1.5056915787076055,max södermalm,2.5606799999999996,1.5056915787076055,5.121359999999999,3.011383157415211,10.242719999999998,1.8068298944491266,20.485439999999997,10.636426103728676,clear
59.330458018675124,18.043740794118154,0.744949172552414,max kungsholmen,1.01572,,2.03144,,4.06288,,8.12576,,nogo
59.34075282616021,18.05352927382907,0.2429729971058352,max odenplan,1.13448,0.2429729971058352,2.26896,0.4859459942116704,4.53792,0.29156759652700226,9.07584,2.555027181477345,clear
59.32995744598444,18.024980693755886,0.6030809086689867,max kungsholmen,0.63819,0.6030809086689867,1.27638,1.2061618173379733,2.55276,0.7236970904027841,5.10552,4.859717815481515,clear
59.33461554036629,18.012688694689746,1.126560797632343,max kungsholmen,1.85496,1.126560797632343,3.70992,2.253121595264686,7.41984,1.3518729571588117,14.83968,8.209989104846995,clear
59.34742184269183,18.100124774929615,2.272483397218989,max hamngatan,1.01213,2.272483397218989,2.02426,4.544966794437978,4.04852,2.726980076662787,8.09704,15.54389374220153,clear
59.345441942830405,18.090539233617445,1.7477134764191369,max hamngatan,0.37487,1.7477134764191369,0.74974,3.4954269528382738,1.49948,2.097256171702964,2.99896,12.185366249082476,clear
59.347028392165136,18.110077732486804,2.6749221738947004,max hamngatan,1.86165,2.6749221738947004,3.7233,5.349844347789401,7.4466,3.2099066086736405,14.8932,18.119501912926083,clear
59.3401482075097,18.076593171365616,0.846193187510612,max hamngatan,2.2450300000000003,0.846193187510612,4.490060000000001,1.692386375021224,8.980120000000001,1.0154318250127343,17.960240000000002,6.415636400067917,clear
59.309551346668165,18.069538533869153,0.710170909526914,max södermalm,2.64428,0.710170909526914,5.28856,1.420341819053828,10.57712,0.8522050914322968,21.15424,5.54509382097225,clear
59.333566227573556,18.047794684656445,0.8649230973026872,max hötorget,2.67974,0.8649230973026872,5.35948,1.7298461946053745,10.71896,1.0379077167632247,21.43792,6.535507822737198,clear
59.33260611128667,18.063752373775564,0.33061876743481394,max hötorget,0.99209,0.33061876743481394,1.98418,0.6612375348696279,3.9683600000000006,0.3967425209217767,7.936720000000001,3.115960111582809,clear
59.33936855675767,18.086370480180687,1.086804836521868,max hamngatan,1.51424,1.086804836521868,3.02848,2.173609673043736,6.05696,1.3041658038262418,12.11392,7.955550953739956,clear
59.3332256250294,18.07424711214631,0.12980689200292647,max hamngatan,0.73327,0.12980689200292647,1.46654,0.25961378400585294,2.93308,0.15576827040351177,5.86616,1.8307641088187294,clear
59.33452104023727,18.084831207952227,0.7492134371166724,max hamngatan,3.80221,0.7492134371166724,7.60442,1.4984268742333449,15.208840000000002,0.8990561245400069,30.417680000000004,5.794965997546703,clear
59.320286957469236,18.040473240701232,1.574978855682738,max kungsholmen,2.35048,1.574978855682738,4.70096,3.149957711365476,9.40192,1.8899746268192856,18.80384,11.079864676369523,clear
59.34928998604648,18.085365825092325,1.9752566319614648,max hamngatan,1.03513,1.9752566319614648,2.07026,3.9505132639229297,4.14052,2.370307958353758,8.28104,13.641642444553376,clear
59.3577813742682,18.087908869849823,2.684221731390731,max odenplan,1.0871300000000002,2.684221731390731,2.1742600000000003,5.368443462781462,4.348520000000001,3.2210660776688775,8.697040000000001,18.17901908090068,clear
59.339590409746435,18.014440584574782,1.2088303853675382,max kungsholmen,1.05022,1.2088303853675382,2.10044,2.4176607707350763,4.20088,1.450596462441046,8.40176,8.736514466352244,clear
59.306032631276416,18.073834946592314,1.0740281582383508,max södermalm,1.81697,1.0740281582383508,3.63394,2.1480563164767017,7.26788,1.288833789886021,14.53576,7.873780212725445,clear
59.3437742581384,18.074226991978236,1.137203120088642,max hötorget,1.70602,1.137203120088642,3.41204,2.274406240177284,6.82408,1.3646437441063706,13.64816,8.27809996856731,clear
59.34893965244894,18.06973393130881,1.265923591445089,max odenplan,3.9076,1.265923591445089,7.8152,2.531847182890178,15.6304,1.5191083097341067,31.2608,9.10191098524857,clear
59.336779725703735,18.05075817425371,0.6492852581552543,max odenplan,2.1998200000000003,0.6492852581552543,4.399640000000001,1.2985705163105086,8.799280000000001,0.779142309786305,17.598560000000003,5.155425652193627,clear
59.333831477580624,17.997628096933653,1.980236524302394,max kungsholmen,3.16341,1.980236524302394,6.32682,3.960473048604788,12.65364,2.376283829162873,25.30728,13.673513755535321,clear
59.31841454332196,18.038147780419685,1.7460757982831445,max kungsholmen,3.55873,1.7460757982831445,7.11746,3.492151596566289,14.23492,2.0952909579397736,28.46984,12.174885109012125,clear
59.34872928139374,18.054163126923566,0.7021732667920317,max odenplan,3.67041,0.7021732667920317,7.34082,1.4043465335840635,14.68164,0.8426079201504381,29.36328,5.493908907469003,clear
59.33630681219764,18.03626236108497,0.3536343422284833,max kungsholmen,2.1347899999999997,0.3536343422284833,4.2695799999999995,0.7072686844569666,8.539159999999999,0.42436121067418,17.078319999999998,3.263259790262293,clear
59.33177787454323,18.093075391917942,1.2035461053759036,max hamngatan,3.02386,1.2035461053759036,6.04772,2.407092210751807,12.09544,1.4442553264510845,24.19088,8.702695074405783,clear
59.31420728515836,18.057982955247585,0.8742434206584495,max södermalm,2.40121,0.8742434206584495,4.80242,1.748486841316899,9.60484,1.0490921047901394,19.20968,6.595157892214077,clear
59.3439629813124,18.114239396227802,2.6981019706233527,max hamngatan,3.65111,2.6981019706233527,7.30222,5.396203941246705,14.60444,3.237722364748023,29.20888,18.267852611989458,clear
59.31447530708892,18.102325692943282,1.6715498629446568,max södermalm,3.48944,1.6715498629446568,6.97888,3.3430997258893136,13.95776,2.005859835533588,27.91552,11.697919122845803,clear
59.313599899570036,18.080624675181024,0.4880898643945905,max södermalm,3.69045,0.4880898643945905,7.3809,0.976179728789181,14.7618,0.5857078372735086,29.5236,4.123775132125379,clear
59.343200864780144,18.06145877188096,0.5838121832222262,max odenplan,0.74797,0.5838121832222262,1.49594,1.1676243664444523,2.99188,0.7005746198666714,5.98376,4.736397972622248,clear
59.31382783960807,18.044357771600342,1.6477406650151836,max södermalm,1.72586,1.6477406650151836,3.45172,3.295481330030367,6.90344,1.97728879801822,13.80688,11.545540256097174,clear
59.31196145116908,18.056060657360486,1.0527676014910197,max södermalm,2.47132,1.0527676014910197,4.94264,2.1055352029820393,9.88528,1.2633211217892235,19.77056,7.737712649542526,clear
59.34228507666628,18.095877066093117,1.711271929275106,max hamngatan,2.51696,1.711271929275106,5.03392,3.422543858550212,10.06784,2.053526315130127,20.13568,11.952140347360679,clear
59.34417851907614,18.039724084132047,0.47704718190432993,max karolinska,2.29842,0.47704718190432993,4.59684,0.9540943638086599,9.19368,0.5724566182851959,18.38736,4.053101964187712,clear
59.33593287858605,18.052175799080203,0.5900639841517238,max hötorget,2.27629,0.5900639841517238,4.55258,1.1801279683034476,9.10516,0.7080767809820685,18.21032,4.776409498571033,clear
59.316063488372556,18.042192369223113,1.7587902627002217,max södermalm,1.2570999999999999,1.7587902627002217,2.5141999999999998,3.5175805254004433,5.0283999999999995,2.110548315240266,10.056799999999999,12.256257681281419,clear
59.316447414195395,18.09509171241429,1.2572927764616462,max södermalm,1.6206800000000001,1.2572927764616462,3.2413600000000002,2.5145855529232923,6.4827200000000005,1.5087513317539754,12.965440000000001,9.046673769354536,clear
59.33336786482481,18.055201055088126,0.4792955105081019,max hötorget,0.86014,0.4792955105081019,1.72028,0.9585910210162037,3.44056,0.5751546126097222,6.88112,4.067491267251852,clear
59.31115395965521,18.071182289557147,0.5139482653008762,max södermalm,0.90976,0.5139482653008762,1.81952,1.0278965306017525,3.63904,0.6167379183610515,7.27808,4.2892688979256075,clear
59.33692210007225,18.051299056647785,0.6327836803900423,max odenplan,1.30073,0.6327836803900423,2.60146,1.2655673607800846,5.20292,0.7593404164680507,10.40584,5.049815554496271,clear
59.31806740870817,18.036623225785906,1.7702724763263624,max kungsholmen,1.25004,1.7702724763263624,2.50008,3.540544952652725,5.00016,2.124326971591635,10.00032,12.32974384848872,clear
59.312316856199594,18.076860881661016,0.4311307805285932,max södermalm,3.8386,0.4311307805285932,7.6772,0.8622615610571864,15.3544,0.5173569366343118,30.7088,3.7592369953829965,clear
59.337172561199296,18.052276010250175,0.6076034762952978,max odenplan,3.8886,0.6076034762952978,7.7772,1.2152069525905955,15.554399999999998,0.7291241715543574,31.108799999999995,4.888662248289906,clear
59.331272388852504,18.043969101240382,0.7157397359503623,max kungsholmen,2.2346,,4.4692,,8.9384,,17.8768,,nogo
59.33408959888013,18.036841313032742,0.2535867738454093,max kungsholmen,1.2468599999999999,0.2535867738454093,2.4937199999999997,0.5071735476908186,4.987439999999999,0.30430412861449113,9.974879999999999,2.6229553526106195,clear
59.30777623467529,18.067282425587987,0.9386133021343127,max södermalm,1.91054,0.9386133021343127,3.82108,1.8772266042686254,7.6421600000000005,1.1263359625611753,15.284320000000001,7.007125133659601,clear
59.34250576087019,18.059976924513613,0.49579225102188246,max odenplan,2.17852,0.49579225102188246,4.35704,0.9915845020437649,8.71408,0.5949507012262589,17.42816,4.173070406540048,clear
59.339096799776634,18.045384297102654,0.5143299524766995,max odenplan,2.25933,0.5143299524766995,4.51866,1.028659904953399,9.03732,0.6171959429720394,18.07464,4.291711695850877,clear
59.32106836303806,18.056549207457042,1.1166454042292333,max södermalm,1.39469,1.1166454042292333,2.78938,2.2332908084584666,5.57876,1.33997448507508,11.15752,8.146530587067094,clear
59.347684711196216,18.05128991664596,0.5661867674710459,max odenplan,3.5558899999999998,0.5661867674710459,7.1117799999999995,1.1323735349420918,14.223559999999999,0.6794241209652551,28.447119999999998,4.623595311814694,clear
59.320158211707714,18.068121242393698,0.574255310160351,max södermalm,0.55065,0.574255310160351,1.1013,1.148510620320702,2.2026,0.6891063721924212,4.4052,4.675233985026247,clear
59.33798444909455,18.00533850225158,1.6098273265289589,max kungsholmen,1.45186,1.6098273265289589,2.90372,3.2196546530579178,5.80744,1.9317927918347506,11.61488,11.302894889785337,clear
59.341769020033134,18.077646614516556,1.0364371384195887,max hamngatan,1.14469,1.0364371384195887,2.28938,2.0728742768391775,4.57876,1.2437245661035066,9.15752,7.633197685885368,clear
59.33587687820693,18.09257697413963,1.2140821979474374,max hamngatan,1.4091600000000002,1.2140821979474374,2.8183200000000004,2.428164395894875,5.636640000000001,1.4568986375369248,11.273280000000002,8.7701260668636,clear
59.34695525293766,18.108298318052945,2.5887498025152507,max hamngatan,2.32589,2.5887498025152507,4.65178,5.177499605030501,9.30356,3.106499763018301,18.60712,17.567998736097604,clear
59.334010845223986,18.091022513437697,1.086833020134911,max hamngatan,3.5102399999999996,1.086833020134911,7.020479999999999,2.173666040269822,14.040959999999998,1.3041996241618932,28.081919999999997,7.955731328863431,clear
59.34094954798107,18.07761076947467,0.9493006956714404,max hamngatan,0.81356,0.9493006956714404,1.62712,1.8986013913428808,3.25424,1.1391608348057285,6.50848,7.075524452297218,clear
59.31641827443795,18.090248013603155,0.9820213336818014,max södermalm,0.13113,0.9820213336818014,0.26226,1.964042667363603,0.52452,1.1784256004181617,1.04904,7.28493653556353,clear
59.306226758400044,18.077800788270867,1.085531248406835,max södermalm,3.8369299999999997,1.085531248406835,7.6738599999999995,2.17106249681367,15.347719999999999,1.3026374980882018,30.695439999999998,7.947399989803744,clear
59.33474857515583,18.087743159215947,0.9163350035359766,max hamngatan,2.5775799999999998,0.9163350035359766,5.1551599999999995,1.8326700070719533,10.310319999999999,1.099602004243172,20.620639999999998,6.86454402263025,clear
59.330662709158844,18.05728696655906,0.6159365535161253,max hötorget,3.49588,0.6159365535161253,6.99176,1.2318731070322506,13.98352,0.7391238642193504,27.96704,4.941993942503202,clear
59.334282383929406,18.021900020251,0.6010058858962983,max kungsholmen,1.78794,0.6010058858962983,3.57588,1.2020117717925967,7.15176,0.721207063075558,14.30352,4.846437669736309,clear
59.3414019986081,18.11592232497101,2.6699278218688,max hamngatan,3.29988,2.6699278218688,6.59976,5.3398556437376,13.19952,3.20391338624256,26.39904,18.08753805996032,clear
59.31370465851864,18.09427492976472,1.2274079724420408,max södermalm,0.8259500000000001,1.2274079724420408,1.6519000000000001,2.4548159448840816,3.3038000000000003,1.472889566930449,6.607600000000001,8.855411023629062,clear
59.30631334192616,18.066237327230724,1.112108149148265,max södermalm,3.91483,1.112108149148265,7.82966,2.22421629829653,15.65932,1.334529778977918,31.31864,8.117492154548895,clear
59.319441496355246,18.06383498974258,0.673262073038729,max södermalm,2.3891199999999997,0.673262073038729,4.778239999999999,1.346524146077458,9.556479999999999,0.8079144876464748,19.112959999999998,5.3088772674478655,clear
59.34725550791389,18.043715078813136,0.5978584056298574,max karolinska,0.82066,0.5978584056298574,1.64132,1.1957168112597147,3.28264,0.7174300867558289,6.56528,4.826293796031087,clear
59.31914545634008,18.066012312801554,0.5582465731755557,max södermalm,3.17531,0.5582465731755557,6.35062,1.1164931463511114,12.70124,0.6698958878106669,25.40248,4.572778068323556,clear
59.33192790447233,17.997520174101314,1.99749773166005,max kungsholmen,3.23503,1.99749773166005,6.47006,3.9949954633201,12.94012,2.3969972779920603,25.88024,13.78398548262432,clear
59.32897097800194,18.039430186644136,0.670946593896177,max kungsholmen,0.32771,0.670946593896177,0.65542,1.341893187792354,1.31084,0.8051359126754124,2.62168,5.294058200935533,clear
59.33516774950866,18.083328502868554,0.6892947266042075,max hamngatan,2.82398,0.6892947266042075,5.64796,1.378589453208415,11.29592,0.8271536719250491,22.59184,5.411486250266928,clear
59.3193380021706,18.084432478191218,0.7656743185904926,max södermalm,3.0484899999999997,0.7656743185904926,6.096979999999999,1.5313486371809852,12.193959999999999,0.9188091823085912,24.387919999999998,5.900315638979153,clear
59.349962044515806,18.104686945672764,2.6562391744920686,max hamngatan,0.6477999999999999,2.6562391744920686,1.2955999999999999,5.312478348984137,2.5911999999999997,3.187487009390482,5.1823999999999995,17.99993071674924,clear
59.33506786681804,18.01173618243228,1.1854874716618977,max kungsholmen,0.76207,1.1854874716618977,1.52414,2.3709749433237954,3.04828,1.4225849659942773,6.09656,8.587119818636145,clear
59.352077482583816,18.084670719601853,2.1740140456699066,max odenplan,2.21564,2.1740140456699066,4.43128,4.348028091339813,8.86256,2.6088168548038877,17.72512,14.913689892287401,clear
59.33322283195083,18.06493126998713,0.2892195498773665,max hötorget,2.65723,0.2892195498773665,5.31446,0.578439099754733,10.62892,0.3470634598528398,21.25784,2.8510051192151455,clear
59.33048501343374,18.03590799746109,0.4205320251710689,max kungsholmen,1.12656,0.4205320251710689,2.25312,0.8410640503421378,4.50624,0.5046384302052827,9.01248,3.691404961094841,clear
59.313929623473236,18.053773981875857,1.1156095545191995,max södermalm,0.67936,1.1156095545191995,1.35872,2.231219109038399,2.71744,1.3387314654230393,5.43488,8.139901148922878,clear
59.333965578990686,18.010172103698224,1.2663679918643345,max kungsholmen,3.44578,1.2663679918643345,6.89156,2.532735983728669,13.78312,1.5196415902372014,27.56624,9.10475514793174,clear
59.330331693255395,18.040566078145947,0.6044926583250689,max kungsholmen,3.8464099999999997,1.604492658325069,7.692819999999999,3.208985316650138,15.385639999999997,1.9253911899900826,30.771279999999994,11.268753013280442,intersects
59.346060962663465,18.08757556389324,1.710318849353933,max hamngatan,1.7569000000000001,1.710318849353933,3.5138000000000003,3.420637698707866,7.0276000000000005,2.0523826192247197,14.055200000000001,11.94604063586517,clear
59.33047355638356,18.005193053860555,1.5937438030832063,max kungsholmen,2.76065,1.5937438030832063,5.5213,3.1874876061664126,11.0426,1.9124925636998478,22.0852,11.19996033973252,clear
59.34204671403131,18.036725676989033,0.5748135384260775,max karolinska,3.88064,0.5748135384260775,7.76128,1.149627076852155,15.52256,0.689776246111293,31.04512,4.678806645926896,clear
59.32890533722606,18.07896224685514,0.5953805995266287,max hamngatan,1.5103499999999999,0.5953805995266287,3.0206999999999997,1.1907611990532574,6.041399999999999,0.7144567194319544,12.082799999999999,4.810435836970424,clear
59.353012906091514,18.095520050241447,2.6069491321801284,max hamngatan,2.73494,2.6069491321801284,5.46988,5.213898264360257,10.93976,3.128338958616154,21.87952,17.684474445952823,clear
59.32721866678962,18.02272279704632,0.9188188673979871,max kungsholmen,0.54287,0.9188188673979871,1.08574,1.8376377347959743,2.17148,1.1025826408775847,4.34296,6.880440751347118,clear
59.35166443172757,18.104497159805288,2.787772042318419,max hamngatan,3.02484,2.787772042318419,6.04968,5.575544084636838,12.09936,3.345326450782103,24.19872,18.84174107083788,clear
59.31883412902536,18.070377347576372,0.38475022351095334,max södermalm,0.64532,0.38475022351095334,1.29064,0.7695004470219067,2.58128,0.461700268213144,5.16256,3.462401430470101,clear
59.329793928038455,18.033704561014353,0.45361522883787153,max kungsholmen,2.1216500000000003,0.45361522883787153,4.2433000000000005,0.9072304576757431,8.486600000000001,0.5443382746054458,16.973200000000002,3.903137464562378,clear
59.34165404386171,18.10657745188769,2.1930018075209223,max hamngatan,3.6061799999999997,2.1930018075209223,7.212359999999999,4.386003615041845,14.424719999999999,2.631602169025107,28.849439999999998,15.035211568133903,clear
59.34333371726541,18.07183246323946,1.0208136549273426,max hötorget,2.51187,1.0208136549273426,5.02374,2.041627309854685,10.04748,1.2249763859128109,20.09496,7.533207391534992,clear
59.317978222438576,18.079768205150767,0.46043583539837835,max södermalm,3.69606,0.46043583539837835,7.39212,0.9208716707967567,14.78424,0.552523002478054,29.56848,3.9467893465496213,clear
59.30640490140403,18.07787426537585,1.0673851225872144,max södermalm,0.82755,1.0673851225872144,1.6551,2.134770245174429,3.3102,1.2808621471046573,6.6204,7.831264784558172,clear
59.35588765023193,18.102122243830017,3.07849354423288,max hamngatan,2.4546300000000003,3.07849354423288,4.909260000000001,6.15698708846576,9.818520000000001,3.694192253079456,19.637040000000002,20.70235868309043,clear
59.333461644581845,18.02648009359735,0.34029190051753366,max kungsholmen,0.6662899999999999,0.34029190051753366,1.3325799999999999,0.6805838010350673,2.6651599999999998,0.4083502806210404,5.3303199999999995,3.1778681633122154,clear
59.33763986951013,18.044366642517197,0.6780629929341601,max odenplan,1.37648,0.6780629929341601,2.75296,1.3561259858683201,5.50592,0.8136755915209921,11.01184,5.339603154778624,clear
59.344748185493366,18.068028941642762,0.9833312221295145,max odenplan,1.63074,0.9833312221295145,3.26148,1.966662444259029,6.52296,1.1799974665554176,13.04592,7.293319821628893,clear
59.329844682432345,18.002661056128254,1.7505923897176883,max kungsholmen,0.5592699999999999,1.7505923897176883,1.1185399999999999,3.5011847794353765,2.2370799999999997,2.100710867661226,4.4741599999999995,12.203791294193206,clear
59.31235951018163,18.093367512876522,1.2134048067528516,max södermalm,0.62139,1.2134048067528516,1.24278,2.426809613505703,2.48556,1.4560857681034218,4.97112,8.76579076321825,clear
59.3209204520594,18.067316741765673,0.6707243066727093,max södermalm,1.4518499999999999,0.6707243066727093,2.9036999999999997,1.3414486133454187,5.8073999999999995,0.8048691680072512,11.614799999999999,5.29263556270534,clear
59.3135959390632,18.036137433005266,2.115727253282085,max södermalm,1.95333,2.115727253282085,3.90666,4.23145450656417,7.81332,2.538872703938502,15.62664,14.540654421005346,clear
59.31175242009317,18.07794107661408,0.5168323087080503,max södermalm,2.83636,0.5168323087080503,5.67272,1.0336646174161006,11.34544,0.6201987704496604,22.69088,4.307726775731522,clear
59.33680997931918,18.080696359279678,0.656087270753879,max hamngatan,3.74716,0.656087270753879,7.49432,1.312174541507758,14.98864,0.7873047249046548,29.97728,5.198958532824825,clear
59.343654854399794,18.05196994142427,0.12390599684203453,max odenplan,3.56,0.12390599684203453,7.12,0.24781199368406906,14.24,0.14868719621044144,28.48,1.792998379789021,clear
59.33169127767176,18.090489423836033,1.058485355842405,max hamngatan,1.73596,1.058485355842405,3.47192,2.11697071168481,6.94384,1.270182427010886,13.88768,7.774306277391392,clear
59.30505141874617,18.072365429511596,1.1831183515092416,max södermalm,3.17862,1.1831183515092416,6.35724,2.366236703018483,12.71448,1.4197420218110899,25.42896,8.571957449659147,clear
59.33597408688718,18.064097927277594,0.10441309385192385,max hötorget,2.14106,0.10441309385192385,4.28212,0.2088261877038477,8.56424,0.12529571262230862,17.12848,1.6682438006523126,clear
59.308473123775364,18.05591949135961,1.263245385318562,max södermalm,2.78904,1.263245385318562,5.57808,2.526490770637124,11.15616,1.5158944623822743,22.31232,9.084770466038796,clear
59.35011834224587,18.082276505090668,1.9529897347924479,max odenplan,0.841,1.9529897347924479,1.682,3.9059794695848957,3.364,2.3435876817509373,6.728,13.499134302671667,clear
59.34822307833454,18.0441957247949,0.6412757398302624,max karolinska,0.29463,0.6412757398302624,0.58926,1.2825514796605249,1.17852,0.769530887796315,2.35704,5.104164734913679,clear
59.34774674913987,18.05849466607331,0.7054116831567816,max odenplan,1.50427,0.7054116831567816,3.00854,1.4108233663135632,6.01708,0.846494019788138,12.03416,5.514634772203403,clear
59.34253219888941,18.066039158492167,0.8081761601495108,max hötorget,2.08514,0.8081761601495108,4.17028,1.6163523202990215,8.34056,0.9698113921794128,16.68112,6.172327424956869,clear
59.314171413156956,18.082980704810918,0.588629485036015,max södermalm,2.7770900000000003,0.588629485036015,5.554180000000001,1.17725897007203,11.108360000000001,0.706355382043218,22.216720000000002,4.7672287042304955,clear
59.33897487161887,18.06178732948677,0.3887032452198804,max hötorget,1.3453,0.3887032452198804,2.6906,0.7774064904397608,5.3812,0.4664438942638565,10.7624,3.4877007694072346,clear
59.33408933374658,18.030848825236497,0.09454786012694259,max kungsholmen,2.8209299999999997,0.09454786012694259,5.641859999999999,0.18909572025388519,11.283719999999999,0.1134574321523311,22.567439999999998,1.6051063048124325,clear
59.309945780305554,18.079135601960523,0.7249176247064849,max södermalm,2.47196,0.7249176247064849,4.94392,1.4498352494129698,9.88784,0.8699011496477819,19.77568,5.639472798121504,clear
59.34894189057125,18.08472396911419,1.9255263142342696,max hamngatan,0.5902200000000001,1.9255263142342696,1.1804400000000002,3.851052628468539,2.3608800000000003,2.310631577081123,4.721760000000001,13.323368411099324,clear
59.30654281547711,18.082606757509275,1.1524378227267469,max södermalm,2.40631,1.1524378227267469,4.81262,2.3048756454534938,9.62524,1.3829253872720964,19.25048,8.37560206545118,clear
59.314265289791976,18.04504505714426,1.6034274884467021,max södermalm,0.30802999999999997,1.6034274884467021,0.6160599999999999,3.2068549768934043,1.2321199999999999,1.9241129861360426,2.4642399999999998,11.261935926058893,clear
59.332948793386144,18.006025635950866,1.505362091504306,max kungsholmen,2.42643,1.505362091504306,4.85286,3.010724183008612,9.70572,1.8064345098051673,19.41144,10.634317385627558,clear
59.34849424255631,18.0698787925483,1.2459406121376573,max odenplan,2.1480300000000003,1.2459406121376573,4.296060000000001,2.4918812242753146,8.592120000000001,1.4951287345651887,17.184240000000003,8.974019917681007,clear
59.312091027902774,18.081424967947985,0.6206252125233118,max södermalm,3.3651500000000003,0.6206252125233118,6.730300000000001,1.2412504250466236,13.460600000000001,0.7447502550279741,26.921200000000002,4.9720013601491955,clear
59.34134190235451,18.05974423116915,0.5024601203217186,max odenplan,3.19662,0.5024601203217186,6.39324,1.0049202406434372,12.78648,0.6029521443860624,25.57296,4.215744770058999,clear
59.3456220551893,18.065983472506392,0.9024722936226357,max odenplan,2.7934,0.9024722936226357,5.5868,1.8049445872452714,11.1736,1.0829667523471629,22.3472,6.775822679184868,clear
59.32847852842877,18.007790459274062,1.5226554268608294,max kungsholmen,3.55706,1.5226554268608294,7.11412,3.045310853721659,14.22824,1.8271865122329953,28.45648,10.744994731909308,clear
59.33240285499247,18.03752101593803,0.3301374420192115,max kungsholmen,1.25469,0.3301374420192115,2.50938,0.660274884038423,5.01876,0.39616493042305384,10.03752,3.1128796289229537,clear
59.33290142771442,18.059981997304774,0.32377577794525336,max hötorget,0.43935,0.32377577794525336,0.8787,0.6475515558905067,1.7574,0.38853093353430407,3.5148,3.0721649788496217,clear
59.33062943985381,18.074848708112896,0.30046084005390195,max hamngatan,1.21725,0.30046084005390195,2.4345,0.6009216801078039,4.869,0.3605530080646823,9.738,2.9229493763449725,clear
59.3301927370398,17.99798870102869,2.0008709547386414,max kungsholmen,3.43534,2.0008709547386414,6.87068,4.001741909477283,13.74136,2.4010451456863695,27.48272,13.805574110327305,clear
59.311106289496415,18.090756599905234,1.128274672947142,max södermalm,1.4185699999999999,1.128274672947142,2.8371399999999998,2.256549345894284,5.6742799999999995,1.3539296075365705,11.348559999999999,8.22095790686171,clear
59.35588809499795,18.088223799043107,2.5712838870000767,max odenplan,4.00492,2.5712838870000767,8.00984,5.142567774000153,16.01968,3.0855406644000922,32.03936,17.45621687680049,clear
59.349273746694614,18.04632398216389,0.7908595221778303,max karolinska,2.05686,0.7908595221778303,4.11372,1.5817190443556606,8.22744,0.9490314266133963,16.45488,6.061500941938114,clear
59.31857352045898,18.037097916307946,1.7184068296244164,max kungsholmen,3.7608099999999998,1.7184068296244164,7.5216199999999995,3.4368136592488328,15.043239999999999,2.0620881955492996,30.086479999999998,11.997803709596266,clear
59.349039968895575,18.093833207698076,2.1824970878575725,max hamngatan,1.77268,2.1824970878575725,3.54536,4.364994175715145,7.09072,2.618996505429087,14.18144,14.967981362288464,clear
59.30573200386252,18.081183569391232,1.1993133396062212,max södermalm,1.7801900000000002,1.1993133396062212,3.5603800000000003,2.3986266792124424,7.120760000000001,1.4391760075274656,14.241520000000001,8.675605373479815,clear
59.351199291935,18.08496211029113,2.143073725715575,max odenplan,3.04829,2.143073725715575,6.09658,4.28614745143115,12.19316,2.57168847085869,24.38632,14.71567184457968,clear
59.33685352722406,18.05521613591293,0.44143228501927567,max hötorget,1.2894700000000001,0.44143228501927567,2.5789400000000002,0.8828645700385513,5.1578800000000005,0.5297187420231307,10.315760000000001,3.825166624123364,clear
59.345886846384175,18.065870220207273,0.9079735314458811,max odenplan,1.43661,0.9079735314458811,2.87322,1.8159470628917622,5.74644,1.0895682377350573,11.49288,6.8110306012536395,clear
59.31362992915725,18.080291398004352,0.469812800484441,max södermalm,1.6836600000000002,0.469812800484441,3.3673200000000003,0.939625600968882,6.734640000000001,0.5637753605813292,13.469280000000001,4.006801923100422,clear
59.35131598694401,18.07226161484547,1.5392405925194204,max odenplan,2.03738,1.5392405925194204,4.07476,3.0784811850388407,8.14952,1.8470887110233045,16.29904,10.85113979212429,clear
59.314868504762224,18.08128972011565,0.4766409159600171,max södermalm,2.4787,0.4766409159600171,4.9574,0.9532818319200342,9.9148,0.5719690991520205,19.8296,4.05050186214411,clear
59.317757553551196,18.041435709829997,1.8162879608853144,max södermalm,0.7005,1.8162879608853144,1.401,3.632575921770629,2.802,2.1795455530623773,5.604,12.624242949666012,clear
59.347054447705595,18.058101897687262,0.6302972772697785,max odenplan,2.87872,0.6302972772697785,5.75744,1.260594554539557,11.51488,0.7563567327237342,23.02976,5.033902574526582,clear
59.312823533728924,18.051255671590795,1.281873290586776,max södermalm,0.89295,1.281873290586776,1.7859,2.563746581173552,3.5718,1.5382479487041312,7.1436,9.203989059755367,clear
59.31047967808566,18.082668697285396,0.7955069767868955,max södermalm,1.58276,0.7955069767868955,3.16552,1.591013953573791,6.33104,0.9546083721442745,12.66208,6.091244651436131,clear
59.350314034817835,18.08513499312965,2.076315808704905,max hamngatan,1.1678199999999999,2.076315808704905,2.3356399999999997,4.15263161740981,4.671279999999999,2.491578970445886,9.342559999999999,14.288421175711392,clear
59.337158376499914,18.01020355723362,1.3181975683220273,max kungsholmen,3.22049,1.3181975683220273,6.44098,2.6363951366440546,12.88196,1.5818370819864327,25.76392,9.436464437260975,clear
59.33309081350477,18.064145990508024,0.28463778662854794,max hötorget,3.39113,0.28463778662854794,6.78226,0.5692755732570959,13.56452,0.3415653439542575,27.12904,2.821681834422707,clear
59.33934853852024,18.038202017188063,0.6990440538457884,max kungsholmen,2.03754,0.6990440538457884,4.07508,1.3980881076915768,8.15016,0.838852864614946,16.30032,5.473881944613046,clear
59.3360127466575,18.050869087229675,0.6649162234498046,max hötorget,2.84465,0.6649162234498046,5.6893,1.3298324468996092,11.3786,0.7978994681397655,22.7572,5.2554638300787495,clear
59.33892716034082,18.052357038210577,0.4140953536501862,max odenplan,3.84911,0.4140953536501862,7.69822,0.8281907073003724,15.396440000000002,0.4969144243802235,30.792880000000004,3.650210263361192,clear
59.34442794863109,18.06234664394317,0.6624926538725235,max odenplan,3.1711300000000002,0.6624926538725235,6.3422600000000005,1.324985307745047,12.684520000000001,0.7949911846470282,25.369040000000002,5.239952984784151,clear
59.35386750337506,18.091220186581317,2.5763939934154134,max hamngatan,3.71219,2.5763939934154134,7.42438,5.152787986830827,14.84876,3.091672792098496,29.69752,17.488921557858646,clear
59.35528912002926,18.087246176121553,2.487511394293545,max odenplan,1.23369,2.487511394293545,2.46738,4.97502278858709,4.93476,2.985013673152254,9.86952,16.92007292347869,clear
59.3415030850979,18.108049630862023,2.2612232626184148,max hamngatan,1.1296400000000002,2.2612232626184148,2.2592800000000004,4.5224465252368296,4.518560000000001,2.7134679151420977,9.037120000000002,15.471828880757855,clear
59.338650077571636,18.042676477838896,0.6578603390229744,max odenplan,1.12035,0.6578603390229744,2.2407,1.3157206780459487,4.4814,0.7894324068275692,8.9628,5.210306169747036,clear
59.34167609386576,18.10208845070866,1.9685590120461791,max hamngatan,2.51419,1.9685590120461791,5.02838,3.9371180240923582,10.05676,2.362270814455415,20.11352,13.598777677095548,clear
59.333674942649395,18.027429078883003,0.28443717117631756,max kungsholmen,3.19194,0.28443717117631756,6.38388,0.5688743423526351,12.76776,0.3413246054115811,25.53552,2.8203978955284326,clear
59.32967498288061,18.066316393148043,0.4866316884010734,max hamngatan,3.05983,,6.11966,,12.23932,,24.47864,,nogo
59.31999889563104,18.048526925640257,1.47843461922115,max södermalm,2.27827,1.47843461922115,4.55654,2.9568692384423,9.11308,1.7741215430653798,18.22616,10.46198156301536,clear
59.35649272126066,18.099975653006705,3.069774782015123,max hamngatan,1.44425,3.069774782015123,2.8885,6.139549564030246,5.777,3.683729738418148,11.554,20.64655860489679,clear
59.31267078697886,18.058979855114224,0.8688701232973595,max södermalm,0.82563,0.8688701232973595,1.65126,1.737740246594719,3.30252,1.0426441479568314,6.60504,6.560768789103101,clear
59.3148567889099,18.071832667422537,0.11428315840921224,max södermalm,3.12019,0.11428315840921224,6.24038,0.2285663168184245,12.48076,0.1371397900910547,24.96152,1.7314122138189583,clear
59.331949342227254,18.00372174805895,1.6465766219343032,max kungsholmen,2.90074,1.6465766219343032,5.80148,3.2931532438686064,11.60296,1.975891946321164,23.20592,11.53809038037954,clear
59.33595456466434,18.065010429133412,0.15088921866695112,max hötorget,0.77985,0.15088921866695112,1.5597,0.30177843733390225,3.1194,0.18106706240034134,6.2388,1.9656909994684872,clear
59.313919128323604,18.09424915101122,1.2219281657480905,max södermalm,3.31734,1.2219281657480905,6.63468,2.443856331496181,13.26936,1.4663137988977086,26.53872,8.820340260787779,clear
59.34343411345606,18.077904266511478,1.218215956749075,max hamngatan,3.51124,1.218215956749075,7.02248,2.43643191349815,14.04496,1.4618591480988898,28.08992,8.79658212319408,clear
59.34107974055087,18.08818869687804,1.292637464954734,max hamngatan,1.5666600000000002,1.292637464954734,3.1333200000000003,2.585274929909468,6.266640000000001,1.5511649579456808,12.533280000000001,9.272879775710297,clear
59.33228582831122,18.090373024389102,1.0453820563387355,max hamngatan,1.87439,1.0453820563387355,3.74878,2.090764112677471,7.49756,1.2544584676064825,14.99512,7.690445160567907,clear
59.345781343400986,18.095797774392423,1.9699741419477859,max hamngatan,2.9246399999999997,1.9699741419477859,5.849279999999999,3.9399482838955717,11.698559999999999,2.363968970337343,23.397119999999997,13.60783450846583,clear
59.3404394971086,18.063134415167116,0.5508348391983963,max hötorget,2.69506,0.5508348391983963,5.39012,1.1016696783967925,10.78024,0.6610018070380754,21.56048,4.525342970869736,clear
59.33383833215979,18.062574793263686,0.1857279772094532,max hötorget,1.9146400000000001,0.1857279772094532,3.8292800000000002,0.3714559544189064,7.658560000000001,0.22287357265134383,15.317120000000003,2.1886590541405004,clear
59.30480798460513,18.081573592992598,1.303001053488513,max södermalm,3.4892,1.303001053488513,6.9784,2.606002106977026,13.9568,1.5636012641862158,27.9136,9.339206742326484,clear
59.34408075402333,18.098678190395518,1.9605400293243456,max hamngatan,0.35274,1.9605400293243456,0.70548,3.921080058648691,1.41096,2.3526480351892145,2.82192,13.547456187675811,clear
59.34315402897189,18.08280926823984,1.2945572888741443,max hamngatan,1.62971,1.2945572888741443,3.25942,2.5891145777482887,6.51884,1.5534687466489734,13.03768,9.285166648794524,clear
59.3509015252325,18.055633155104996,0.957347907628469,max odenplan,1.70419,0.957347907628469,3.40838,1.914695815256938,6.81676,1.1488174891541627,13.63352,7.127026608822201,clear
59.3462962556081,18.093195842631467,1.9157681549028245,max hamngatan,3.45972,1.9157681549028245,6.91944,3.831536309805649,13.83888,2.2989217858833895,27.67776,13.260916191378076,clear
59.33376081027469,18.02720905788772,0.2966026935936019,max kungsholmen,1.29649,0.2966026935936019,2.59298,0.5932053871872038,5.18596,0.3559232323123223,10.37192,2.898257238999052,clear
59.327038970043034,18.072685215781192,0.6556866390290308,max hamngatan,1.43377,,2.86754,,5.73508,,11.47016,,nogo
59.30857401307366,18.09306873956051,1.3863336811550042,max södermalm,2.72424,1.3863336811550042,5.44848,2.7726673623100084,10.89696,1.663600417386005,21.79392,9.872535559392027,clear
59.331428025590476,18.059852326874903,0.47871893445638547,max hötorget,2.03914,0.47871893445638547,4.07828,0.9574378689127709,8.15656,0.5744627213476625,16.31312,4.063801180520867,clear
59.31693663160652,18.081246452444645,0.4868539923874382,max södermalm,1.65028,0.4868539923874382,3.30056,0.9737079847748764,6.60112,0.5842247908649258,13.20224,4.1158655512796045,clear
59.34904758642584,18.100735712009715,2.4278593926784957,max hamngatan,3.68613,2.4278593926784957,7.37226,4.855718785356991,14.74452,2.9134312712141948,29.48904,16.538300113142373,clear
59.33357163687128,18.045316016697164,0.7345585065866157,max kungsholmen,2.73262,0.7345585065866157,5.46524,1.4691170131732314,10.93048,0.8814702079039388,21.86096,5.701174442154341,clear
59.319244698800816,18.035792622826786,1.6341916090792026,max kungsholmen,3.08669,1.6341916090792026,6.17338,3.268383218158405,12.34676,1.961029930895043,24.69352,11.458826298106896,clear
59.33610743717087,18.083411800991886,0.738042770750647,max hamngatan,1.39704,0.738042770750647,2.79408,1.476085541501294,5.58816,0.8856513249007764,11.17632,5.72347373280414,clear
59.33604215381131,18.021833437011495,0.6516869401100318,max kungsholmen,1.17699,0.6516869401100318,2.35398,1.3033738802200636,4.70796,0.7820243281320381,9.41592,5.170796416704204,clear
59.32862144808252,18.016696362789357,1.0655527463386618,max kungsholmen,2.2814,1.0655527463386618,4.5628,2.1311054926773236,9.1256,1.2786632956063944,18.2512,7.819537576567436,clear
59.34751412928712,18.069380757838296,1.1669493419038186,max odenplan,3.1525100000000004,1.1669493419038186,6.305020000000001,2.333898683807637,12.610040000000001,1.4003392102845822,25.220080000000003,8.468475788184438,clear
59.31512748832279,18.086846571760812,0.7870349817047196,max södermalm,3.73469,0.7870349817047196,7.46938,1.5740699634094393,14.93876,0.9444419780456635,29.87752,6.037023882910206,clear
59.332043162695925,18.095390078391784,1.3321511023436445,max hamngatan,0.26959,1.3321511023436445,0.53918,2.664302204687289,1.07836,1.5985813228123733,2.15672,9.525767054999324,clear
59.315709892596495,18.07255141441107,0.029753445055285953,max södermalm,1.0301,0.029753445055285953,2.0602,0.059506890110571906,4.1204,0.035704134066343145,8.2408,1.1904220483538301,clear
59.33244839550173,18.029578258204936,0.22190133307224272,max kungsholmen,2.04774,0.22190133307224272,4.09548,0.44380266614448544,8.19096,0.26628159968669124,16.38192,2.4201685316623536,clear
59.33871096889641,18.005482890127507,1.627270773357347,max kungsholmen,1.9441400000000002,1.627270773357347,3.8882800000000004,3.254541546714694,7.776560000000002,1.9527249280288164,15.553120000000003,11.414532949487022,clear
59.33814434109097,18.079884043910784,0.7335781450895899,max hamngatan,3.15183,0.7335781450895899,6.30366,1.4671562901791797,12.60732,0.8802937741075078,25.21464,5.694900128573375,clear
59.30631590777808,18.084952485579198,1.2422456915004148,max södermalm,0.86353,1.2422456915004148,1.72706,2.4844913830008295,3.45412,1.4906948298004976,6.90824,8.950372425602655,clear
59.332264405545914,18.086605228406835,0.8317325346485008,max hamngatan,2.1674,0.8317325346485008,4.3348,1.6634650692970017,8.6696,0.9980790415782009,17.3392,6.323088221750405,clear
59.3173726476117,18.093482170470434,1.1780453788540002,max södermalm,3.63881,1.1780453788540002,7.27762,2.3560907577080004,14.55524,1.4136544546248002,29.11048,8.539490424665601,clear
59.31182326369493,18.07196197390652,0.43265630367247304,max södermalm,1.19901,0.43265630367247304,2.39802,0.8653126073449461,4.79604,0.5191875644069677,9.59208,3.7690003435038273,clear
59.33660504563004,18.075275884141888,0.4501636858777181,max hamngatan,1.10707,0.4501636858777181,2.21414,0.9003273717554362,4.42828,0.5401964230532618,8.85656,3.881047589617396,clear
59.334605878157916,18.068211912592037,0.2883357476619669,max hamngatan,2.12437,0.2883357476619669,4.24874,0.5766714953239338,8.49748,0.3460028971943603,16.99496,2.845348785036588,clear
59.33387110336265,18.073933330214906,0.151105607701521,max hamngatan,2.35881,0.151105607701521,4.71762,0.302211215403042,9.43524,0.18132672924182522,18.87048,1.9670758892897344,clear
59.347881150588094,18.102745599063283,2.4147381461911737,max hamngatan,0.58051,2.4147381461911737,1.16102,4.829476292382347,2.32204,2.8976857754294083,4.64408,16.454324135623512,clear
59.332280177722886,18.03872773574444,0.397592631468032,max kungsholmen,3.00042,,6.00084,,12.00168,,24.00336,,nogo
59.311398775168435,18.063654153947734,0.7164610994666074,max södermalm,3.08594,0.7164610994666074,6.17188,1.4329221989332148,12.34376,0.8597533193599289,24.68752,5.585351036586287,clear
59.317991120302224,18.03378037384381,1.7642194484126585,max kungsholmen,3.06508,1.7642194484126585,6.13016,3.528438896825317,12.26032,2.1170633380951904,24.52064,12.291004469841015,clear
59.33820607415078,18.053645880776823,0.5081243965050294,max odenplan,1.00514,0.5081243965050294,2.01028,1.0162487930100588,4.02056,0.6097492758060353,8.04112,4.251996137632188,clear
59.350541233187364,18.054216053549233,0.9001907300401036,max odenplan,2.91431,0.9001907300401036,5.82862,1.8003814600802073,11.65724,1.0802288760481242,23.31448,6.761220672256663,clear
59.31058925176526,18.05243281128349,1.3041497800870714,max södermalm,0.33363,1.3041497800870714,0.66726,2.6082995601741428,1.33452,1.5649797361044857,2.66904,9.346558592557257,clear
59.317007457889254,18.0294783712416,1.879568552962706,max kungsholmen,2.29908,1.879568552962706,4.59816,3.759137105925412,9.19632,2.255482263555247,18.39264,13.029238738961318,clear
59.31497001025845,18.07981605016692,0.3921052398902441,max södermalm,3.3326599999999997,0.3921052398902441,6.6653199999999995,0.7842104797804882,13.330639999999999,0.4705262878682929,26.661279999999998,3.509473535297562,clear
59.343826758104754,18.111514582867883,2.553826033219523,max hamngatan,0.6506799999999999,2.553826033219523,1.3013599999999999,5.107652066439046,2.6027199999999997,3.0645912398634274,5.205439999999999,17.344486612604946,clear
59.33534847594018,18.096861446633255,1.4380474146133053,max hamngatan,0.89351,1.4380474146133053,1.78702,2.8760948292266106,3.57404,1.7256568975359663,7.14808,10.203503453525155,clear
59.350876946836365,18.061876663230397,1.1018981614343974,max odenplan,1.28649,1.1018981614343974,2.57298,2.203796322868795,5.14596,1.3222777937212769,10.29192,8.052148233180144,clear
59.34559093501861,18.04476295075296,0.4977669090965966,max odenplan,3.99105,0.4977669090965966,7.9821,0.9955338181931932,15.964199999999998,0.597320290915916,31.928399999999996,4.185708218218219,clear
59.31259469391855,18.09458709728744,1.2724610674149601,max södermalm,1.24053,1.2724610674149601,2.48106,2.5449221348299202,4.96212,1.5269532808979522,9.92424,9.143750831455744,clear
59.35455557262403,18.10100578445697,2.9199930565766317,max hamngatan,1.2252,2.9199930565766317,2.4504,5.839986113153263,4.9008,3.5039916678919583,9.8016,19.687955562090444,clear
59.35017430406759,18.081332464287886,1.9073502519218877,max odenplan,0.47108,1.9073502519218877,0.94216,3.8147005038437753,1.88432,2.288820302306265,3.76864,13.207041612300081,clear
59.3339114475449,18.084261418226305,0.7039273690855415,max hamngatan,2.04528,0.7039273690855415,4.09056,1.407854738171083,8.18112,0.8447128429026499,16.36224,5.505135162147466,clear
59.34535641755064,18.108423784373638,2.4911689127493313,max hamngatan,0.6840499999999999,2.4911689127493313,1.3680999999999999,4.9823378254986626,2.7361999999999997,2.9894026952991974,5.4723999999999995,16.94348104159572,clear
59.31434069040756,18.06237761234385,0.6263799164489677,max södermalm,2.83121,0.6263799164489677,5.66242,1.2527598328979355,11.32484,0.7516558997387613,22.64968,5.008831465273394,clear
59.31243910124145,18.082130873504294,0.6290336993256318,max södermalm,2.94948,0.6290336993256318,5.89896,1.2580673986512636,11.79792,0.7548404391907582,23.59584,5.0258156756840435,clear
59.34019903771531,18.04000019075882,0.6947475228357667,max odenplan,2.84111,0.6947475228357667,5.68222,1.3894950456715334,11.36444,0.8336970274029201,22.72888,5.446384146148906,clear
59.34329721286098,18.0395542691786,0.5379986459644457,max karolinska,1.05782,0.5379986459644457,2.11564,1.0759972919288914,4.23128,0.6455983751573349,8.46256,4.443191334172452,clear
59.34239056101807,18.046752536591665,0.25791835056333606,max odenplan,1.0779,0.25791835056333606,2.1558,0.5158367011266721,4.3116,0.3095020206760033,8.6232,2.6506774436053506,clear
59.33988293406071,18.01218961713474,1.3352347921079124,max kungsholmen,2.71441,1.3352347921079124,5.42882,2.670469584215825,10.85764,1.6022817505294948,21.71528,9.54550266949064,clear
59.337497563902716,18.0619321322638,0.2243698667287689,max hötorget,0.70951,0.2243698667287689,1.41902,0.4487397334575378,2.83804,0.26924384007452273,5.67608,2.435967147064121,clear
59.337171368869896,18.052350172377963,0.6072644502014232,max hötorget,0.71924,0.6072644502014232,1.43848,1.2145289004028463,2.87696,0.7287173402417078,5.75392,4.886492481289109,clear
59.33263918382745,18.054250904931262,0.5682343256631999,max hötorget,3.8963400000000004,0.5682343256631999,7.792680000000001,1.1364686513263997,15.585360000000003,0.6818811907958399,31.170720000000006,4.636699684244479,clear
59.308363463067245,18.069808977843888,0.8343720642609622,max södermalm,0.75522,0.8343720642609622,1.51044,1.6687441285219244,3.02088,1.0012464771131546,6.04176,6.339981211270159,clear
59.330535078266706,18.05575932813586,0.6739258069240844,max hötorget,0.38083,0.6739258069240844,0.76166,1.3478516138481689,1.52332,0.8087109683089013,3.04664,5.31312516431414,clear
59.317667937787704,18.07976699480237,0.4419680300012783,max södermalm,3.1608,0.4419680300012783,6.3216,0.8839360600025566,12.6432,0.530361636001534,25.2864,3.8285953920081814,clear
59.30649349084441,18.074949527141978,1.0274084695293924,max södermalm,1.8638,1.0274084695293924,3.7276,2.0548169390587847,7.4552,1.232890163435271,14.9104,7.575414204988111,clear
59.34464216690995,18.112359986953066,2.6399647432909643,max hamngatan,3.2374099999999997,2.6399647432909643,6.474819999999999,5.279929486581929,12.949639999999999,3.1679576919491574,25.899279999999997,17.895774357062173,clear
59.3394772331258,18.104342538044,1.977988164533393,max hamngatan,2.82945,1.977988164533393,5.6589,3.955976329066786,11.3178,2.3735857974400716,22.6356,13.659124253013715,clear
59.30990082844851,18.07307297108636,0.6422176607049496,max södermalm,1.0928399999999998,0.6422176607049496,2.1856799999999996,1.2844353214098991,4.371359999999999,0.7706611928459395,8.742719999999998,5.110193028511677,clear
59.342139586491705,18.039924520652054,0.6474330185282301,max odenplan,2.2456199999999997,0.6474330185282301,4.4912399999999995,1.2948660370564602,8.982479999999999,0.7769196222338761,17.964959999999998,5.143571318580673,clear
59.31037765644322,18.0622069133151,0.8541506537546468,max södermalm,1.08681,0.8541506537546468,2.17362,1.7083013075092937,4.34724,1.0249807845055763,8.69448,6.46656418402974,clear
59.33896485212632,18.016519682648028,1.0715796289342507,max kungsholmen,1.68415,1.0715796289342507,3.3683,2.1431592578685015,6.7366,1.285895554721101,13.4732,7.858109625179205,clear
59.319966206457174,18.074753030743185,0.4886006379453866,max södermalm,2.3161799999999997,0.4886006379453866,4.632359999999999,0.9772012758907732,9.264719999999999,0.5863207655344639,18.529439999999997,4.127044082850475,clear
59.31415788752562,18.085569785433,0.7315916652398915,max södermalm,1.3308,0.7315916652398915,2.6616,1.463183330479783,5.3232,0.8779099982878698,10.6464,5.682186657535306,clear
59.33526411518969,18.018464802290907,0.8105301809302441,max kungsholmen,1.6195,0.8105301809302441,3.239,1.6210603618604882,6.478,0.972636217116293,12.956,6.187393157953562,clear
59.327713893104345,18.04528633556783,0.9990222746400739,max kungsholmen,3.68166,1.9990222746400739,7.36332,3.9980445492801477,14.72664,2.3988267295680887,29.45328,13.793742557696472,intersects
59.33499286235302,18.033574327332076,0.14701342206695983,max kungsholmen,1.98636,0.14701342206695983,3.97272,0.29402684413391966,7.94544,0.1764161064803518,15.89088,1.9408859012285429,clear
59.33134359543822,18.007074973419744,1.4685761594096802,max kungsholmen,1.7169400000000001,1.4685761594096802,3.4338800000000003,2.9371523188193605,6.8677600000000005,1.7622913912916163,13.735520000000001,10.398887420221953,clear
59.31856966565614,18.074428753765623,0.33266433384946154,max södermalm,2.8025700000000002,0.33266433384946154,5.6051400000000005,0.6653286676989231,11.210280000000001,0.3991972006193538,22.420560000000002,3.129051736636554,clear
59.3385231942025,18.054643062153005,0.49338150558109833,max odenplan,1.0590899999999999,0.49338150558109833,2.1181799999999997,0.9867630111621967,4.2363599999999995,0.592057806697318,8.472719999999999,4.157641635719029,clear
59.31070071543934,18.05192434960405,1.3250701686883224,max södermalm,2.6199,1.3250701686883224,5.2398,2.650140337376645,10.4796,1.590084202425987,20.9592,9.480449079605263,clear
59.33022022067252,18.02244987534072,0.6943768286141944,max kungsholmen,3.06345,0.6943768286141944,6.1269,1.3887536572283887,12.2538,0.8332521943370332,24.5076,5.444011703130844,clear
59.334714838750756,18.062441034616832,0.08813314389137825,max hötorget,2.90335,0.08813314389137825,5.8067,0.1762662877827565,11.6134,0.10575977266965389,23.2268,1.5640521209048208,clear
59.34310810693962,18.095407823152783,1.7482825482707913,max hamngatan,2.99303,1.7482825482707913,5.98606,3.4965650965415827,11.97212,2.0979390579249495,23.94424,12.189008308933065,clear
59.35110175365636,18.072986457449655,1.556835509192146,max odenplan,2.25797,1.556835509192146,4.51594,3.113671018384292,9.03188,1.8682026110305752,18.06376,10.963747258829734,clear
59.33932777224574,18.048851888591347,0.3897992479376817,max odenplan,3.71052,0.3897992479376817,7.42104,0.7795984958753635,14.84208,0.46775909752521805,29.68416,3.494715186801163,clear
59.34387334483112,18.09941906088094,1.9789801083799659,max hamngatan,2.08475,1.9789801083799659,4.1695,3.9579602167599317,8.339,2.3747761300559587,16.678,13.66547269363178,clear
59.30899595465012,18.06063555107484,1.026327469921844,max södermalm,0.67502,1.026327469921844,1.35004,2.052654939843688,2.70008,1.2315929639062129,5.40016,7.5684958074998026,clear
59.31187347809116,18.081323339656688,0.632131269019071,max södermalm,2.47203,0.632131269019071,4.94406,1.264262538038142,9.88812,0.7585575228228852,19.77624,5.045640121722054,clear
59.31340296558699,18.05488870234514,1.0654895910204867,max södermalm,2.50697,1.0654895910204867,5.01394,2.1309791820409734,10.02788,1.2785875092245842,20.05576,7.819133382531115,clear
59.34399077144582,18.109023117597104,2.4392485971590467,max hamngatan,3.76717,2.4392485971590467,7.53434,4.8784971943180935,15.06868,2.9270983165908557,30.13736,16.6111910218179,clear
59.33795422179971,18.071696165116435,0.5616423478307845,max hamngatan,2.33886,0.5616423478307845,4.67772,1.123284695661569,9.35544,0.6739708173969413,18.71088,4.59451102611702,clear
59.340092973260774,18.106423700388074,2.1134773908190816,max hamngatan,1.16525,2.1134773908190816,2.3305,4.226954781638163,4.661,2.536172868982898,9.322,14.526255301242124,clear
59.32557485705434,18.068939068225554,0.8367266651070795,max hamngatan,3.3419499999999998,,6.6838999999999995,,13.367799999999999,,26.735599999999998,,nogo
59.32972108224567,18.03455637503793,0.4717465794323333,max kungsholmen,3.1301900000000002,0.4717465794323333,6.2603800000000005,0.9434931588646666,12.520760000000001,0.5660958953187999,25.041520000000002,4.019178108366933,clear
59.31867636679295,18.059479861547665,0.8432760482319318,max södermalm,2.8155900000000003,0.8432760482319318,5.6311800000000005,1.6865520964638636,11.262360000000001,1.0119312578783182,22.524720000000002,6.396966708684364,clear
59.327863456037456,18.049597626279965,1.1246660856792445,max hötorget,2.90762,1.1246660856792445,5.81524,2.249332171358489,11.63048,1.3495993028150934,23.26096,8.197862948347165,clear
59.34740533426299,18.082632125939575,1.7228497216232868,max hamngatan,0.41514,1.7228497216232868,0.83028,3.4456994432465735,1.66056,2.067419665947944,3.32112,12.026238218389036,clear
59.34953294686804,18.0410098521967,0.531636992975573,max karolinska,3.18747,0.531636992975573,6.37494,1.063273985951146,12.74988,0.6379643915706875,25.49976,4.402476755043667,clear
59.3334920340352,18.02983199552534,0.1515212401520552,max kungsholmen,1.0967799999999999,0.1515212401520552,2.1935599999999997,0.3030424803041104,4.3871199999999995,0.18182548818246624,8.774239999999999,1.9697359369731533,clear
59.328642432070176,18.058989668966923,0.7903340827787714,max hötorget,2.30454,0.7903340827787714,4.60908,1.5806681655575427,9.21816,0.9484008993345256,18.43632,6.058138129784137,clear
59.33573779462484,18.03562282266138,0.28151246612346054,max kungsholmen,0.13151,0.28151246612346054,0.26302,0.5630249322469211,0.52604,0.33781495934815264,1.05208,2.8016797831901474,clear
59.34285013863064,18.051987916438133,0.04949019481498446,max odenplan,0.43193,0.04949019481498446,0.86386,0.09898038962996893,1.72772,0.05938823377798135,3.45544,1.3167372468159004,clear
59.344327447008965,18.03528110844059,0.30817516717605986,max karolinska,3.11956,0.30817516717605986,6.23912,0.6163503343521197,12.47824,0.36981020061127184,24.95648,2.972321069926783,clear
59.3417961566309,18.083530862494236,1.1856241785091854,max hamngatan,1.0805799999999999,1.1856241785091854,2.1611599999999997,2.371248357018371,4.3223199999999995,1.4227490142110226,8.644639999999999,8.587994742458786,clear
59.34437811751673,18.11117753751216,2.566951467836284,max hamngatan,3.14413,2.566951467836284,6.28826,5.133902935672568,12.57652,3.080341761403541,25.15304,17.428489394152216,clear
59.334371271744565,18.071447964410183,0.16570559618467443,max hamngatan,2.46415,0.16570559618467443,4.9283,0.33141119236934885,9.8566,0.1988467154216093,19.7132,2.0605158155819163,clear
59.339556773288486,18.08518912297563,1.051968056609787,max hamngatan,3.6295100000000002,1.051968056609787,7.2590200000000005,2.103936113219574,14.518040000000001,1.2623616679317446,29.036080000000002,7.732595562302638,clear
59.314235701904025,18.0664891049656,0.4070605448802267,max södermalm,1.19002,0.4070605448802267,2.38004,0.8141210897604534,4.76008,0.48847265385627203,9.52016,3.605187487233451,clear
59.33381625475944,18.031931082551026,0.02778136519068479,max kungsholmen,1.49922,0.02778136519068479,2.99844,0.05556273038136958,5.99688,0.03333763822882175,11.99376,1.1778007372203827,clear
59.349948273441896,18.05482471153969,0.8430246384856901,max odenplan,0.44056,0.8430246384856901,0.88112,1.6860492769713802,1.76224,1.011629566182828,3.52448,6.395357686308417,clear
59.337320739500825,18.018348089429026,0.8911262206657721,max kungsholmen,1.15047,0.8911262206657721,2.30094,1.7822524413315441,4.60188,1.0693514647989264,9.20376,6.703207812260941,clear
59.31451718381755,18.096344679936337,1.3318257707082732,max södermalm,2.4364299999999997,1.3318257707082732,4.872859999999999,2.6636515414165465,9.745719999999999,1.598190924849928,19.491439999999997,9.523684932532948,clear
59.330310131854354,18.04768795610438,0.952678125206593,max kungsholmen,1.32174,1.952678125206593,2.64348,3.905356250413186,5.28696,2.343213750247912,10.57392,13.497140001322196,intersects
59.339677504291735,18.107035723504207,2.1289601849980913,max hamngatan,3.55068,2.1289601849980913,7.10136,4.2579203699961825,14.20272,2.5547522219977097,28.40544,14.625345183987784,clear
59.34322809837093,18.087335054835435,1.4410322648802767,max hamngatan,2.43598,1.4410322648802767,4.87196,2.8820645297605534,9.74392,1.729238717856332,19.48784,10.222606495233771,clear
59.342806948205634,18.093269333726703,1.6348309570547948,max hamngatan,1.3674600000000001,1.6348309570547948,2.7349200000000002,3.2696619141095895,5.4698400000000005,1.9617971484657537,10.939680000000001,11.462918125150686,clear
59.34886124036217,18.056882781160972,0.7670009921317374,max odenplan,1.8342100000000001,0.7670009921317374,3.6684200000000002,1.534001984263475,7.3368400000000005,0.9204011905580849,14.673680000000001,5.90880634964312,clear
59.35315655009501,18.091205608709224,2.504511417025836,max hamngatan,3.56435,2.504511417025836,7.1287,5.009022834051672,14.2574,3.0054137004310033,28.5148,17.02887306896535,clear
59.34653793726329,18.085533621222996,1.7005210517598708,max hamngatan,1.39607,1.7005210517598708,2.79214,3.4010421035197416,5.58428,2.0406252621118446,11.16856,11.883334731263172,clear
59.34972176837903,18.08842527552348,2.0913177492413104,max hamngatan,1.25552,2.0913177492413104,2.51104,4.182635498482621,5.02208,2.5095812990895725,10.04416,14.384433595144387,clear
59.336427794730305,18.084579900595404,0.8134939176971375,max hamngatan,1.28689,0.8134939176971375,2.57378,1.626987835394275,5.14756,0.9761927012365651,10.29512,6.2063610732616805,clear
59.320272048905956,18.050422466205834,1.3878163350134276,max södermalm,3.4229600000000002,1.3878163350134276,6.8459200000000004,2.775632670026855,13.691840000000001,1.6653796020161131,27.383680000000002,9.882024544085937,clear
59.31412206689648,18.046202195405826,1.5395587220214126,max södermalm,1.0548499999999998,1.5395587220214126,2.1096999999999997,3.0791174440428253,4.219399999999999,1.8474704664256953,8.438799999999999,10.853175820937041,clear
59.34550831830145,18.03897955034421,0.361356113320897,max karolinska,3.4125199999999998,0.361356113320897,6.8250399999999996,0.722712226641794,13.650079999999999,0.4336273359850764,27.300159999999998,3.312679125253741,clear
59.329754204389246,18.001508096359558,1.816653943289352,max kungsholmen,2.3066999999999998,1.816653943289352,4.6133999999999995,3.633307886578704,9.226799999999999,2.1799847319472225,18.453599999999998,12.626585237051852,clear
59.3288771734107,18.03135794192031,0.5531106716342703,max kungsholmen,0.80964,0.5531106716342703,1.61928,1.1062213432685406,3.23856,0.6637328059611244,6.47712,4.53990829845933,clear
59.33415673830034,18.097788276404692,1.471567449566666,max hamngatan,3.5114099999999997,1.471567449566666,7.022819999999999,2.943134899133332,14.045639999999999,1.7658809394799992,28.091279999999998,10.418031677226661,clear
59.340644583445204,18.09863828721844,1.7410847489547565,max hamngatan,3.42461,1.7410847489547565,6.84922,3.482169497909513,13.69844,2.089301698745708,27.39688,12.142942393310442,clear
59.355487377788165,18.097291237396657,2.895808492753208,max hamngatan,2.94435,2.895808492753208,5.8887,5.791616985506416,11.7774,3.4749701913038495,23.5548,19.53317435362053,clear
59.337541224851435,18.091104059549068,1.2007325815239172,max hamngatan,3.91028,1.2007325815239172,7.82056,2.4014651630478343,15.641119999999999,1.4408790978287007,31.282239999999998,8.68468852175307,clear
59.31798355477045,18.05338246173533,1.1503001568617122,max södermalm,0.90959,1.1503001568617122,1.81918,2.3006003137234243,3.63836,1.3803601882340546,7.27672,8.361921003914958,clear
59.34267483126703,18.058768751863262,0.4270018292470693,max odenplan,1.17834,0.4270018292470693,2.35668,0.8540036584941386,4.71336,0.5124021950964832,9.42672,3.7328117071812437,clear
59.34887306606349,18.09341650683524,2.1537457483370037,max hamngatan,2.44071,2.1537457483370037,4.88142,4.307491496674007,9.76284,2.5844948980044045,19.52568,14.783972789356824,clear
59.317763809202255,18.037937279516136,1.8152308212298784,max kungsholmen,0.43565,1.8152308212298784,0.8713,3.630461642459757,1.7426,2.178276985475854,3.4852,12.617477255871222,clear
59.34537491220323,18.081557118336367,1.489708581861217,max hamngatan,2.62711,1.489708581861217,5.25422,2.979417163722434,10.50844,1.7876502982334603,21.01688,10.53413492391179,clear
59.32786911856059,18.054550913681798,0.9637699886096418,max hötorget,2.65067,0.9637699886096418,5.30134,1.9275399772192836,10.60268,1.1565239863315702,21.20536,7.1681279271017075,clear
59.33789771246282,18.10241496951589,1.815231359697427,max hamngatan,3.49008,1.815231359697427,6.98016,3.630462719394854,13.96032,2.178277631636912,27.92064,12.617480702063531,clear
59.33655471730827,18.027827969936194,0.4019974184954455,max kungsholmen,2.87461,0.4019974184954455,5.74922,0.803994836990891,11.49844,0.4823969021945346,22.99688,3.572783478370851,clear
59.318054905862944,18.036204418593,1.7685891838642833,max kungsholmen,2.92302,1.7685891838642833,5.84604,3.5371783677285666,11.69208,2.12230702063714,23.38416,12.318970776731414,clear
59.31543279504414,18.029014442585336,2.0566704699735894,max kungsholmen,0.6456000000000001,2.0566704699735894,1.2912000000000001,4.113340939947179,2.5824000000000003,2.4680045639683073,5.1648000000000005,14.162691007830972,clear
59.339456606512556,18.05556756869295,0.4274589689783617,max odenplan,3.91957,0.4274589689783617,7.83914,0.8549179379567234,15.67828,0.5129507627740341,31.35656,3.735737401461515,clear
59.34422805509637,18.061381807528743,0.6034238108123107,max odenplan,1.57354,0.6034238108123107,3.14708,1.2068476216246213,6.29416,0.7241085729747728,12.58832,4.861912389198788,clear
59.31282876116242,18.08994230369393,1.0117088755490733,max södermalm,1.7828,1.0117088755490733,3.5656,2.0234177510981466,7.1312,1.214050650658888,14.2624,7.474936803514069,clear
59.34019338275645,18.05449794021281,0.3253274051013159,max odenplan,1.32102,0.3253274051013159,2.64204,0.6506548102026318,5.28408,0.3903928861215791,10.56816,3.082095392648422,clear
59.35256987150322,18.08272211555456,2.1061744559897946,max odenplan,2.90756,2.1061744559897946,5.81512,4.212348911979589,11.63024,2.5274093471877532,23.26048,14.479516518334684,clear
59.33310624883749,18.02836254430342,0.24393217479423202,max kungsholmen,2.69813,0.24393217479423202,5.39626,0.48786434958846403,10.79252,0.2927186097530784,21.58504,2.561165918683085,clear
59.33482641134147,18.06997199697719,0.24346076520353482,max hamngatan,1.79217,0.24346076520353482,3.58434,0.48692153040706965,7.16868,0.2921529182442418,14.33736,2.558148897302623,clear
59.340775373401925,18.11563433616475,2.6305764288666897,max hamngatan,2.7661700000000002,2.6305764288666897,5.5323400000000005,5.2611528577333795,11.064680000000001,3.156691714640028,22.129360000000002,17.835689144746816,clear
59.31876961960463,18.033251495113728,1.6764610464744194,max kungsholmen,0.82432,1.6764610464744194,1.64864,3.352922092948839,3.29728,2.011753255769303,6.59456,11.729350697436285,clear
59.33563750001215,18.01417333753431,1.0581991714982175,max kungsholmen,3.04007,1.0581991714982175,6.08014,2.116398342996435,12.16028,1.269839005797861,24.32056,7.772474697588592,clear
59.340848536866446,18.095635806078466,1.6071779019056065,max hamngatan,1.12704,1.6071779019056065,2.25408,3.214355803811213,4.50816,1.9286134822867276,9.01632,11.285938572195882,clear
59.34656010861673,18.089120754868798,1.8039558325640288,max hamngatan,1.49308,1.8039558325640288,2.98616,3.6079116651280576,5.97232,2.1647469990768347,11.94464,12.545317328409784,clear
59.31019971707906,18.048976064028125,1.501085411343431,max södermalm,1.1901199999999998,1.501085411343431,2.3802399999999997,3.002170822686862,4.760479999999999,1.8013024936121174,9.520959999999999,10.606946632597959,clear
59.34104067006649,18.039727506393206,0.6792549776149982,max odenplan,1.07665,0.6792549776149982,2.1533,1.3585099552299964,4.3066,0.8151059731379978,8.6132,5.347231856735989,clear
59.32339021223084,18.071393187721405,0.8657681391479966,max södermalm,0.87333,0.8657681391479966,1.74666,1.731536278295993,3.49332,1.0389217669775959,6.98664,6.540916090547178,clear
59.34178476113877,18.086960522030594,1.302457845510255,max hamngatan,0.47413,1.302457845510255,0.94826,2.60491569102051,1.89652,1.562949414612306,3.79304,9.33573021126563,clear
59.35336053149133,18.099915383626513,2.775191856952872,max hamngatan,0.37695999999999996,2.775191856952872,0.7539199999999999,5.550383713905744,1.5078399999999998,3.3302302283434466,3.0156799999999997,18.761227884498382,clear
59.31029972309817,18.06512565180203,0.7495901514973246,max södermalm,3.12784,0.7495901514973246,6.25568,1.499180302994649,12.51136,0.8995081817967895,25.02272,5.797376969582877,clear
59.32382601621814,18.075275271846316,0.9177143019257085,max södermalm,3.35146,0.9177143019257085,6.70292,1.835428603851417,13.40584,1.10125716231085,26.81168,6.8733715323245335,clear
59.34001422176972,18.08697158134001,1.1604552474004652,max hamngatan,1.93801,1.1604552474004652,3.87602,2.3209104948009305,7.752039999999999,1.3925462968805582,15.504079999999998,8.426913583362978,clear
59.3550782854804,18.09104385279863,2.6557747673677508,max odenplan,3.68,2.6557747673677508,7.36,5.3115495347355015,14.72,3.186929720841301,29.44,17.996958511153604,clear
59.31724483434726,18.041136582389775,1.8268146229436983,max södermalm,1.02469,1.8268146229436983,2.04938,3.6536292458873967,4.09876,2.192177547532438,8.19752,12.691613586839669,clear
59.33202436179931,18.091489802486315,1.111042069530361,max hamngatan,3.4972,1.111042069530361,6.9944,2.222084139060722,13.9888,1.3332504834364334,27.9776,8.11066924499431,clear
59.33035923060134,18.034221348691155,0.39814275890543505,max kungsholmen,3.48301,0.39814275890543505,6.96602,0.7962855178108701,13.93204,0.47777131068652207,27.86408,3.548113656994784,clear
59.35690608623191,18.09500663594079,2.9549162830553035,max odenplan,2.5471399999999997,2.9549162830553035,5.0942799999999995,5.909832566110607,10.188559999999999,3.5458995396663644,20.377119999999998,19.91146421155394,clear
59.333736718218994,17.999469565553504,1.8754443248094936,max kungsholmen,2.5436799999999997,1.8754443248094936,5.087359999999999,3.7508886496189873,10.174719999999999,2.2505331897713923,20.349439999999998,13.00284367878076,clear
59.33383938886372,18.043980833497606,0.6580761405025585,max kungsholmen,2.65014,0.6580761405025585,5.30028,1.316152281005117,10.60056,0.7896913686030701,21.20112,5.211687299216374,clear
59.34782007976875,18.084597069373118,1.8073997315913706,max hamngatan,3.23745,1.8073997315913706,6.4749,3.614799463182741,12.9498,2.168879677909645,25.8996,12.567358282184772,clear
59.341131418075335,18.072037833677157,0.8287866721108825,max hötorget,0.9518,0.8287866721108825,1.9036,1.657573344221765,3.8072,0.994544006533059,7.6144,6.304234701509648,clear
59.33857544088057,18.042649226828246,0.6645975339093322,max odenplan,2.7102,0.6645975339093322,5.4204,1.3291950678186644,10.8408,0.7975170406911987,21.6816,5.253424217019726,clear
59.35647703776568,18.09909575302299,3.042652788229947,max hamngatan,1.00584,3.042652788229947,2.01168,6.085305576459894,4.02336,3.6511833458759364,8.04672,20.47297784467166,clear
59.33161845306715,18.066311348644575,0.35712256996774044,max hamngatan,2.2072800000000004,0.35712256996774044,4.414560000000001,0.7142451399354809,8.829120000000001,0.42854708396128854,17.658240000000003,3.2855844477935388,clear
59.333967190297095,18.00941189798811,1.309635816682065,max kungsholmen,1.62479,1.309635816682065,3.24958,2.61927163336413,6.49916,1.571562980018478,12.99832,9.381669226765215,clear
59.335754932274305,18.0593314092279,0.18300455316953435,max hötorget,3.36691,0.18300455316953435,6.73382,0.3660091063390687,13.46764,0.21960546380344123,26.93528,2.17122914028502,clear
59.33998447409881,18.007707642162128,1.565472158111493,max kungsholmen,0.19663,1.565472158111493,0.39326,3.130944316222986,0.78652,1.8785665897337918,1.57304,11.019021811913555,clear
59.3263467482818,18.06490766286467,0.8371215103179558,max hamngatan,1.43364,1.8371215103179557,2.86728,3.6742430206359113,5.73456,2.204545812381547,11.46912,12.757577666034916,intersects
59.351075021846576,18.09602164045363,2.439938005136904,max hamngatan,2.70918,2.439938005136904,5.41836,4.879876010273808,10.83672,2.9279256061642847,21.67344,16.615603232876186,clear
59.30627273493073,18.082118989049633,1.1665146703356988,max södermalm,1.75404,1.1665146703356988,3.50808,2.3330293406713976,7.01616,1.3998176044028385,14.03232,8.465693890148472,clear
59.3473121710184,18.09811270926652,2.1845078286917845,max hamngatan,2.20634,2.1845078286917845,4.41268,4.369015657383569,8.82536,2.6214093944301413,17.65072,14.980850103627422,clear
59.31781083094329,18.018915660676413,1.9413073761006967,max kungsholmen,3.26107,1.9413073761006967,6.52214,3.8826147522013934,13.04428,2.329568851320836,26.08856,13.424367207044458,clear
59.33700403560222,18.073504732616122,0.4629110833923158,max hamngatan,2.0709,0.4629110833923158,4.1418,0.9258221667846316,8.2836,0.5554933000707789,16.5672,3.962630933710821,clear
59.34435739229528,18.055354820657005,0.3039014608933754,max odenplan,2.84042,0.3039014608933754,5.68084,0.6078029217867508,11.36168,0.3646817530720504,22.72336,2.9449693497176024,clear
59.332954164251696,18.089680890916856,1.0036266460399037,max hamngatan,1.19851,1.0036266460399037,2.39702,2.0072532920798074,4.79404,1.2043519752478844,9.58808,7.423210534655384,clear
59.31543090894726,18.071613082749245,0.08681760269517926,max södermalm,1.8828099999999999,0.08681760269517926,3.7656199999999997,0.1736352053903585,7.53124,0.1041811232342151,15.06248,1.5556326572491472,clear
59.33789626969797,18.089148724148732,1.120295400631735,max hamngatan,2.3851,1.120295400631735,4.7702,2.24059080126347,9.5404,1.3443544807580818,19.0808,8.169890564043104,clear
59.31794497426803,18.050445194457893,1.3129981162221092,max södermalm,3.61994,1.3129981162221092,7.23988,2.6259962324442183,14.47976,1.575597739466531,28.95952,9.403187943821498,clear
59.336005709026004,18.070440973925614,0.3561725887541209,max hamngatan,1.685,0.3561725887541209,3.37,0.7123451775082418,6.74,0.42740710650494507,13.48,3.2795045680263737,clear
59.31704013625207,18.02447067465872,1.9224739079900122,max kungsholmen,2.95747,1.9224739079900122,5.91494,3.8449478159800243,11.82988,2.3069686895880146,23.65976,13.303833011136078,clear
59.34916168033609,18.051619830038526,0.730998321081648,max odenplan,1.80433,0.730998321081648,3.60866,1.461996642163296,7.21732,0.8771979852979775,14.43464,5.678389254922547,clear
59.336775352928036,18.08270371220986,0.7433974451801273,max hamngatan,2.3402800000000004,0.7433974451801273,4.680560000000001,1.4867948903602546,9.361120000000001,0.8920769342161528,18.722240000000003,5.757743649152815,clear
59.33201613173378,18.0144731689132,1.0408933621661145,max kungsholmen,0.3163,1.0408933621661145,0.6326,2.081786724332229,1.2652,1.2490720345993374,2.5304,7.661717517863133,clear
59.33279489482564,18.02201626237167,0.6028735113322559,max kungsholmen,3.30378,0.6028735113322559,6.60756,1.2057470226645117,13.21512,0.723448213598707,26.43024,4.8583904725264375,clear
59.33497029373832,18.008944351924917,1.3423251878916982,max kungsholmen,2.21552,1.3423251878916982,4.43104,2.6846503757833964,8.86208,1.6107902254700377,17.72416,9.590881202506868,clear
59.32740070153104,18.013477858573474,1.2933352688686572,max kungsholmen,2.2710500000000002,1.2933352688686572,4.5421000000000005,2.5866705377373145,9.084200000000001,1.5520023226423887,18.168400000000002,9.277345720759406,clear
59.34057023012992,18.05061595324597,0.2293788898046314,max odenplan,1.67879,0.2293788898046314,3.35758,0.4587577796092628,6.71516,0.2752546677655577,13.43032,2.468024894749641,clear
59.339763169717905,18.081707546227985,0.9402467930295821,max hamngatan,3.33704,0.9402467930295821,6.67408,1.8804935860591643,13.34816,1.1282961516354986,26.69632,7.017579475389326,clear
59.35044831361761,18.087855887420606,2.1503179052323658,max hamngatan,1.6524100000000002,2.1503179052323658,3.3048200000000003,4.3006358104647315,6.609640000000001,2.5803814862788386,13.219280000000001,14.76203459348714,clear
59.33921168844145,18.104827562486484,1.9930702769028688,max hamngatan,1.39534,1.9930702769028688,2.79068,3.9861405538057375,5.58136,2.3916843322834422,11.16272,13.755649772178359,clear
59.349184323357726,18.053777214076018,0.747034198855601,max odenplan,2.27812,0.747034198855601,4.55624,1.494068397711202,9.11248,0.8964410386267212,18.22496,5.781018872675846,clear
59.3106512745194,18.0799240227916,0.6815985538043152,max södermalm,3.86409,0.6815985538043152,7.72818,1.3631971076086304,15.45636,0.8179182645651782,30.91272,5.362230744347618,clear
59.315181772004244,18.06588449745437,0.4125560006717228,max södermalm,0.73568,0.4125560006717228,1.47136,0.8251120013434456,2.94272,0.49506720080606736,5.88544,3.6403584042990262,clear
59.33095740491179,18.012045445738398,1.2025042995066986,max kungsholmen,1.21447,1.2025042995066986,2.42894,2.405008599013397,4.85788,1.4430051594080382,9.71576,8.696027516842872,clear
59.355402929399986,18.085718477200793,2.4239270697043236,max odenplan,3.04393,2.4239270697043236,6.08786,4.847854139408647,12.17572,2.9087124836451883,24.35144,16.51313324610767,clear
59.34275808500507,18.114886828521612,2.6731818773712424,max hamngatan,3.1065300000000002,2.6731818773712424,6.2130600000000005,5.346363754742485,12.426120000000001,3.207818252845491,24.852240000000002,18.10836401517595,clear
59.32965545578641,18.05034097645695,0.9510024507220611,max hötorget,0.7586,0.9510024507220611,1.5172,1.9020049014441223,3.0344,1.1412029408664734,6.0688,7.086415684621191,clear
59.31724154213825,18.021910214460323,1.9405521542762454,max kungsholmen,1.22615,1.9405521542762454,2.4523,3.881104308552491,4.9046,2.328662585131495,9.8092,13.419533787367971,clear
59.34091025310148,18.086561768302754,1.2146583059256666,max hamngatan,1.61649,1.2146583059256666,3.23298,2.429316611851333,6.46596,1.4575899671108,12.93192,8.773813157924266,clear
59.34572069268589,18.036030916054298,0.2056184415338118,max karolinska,0.76615,0.2056184415338118,1.5323,0.4112368830676236,3.0646,0.24674212984057417,6.1292,2.3159580258163954,clear
59.347819024026016,18.043665773156732,0.6026353511369855,max karolinska,1.1163599999999998,0.6026353511369855,2.2327199999999996,1.205270702273971,4.465439999999999,0.7231624213643826,8.930879999999998,4.856866247276708,clear
59.31130900372912,18.068590363827823,0.5482274946712409,max södermalm,1.4387,0.5482274946712409,2.8774,1.0964549893424818,5.7548,0.657872993605489,11.5096,4.508655965895942,clear
59.33789469633066,18.01735971692986,0.9702705270817699,max kungsholmen,2.93327,0.9702705270817699,5.86654,1.9405410541635397,11.73308,1.1643246324981238,23.46616,7.2097313733233275,clear
59.31345902211164,18.06062222970794,0.7501405972736152,max södermalm,2.53486,0.7501405972736152,5.06972,1.5002811945472303,10.13944,0.9001687167283381,20.27888,5.800899822551137,clear
59.33992196054726,18.116102146376797,2.625917866970246,max hamngatan,3.5437800000000004,2.625917866970246,7.087560000000001,5.251835733940492,14.175120000000001,3.1511014403642954,28.350240000000003,17.805874348609574,clear
59.34052239337799,18.05055071722949,0.2352536459780822,max odenplan,1.6084100000000001,0.2352536459780822,3.2168200000000002,0.4705072919561644,6.4336400000000005,0.28230437517369866,12.867280000000001,2.505623334259726,clear
59.311188941782184,18.100774330760604,1.654941443575065,max södermalm,3.32539,1.654941443575065,6.65078,3.30988288715013,13.30156,1.985929732290078,26.60312,11.591625238880415,clear
59.33681821892628,18.068894578035724,0.3917370899057022,max hötorget,2.46301,0.3917370899057022,4.92602,0.7834741798114044,9.85204,0.4700845078868427,19.70408,3.5071173753964944,clear
59.30492254327161,18.07405588688667,1.1981261564111616,max södermalm,3.66271,1.1981261564111616,7.32542,2.396252312822323,14.65084,1.437751387693394,29.30168,8.668007401031435,clear
59.335985024539106,18.024885228074346,0.49238485244735064,max kungsholmen,2.35048,0.49238485244735064,4.70096,0.9847697048947013,9.40192,0.5908618229368208,18.80384,4.151263055663044,clear
59.31889759643324,18.026022920965477,1.7009685191898605,max kungsholmen,0.85909,1.7009685191898605,1.71818,3.401937038379721,3.43636,2.0411622230278326,6.87272,11.886198522815107,clear
59.348498685221735,18.04337634541876,0.6044161711513225,max karolinska,1.28608,0.6044161711513225,2.57216,1.208832342302645,5.14432,0.725299405381587,10.28864,4.868263495368464,clear
59.35055464250322,18.053536817472203,0.8952700131300412,max odenplan,1.64909,0.8952700131300412,3.29818,1.7905400262600824,6.59636,1.0743240157560494,13.19272,6.7297280840322635,clear
59.34512109268215,18.091064961940063,1.7377855019685378,max hamngatan,2.14101,1.7377855019685378,4.28202,3.4755710039370755,8.56404,2.0853426023622452,17.12808,12.121827212598642,clear
59.33275371679373,18.043008638220893,0.6141762891352135,max kungsholmen,1.03246,0.6141762891352135,2.06492,1.228352578270427,4.12984,0.7370115469622561,8.25968,4.930728250465366,clear
59.33647751164984,18.001918702322243,1.7611585759533088,max kungsholmen,0.16118000000000002,1.7611585759533088,0.32236000000000004,3.5223171519066176,0.6447200000000001,2.1133902911439706,1.2894400000000001,12.271414886101176,clear
59.33361657619561,18.02388958928399,0.4859759598611496,max kungsholmen,2.50994,0.4859759598611496,5.01988,0.9719519197222992,10.03976,0.5831711518333795,20.07952,4.1102461431113575,clear
59.34911902850907,18.10916358203124,2.7783130353103793,max hamngatan,2.84376,2.7783130353103793,5.68752,5.556626070620759,11.37504,3.333975642372455,22.75008,18.781203425986426,clear
59.355898997912284,18.085272267829247,2.4366284647733587,max odenplan,2.41098,2.4366284647733587,4.82196,4.873256929546717,9.64392,2.9239541577280304,19.28784,16.594422174549496,clear
59.333819601013325,18.06066232614739,0.21520449710318673,max hötorget,1.54619,0.21520449710318673,3.09238,0.43040899420637346,6.18476,0.2582453965238241,12.36952,2.3773087814603953,clear
59.328973184003,18.058350030959964,0.7652193215756615,max hötorget,1.62983,0.7652193215756615,3.25966,1.530438643151323,6.51932,0.9182631858907939,13.03864,5.897403658084234,clear
59.343165007918664,18.085421600724178,1.3721745765882054,max hamngatan,0.24694,1.3721745765882054,0.49388,2.744349153176411,0.98776,1.6466094919058465,1.97552,9.781917290164515,clear
59.312067899957675,18.050106743878292,1.3676491930479098,max södermalm,0.53999,1.3676491930479098,1.07998,2.7352983860958195,2.15996,1.6411790316574917,4.31992,9.752954835506623,clear
59.33061596022742,18.05065053735752,0.8673441783877913,max hötorget,3.12377,0.8673441783877913,6.24754,1.7346883567755826,12.49508,1.0408130140653495,24.99016,6.551002741681865,clear
59.334607740164586,18.07934906841791,0.45627534539229403,max hamngatan,2.3922800000000004,0.45627534539229403,4.784560000000001,0.9125506907845881,9.569120000000002,0.5475304144707528,19.138240000000003,3.9201622105106817,clear
59.339409692904795,18.080416465446767,0.8661142107126054,max hamngatan,0.93299,0.8661142107126054,1.86598,1.7322284214252108,3.73196,1.0393370528551267,7.46392,6.543130948560675,clear
59.3482823434317,18.038208303758267,0.3229408416179489,max karolinska,3.8827399999999996,0.3229408416179489,7.765479999999999,0.6458816832358978,15.530959999999999,0.38752900994153866,31.061919999999997,3.066821386354873,clear
59.319150013388445,18.078152138383263,0.48427450733095456,max södermalm,1.70384,0.48427450733095456,3.40768,0.9685490146619091,6.81536,0.5811294087971455,13.63072,4.099356846918109,clear
59.34275175911425,18.080229764089328,1.1905522704899743,max hamngatan,1.03046,1.1905522704899743,2.06092,2.3811045409799485,4.12184,1.428662724587969,8.24368,8.619534531135836,clear
59.346982946836924,18.086159445328583,1.7608553216629754,max hamngatan,1.0957999999999999,1.7608553216629754,2.1915999999999998,3.521710643325951,4.3831999999999995,2.1130263859955707,8.766399999999999,12.269474058643043,clear
59.32846941080193,18.05896511274719,0.8093413708804432,max hötorget,2.81346,0.8093413708804432,5.62692,1.6186827417608864,11.25384,0.971209645056532,22.50768,6.179784773634837,clear
59.3387138413025,18.07571492519758,0.6787751758084726,max hamngatan,1.6532200000000001,0.6787751758084726,3.3064400000000003,1.3575503516169452,6.6128800000000005,0.8145302109701671,13.225760000000001,5.3441611251742245,clear
59.31461633819317,18.103350227533774,1.7285815651862435,max södermalm,1.21971,1.7285815651862435,2.43942,3.457163130372487,4.87884,2.074297878223492,9.75768,12.062922017191958,clear
59.30811372197663,18.078208415271586,0.8908126439150486,max södermalm,3.2286599999999996,0.8908126439150486,6.457319999999999,1.781625287830097,12.914639999999999,1.0689751726980583,25.829279999999997,6.70120092105631,clear
59.31375440762038,18.095256863598934,1.2815414083352246,max södermalm,3.0387199999999996,1.2815414083352246,6.077439999999999,2.563082816670449,12.154879999999999,1.5378496900022696,24.309759999999997,9.201865013345436,clear
59.33900287840869,18.0147449569381,1.1602435496837555,max kungsholmen,2.3138,1.1602435496837555,4.6276,2.320487099367511,9.2552,1.3922922596205065,18.5104,8.425558717976035,clear
59.33306492770939,18.069157608045014,0.16539310972066304,max hamngatan,0.85311,0.16539310972066304,1.70622,0.3307862194413261,3.41244,0.19847173166479565,6.82488,2.0585159022122435,clear
59.31567358922474,18.06702998403365,0.34378210700283585,max södermalm,1.79794,0.34378210700283585,3.59588,0.6875642140056717,7.19176,0.412538528403403,14.38352,3.2002054848181496,clear
59.348546893360556,18.092004875203326,2.0789090442046074,max hamngatan,2.76642,2.0789090442046074,5.53284,4.157818088409215,11.06568,2.4946908530455287,22.13136,14.305017882909487,clear
59.33655292153213,18.05290541459183,0.5589288830541326,max hötorget,0.39038999999999996,0.5589288830541326,0.7807799999999999,1.1178577661082651,1.5615599999999998,0.670714659664959,3.1231199999999997,4.577144851546448,clear
59.34334564433595,18.102882202833026,2.10456284127633,max hamngatan,2.88369,2.10456284127633,5.76738,4.20912568255266,11.53476,2.525475409531596,23.06952,14.469202184168513,clear
59.31102695181501,18.059311361483605,0.9384877504162285,max södermalm,1.5013599999999998,0.9384877504162285,3.0027199999999996,1.876975500832457,6.005439999999999,1.1261853004994742,12.010879999999998,7.006321602663862,clear
59.31585933414775,18.07086298030931,0.12733686982861434,max södermalm,0.77985,0.12733686982861434,1.5597,0.25467373965722867,3.1194,0.15280424379433719,6.2388,1.8149559669031317,clear
59.34085307340517,18.099312745459038,1.7859300937648015,max hamngatan,3.0290700000000004,1.7859300937648015,6.058140000000001,3.571860187529603,12.116280000000001,2.143116112517762,24.232560000000003,12.42995260009473,clear
59.32854972740245,18.037142336678002,0.644987112008052,max kungsholmen,1.39407,0.644987112008052,2.78814,1.289974224016104,5.57628,0.7739845344096624,11.15256,5.127917516851533,clear
59.35066203440439,18.062787593798106,1.1117019230511411,max odenplan,2.6712399999999996,1.1117019230511411,5.342479999999999,2.2234038461022823,10.684959999999998,1.3340423076613692,21.369919999999997,8.114892307527303,clear
59.338786722607004,18.04241908332236,0.6588935427309374,max odenplan,0.64836,0.6588935427309374,1.29672,1.3177870854618747,2.59344,0.7906722512771248,5.18688,5.216918673477999,clear
59.320509163299285,18.04520295017993,1.651057510419341,max kungsholmen,1.1755,1.651057510419341,2.351,3.302115020838682,4.702,1.9812690125032093,9.404,11.566768066683782,clear
59.3361709973588,18.05142359855572,0.6352910913950407,max hötorget,2.38387,0.6352910913950407,4.76774,1.2705821827900814,9.53548,0.7623493096740489,19.07096,5.065862984928261,clear
59.34293657918956,18.076368579698162,1.1430753665070277,max hamngatan,0.52918,1.1430753665070277,1.05836,2.2861507330140554,2.11672,1.3716904398084333,4.23344,8.315682345644976,clear
59.310431734175154,18.075917706455947,0.6052607959294426,max södermalm,0.5465099999999999,0.6052607959294426,1.0930199999999999,1.2105215918588852,2.1860399999999998,0.7263129551153311,4.3720799999999995,4.873669093948433,clear
59.30903466453471,18.09852363163786,1.6272117118067408,max södermalm,1.07143,1.6272117118067408,2.14286,3.2544234236134817,4.28572,1.952654054168089,8.57144,11.414154955563141,clear
59.33880568434111,18.088001471323015,1.1202168768432235,max hamngatan,3.64711,1.1202168768432235,7.29422,2.240433753686447,14.58844,1.344260252211868,29.17688,8.16938801179663,clear
59.33096699657873,18.04264045773137,0.66255525590241,max kungsholmen,3.18652,,6.37304,,12.74608,,25.49216,,nogo
59.331472217645235,18.060937683405047,0.4580984067870165,max hötorget,3.98307,0.4580984067870165,7.96614,0.916196813574033,15.93228,0.5497180881444198,31.86456,3.931829803436906,clear
59.33650983218399,18.029207627869525,0.3517099897813372,max kungsholmen,3.2319400000000003,0.3517099897813372,6.4638800000000005,0.7034199795626744,12.927760000000001,0.42205198773760466,25.855520000000002,3.250943934600558,clear
59.33160593879205,18.07305760559569,0.15681522289300162,max hamngatan,1.1126800000000001,0.15681522289300162,2.2253600000000002,0.31363044578600324,4.4507200000000005,0.18817826747160193,8.901440000000001,2.0036174265152105,clear
59.31604949609518,18.029239390592625,1.9870781308733287,max kungsholmen,1.85161,1.9870781308733287,3.70322,3.9741562617466575,7.40644,2.3844937570479945,14.81288,13.717300037589304,clear
59.33126022773609,18.05080818758487,0.8168303480660275,max hötorget,1.65432,0.8168303480660275,3.30864,1.633660696132055,6.61728,0.980196417679233,13.23456,6.227714227622576,clear
59.33006988120322,18.067920387050155,0.3946306191755137,max hamngatan,0.17959999999999998,,0.35919999999999996,,0.7183999999999999,,1.4367999999999999,,nogo
59.34079200130073,18.111396569164054,2.4051592669026496,max hamngatan,2.02847,2.4051592669026496,4.05694,4.810318533805299,8.11388,2.8861911202831796,16.22776,16.393019308176957,clear
59.3170496503701,18.065840500149047,0.43944153076516185,max södermalm,3.0442199999999997,0.43944153076516185,6.088439999999999,0.8788830615303237,12.176879999999999,0.5273298369181942,24.353759999999998,3.8124257968970356,clear
59.34795872288386,18.090594822773927,1.9804474499421683,max hamngatan,3.2183200000000003,1.9804474499421683,6.436640000000001,3.9608948998843365,12.873280000000001,2.376536939930602,25.746560000000002,13.674863679629876,clear
59.32393475834656,18.070176665062483,0.9357543888569758,max södermalm,0.37671,0.9357543888569758,0.75342,1.8715087777139516,1.50684,1.122905266628371,3.01368,6.988828088684645,clear
59.35044861305179,18.0830448280954,2.0083019672621627,max odenplan,0.24181999999999998,2.0083019672621627,0.48363999999999996,4.016603934524325,0.9672799999999999,2.4099623607145952,1.9345599999999998,13.853132590477841,clear
59.33830572433796,18.074874554906117,0.6216095035366096,max hamngatan,2.97013,0.6216095035366096,5.94026,1.2432190070732192,11.88052,0.7459314042439316,23.76104,4.978300822634301,clear
59.31258297746855,18.07657518334834,0.3973225434830598,max södermalm,1.34765,0.3973225434830598,2.6953,0.7946450869661196,5.3906,0.47678705217967177,10.7812,3.5428642782915825,clear
59.357048024788135,18.098833105932062,3.090288195952142,max hamngatan,0.75979,3.090288195952142,1.51958,6.180576391904284,3.03916,3.7083458351425707,6.07832,20.77784445409371,clear
59.33981418303098,18.08904378367608,1.2353762485738864,max hamngatan,1.39538,1.2353762485738864,2.79076,2.470752497147773,5.58152,1.4824514982886636,11.16304,8.906407990872873,clear
59.33701568488465,18.08228268962378,0.7401935257257694,max hamngatan,3.4064099999999997,0.7401935257257694,6.812819999999999,1.4803870514515387,13.625639999999999,0.8882322308709232,27.251279999999998,5.737238564644924,clear
59.337954096781196,18.079549637567048,0.7051844737959954,max hamngatan,1.61179,0.7051844737959954,3.22358,1.4103689475919907,6.44716,0.8462213685551944,12.89432,5.51318063229437,clear
59.335321258841354,18.010890711628353,1.2368005496832917,max kungsholmen,1.44959,1.2368005496832917,2.89918,2.4736010993665833,5.79836,1.48416065961995,11.59672,8.915523517973067,clear
59.31806349927163,18.02098012845275,1.8714204148534537,max kungsholmen,3.65948,1.8714204148534537,7.31896,3.7428408297069073,14.63792,2.2457044978241445,29.27584,12.977090655062103,clear
59.349763027799426,18.09693132085412,2.351022552948724,max hamngatan,1.15008,2.351022552948724,2.30016,4.702045105897448,4.60032,2.821227063538469,9.20064,16.046544338871833,clear
59.31336203460439,18.036673771638306,2.088416103851624,max södermalm,3.46292,2.088416103851624,6.92584,4.176832207703248,13.85168,2.5060993246219483,27.70336,14.36586306465039,clear
59.34360672099329,18.03322534772163,0.3655539340567327,max karolinska,2.8424,0.3655539340567327,5.6848,0.7311078681134654,11.3696,0.4386647208680793,22.7392,3.3395451779630894,clear
59.332620616145974,18.095411927449852,1.3302382042886673,max hamngatan,3.6269899999999997,1.3302382042886673,7.253979999999999,2.6604764085773347,14.507959999999999,1.5962858451464008,29.015919999999998,9.513524507447471,clear
59.31418145490967,18.050521500942764,1.294543828925491,max södermalm,2.24681,1.294543828925491,4.49362,2.589087657850982,8.98724,1.553452594710589,17.97448,9.285080505123142,clear
59.34985555969355,18.08000598153031,1.8239631450504494,max odenplan,1.6689100000000001,1.8239631450504494,3.3378200000000002,3.647926290100899,6.6756400000000005,2.1887557740605392,13.351280000000001,12.673364128322877,clear
59.33136685259261,18.017481576926166,0.8928309952819196,max kungsholmen,2.55859,0.8928309952819196,5.11718,1.7856619905638391,10.23436,1.0713971943383034,20.46872,6.714118369804285,clear
59.33022974004626,18.02594444739572,0.5432554685148395,max kungsholmen,0.89581,0.5432554685148395,1.79162,1.086510937029679,3.58324,0.6519065622178075,7.16648,4.476834998494973,clear
59.3319703922733,18.028392001528925,0.30766213118306485,max kungsholmen,0.59138,0.30766213118306485,1.18276,0.6153242623661297,2.36552,0.3691945574196778,4.73104,2.969037639571615,clear
59.34078297716619,18.076347632499864,0.9099212444150196,max hamngatan,1.74649,0.9099212444150196,3.49298,1.8198424888300393,6.98596,1.0919054932980237,13.97192,6.823495964256126,clear
59.33271463196995,18.064635096109235,0.3335853810399981,max hötorget,2.17586,0.3335853810399981,4.35172,0.6671707620799961,8.70344,0.4003024572479977,17.40688,3.1349464386559878,clear
59.352009785362554,18.10123788475306,2.6987645281100714,max hamngatan,3.2038699999999998,2.6987645281100714,6.4077399999999995,5.397529056220143,12.815479999999999,3.2385174337320857,25.630959999999998,18.272092979904457,clear
59.335663443715056,18.02311083339314,0.5685055670951757,max kungsholmen,3.16628,0.5685055670951757,6.33256,1.1370111341903515,12.66512,0.6822066805142109,25.33024,4.638435629409125,clear
59.348891027945946,18.063985480243165,1.0072497083158898,max odenplan,0.6456799999999999,1.0072497083158898,1.2913599999999998,2.0144994166317796,2.5827199999999997,1.2086996499790676,5.165439999999999,7.446398133221694,clear
59.34743816020909,18.097548015987815,2.1732433434392475,max hamngatan,2.3849299999999998,2.1732433434392475,4.7698599999999995,4.346486686878495,9.539719999999999,2.607892012127097,19.079439999999998,14.908757398011184,clear
59.339121192449134,18.095524355156726,1.5043430767313175,max hamngatan,1.41402,1.5043430767313175,2.82804,3.008686153462635,5.65608,1.805211692077581,11.31216,10.627795691080433,clear
59.33567964243404,18.072069853252703,0.3078959940286782,max hamngatan,1.88879,0.3078959940286782,3.77758,0.6157919880573564,7.55516,0.36947519283441377,15.11032,2.9705343617835402,clear
59.32865551085883,18.020646124261397,0.882689994617954,max kungsholmen,2.17784,0.882689994617954,4.35568,1.765379989235908,8.71136,1.0592279935415447,17.42272,6.649215965554905,clear
59.34366568498519,18.08667206994613,1.4583272126155942,max hamngatan,3.11585,1.4583272126155942,6.2317,2.9166544252311883,12.4634,1.7499926551387128,24.9268,10.333294160739802,clear
59.34036840615085,18.100439106889695,1.8166080310291075,max hamngatan,3.4124499999999998,1.8166080310291075,6.8248999999999995,3.633216062058215,13.649799999999999,2.179929637234929,27.299599999999998,12.626291398586288,clear
59.33212101797197,18.070485407064595,0.12552653337352007,max hamngatan,3.5421799999999997,0.12552653337352007,7.084359999999999,0.25105306674704014,14.168719999999999,0.15063184004822408,28.337439999999997,1.8033698135905285,clear
59.33397241430369,18.043526868705918,0.6324801926973799,max kungsholmen,2.66488,0.6324801926973799,5.32976,1.2649603853947597,10.65952,0.7589762312368559,21.31904,5.047873233263231,clear
59.33453183156075,18.004622723273915,1.584126999486572,max kungsholmen,2.84728,1.584126999486572,5.69456,3.168253998973144,11.38912,1.9009523993838866,22.77824,11.13841279671406,clear
59.31954450213047,18.070888398908885,0.4495456273807728,max södermalm,3.481,0.4495456273807728,6.962,0.8990912547615456,13.924,0.5394547528569273,27.848,3.877092015236946,clear
59.35745494728516,18.089075643891174,2.7137771590995245,max odenplan,2.0414,2.7137771590995245,4.0828,5.427554318199049,8.1656,3.2565325909194294,16.3312,18.368173818236958,clear
59.34662493215208,18.03491218166311,0.10000398969263012,max karolinska,0.62024,0.10000398969263012,1.24048,0.20000797938526024,2.48096,0.12000478763115613,4.96192,1.6400255340328327,clear
59.309343422492105,18.054488801805956,1.2710576930800432,max södermalm,0.9786699999999999,1.2710576930800432,1.9573399999999999,2.5421153861600865,3.9146799999999997,1.5252692316960519,7.829359999999999,9.134769235712277,clear
59.33679940674998,18.050596826910073,0.6475700700597654,max odenplan,1.23369,0.6475700700597654,2.46738,1.2951401401195308,4.93476,0.7770840840717185,9.86952,5.144448448382499,clear
59.31253873011065,18.066685974231312,0.503390223591709,max södermalm,3.6229400000000003,0.503390223591709,7.2458800000000005,1.006780447183418,14.491760000000001,0.6040682683100509,28.983520000000002,4.2216974309869375,clear
59.32411764586801,18.070296967568723,0.9546617631860049,max södermalm,3.87684,0.9546617631860049,7.75368,1.9093235263720099,15.507360000000002,1.145594115823206,31.014720000000004,7.1098352843904316,clear
59.30904486443228,18.097226152577704,1.5611917814676972,max södermalm,0.91803,1.5611917814676972,1.83606,3.1223835629353944,3.67212,1.8734301377612368,7.34424,10.991627401393263,clear
59.32985636749337,18.05990900583607,0.646458432812685,max hötorget,0.6814199999999999,0.646458432812685,1.3628399999999998,1.29291686562537,2.7256799999999997,0.775750119375222,5.451359999999999,5.137333970001184,clear
59.328306586423494,18.057570279456378,0.8497859190970032,max hötorget,2.37962,0.8497859190970032,4.75924,1.6995718381940064,9.51848,1.0197431029164037,19.03696,6.43862988222082,clear
59.33108842675931,17.998815312442435,1.9366623251762503,max kungsholmen,0.55631,1.9366623251762503,1.11262,3.8733246503525005,2.22524,2.3239947902115,4.45048,13.394638881128001,clear
59.312942390905064,18.060751601728178,0.7641587305302956,max södermalm,2.8577,0.7641587305302956,5.7154,1.5283174610605912,11.4308,0.9169904766363547,22.8616,5.890615875393892,clear
59.34376751063698,18.104472042494404,2.205965862778431,max hamngatan,1.20755,2.205965862778431,2.4151,4.411931725556862,4.8302,2.6471590353341172,9.6604,15.118181521781958,clear
59.33958902367595,18.08669635662587,1.1169749740414525,max hamngatan,3.5901300000000003,1.1169749740414525,7.1802600000000005,2.233949948082905,14.360520000000001,1.340369968849743,28.721040000000002,8.148639833865296,clear
59.314322966800525,18.046107186297732,1.5426003576125755,max södermalm,1.16804,1.5426003576125755,2.33608,3.085200715225151,4.67216,1.8511204291350907,9.34432,10.872642288720483,clear
59.33706089655454,18.07342486269546,0.4683628137142533,max hamngatan,0.68206,0.4683628137142533,1.36412,0.9367256274285066,2.72824,0.562035376457104,5.45648,3.997522007771221,clear
59.34962857875692,18.10041599170314,2.464183915274908,max hamngatan,0.64236,2.464183915274908,1.28472,4.928367830549816,2.56944,2.9570206983298895,5.13888,16.77077705775941,clear
59.33948539515634,18.079938905136917,0.8586479614090331,max hamngatan,3.18652,0.8586479614090331,6.37304,1.7172959228180662,12.74608,1.0303775536908397,25.49216,6.495346953017812,clear
59.33256489221285,18.055308719969783,0.5246583796053411,max hötorget,2.34964,0.5246583796053411,4.69928,1.0493167592106822,9.39856,0.6295900555264093,18.79712,4.357813629474183,clear
59.34923577130975,18.09451046112299,2.2224221927707375,max hamngatan,1.41349,2.2224221927707375,2.82698,4.444844385541475,5.65396,2.666906631324885,11.30792,15.22350203373272,clear
59.342372833161605,18.04456230686918,0.38232479463303837,max odenplan,1.30287,0.38232479463303837,2.60574,0.7646495892660767,5.21148,0.458789753559646,10.42296,3.4468786856514457,clear
59.30730404688893,18.064867420387348,1.0420052437065348,max södermalm,2.8268899999999997,1.0420052437065348,5.653779999999999,2.0840104874130696,11.307559999999999,1.2504062924478418,22.615119999999997,7.668833559721823,clear
59.36063506788307,18.09722932762139,3.2973575541161475,max odenplan,1.45274,3.2973575541161475,2.90548,6.594715108232295,5.81096,3.956829064939377,11.62192,22.103088346343345,clear
59.32925290421466,18.076718663811107,0.48700126414105155,max hamngatan,1.2219,0.48700126414105155,2.4438,0.9740025282821031,4.8876,0.5844015169692619,9.7752,4.1168080905027296,clear
59.309009149226995,18.05620495414037,1.2133242548535481,max södermalm,0.94511,1.2133242548535481,1.89022,2.4266485097070962,3.78044,1.4559891058242578,7.56088,8.765275231062708,clear
59.3254176834912,18.067001557476154,0.8833280486487622,max hamngatan,2.14443,1.8833280486487622,4.28886,3.7666560972975245,8.57772,2.2599936583785145,17.15544,13.053299511352078,intersects
59.33664704805236,18.054945226229986,0.44891049400629984,max hötorget,3.4357699999999998,0.44891049400629984,6.8715399999999995,0.8978209880125997,13.743079999999999,0.5386925928075599,27.486159999999998,3.8730271616403193,clear
59.34616484360732,18.076298608111916,1.4233350495482937,max hötorget,2.10629,1.4233350495482937,4.21258,2.8466700990965874,8.42516,1.7080020594579524,16.85032,10.10934431710908,clear
59.346894812846436,18.09074176459875,1.8859326509241634,max hamngatan,1.47434,1.8859326509241634,2.94868,3.771865301848327,5.89736,2.263119181108996,11.79472,13.069968965914645,clear
59.33124909475478,18.07038880104765,0.20832940854895593,max hamngatan,1.6221400000000001,0.20832940854895593,3.2442800000000003,0.41665881709791186,6.4885600000000005,0.24999529025874712,12.977120000000001,2.333308214713318,clear
59.33329574063386,18.066375603247895,0.3256676960793057,max hamngatan,1.50505,0.3256676960793057,3.0101,0.6513353921586114,6.0202,0.3908012352951668,12.0404,3.0842732549075564,clear
59.33805609890753,18.077211923496595,0.6436360247529768,max hamngatan,2.26599,0.6436360247529768,4.53198,1.2872720495059535,9.06396,0.7723632297035722,18.12792,5.119270558419052,clear
59.34940430308155,18.109038949465436,2.7937101774187494,max hamngatan,3.54174,2.7937101774187494,7.08348,5.587420354837499,14.16696,3.352452212902499,28.33392,18.879745135479997,clear
59.318276509922484,18.03415612424597,1.7335467457513254,max kungsholmen,1.2362,1.7335467457513254,2.4724,3.467093491502651,4.9448,2.0802560949015905,9.8896,12.094699172808483,clear
59.34732626843765,18.055315751458913,0.5744894434180099,max odenplan,3.1169000000000002,0.5744894434180099,6.2338000000000005,1.1489788868360198,12.467600000000001,0.6893873321016118,24.935200000000002,4.6767324378752635,clear
59.317100494358,18.043756482173016,1.6767683776177742,max södermalm,2.37131,1.6767683776177742,4.74262,3.3535367552355484,9.48524,2.012122053141329,18.97048,11.731317616753755,clear
59.341067213587415,18.109969488040544,2.341436565647924,max hamngatan,0.6525700000000001,2.341436565647924,1.3051400000000002,4.682873131295848,2.6102800000000004,2.8097238787775085,5.220560000000001,15.985194020146713,clear
59.35659080046679,18.101075099426332,3.1118728117411254,max hamngatan,2.0722300000000002,3.1118728117411254,4.1444600000000005,6.223745623482251,8.288920000000001,3.7342473740893505,16.577840000000002,20.915985995143203,clear
59.330016684604885,18.020609318006418,0.794166916627295,max kungsholmen,1.22642,0.794166916627295,2.45284,1.58833383325459,4.90568,0.953000299952754,9.81136,6.082668266414688,clear
59.31124470278048,18.06134279647204,0.8296922219658136,max södermalm,0.52755,0.8296922219658136,1.0551,1.6593844439316272,2.1102,0.9956306663589762,4.2204,6.310030220581207,clear
59.306327265718096,18.07116815706338,1.0459188445234369,max södermalm,3.15334,1.0459188445234369,6.30668,2.0918376890468737,12.61336,1.2551026134281242,25.22672,7.693880604949996,clear
59.31223405533627,18.04393558744359,1.7025289279305784,max södermalm,2.5457199999999998,1.7025289279305784,5.0914399999999995,3.405057855861157,10.182879999999999,2.043034713516694,20.365759999999998,11.896185138755701,clear
59.34985750545298,18.055085295754434,0.8369390696421439,max odenplan,1.8758800000000002,0.8369390696421439,3.7517600000000004,1.6738781392842879,7.503520000000001,1.0043268835705725,15.007040000000002,6.356410045709721,clear
59.32838091226368,18.013683898422478,1.2261563847897357,max kungsholmen,3.58998,1.2261563847897357,7.17996,2.4523127695794713,14.35992,1.4713876617476827,28.71984,8.847400862654307,clear
59.341778873170774,18.045514710933247,0.3398894865315335,max odenplan,1.10054,0.3398894865315335,2.20108,0.679778973063067,4.40216,0.4078673838378402,8.80432,3.1752927138018143,clear
59.34799114737478,18.058377176009085,0.7239460075315196,max odenplan,1.323,0.7239460075315196,2.646,1.4478920150630392,5.292,0.8687352090378235,10.584,5.6332544482017255,clear
59.34979991113881,18.10109214493009,2.5038626698077624,max hamngatan,1.6843,2.5038626698077624,3.3686,5.007725339615525,6.7372,3.004635203769315,13.4744,17.02472108676968,clear
59.335049682867115,18.084928509571036,0.7706701242564393,max hamngatan,2.5407100000000002,0.7706701242564393,5.0814200000000005,1.5413402485128787,10.162840000000001,0.9248041491077271,20.325680000000002,5.932288795241211,clear
59.33150717371327,18.05555880512411,0.5957196162094471,max hötorget,1.4312799999999999,0.5957196162094471,2.8625599999999998,1.1914392324188943,5.7251199999999995,0.7148635394513365,11.450239999999999,4.812605543740462,clear
59.33515230765382,18.06736961253301,0.2793985422019092,max hötorget,2.2896,0.2793985422019092,4.5792,0.5587970844038184,9.1584,0.335278250642291,18.3168,2.788150670092219,clear
59.32861769521435,18.01071406790956,1.364320601919575,max kungsholmen,2.86303,1.364320601919575,5.72606,2.72864120383915,11.45212,1.63718472230349,22.90424,9.73165185228528,clear
59.33710730677273,18.019869347442885,0.8030606676824409,max kungsholmen,0.33593,0.8030606676824409,0.67186,1.6061213353648818,1.34372,0.963672801218929,2.68744,6.139588273167622,clear
59.320270788598094,18.066288298729713,0.6419979098161396,max södermalm,0.34618,0.6419979098161396,0.69236,1.2839958196322792,1.38472,0.7703974917793674,2.76944,5.108786622823294,clear
59.3445349718621,18.070958209256734,1.11492334658453,max hötorget,1.9008399999999999,1.11492334658453,3.8016799999999997,2.22984669316906,7.603359999999999,1.3379080159014363,15.206719999999997,8.135509418140993,clear
59.33067472404554,18.03898984061915,0.5119286300157007,max kungsholmen,2.3613899999999997,,4.722779999999999,,9.445559999999999,,18.891119999999997,,nogo
59.31473269196257,18.09252052157417,1.1127439552283087,max södermalm,3.16828,1.1127439552283087,6.33656,2.2254879104566174,12.67312,1.3352927462739703,25.34624,8.121561313461175,clear
59.3340205312435,18.097440595599092,1.4505034565817214,max hamngatan,1.9208900000000002,1.4505034565817214,3.8417800000000004,2.901006913163443,7.683560000000002,1.7406041478980656,15.367120000000003,10.283222122123018,clear
59.33369224842495,18.09256787903065,1.1711292842810648,max hamngatan,1.5491400000000002,1.1711292842810648,3.0982800000000004,2.3422585685621296,6.196560000000001,1.4053551411372778,12.393120000000001,8.495227419398814,clear
59.3292918231659,18.03211415851583,0.503909182028073,max kungsholmen,3.74731,0.503909182028073,7.49462,1.007818364056146,14.98924,0.6046910184336877,29.97848,4.2250187649796676,clear
59.33247701327068,18.07305580511845,0.07533802167727309,max hamngatan,1.2316099999999999,0.07533802167727309,2.4632199999999997,0.15067604335454618,4.9264399999999995,0.09040562601272771,9.852879999999999,1.4821633387345479,clear
59.31225829403546,18.04808408820802,1.4725566457116273,max södermalm,3.2601799999999996,1.4725566457116273,6.520359999999999,2.9451132914232545,13.040719999999999,1.7670679748539526,26.081439999999997,10.424362532554415,clear
59.33890571905282,18.09341722549158,1.3872137572293683,max hamngatan,2.32923,1.3872137572293683,4.65846,2.7744275144587367,9.31692,1.664656508675242,18.63384,9.878168046267957,clear
59.34459973461598,18.106219346957527,2.3400446567498374,max hamngatan,2.92809,2.3400446567498374,5.85618,4.680089313499675,11.71236,2.8080535880998045,23.42472,15.976285803198959,clear
59.331890580386776,18.00838690936093,1.3845591133733472,max kungsholmen,3.15474,1.3845591133733472,6.30948,2.7691182267466945,12.61896,1.6614709360480169,25.23792,9.861178325589423,clear
59.3370163487501,18.06482228204288,0.21369757652211951,max hötorget,0.24556999999999998,0.21369757652211951,0.49113999999999997,0.42739515304423903,0.9822799999999999,0.2564370918265434,1.9645599999999999,2.367664489741565,clear
59.31101969109685,18.095501187607123,1.3785454197397335,max södermalm,1.18654,1.3785454197397335,2.37308,2.757090839479467,4.74616,1.6542545036876803,9.49232,9.822690686334294,clear
59.34382832738468,18.10951644812781,2.454500436838276,max hamngatan,2.99495,2.454500436838276,5.9899,4.909000873676552,11.9798,2.9454005242059313,23.9596,16.708802795764967,clear
59.31766180909372,18.065093476554928,0.5055730586532821,max södermalm,3.38669,0.5055730586532821,6.77338,1.0111461173065641,13.54676,0.6066876703839384,27.09352,4.235667575381005,clear
59.33205203937132,18.075390318919503,0.21316265635097603,max hamngatan,2.20737,0.21316265635097603,4.41474,0.42632531270195206,8.82948,0.25579518762117126,17.65896,2.3642410006462464,clear
59.33420136440088,18.070171269445567,0.1786850151845649,max hamngatan,3.26143,0.1786850151845649,6.52286,0.3573700303691298,13.04572,0.21442201822147786,26.09144,2.1435840971812152,clear
59.348030972256545,18.047921154161394,0.6340003045128803,max odenplan,3.3374,0.6340003045128803,6.6748,1.2680006090257605,13.3496,0.7608003654154564,26.6992,5.057601948882434,clear
59.31294138938184,18.103072348512516,1.735582713654257,max södermalm,2.0338499999999997,1.735582713654257,4.067699999999999,3.471165427308514,8.135399999999999,2.0826992563851086,16.270799999999998,12.107729367387245,clear
59.320780991083694,18.049355540472977,1.4655318808497024,max södermalm,2.71908,1.4655318808497024,5.43816,2.931063761699405,10.87632,1.758638257019643,21.75264,10.379404037438096,clear
59.34681914248451,18.09742719935112,2.1177224375395975,max hamngatan,0.6244500000000001,2.1177224375395975,1.2489000000000001,4.235444875079195,2.4978000000000002,2.541266925047517,4.9956000000000005,14.553423600253424,clear
59.333863827506384,18.09019336624377,1.0381593200667245,max hamngatan,1.0963900000000002,1.0381593200667245,2.1927800000000004,2.076318640133449,4.385560000000001,1.2457911840800693,8.771120000000002,7.644219648427036,clear
59.33197367958757,18.080273038668075,0.4797551515759002,max hamngatan,3.8730300000000004,0.4797551515759002,7.746060000000001,0.9595103031518004,15.492120000000003,0.5757061818910802,30.984240000000007,4.070432970085761,clear
59.318315477860665,18.047660501763193,1.4765897603563694,max södermalm,2.2073899999999997,1.4765897603563694,4.4147799999999995,2.9531795207127387,8.829559999999999,1.7719077124276432,17.659119999999998,10.450174466280764,clear
59.33418398967423,18.089309706506622,0.9925777756565375,max hamngatan,1.09849,0.9925777756565375,2.19698,1.985155551313075,4.39396,1.191093330787845,8.78792,7.35249776420184,clear
59.32842881633718,18.00959826145887,1.4307881210152427,max kungsholmen,2.06154,1.4307881210152427,4.12308,2.8615762420304853,8.24616,1.7169457452182912,16.49232,10.157043974497553,clear
59.34218209537593,18.113565815564783,2.5784648164016866,max hamngatan,1.4855699999999998,2.5784648164016866,2.9711399999999997,5.156929632803373,5.942279999999999,3.094157779682024,11.884559999999999,17.502174824970794,clear
59.34199806237197,18.08236356602466,1.169743369815369,max hamngatan,3.68613,1.169743369815369,7.37226,2.339486739630738,14.74452,1.4036920437784428,29.48904,8.486357566818361,clear
59.34074491932567,18.034902067833507,0.6909294056910521,max karolinska,0.64822,0.6909294056910521,1.29644,1.3818588113821042,2.59288,0.8291152868292626,5.18576,5.421948196422734,clear
59.317601966629994,18.081289534890093,0.5155526081734749,max södermalm,1.6351,0.5155526081734749,3.2702,1.0311052163469498,6.5404,0.6186631298081698,13.0808,4.299536692310239,clear
59.34790281434929,18.066964109140805,1.07073522762852,max odenplan,3.3539899999999996,1.07073522762852,6.707979999999999,2.14147045525704,13.415959999999998,1.284882273154224,26.831919999999997,7.8527054568225285,clear
59.33050068936767,18.06091636226756,0.5648330667771461,max hötorget,2.71371,0.5648330667771461,5.42742,1.1296661335542921,10.85484,0.6777996801325753,21.70968,4.614931627373735,clear
59.341593329553994,18.07875613625036,1.039327636388698,max hamngatan,1.73563,1.039327636388698,3.47126,2.078655272777396,6.94252,1.2471931636664377,13.88504,7.651696872887667,clear
59.345627653768524,18.03549122598344,0.19037952879130524,max karolinska,3.01438,0.19037952879130524,6.02876,0.38075905758261047,12.05752,0.2284554345495663,24.11504,2.2184289842643534,clear
59.31536564857378,18.064890298105922,0.4668334609256787,max södermalm,0.79775,0.4668334609256787,1.5955,0.9336669218513574,3.191,0.5602001531108145,6.382,3.9877341499243437,clear
59.337714785262726,18.01211707570676,1.2345545829236424,max kungsholmen,2.23483,1.2345545829236424,4.46966,2.469109165847285,8.93932,1.481465499508371,17.87864,8.901149330711311,clear
59.35340225650273,18.104934616072132,2.951307238570393,max hamngatan,2.30796,2.951307238570393,4.61592,5.902614477140786,9.23184,3.5415686862844717,18.46368,19.888366326850516,clear
59.3155477742355,18.094248135576688,1.2063216675543926,max södermalm,3.91846,1.2063216675543926,7.83692,2.4126433351087853,15.67384,1.4475860010652712,31.34768,8.720458672348112,clear
59.314229625604256,18.035226418072696,2.1609178794450625,max södermalm,0.79979,2.1609178794450625,1.59958,4.321835758890125,3.19916,2.593101455334075,6.39832,14.8298744284484,clear
59.32492442326998,18.07607950256082,0.9193429337722078,max hamngatan,0.5628200000000001,0.9193429337722078,1.1256400000000002,1.8386858675444155,2.2512800000000004,1.1032115205266493,4.502560000000001,6.88379477614213,clear
59.35282515142519,18.101486159976705,2.7793997830989916,max hamngatan,3.02651,2.7793997830989916,6.05302,5.558799566197983,12.10604,3.33527973971879,24.21208,18.788158611833545,clear
59.31000201463967,18.089803529480335,1.1431138879204072,max södermalm,2.94306,1.1431138879204072,5.88612,2.2862277758408145,11.77224,1.3717366655044887,23.54448,8.315928882690606,clear
59.30453997166342,18.07185670666832,1.2413339681014175,max södermalm,2.1655,1.2413339681014175,4.331,2.482667936202835,8.662,1.4896007617217009,17.324,8.944537395849071,clear
59.35839911286954,18.09057054748263,2.8454670115505354,max odenplan,3.41621,2.8454670115505354,6.83242,5.690934023101071,13.66484,3.4145604138606425,27.32968,19.210988873923426,clear
59.31105949264616,18.072500412032152,0.5141543136397565,max södermalm,2.73846,0.5141543136397565,5.47692,1.028308627279513,10.95384,0.6169851763677079,21.90768,4.290587607294442,clear
59.349900417991186,18.097367150381476,2.378199514522174,max hamngatan,2.11375,2.378199514522174,4.2275,4.756399029044348,8.455,2.853839417426609,16.91,16.220476892941914,clear
59.35726307971994,18.090877378025507,2.7831304870905043,max odenplan,3.57869,2.7831304870905043,7.15738,5.5662609741810085,14.31476,3.3397565845086055,28.62952,18.812035117379228,clear
59.35331118853181,18.10436943227997,2.923130475487058,max hamngatan,2.59435,2.923130475487058,5.1887,5.846260950974116,10.3774,3.50775657058447,20.7548,19.70803504311717,clear
59.30519640896855,18.06940428548066,1.1848000298375556,max södermalm,3.93058,1.1848000298375556,7.86116,2.3696000596751112,15.722319999999998,1.4217600358050668,31.444639999999996,8.582720190960355,clear
59.3157134782049,18.089389139366595,0.9295506539906688,max södermalm,3.5980100000000004,0.9295506539906688,7.196020000000001,1.8591013079813377,14.392040000000001,1.1154607847888027,28.784080000000003,6.949124185540281,clear
59.313893351137565,18.049887077335956,1.3347606129611422,max södermalm,1.23472,1.3347606129611422,2.46944,2.6695212259222845,4.93888,1.6017127355533707,9.87776,9.54246792295131,clear
59.34055301163822,18.09364034342237,1.4946302374695202,max hamngatan,1.2198499999999999,1.4946302374695202,2.4396999999999998,2.9892604749390403,4.8793999999999995,1.7935562849634241,9.758799999999999,10.56563351980493,clear
59.309427308569646,18.07408907980504,0.697402972537183,max södermalm,3.7432399999999997,0.697402972537183,7.486479999999999,1.394805945074366,14.972959999999999,0.8368835670446196,29.945919999999997,5.463379024237971,clear
59.345652034206985,18.057159395070066,0.47736082750130315,max odenplan,1.00746,0.47736082750130315,2.01492,0.9547216550026063,4.02984,0.5728329930015639,8.05968,4.05510929600834,clear
59.32991798192146,17.999944014259636,1.8987555618187089,max kungsholmen,1.59843,1.8987555618187089,3.19686,3.7975111236374177,6.39372,2.2785066741824505,12.78744,13.152035595639736,clear
59.30698919664198,18.06235679948443,1.1429580283917742,max södermalm,3.50057,1.1429580283917742,7.00114,2.2859160567835484,14.00228,1.371549634070129,28.00456,8.314931381707355,clear
59.33219463236312,18.097900215046423,1.4736651675712953,max hamngatan,3.205,1.4736651675712953,6.41,2.9473303351425906,12.82,1.7683982010855543,25.64,10.43145707245629,clear
59.34863225628873,18.088702878488082,1.9908776760674525,max hamngatan,0.43427,1.9908776760674525,0.86854,3.981755352134905,1.73708,2.389053211280943,3.47416,13.741617126831695,clear
59.34611324319861,18.06482823235059,0.8651488708653794,max odenplan,2.6496399999999998,0.8651488708653794,5.2992799999999995,1.7302977417307588,10.598559999999999,1.0381786450384554,21.197119999999998,6.536952773538428,clear
59.315046770534565,18.10301690281693,1.707023695296798,max södermalm,3.48906,1.707023695296798,6.97812,3.414047390593596,13.95624,2.0484284343561576,27.91248,11.924951649899509,clear
59.32615800506058,18.07236658415616,0.7530422948884709,max hamngatan,1.0015399999999999,,2.0030799999999997,,4.0061599999999995,,8.012319999999999,,nogo
59.33657597110558,18.00637333792062,1.5140420313109428,max kungsholmen,1.8803599999999998,1.5140420313109428,3.7607199999999996,3.0280840626218857,7.521439999999999,1.8168504375731316,15.042879999999998,10.689869000390035,clear
59.33029734233085,18.075544797707405,0.3531175275758622,max hamngatan,1.56477,0.3531175275758622,3.12954,0.7062350551517244,6.25908,0.4237410330910346,12.51816,3.259952176485518,clear
59.33742675121904,18.05632431954888,0.41199388267728493,max hötorget,0.29146,0.41199388267728493,0.58292,0.8239877653545699,1.16584,0.4943926592127419,2.33168,3.6367608491346237,clear
59.330873590047204,18.055040081561476,0.6685596590073403,max hötorget,0.55443,0.6685596590073403,1.10886,1.3371193180146805,2.21772,0.8022715908088083,4.43544,5.278781817646978,clear
59.3376336333522,18.09223720303442,1.263535734424792,max hamngatan,1.422,1.263535734424792,2.844,2.527071468849584,5.688,1.5162428813097504,11.376,9.086628700318668,clear
59.32840502550501,18.06033220823396,0.80061568690176,max hötorget,0.63119,0.80061568690176,1.26238,1.60123137380352,2.52476,0.960738824282112,5.04952,6.123940396171264,clear
59.3356368591854,18.019695832415675,0.7521424705909743,max kungsholmen,0.46943,0.7521424705909743,0.93886,1.5042849411819486,1.87772,0.9025709647091691,3.75544,5.813711811782236,clear
59.319354524051114,18.084846632276957,0.7866708486770264,max södermalm,1.09954,0.7866708486770264,2.19908,1.5733416973540528,4.39816,0.9440050184124318,8.79632,6.034693431532969,clear
59.33791585574821,18.096579851179776,1.5032089718138,max hamngatan,0.91286,1.5032089718138,1.82572,3.0064179436276,3.65144,1.80385076617656,7.30288,10.62053741960832,clear
59.33784453915397,18.010988592483,1.299787814412253,max kungsholmen,1.57223,1.299787814412253,3.14446,2.599575628824506,6.28892,1.5597453772947036,12.57784,9.318642012238419,clear
59.32840084054513,18.023706521904945,0.780645578806296,max kungsholmen,0.39788,0.780645578806296,0.79576,1.561291157612592,1.59152,0.9367746945675552,3.18304,5.996131704360295,clear
59.33843243833271,18.053173766216318,0.4770442027017833,max odenplan,1.46932,0.4770442027017833,2.93864,0.9540884054035667,5.87728,0.57245304324214,11.75456,4.0530828972914135,clear
59.3418522248138,18.042010490758738,0.5332678810068177,max odenplan,1.58561,0.5332678810068177,3.17122,1.0665357620136353,6.34244,0.6399214572081812,12.68488,4.412914438443633,clear
59.35102636174691,18.07259421415211,1.5340288944483826,max odenplan,0.34862,1.5340288944483826,0.69724,3.0680577888967653,1.39448,1.8408346733380592,2.78896,10.817784924469649,clear
59.330909397873015,18.027264326252606,0.43667604923813347,max kungsholmen,1.59348,0.43667604923813347,3.18696,0.8733520984762669,6.37392,0.5240112590857602,12.74784,3.794726715124054,clear
59.34670819580451,18.106038029000022,2.4702579962177467,max hamngatan,1.55424,2.4702579962177467,3.10848,4.940515992435493,6.21696,2.964309595461296,12.43392,16.80965117579358,clear
59.30475850649012,18.081909920931622,1.3153353568523953,max södermalm,0.31901,1.3153353568523953,0.63802,2.6306707137047907,1.27604,1.5784024282228744,2.55208,9.41814628385533,clear
59.34241071464747,18.108849481471804,2.3463371733326457,max hamngatan,2.23035,2.3463371733326457,4.4607,4.692674346665291,8.9214,2.8156046079991746,17.8428,16.01655790932893,clear
59.31730716125507,18.0534997467152,1.1291822064820665,max södermalm,1.05505,1.1291822064820665,2.1101,2.258364412964133,4.2202,1.3550186477784798,8.4404,8.226766121485225,clear
59.33533649831997,18.072562495696776,0.2712483645263564,max hamngatan,1.10534,0.2712483645263564,2.21068,0.5424967290527128,4.42136,0.3254980374316277,8.84272,2.735989532968681,clear
59.31208794670087,18.06569015898219,0.579091150850622,max södermalm,0.38166,0.579091150850622,0.76332,1.158182301701244,1.52664,0.6949093810207464,3.05328,4.706183365443981,clear
59.3407496971485,18.07219065841697,0.803057841828523,max hötorget,0.79235,0.803057841828523,1.5847,1.606115683657046,3.1694,0.9636694101942276,6.3388,6.139570187702548,clear
59.345786994051544,18.089529099516657,1.7451561049271227,max hamngatan,2.1136500000000003,1.7451561049271227,4.2273000000000005,3.4903122098542454,8.454600000000001,2.0941873259125474,16.909200000000002,12.168999071533586,clear
59.31631202051492,18.05220795635649,1.1900395209854355,max södermalm,1.95757,1.1900395209854355,3.91514,2.380079041970871,7.830279999999999,1.4280474251825226,15.660559999999998,8.616252934306788,clear
59.34264355383569,18.048689376785866,0.14669584496768398,max odenplan,2.2405,0.14669584496768398,4.481,0.29339168993536796,8.962,0.1760350139612208,17.924,1.9388534077931774,clear
59.318359137755394,18.037249387895056,1.7433440240956433,max kungsholmen,0.67083,1.7433440240956433,1.34166,3.4866880481912865,2.68332,2.092012828914772,5.36664,12.157401754212117,clear
59.34316462507922,18.053363328761925,0.1347803769193997,max odenplan,0.79889,0.1347803769193997,1.59778,0.2695607538387994,3.19556,0.16173645230327963,6.39112,1.862594412284158,clear
59.340933108099875,18.083113075233438,1.0928040853990177,max hamngatan,0.92112,1.0928040853990177,1.84224,2.1856081707980355,3.68448,1.3113649024788212,7.36896,7.993946146553713,clear
59.31349244650048,18.088939424523172,0.9358154789831515,max södermalm,2.20333,0.9358154789831515,4.40666,1.871630957966303,8.81332,1.1229785747797818,17.62664,6.98921906549217,clear
59.30969205490925,18.056295781229668,1.1641252753911673,max södermalm,0.8814299999999999,1.1641252753911673,1.7628599999999999,2.3282505507823346,3.5257199999999997,1.3969503304694006,7.0514399999999995,8.450401762503471,clear
59.31686794883156,18.041029809269048,1.8293248554267623,max södermalm,1.33555,1.8293248554267623,2.6711,3.6586497108535245,5.3422,2.195189826512115,10.6844,12.707679074731278,clear
59.34211611275592,18.03792945651137,0.5950265961076339,max karolinska,0.76744,0.5950265961076339,1.53488,1.1900531922152677,3.06976,0.7140319153291607,6.13952,4.808170215088857,clear
59.344014827510605,18.08740402702863,1.5140838042394158,max hamngatan,0.62629,1.5140838042394158,1.25258,3.0281676084788316,2.50516,1.816900565087299,5.01032,10.690136347132261,clear
59.309830227879466,18.064875769875318,0.8001434035990391,max södermalm,0.8046599999999999,0.8001434035990391,1.6093199999999999,1.6002868071980783,3.2186399999999997,0.9601720843188469,6.4372799999999994,6.120917783033851,clear
59.34280907814187,18.093033824329996,1.6251156829485025,max hamngatan,0.7825599999999999,1.6251156829485025,1.5651199999999998,3.250231365897005,3.1302399999999997,1.950138819538203,6.260479999999999,11.400740370870416,clear
59.31846010153028,18.05838092779296,0.892352532591794,max södermalm,0.9799,0.892352532591794,1.9598,1.784705065183588,3.9196000000000004,1.0708230391101528,7.839200000000001,6.711056208587482,clear
59.347298225451226,18.098327708856928,2.191697861026978,max hamngatan,0.44201999999999997,2.191697861026978,0.8840399999999999,4.383395722053956,1.7680799999999999,2.630037433232374,3.5361599999999997,15.026866310572661,clear
59.35827902817332,18.09107608143668,2.859936978370136,max odenplan,0.49022000000000004,2.859936978370136,0.9804400000000001,5.719873956740272,1.96088,3.4319243740441627,3.92176,19.303596661568868,clear
59.35214021586224,18.096672107647716,2.559253446625844,max hamngatan,0.41273000000000004,2.559253446625844,0.8254600000000001,5.118506893251688,1.6509200000000002,3.0711041359510127,3.3018400000000003,17.3792220584054,clear
59.35459054818441,18.097486912496404,2.8152114014870624,max hamngatan,1.66622,2.8152114014870624,3.33244,5.630422802974125,6.66488,3.378253681784475,13.32976,19.017352969517198,clear
59.33724125237126,18.0299174519535,0.40763818199753066,max kungsholmen,0.64579,0.40763818199753066,1.29158,0.8152763639950613,2.58316,0.4891658183970368,5.16632,3.6088843647841964,clear
59.31010938561187,18.078903106048696,0.7025893259311425,max södermalm,0.25973,0.7025893259311425,0.51946,1.405178651862285,1.03892,0.8431071911173711,2.07784,5.496571685959312,clear
59.32897769030472,18.006883432659084,1.5501241669707688,max kungsholmen,0.9923,1.5501241669707688,1.9846,3.1002483339415376,3.9692,1.8601490003649226,7.9384,10.92079466861292,clear
59.33970166303056,18.05018926007796,0.328893878523015,max odenplan,1.50471,0.328893878523015,3.00942,0.65778775704603,6.01884,0.394672654227618,12.03768,3.104920822547296,clear
59.345522939874655,18.045823240161067,0.44919506010531157,max odenplan,0.13399,0.44919506010531157,0.26798,0.8983901202106231,0.53596,0.5390340721263739,1.07192,3.874848384673994,clear
59.30627313273448,18.086795404085322,1.3062385128998328,max södermalm,1.09476,1.3062385128998328,2.18952,2.6124770257996657,4.37904,1.5674862154797995,8.75808,9.35992648255893,clear
59.314369853610735,18.073474633929788,0.14622313352474978,max södermalm,1.41594,0.14622313352474978,2.83188,0.29244626704949955,5.66376,0.17546776022969973,11.32752,1.9358280545583986,clear
59.34399050092904,18.050088998602583,0.16852790747194887,max odenplan,1.3341800000000001,0.16852790747194887,2.6683600000000003,0.33705581494389775,5.336720000000001,0.20223348896633864,10.673440000000001,2.078578607820473,clear
59.31413073394297,18.036141364223546,2.109826001476715,max södermalm,0.8292200000000001,2.109826001476715,1.6584400000000001,4.21965200295343,3.3168800000000003,2.5317912017720583,6.6337600000000005,14.502886409450976,clear
59.34965444533005,18.085164969654464,2.0085341726885813,max hamngatan,0.7252799999999999,2.0085341726885813,1.4505599999999998,4.0170683453771625,2.9011199999999997,2.4102410072262974,5.802239999999999,13.85461870520692,clear
59.347326595157114,18.063492350263303,0.8723146745429151,max odenplan,0.46312000000000003,0.8723146745429151,0.9262400000000001,1.7446293490858302,1.8524800000000001,1.0467776094514982,3.7049600000000003,6.582813917074657,clear
59.345992159485775,18.094421045090463,1.9346880388968941,max hamngatan,0.6110399999999999,1.9346880388968941,1.2220799999999998,3.8693760777937882,2.4441599999999997,2.321625646676273,4.888319999999999,13.382003448940122,clear
59.34527079691265,18.108728368400264,2.5003301194481002,max hamngatan,0.58888,2.5003301194481002,1.17776,5.0006602388962005,2.35552,3.00039614333772,4.71104,17.002112764467842,clear
59.33209906882252,18.026947088063803,0.3653025262103715,max kungsholmen,1.93651,0.3653025262103715,3.87302,0.730605052420743,7.74604,0.4383630314524458,15.49208,3.3379361677463777,clear
59.31312965022577,18.041451052217067,1.8225572856526633,max södermalm,1.63288,1.8225572856526633,3.26576,3.6451145713053266,6.53152,2.187068742783196,13.06304,12.664366628177046,clear
59.33982273081878,18.041975023181315,0.6127159192145138,max odenplan,0.26898,0.6127159192145138,0.53796,1.2254318384290277,1.07592,0.7352591030574166,2.15184,4.921381882972889,clear
59.31840332444027,18.046025648424195,1.5697894539939823,max södermalm,0.17815,1.5697894539939823,0.3563,3.1395789079879646,0.7126,1.8837473447927786,1.4252,11.046652505561486,clear
59.34386077272132,18.088894500032218,1.5510494034510445,max hamngatan,0.82527,1.5510494034510445,1.65054,3.102098806902089,3.30108,1.8612592841412534,6.60216,10.926716182086684,clear
59.34326176026389,18.059394898178844,0.4683486689362568,max odenplan,1.17285,0.4683486689362568,2.3457,0.9366973378725136,4.6914,0.5620184027235082,9.3828,3.9974314811920437,clear
59.33031791679912,18.067237133015333,0.3984556097022903,max hamngatan,0.98491,0.3984556097022903,1.96982,0.7969112194045807,3.9396399999999994,0.47814673164274835,7.879279999999999,3.550115902094658,clear
59.35657070820145,18.09484173905119,2.926997986229977,max odenplan,1.01315,2.926997986229977,2.0263,5.853995972459954,4.0526,3.512397583475972,8.1052,19.73278711187185,clear
59.3317034274688,18.006793295470672,1.47741852302402,max kungsholmen,0.53539,1.47741852302402,1.07078,2.95483704604804,2.14156,1.772902227628824,4.28312,10.455478547353728,clear
59.346186092649496,18.045002703992324,0.5351669313004934,max odenplan,0.53322,0.5351669313004934,1.06644,1.0703338626009868,2.13288,0.6422003175605921,4.26576,4.4250683603231575,clear
59.325245048845325,18.07511546438919,0.8721799871831369,max hamngatan,0.8884099999999999,1.872179987183137,1.7768199999999998,3.744359974366274,3.5536399999999997,2.2466159846197646,7.107279999999999,12.981951917972077,intersects
59.31671477140483,18.047882378861626,1.4389366580004117,max södermalm,0.39443,1.4389366580004117,0.78886,2.8778733160008234,1.57772,1.726723989600494,3.15544,10.209194611202635,clear
59.34477194999058,18.07751991797185,1.339912618804097,max hötorget,0.9387000000000001,1.339912618804097,1.8774000000000002,2.679825237608194,3.754800000000001,1.6078951425649164,7.509600000000002,9.575440760346222,clear
59.33060226952748,18.05114661248469,0.8465389428112223,max hötorget,0.33967,0.8465389428112223,0.67934,1.6930778856224447,1.35868,1.0158467313734667,2.71736,6.417849233991823,clear
59.31323207527234,18.08864785126997,0.9278459446115119,max södermalm,1.2458699999999998,0.9278459446115119,2.4917399999999996,1.8556918892230239,4.983479999999999,1.1134151335338145,9.966959999999998,6.938214045513677,clear
59.331454078206825,18.089117459561496,0.985120310004926,max hamngatan,0.47719,0.985120310004926,0.95438,1.970240620009852,1.9087600000000002,1.1821443720059113,3.8175200000000005,7.304769984031527,clear
59.31330747173921,18.06791087027117,0.39399988488406085,max södermalm,1.4793900000000002,0.39399988488406085,2.9587800000000004,0.7879997697681217,5.917560000000001,0.47279986186087297,11.835120000000002,3.5215992632579893,clear
59.30803754594233,18.076749464279665,0.8752915153288972,max södermalm,0.51169,0.8752915153288972,1.02338,1.7505830306577943,2.04676,1.0503498183946767,4.09352,6.601865698104942,clear
59.33458538352755,18.018559013163888,0.7935652283572415,max kungsholmen,0.5658099999999999,0.7935652283572415,1.1316199999999998,1.587130456714483,2.2632399999999997,0.9522782740286898,4.526479999999999,6.078817461486346,clear
59.33215981533026,18.014434317189107,1.0401091581509456,max kungsholmen,0.14052,1.0401091581509456,0.28104,2.0802183163018912,0.56208,1.2481309897811348,1.12416,7.656698612166052,clear
59.35361708747942,18.09825377438685,2.7462277023994193,max hamngatan,1.47529,2.7462277023994193,2.95058,5.4924554047988385,5.90116,3.295473242879303,11.80232,18.575857295356283,clear
59.35702482905988,18.09870451604777,3.084436387515938,max hamngatan,0.85189,3.084436387515938,1.70378,6.168872775031876,3.40756,3.701323665019126,6.81512,20.740392880102004,clear
59.33132458783117,18.083428088257193,0.6715446949097915,max hamngatan,1.40299,0.6715446949097915,2.80598,1.343089389819583,5.61196,0.8058536338917498,11.22392,5.297886047422666,clear
59.31870417711943,18.069416443437486,0.39721226002069143,max södermalm,0.09884,0.39721226002069143,0.19768,0.7944245200413829,0.39536,0.47665471202482973,0.79072,3.542158464132425,clear
59.32732408503075,18.072080052154426,0.6229251435723493,max hamngatan,1.56621,,3.13242,,6.26484,,12.52968,,nogo
59.32852312257465,18.007149513433617,1.5544211051246772,max kungsholmen,0.09541,1.5544211051246772,0.19082,3.1088422102493545,0.38164,1.8653053261496129,0.76328,10.948295072797935,clear
59.348126750052245,18.085312284630234,1.8550167558840607,max hamngatan,1.03335,1.8550167558840607,2.0667,3.7100335117681214,4.1334,2.2260201070608727,8.2668,12.872107237657989,clear
59.31462803131997,18.039553255232555,1.9120626277444506,max södermalm,1.1156700000000002,1.9120626277444506,2.2313400000000003,3.824125255488901,4.462680000000001,2.294475153293341,8.925360000000001,13.237200817564485,clear
59.34442810653948,18.042821692864653,0.5217774787778443,max odenplan,0.47243,0.5217774787778443,0.94486,1.0435549575556886,1.88972,0.6261329745334131,3.77944,4.339375864178203,clear
59.34577228330325,18.036485475417233,0.22298872089070834,max karolinska,1.81382,0.22298872089070834,3.62764,0.4459774417814167,7.25528,0.26758646506885,14.51056,2.427127813700533,clear
59.33927934207299,18.050133109119933,0.3757545816503224,max odenplan,0.8170700000000001,0.3757545816503224,1.6341400000000001,0.7515091633006448,3.2682800000000003,0.4509054979803868,6.536560000000001,3.404829322562063,clear
59.30592610770745,18.073289333948612,1.085077318248904,max södermalm,0.6970599999999999,1.085077318248904,1.3941199999999998,2.170154636497808,2.7882399999999996,1.3020927818986847,5.576479999999999,7.944494836792986,clear
59.34476059538709,18.04446682814443,0.455512941524172,max odenplan,1.00083,0.455512941524172,2.00166,0.911025883048344,4.00332,0.5466155298290064,8.00664,3.9152828257547005,clear
59.3118174101183,18.046415846357384,1.577191497659421,max södermalm,0.41777,1.577191497659421,0.83554,3.154382995318842,1.67108,1.892629797191305,3.34216,11.094025585020294,clear
59.346344421862455,18.045624233859822,0.5261567539223957,max odenplan,1.4652,0.5261567539223957,2.9304,1.0523135078447914,5.8608,0.6313881047068749,11.7216,4.367403225103333,clear
59.34745289087527,18.080830062255046,1.6906824034791503,max hötorget,0.13468,1.6906824034791503,0.26936,3.3813648069583007,0.53872,2.0288188841749806,1.07744,11.820367382266562,clear
59.33331432427226,18.066995122605622,0.2910488488789614,max hamngatan,1.13405,0.2910488488789614,2.2681,0.5820976977579227,4.5362,0.34925861865475366,9.0724,2.8627126328253527,clear
59.35116410689387,18.065263453390852,1.2425653838640238,max odenplan,0.4993,1.2425653838640238,0.9986,2.4851307677280476,1.9971999999999999,1.4910784606368286,3.9943999999999997,8.952418456729752,clear
59.313811293345594,18.079822631684227,0.43670545948983236,max södermalm,0.8105800000000001,0.43670545948983236,1.6211600000000002,0.8734109189796647,3.2423200000000003,0.5240465513877989,6.484640000000001,3.794914940734927,clear
59.31255257504212,18.092935978991687,1.1835282852448168,max södermalm,0.7654,1.1835282852448168,1.5308,2.3670565704896336,3.0616,1.4202339422937802,6.1232,8.574581025566827,clear
59.31591593754955,18.079789549669485,0.38386682352891177,max södermalm,0.48495,0.38386682352891177,0.9699,0.7677336470578235,1.9398,0.4606401882346941,3.8796,3.4567476705850355,clear
59.31398393890115,18.08827800066817,0.886308990612598,max södermalm,0.88551,0.886308990612598,1.77102,1.772617981225196,3.54204,1.0635707887351178,7.08408,6.672377539920628,clear
59.31378458239047,18.083403069151828,0.6248463442486577,max södermalm,0.20494,0.6248463442486577,0.40988,1.2496926884973154,0.81976,0.7498156130983893,1.63952,4.999016603191409,clear
59.34129743534358,18.10800807003978,2.249480326722743,max hamngatan,0.74605,2.249480326722743,1.4921,4.498960653445486,2.9842,2.6993763920672915,5.9684,15.396674091025554,clear
59.34301576663459,18.064784487134634,0.7706141469064521,max odenplan,0.62827,0.7706141469064521,1.25654,1.5412282938129043,2.51308,0.9247369762877425,5.02616,5.931930540201294,clear
59.33885023074885,18.079731749699707,0.7926329691011704,max hamngatan,0.82087,0.7926329691011704,1.64174,1.5852659382023409,3.28348,0.9511595629214045,6.56696,6.072851002247491,clear
59.329009790502525,18.017678059114814,0.9951531631539974,max kungsholmen,0.33089999999999997,0.9951531631539974,0.6617999999999999,1.9903063263079948,1.3235999999999999,1.194183795784797,2.6471999999999998,7.368980244185583,clear
59.33553665732578,18.03496269747485,0.2405195056688931,max kungsholmen,0.9439,0.2405195056688931,1.8878,0.4810390113377862,3.7755999999999994,0.28862340680267173,7.551199999999999,2.5393248362809158,clear
59.34501832245833,18.065856877026377,0.8727706318958635,max odenplan,0.67315,0.8727706318958635,1.3463,1.745541263791727,2.6926,1.047324758275036,5.3852,6.585732044133525,clear
59.354294630291236,18.092639346471756,2.6542191692422827,max hamngatan,1.15682,2.6542191692422827,2.31364,5.3084383384845655,4.62728,3.185063003090739,9.25456,17.98700268315061,clear
59.32543273052558,18.066830038465884,0.8849727211039083,max hamngatan,0.20885,1.8849727211039085,0.4177,3.769945442207817,0.8354,2.2619672653246905,1.6708,13.063825415065015,intersects
59.31581440328022,18.040251121326857,1.8688625272520496,max södermalm,1.81233,1.8688625272520496,3.62466,3.737725054504099,7.24932,2.2426350327024593,14.49864,12.960720174413117,clear
59.30774501419304,18.065948899262896,0.9710470160420119,max södermalm,1.11924,0.9710470160420119,2.23848,1.9420940320840239,4.47696,1.1652564192504142,8.95392,7.214700902668876,clear
59.31137670366888,18.060246492061548,0.8725796072033182,max södermalm,1.4583199999999998,0.8725796072033182,2.9166399999999997,1.7451592144066363,5.833279999999999,1.0470955286439818,11.666559999999999,6.584509486101236,clear
59.31644098250435,18.092247253780336,1.0956971649756344,max södermalm,1.35182,1.0956971649756344,2.70364,2.191394329951269,5.40728,1.3148365979707612,10.81456,8.01246185584406,clear
59.34144961166292,18.05784423841638,0.3957375955677989,max odenplan,0.25388,0.3957375955677989,0.50776,0.7914751911355978,1.01552,0.4748851146813587,2.03104,3.532720611633913,clear
59.327374550155,18.07319175000197,0.6207207396468248,max hamngatan,1.22057,,2.44114,,4.88228,,9.76456,,nogo
59.30923176235215,18.05894512030409,1.0773087843641806,max södermalm,0.58417,1.0773087843641806,1.16834,2.1546175687283613,2.33668,1.2927705412370167,4.67336,7.8947762199307565,clear
59.31604172302209,18.078823111882667,0.33048092416948077,max södermalm,0.32949,0.33048092416948077,0.65898,0.6609618483389615,1.31796,0.3965771090033769,2.63592,3.1150779146846768,clear
59.3359538172618,18.07502571888003,0.3784855312463963,max hamngatan,1.0931,0.3784855312463963,2.1862,0.7569710624927926,4.3724,0.45418263749567556,8.7448,3.422307399976936,clear
59.31148904987784,18.062019647384158,0.7825110624079084,max södermalm,1.05021,0.7825110624079084,2.10042,1.5650221248158167,4.20084,0.9390132748894899,8.40168,6.008070799410613,clear
59.34117061333598,18.10994307750184,2.344542179237764,max hamngatan,1.26347,2.344542179237764,2.52694,4.689084358475528,5.05388,2.813450615085317,10.10776,16.00506994712169,clear
59.34395356467429,18.09414106806983,1.7586141569107892,max hamngatan,0.83438,1.7586141569107892,1.66876,3.5172283138215783,3.33752,2.1103369882929472,6.67504,12.255130604229052,clear
59.34093984715922,18.08312842815432,1.0939211516765972,max hamngatan,0.8570800000000001,1.0939211516765972,1.7141600000000001,2.1878423033531944,3.4283200000000003,1.3127053820119168,6.8566400000000005,8.001095370730223,clear
59.33320853432781,18.014614022577597,1.0156710298159939,max kungsholmen,0.9745,1.0156710298159939,1.949,2.0313420596319878,3.8980000000000006,1.2188052357791928,7.796000000000001,7.500294590822361,clear
59.33848227599356,18.057519345338072,0.4366312952048681,max hötorget,1.0458599999999998,0.4366312952048681,2.0917199999999996,0.8732625904097362,4.183439999999999,0.5239575542458417,8.366879999999998,3.7944402893111557,clear
59.30814817678551,18.09708953548262,1.6041663261751657,max södermalm,0.41693,1.6041663261751657,0.83386,3.2083326523503315,1.66772,1.9249995914101987,3.33544,11.26666448752106,clear
59.31628024345779,18.08015004501472,0.40914812511978604,max södermalm,0.90046,0.40914812511978604,1.80092,0.8182962502395721,3.60184,0.49097775014374323,7.20368,3.618548000766631,clear
59.3550995683586,18.08363157792319,2.30843449950917,max odenplan,1.2854,2.30843449950917,2.5708,4.61686899901834,5.1416,2.770121399411004,10.2832,15.773980796858687,clear
59.33157674282963,18.03006882422908,0.28272190665358576,max kungsholmen,0.7896799999999999,0.28272190665358576,1.5793599999999999,0.5654438133071715,3.1587199999999998,0.3392662879843029,6.3174399999999995,2.809420202582949,clear
59.340415695385005,18.078221578714512,0.9063539428865472,max hamngatan,0.74142,0.9063539428865472,1.48284,1.8127078857730945,2.96568,1.0876247314638567,5.93136,6.800665234473902,clear
59.3266245838384,18.022530079840312,0.9788116876826495,max kungsholmen,1.97108,0.9788116876826495,3.94216,1.957623375365299,7.884319999999999,1.1745740252191794,15.768639999999998,7.264394801168956,clear
59.337225542721924,18.065144344289198,0.24334643300569972,max hötorget,0.96016,0.24334643300569972,1.92032,0.48669286601139944,3.8406400000000005,0.29201571960683964,7.681280000000001,2.5574171712364784,clear
59.319023481265106,18.066912967175785,0.5125560985640617,max södermalm,0.61846,0.5125560985640617,1.23692,1.0251121971281234,2.47384,0.6150673182768741,4.94768,4.280359030809995,clear
59.34286882366804,18.035755611575382,0.4702212518205108,max karolinska,1.6421400000000002,0.4702212518205108,3.2842800000000003,0.9404425036410216,6.568560000000001,0.564265502184613,13.137120000000001,4.009416011651269,clear
59.31530197829621,18.084710194247915,0.6643187294647618,max södermalm,0.42192,0.6643187294647618,0.84384,1.3286374589295236,1.68768,0.7971824753577141,3.37536,5.251639868574475,clear
59.34155645848524,18.04282451110821,0.49428896600082883,max odenplan,0.94043,0.49428896600082883,1.88086,0.9885779320016577,3.7617200000000004,0.5931467592009946,7.523440000000001,4.163449382405305,clear
59.34177909593487,18.03874441558283,0.6498652922265644,max karolinska,0.58988,0.6498652922265644,1.17976,1.2997305844531288,2.35952,0.7798383506718772,4.71904,5.159137870250012,clear
59.34988625886007,18.064333182826136,1.1005447234291907,max odenplan,1.1969400000000001,1.1005447234291907,2.3938800000000002,2.2010894468583815,4.7877600000000005,1.3206536681150287,9.575520000000001,8.04348622994682,clear
59.32905140071078,18.03039863312529,0.5427195122687356,max kungsholmen,1.32796,0.5427195122687356,2.65592,1.0854390245374712,5.31184,0.6512634147224827,10.62368,4.473404878519908,clear
59.34351004787053,18.10332335566046,2.135604378807798,max hamngatan,1.39932,2.135604378807798,2.79864,4.271208757615596,5.59728,2.5627252545693575,11.19456,14.667868024369906,clear
59.34227446803327,18.077111859364372,1.081652677644276,max hamngatan,1.81331,1.081652677644276,3.62662,2.163305355288552,7.25324,1.2979832131731313,14.50648,7.922577136923367,clear
59.336503067326426,18.084194690059487,0.798503941375377,max hamngatan,1.05608,0.798503941375377,2.11216,1.597007882750754,4.22432,0.9582047296504524,8.44864,6.1104252248024125,clear
59.31363857204511,18.09389199531076,1.2073108801257735,max södermalm,2.1127399999999996,1.2073108801257735,4.225479999999999,2.414621760251547,8.450959999999998,1.4487730561509282,16.901919999999997,8.72678963280495,clear
59.336962627512264,18.070671400912733,0.45758364751356756,max hamngatan,0.56364,0.45758364751356756,1.12728,0.9151672950271351,2.25456,0.549100377016281,4.50912,3.928535344086832,clear
59.33817963779322,18.09511980835714,1.438083302345693,max hamngatan,0.32426,1.438083302345693,0.64852,2.876166604691386,1.29704,1.7256999628148315,2.59408,10.203733135012435,clear
59.3325698104838,18.008041657894402,1.3944312967622645,max kungsholmen,0.39279000000000003,1.3944312967622645,0.7855800000000001,2.788862593524529,1.5711600000000001,1.6733175561147176,3.1423200000000002,9.924360299278494,clear
59.34882857413819,18.07946846048084,1.748151983479179,max odenplan,0.24559,1.748151983479179,0.49118,3.496303966958358,0.98236,2.0977823801750146,1.96472,12.188172694266745,clear
59.335744597571065,18.007321283813095,1.4446026252654027,max kungsholmen,1.06046,1.4446026252654027,2.12092,2.8892052505308055,4.24184,1.7335231503184831,8.48368,10.245456801698577,clear
59.30827998873813,18.085089032407293,1.0704283383093938,max södermalm,0.13672,1.0704283383093938,0.27344,2.1408566766187875,0.54688,1.2845140059712725,1.09376,7.85074136518012,clear
59.311686199662304,18.09470706891167,1.3097651228035103,max södermalm,1.71392,1.3097651228035103,3.42784,2.6195302456070206,6.85568,1.5717181473642123,13.71136,9.382496785942466,clear
59.336360690674674,18.06553558611478,0.1968405420720412,max hötorget,0.7619199999999999,0.1968405420720412,1.5238399999999999,0.3936810841440824,3.0476799999999997,0.23620865048644943,6.0953599999999994,2.2597794692610638,clear
59.33622956353663,18.027478270974765,0.3893354390750583,max kungsholmen,0.08128,0.3893354390750583,0.16256,0.7786708781501166,0.32512,0.4672025268900699,0.65024,3.491746810080373,clear
59.32794554318288,18.01125130521758,1.3707812876522247,max kungsholmen,2.13189,1.3707812876522247,4.26378,2.7415625753044495,8.52756,1.6449375451826695,17.05512,9.773000240974238,clear
59.32760348544941,18.012105008371506,1.347431120172326,max kungsholmen,0.9093600000000001,1.347431120172326,1.8187200000000001,2.694862240344652,3.6374400000000002,1.616917344206791,7.2748800000000005,9.623559169102887,clear
59.314355139764494,18.05384965931336,1.1040963104034383,max södermalm,0.80268,1.1040963104034383,1.60536,2.2081926208068765,3.21072,1.324915572484126,6.42144,8.066216386582004,clear
59.318362482665556,18.08042746407679,0.5157036401991268,max södermalm,0.79362,0.5157036401991268,1.58724,1.0314072803982537,3.17448,0.6188443682389523,6.34896,4.300503297274412,clear
59.30907317430735,18.06407691415671,0.8952752950248446,max södermalm,0.40325,0.8952752950248446,0.8065,1.7905505900496892,1.613,1.0743303540298135,3.226,6.729761888159006,clear
59.3369559923867,18.048851935493104,0.6438340813846141,max odenplan,0.92949,0.6438340813846141,1.85898,1.2876681627692281,3.71796,0.7726008976615368,7.43592,5.12053812086153,clear
59.344904110877515,18.11052970048041,2.5650349872051,max hamngatan,0.3963,2.5650349872051,0.7926,5.1300699744102,1.5852,3.07804198464612,3.1704,17.416223918112642,clear
59.33830844384844,18.01427541595642,1.1476873343631553,max kungsholmen,0.53307,1.1476873343631553,1.06614,2.2953746687263106,2.13228,1.3772248012357862,4.26456,8.345198939924193,clear
59.34506156925885,18.06535047858709,0.8469525832122006,max odenplan,1.6443299999999998,0.8469525832122006,3.2886599999999997,1.6939051664244011,6.577319999999999,1.0163430998546406,13.154639999999999,6.420496532558083,clear
59.31158786159953,18.046048117636566,1.6044130825649863,max södermalm,0.77752,1.6044130825649863,1.55504,3.2088261651299725,3.11008,1.9252956990779833,6.22016,11.26824372841591,clear
59.31106826935208,18.094142889148717,1.3050352490489425,max södermalm,1.3421800000000002,1.3050352490489425,2.6843600000000003,2.610070498097885,5.368720000000001,1.566042298858731,10.737440000000001,9.352225593913232,clear
59.33568825776063,18.013067761101546,1.121057073219186,max kungsholmen,0.93617,1.121057073219186,1.87234,2.242114146438372,3.74468,1.3452684878630232,7.48936,8.17476526860279,clear
59.33448809888622,18.05981943486458,0.19047114309219895,max hötorget,1.09904,0.19047114309219895,2.19808,0.3809422861843979,4.39616,0.22856537171063876,8.79232,2.2190153157900734,clear
59.31255307603407,18.095213946176614,1.3081034969655665,max södermalm,1.28033,1.3081034969655665,2.56066,2.616206993931133,5.12132,1.5697241963586799,10.24264,9.371862380579625,clear
59.34728030539013,18.08142457518947,1.686827878738833,max hamngatan,0.30705,1.686827878738833,0.6141,3.373655757477666,1.2282,2.0241934544866,2.4564,11.795698423928531,clear
59.341113414459834,18.082959439418563,1.1043396603590505,max hamngatan,0.66426,1.1043396603590505,1.32852,2.208679320718101,2.65704,1.3252075924308606,5.31408,8.067773826297923,clear
59.33257631237122,18.09596717093016,1.361962095487248,max hamngatan,1.62133,1.361962095487248,3.24266,2.723924190974496,6.48532,1.6343545145846976,12.97064,9.716557411118387,clear
59.31291216942147,18.0515507289366,1.263161374154824,max södermalm,1.45948,1.263161374154824,2.91896,2.526322748309648,5.83792,1.5157936489857886,11.67584,9.084232794590873,clear
59.33438487330418,18.039763614194708,0.42286489080621814,max kungsholmen,1.7958699999999999,0.42286489080621814,3.5917399999999997,0.8457297816124363,7.183479999999999,0.5074378689674618,14.366959999999999,3.706335301159796,clear
59.31296441719787,18.103477050986836,1.7578387084748823,max södermalm,0.70716,1.7578387084748823,1.41432,3.5156774169497647,2.82864,2.1094064501698586,5.65728,12.250167734239247,clear
59.33892752380037,18.086873502760124,1.0772297052201794,max hamngatan,0.46641000000000005,1.0772297052201794,0.9328200000000001,2.1544594104403587,1.8656400000000002,1.2926756462642153,3.7312800000000004,7.8942701134091475,clear
59.341067354298595,18.068233186836395,0.7000341819723072,max hötorget,0.5137200000000001,0.7000341819723072,1.0274400000000001,1.4000683639446143,2.0548800000000003,0.8400410183667686,4.1097600000000005,5.480218764622766,clear
59.34699038990529,18.044589686172028,0.6190916910274743,max odenplan,0.70537,0.6190916910274743,1.41074,1.2381833820549486,2.82148,0.7429100292329691,5.64296,4.962186822575836,clear
59.338544260102466,18.052862617274467,0.46110968233666483,max odenplan,0.91492,0.46110968233666483,1.82984,0.9222193646733297,3.65968,0.5533316188039978,7.31936,3.951101966954655,clear
59.35240648182987,18.084391686214023,2.178285024979436,max odenplan,0.53014,2.178285024979436,1.06028,4.356570049958872,2.12056,2.6139420299753233,4.24112,14.941024159868391,clear
59.30784436315855,18.091194536525336,1.3509889891879,max södermalm,0.7048300000000001,1.3509889891879,1.4096600000000001,2.7019779783758,2.8193200000000003,1.6211867870254797,5.6386400000000005,9.646329530802559,clear
59.32723720208337,18.016749639792806,1.1541868296235154,max kungsholmen,0.68032,1.1541868296235154,1.36064,2.3083736592470308,2.72128,1.3850241955482183,5.44256,8.386795709590498,clear
59.3335175188828,17.998765917444484,1.9157636774252658,max kungsholmen,0.78077,1.9157636774252658,1.56154,3.8315273548505315,3.12308,2.298916412910319,6.24616,13.2608875355217,clear
59.33649649781811,18.061127039866506,0.13559271657898272,max hötorget,0.98219,0.13559271657898272,1.96438,0.27118543315796545,3.92876,0.16271125989477928,7.85752,1.8677933861054894,clear
59.31461946462585,18.105816940174915,1.8687396211883038,max södermalm,0.5272100000000001,1.8687396211883038,1.0544200000000001,3.7374792423766077,2.1088400000000003,2.2424875454259645,4.2176800000000005,12.959933575605145,clear
59.309768788978936,18.082977053608413,0.8661009971625286,max södermalm,0.39396,0.8661009971625286,0.78792,1.7322019943250573,1.57584,1.0393211965950344,3.15168,6.543046381840183,clear
59.33395650583938,18.025835376096435,0.3750760642234049,max kungsholmen,0.99258,0.3750760642234049,1.98516,0.7501521284468098,3.9703199999999996,0.4500912770680859,7.940639999999999,3.4004868110297912,clear
59.332750428543434,18.004098551888372,1.6163121262703257,max kungsholmen,0.32749,1.6163121262703257,0.65498,3.2326242525406514,1.30996,1.939574551524391,2.61992,11.344397608130084,clear
59.34784443835611,18.064980915241343,0.9746746080719773,max odenplan,0.33426999999999996,0.9746746080719773,0.6685399999999999,1.9493492161439545,1.3370799999999998,1.1696095296863727,2.6741599999999996,7.237917491660655,clear
59.33192787615115,18.018222895618116,0.8348734926194201,max kungsholmen,0.5374,0.8348734926194201,1.0748,1.6697469852388402,2.1496,1.0018481911433041,4.2992,6.343190352764289,clear
59.34773718326209,18.086600784526137,1.8471508633145621,max hamngatan,0.47591,1.8471508633145621,0.95182,3.6943017266291243,1.9036400000000002,2.2165810359774745,3.8072800000000004,12.821765525213198,clear
59.342534113441396,18.114875473665407,2.662461024104458,max hamngatan,0.94682,2.662461024104458,1.89364,5.324922048208916,3.78728,3.1949532289253497,7.57456,18.03975055426853,clear
59.333480176092934,18.013374684687584,1.0846089136438422,max kungsholmen,0.62694,1.0846089136438422,1.25388,2.1692178272876843,2.50776,1.3015306963726105,5.01552,7.94149704732059,clear
59.33370987166063,18.086813410670352,0.8450355143364823,max hamngatan,0.69274,0.8450355143364823,1.38548,1.6900710286729645,2.77096,1.0140426172037789,5.54192,6.408227291753487,clear
59.34653757061783,18.066436631144768,0.9681468923589883,max odenplan,0.7968999999999999,0.9681468923589883,1.5937999999999999,1.9362937847179766,3.1875999999999998,1.161776270830786,6.3751999999999995,7.196140111097526,clear
59.34328256872301,18.109870357191983,2.44270803099071,max hamngatan,0.31601,2.44270803099071,0.63202,4.88541606198142,1.26404,2.931249637188852,2.52808,16.633331398340545,clear
59.32022805652872,18.052054156241326,1.3000155993699285,max södermalm,0.62436,1.3000155993699285,1.24872,2.600031198739857,2.49744,1.5600187192439143,4.99488,9.320099835967543,clear
59.33362952481501,18.02346342591225,0.5101493051716156,max kungsholmen,0.4532,0.5101493051716156,0.9064,1.0202986103432312,1.8128,0.6121791662059387,3.6256,4.26495555309834,clear
59.318513149389744,18.085509226824215,0.7763127009702944,max södermalm,1.1430799999999999,0.7763127009702944,2.2861599999999997,1.5526254019405887,4.5723199999999995,0.9315752411643533,9.144639999999999,5.968401286209884,clear
59.3142980714449,18.064274207115407,0.5233955479844484,max södermalm,0.23013,0.5233955479844484,0.46026,1.0467910959688969,0.92052,0.6280746575813382,1.84104,4.34973150710047,clear
59.34852046251315,18.085571301315994,1.901082600802213,max hamngatan,0.26073,1.901082600802213,0.52146,3.802165201604426,1.04292,2.2812991209626556,2.08584,13.166928645134163,clear
59.34499918164124,18.072193252795717,1.1925972437026449,max hötorget,1.12339,1.1925972437026449,2.24678,2.3851944874052897,4.49356,1.4311166924431737,8.98712,8.632622359696928,clear
59.328761988845855,18.076441472864598,0.525978548634246,max hamngatan,1.13222,0.525978548634246,2.26444,1.051957097268492,4.52888,0.6311742583610952,9.05776,4.366262711259174,clear
59.31378690964781,18.082854847958494,0.5954343660330569,max södermalm,0.44597000000000003,0.5954343660330569,0.8919400000000001,1.1908687320661138,1.7838800000000001,0.7145212392396683,3.5677600000000003,4.810779942611564,clear
59.35486020898343,18.088496384693308,2.520168320443497,max odenplan,0.64609,2.520168320443497,1.29218,5.040336640886994,2.58436,3.024201984532197,5.16872,17.12907725083838,clear
59.31480551472972,18.042559839313725,1.7399786066976564,max södermalm,0.59038,1.7399786066976564,1.18076,3.4799572133953127,2.36152,2.0879743280371876,4.72304,12.135863082865,clear
59.33563016452474,18.100262697986153,1.6340863599112716,max hamngatan,1.1132,1.6340863599112716,2.2264,3.268172719822543,4.4528,1.9609036318935258,8.9056,11.458152703432138,clear
59.311629284263454,18.049367039659764,1.4226697603344065,max södermalm,0.64999,1.4226697603344065,1.29998,2.845339520668813,2.59996,1.707203712401288,5.19992,10.105086466140202,clear
59.31556178003284,18.092924230465137,1.1309148004709384,max södermalm,1.07308,1.1309148004709384,2.14616,2.261829600941877,4.29232,1.357097760565126,8.58464,8.237854723014006,clear
59.34641157658148,18.064286302582257,0.8537792809534629,max odenplan,1.1498499999999998,0.8537792809534629,2.2996999999999996,1.7075585619069258,4.599399999999999,1.0245351371441556,9.198799999999999,6.464187398102163,clear
59.34536975318869,18.046942770330702,0.39441524766621566,max odenplan,0.96737,0.39441524766621566,1.93474,0.7888304953324313,3.86948,0.4732982971994588,7.73896,3.52425758506378,clear
59.336064735572364,17.99893506985929,1.922227150521959,max kungsholmen,0.70592,1.922227150521959,1.41184,3.844454301043918,2.82368,2.306672580626351,5.64736,13.302253763340538,clear
59.33579663511301,18.085252088195613,0.8171583410241234,max hamngatan,0.47820999999999997,0.8171583410241234,0.9564199999999999,1.6343166820482469,1.9128399999999997,0.9805900092289481,3.8256799999999993,6.22981338255439,clear
59.34782385599007,18.058956107223,0.7278816001925057,max odenplan,0.70561,0.7278816001925057,1.41122,1.4557632003850114,2.82244,0.8734579202310069,5.64488,5.658442241232036,clear
59.33798676083526,18.02613104879904,0.586785952362176,max kungsholmen,0.34679000000000004,0.586785952362176,0.6935800000000001,1.173571904724352,1.3871600000000002,0.7041431428346112,2.7743200000000003,4.7554300951179265,clear
59.3332784354065,18.07855243836654,0.37238771127992987,max hamngatan,0.92386,0.37238771127992987,1.84772,0.7447754225598597,3.69544,0.44686525353591583,7.39088,3.3832813521915512,clear
59.33609499361184,18.01151939467434,1.2164032364288013,max kungsholmen,0.9189700000000001,1.2164032364288013,1.8379400000000001,2.4328064728576027,3.6758800000000003,1.4596838837145616,7.3517600000000005,8.784980713144328,clear
59.34777988023401,18.095435770624647,2.124426577420639,max hamngatan,0.48402999999999996,2.124426577420639,0.9680599999999999,4.248853154841278,1.9361199999999996,2.549311892904767,3.8722399999999992,14.596330095492089,clear
59.33921757977107,18.003949554919032,1.7285653994745942,max kungsholmen,0.53225,1.7285653994745942,1.0645,3.4571307989491884,2.129,2.074278479369513,4.258,12.062818556637403,clear
59.33891421036167,18.101430047818845,1.800797373416014,max hamngatan,0.19613,1.800797373416014,0.39226,3.601594746832028,0.78452,2.160956848099217,1.56904,12.525103189862492,clear
59.350113532408464,18.04744022533235,0.8646096901136597,max odenplan,0.8251799999999999,0.8646096901136597,1.6503599999999998,1.7292193802273195,3.3007199999999997,1.0375316281363915,6.601439999999999,6.533502016727422,clear
59.319502377749586,18.07069992432378,0.4481470747634067,max södermalm,0.27176999999999996,0.4481470747634067,0.5435399999999999,0.8962941495268134,1.0870799999999998,0.537776489716088,2.1741599999999996,3.868141278485803,clear
59.342981727194534,18.037824305942667,0.5076066276926894,max karolinska,0.81831,0.5076066276926894,1.63662,1.0152132553853788,3.27324,0.6091279532312273,6.54648,4.248682417233212,clear
59.34493427880839,18.080259963176463,1.4180766912877167,max hamngatan,0.3005,1.4180766912877167,0.601,2.8361533825754335,1.202,1.70169202954526,2.404,10.075690824241388,clear
59.34678737662043,18.110215513214477,2.6656216478234893,max hamngatan,0.6297,2.6656216478234893,1.2594,5.331243295646979,2.5188,3.198745977388187,5.0376,18.059978546070333,clear
59.31799199760952,18.055966564465173,1.0076828622590868,max södermalm,0.9579500000000001,1.0076828622590868,1.9159000000000002,2.0153657245181735,3.8318000000000003,1.209219434710904,7.663600000000001,7.449170318458155,clear
59.31635755741997,18.053812120607542,1.099210360652014,max södermalm,0.6412899999999999,1.099210360652014,1.2825799999999998,2.198420721304028,2.5651599999999997,1.319052432782417,5.130319999999999,8.03494630817289,clear
59.336748394896205,18.08311780624382,0.7610574315592941,max hamngatan,0.72338,0.7610574315592941,1.44676,1.5221148631185881,2.89352,0.9132689178711529,5.78704,5.870767561979482,clear
59.31640596892703,18.038647769098706,1.9618139330907791,max södermalm,0.45853,1.9618139330907791,0.91706,3.9236278661815582,1.83412,2.354176719708935,3.66824,13.555609171780986,clear
59.32026128833398,18.047454845890382,1.5456959509622268,max södermalm,1.08742,1.5456959509622268,2.17484,3.0913919019244536,4.34968,1.854835141154672,8.69936,10.892454086158251,clear
59.318109895719836,18.07678701960225,0.34499103660701164,max södermalm,1.0154400000000001,0.34499103660701164,2.0308800000000002,0.6899820732140233,4.0617600000000005,0.41398924392841396,8.123520000000001,3.2079426342848745,clear
59.339367434832795,18.065338483147432,0.45939492086915024,max hötorget,0.90554,0.45939492086915024,1.81108,0.9187898417383005,3.62216,0.5512739050429802,7.24432,3.9401274935625614,clear
59.32090201214835,18.05875288536855,1.0023110257808356,max södermalm,0.5036,1.0023110257808356,1.0072,2.0046220515616713,2.0144,1.2027732309370027,4.0288,7.4147905649973485,clear
59.33569125524453,18.063182384763103,0.04354915265810298,max hötorget,0.53849,0.04354915265810298,1.07698,0.08709830531620597,2.15396,0.05225898318972358,4.30792,1.278714577011859,clear
59.337281995772614,18.010509314532598,1.3055231646121914,max kungsholmen,1.05895,1.3055231646121914,2.1179,2.611046329224383,4.2358,1.5666277975346297,8.4716,9.355348253518025,clear
59.31499377778541,18.067668644203806,0.3163970390815238,max södermalm,0.93656,0.3163970390815238,1.87312,0.6327940781630476,3.74624,0.37967644689782853,7.49248,3.024941050121752,clear
59.31008494452415,18.08086328997605,0.7639963929447604,max södermalm,1.55719,0.7639963929447604,3.11438,1.5279927858895208,6.22876,0.9167956715337126,12.45752,5.889576914846467,clear
59.316939659672755,18.082670882526163,0.5650432325028684,max södermalm,0.52628,0.5650432325028684,1.05256,1.1300864650057367,2.10512,0.6780518790034421,4.21024,4.616276688018358,clear
59.34724632250924,18.077337870205415,1.5565411799441158,max hötorget,2.40104,1.5565411799441158,4.80208,3.1130823598882316,9.60416,1.867849415932939,19.20832,10.961863551642342,clear
59.32833486240472,18.018963316047408,0.9792992568949217,max kungsholmen,1.05646,0.9792992568949217,2.11292,1.9585985137898434,4.22584,1.175159108273906,8.45168,7.267515244127498,clear
59.32916610952851,18.023212785316378,0.73657665118274,max kungsholmen,1.23841,0.73657665118274,2.47682,1.47315330236548,4.95364,0.8838919814192879,9.90728,5.714090567569536,clear
59.31892850146085,18.022596332102786,1.7498543731939569,max kungsholmen,1.92807,1.7498543731939569,3.85614,3.4997087463879137,7.712279999999999,2.099825247832748,15.424559999999998,12.199067988441325,clear
59.312256245980535,18.046948917819762,1.535168004111836,max södermalm,0.5379400000000001,1.535168004111836,1.0758800000000002,3.070336008223672,2.1517600000000003,1.8422016049342032,4.303520000000001,10.82507522631575,clear
59.35665075704821,18.09294850883782,2.841249320283716,max odenplan,0.42136,2.841249320283716,0.84272,5.682498640567432,1.68544,3.409499184340459,3.37088,19.18399564981578,clear
59.33457141725671,18.088616876996845,0.9608986233874569,max hamngatan,2.05935,0.9608986233874569,4.1187,1.9217972467749138,8.2374,1.1530783480649482,16.4748,7.149751189679725,clear
59.30994181216297,18.05932633662989,1.0094529437087065,max södermalm,0.26579,1.0094529437087065,0.53158,2.018905887417413,1.06316,1.211343532450448,2.12632,7.460498839735722,clear
59.3328872242668,18.0960320174109,1.3651254104073791,max hamngatan,1.48425,1.3651254104073791,2.9685,2.7302508208147582,5.937,1.638150492488855,11.874,9.736802626607226,clear
59.334788798282986,17.996658652088914,2.038289204151571,max kungsholmen,0.24856999999999999,2.038289204151571,0.49713999999999997,4.076578408303142,0.99428,2.445947044981885,1.98856,14.045050906570054,clear
59.32008277553066,18.044827638503172,1.6816627264976929,max södermalm,1.80903,1.6816627264976929,3.61806,3.3633254529953858,7.23612,2.017995271797232,14.47224,11.762641449585235,clear
59.31655844456931,18.086993496179357,0.7993080006189647,max södermalm,0.44644,0.7993080006189647,0.89288,1.5986160012379294,1.78576,0.9591696007427577,3.57152,6.115571203961374,clear
59.3455358449838,18.095005973785103,1.9192168396945928,max hamngatan,0.6884,1.9192168396945928,1.3768,3.8384336793891856,2.7536,2.303060207633511,5.5072,13.282987774045393,clear
59.340252255290686,18.073585763463317,0.8219557759103272,max hamngatan,3.33442,0.8219557759103272,6.66884,1.6439115518206544,13.33768,0.9863469310923927,26.67536,6.260516965826094,clear
59.33585539626329,18.01199505448306,1.184529650606089,max kungsholmen,0.88401,1.184529650606089,1.76802,2.369059301212178,3.53604,1.4214355807273067,7.07208,8.58098976387897,clear
59.31683380441381,18.044941134493637,1.6069539989729849,max södermalm,1.0298900000000002,1.6069539989729849,2.0597800000000004,3.2139079979459697,4.119560000000001,1.9283447987675817,8.239120000000002,11.284505593427102,clear
59.33163350476141,18.03719299557782,0.3643640796730636,max kungsholmen,4.2372700000000005,0.3643640796730636,8.474540000000001,0.7287281593461272,16.949080000000002,0.4372368956076763,33.898160000000004,3.3319301099076073,clear
59.308565694551646,18.073194870241036,0.790985787744596,max södermalm,1.30416,0.790985787744596,2.60832,1.581971575489192,5.21664,0.9491829452935153,10.43328,6.062309041565415,clear
59.340710080060525,18.065434770454754,0.6032559016308028,max hötorget,0.91803,0.6032559016308028,1.83606,1.2065118032616056,3.67212,0.7239070819569633,7.34424,4.860837770437138,clear
59.33983167649366,18.013335345192473,1.2764276576588733,max kungsholmen,1.3636700000000002,1.2764276576588733,2.7273400000000003,2.5528553153177467,5.454680000000001,1.531713189190648,10.909360000000001,9.16913700901679,clear
59.34671569633247,18.089326348881976,1.8248600935924988,max hamngatan,2.33578,1.8248600935924988,4.67156,3.6497201871849976,9.34312,2.1898321123109983,18.68624,12.67910459899199,clear
59.35028658435278,18.086978491577113,2.11340667695953,max hamngatan,0.6695599999999999,2.11340667695953,1.3391199999999999,4.22681335391906,2.6782399999999997,2.536088012351436,5.3564799999999995,14.525802732540992,clear
59.33249922303573,17.99822960946898,1.9515283834848354,max kungsholmen,0.6961799999999999,1.9515283834848354,1.3923599999999998,3.9030567669696707,2.7847199999999996,2.3418340601818026,5.569439999999999,13.489781654302947,clear
59.330317639156654,18.07276828045072,0.2923224139281353,max hamngatan,0.70908,0.2923224139281353,1.41816,0.5846448278562706,2.83632,0.35078689671376234,5.67264,2.870863449140066,clear
59.345909261842976,18.04854107643127,0.39969898950594174,max odenplan,0.40728,0.39969898950594174,0.81456,0.7993979790118835,1.62912,0.4796387874071301,3.25824,3.5580735328380273,clear
59.35408730971723,18.087029750787543,2.4035567378257077,max odenplan,2.02587,2.4035567378257077,4.05174,4.807113475651415,8.10348,2.884268085390849,16.20696,16.38276312208453,clear
59.31613783838351,18.048765623846396,1.3848955818152309,max södermalm,3.64557,1.3848955818152309,7.29114,2.7697911636304617,14.58228,1.661874698178277,29.16456,9.863331723617478,clear
59.332651253735406,18.06603102233576,0.3437877312803142,max hamngatan,0.61386,0.3437877312803142,1.22772,0.6875754625606284,2.45544,0.41254527753637704,4.91088,3.200241480194011,clear
59.31265073579663,18.048854961098026,1.4191978030501158,max södermalm,1.07228,1.4191978030501158,2.14456,2.8383956061002316,4.28912,1.703037363660139,8.57824,10.08286593952074,clear
59.34567828825928,18.069438941002133,1.089346859270366,max odenplan,0.78108,1.089346859270366,1.56216,2.178693718540732,3.12432,1.307216231124439,6.24864,7.971819899330342,clear
59.33520445026645,18.09592091439888,1.3824646911912426,max hamngatan,3.7488,1.3824646911912426,7.4976,2.764929382382485,14.9952,1.658957629429491,29.9904,9.847774023623952,clear
59.31148626724444,18.0445219809617,1.6910352175204464,max södermalm,0.9604400000000001,1.6910352175204464,1.9208800000000001,3.3820704350408928,3.8417600000000003,2.0292422610245358,7.683520000000001,11.822625392130856,clear
59.34034442969492,18.097148131515134,1.6508914892748614,max hamngatan,0.68716,1.6508914892748614,1.37432,3.301782978549723,2.74864,1.9810697871298337,5.49728,11.565705531359113,clear
59.3285749448587,18.041710876462332,0.7875169074826645,max kungsholmen,2.9981199999999997,1.7875169074826645,5.996239999999999,3.575033814965329,11.992479999999999,2.145020288979197,23.984959999999997,12.440108207889052,intersects
59.317849913538325,18.087127188090562,0.8368490053947911,max södermalm,0.8025800000000001,0.8368490053947911,1.6051600000000001,1.6736980107895822,3.2103200000000003,1.0042188064737494,6.420640000000001,6.355833634526663,clear
59.30862247595908,18.07239870572133,0.7855484545793097,max södermalm,1.28524,0.7855484545793097,2.57048,1.5710969091586193,5.14096,0.9426581454951715,10.28192,6.027510109307581,clear
59.330085431751236,18.034321680584565,0.42909231011960036,max kungsholmen,0.5716100000000001,0.42909231011960036,1.1432200000000001,0.8581846202392007,2.2864400000000002,0.5149107721435204,4.5728800000000005,3.7461907847654423,clear
59.351013515058746,18.099042967448025,2.534612004568895,max hamngatan,3.03994,2.534612004568895,6.07988,5.06922400913779,12.15976,3.0415344054826745,24.31952,17.22151682924093,clear
59.31606275423027,18.061096866675054,0.6830914259403521,max södermalm,2.45453,0.6830914259403521,4.90906,1.3661828518807042,9.81812,0.8197097111284225,19.63624,5.371785126018254,clear
59.34285113855067,18.028121380358368,0.5355431308168392,max karolinska,3.18931,0.5355431308168392,6.37862,1.0710862616336785,12.75724,0.6426517569802072,25.51448,4.4274760372277715,clear
59.312286418619124,18.045428349286382,1.6184297785272772,max södermalm,1.0992899999999999,1.6184297785272772,2.1985799999999998,3.2368595570545544,4.3971599999999995,1.9421157342327324,8.794319999999999,11.357950582574574,clear
59.32974555086792,18.045777096232232,0.8851026531559527,max kungsholmen,1.49703,1.8851026531559527,2.99406,3.7702053063119054,5.98812,2.262123183787143,11.97624,13.064656980198098,intersects
59.330756625150215,18.059216682728692,0.5612155793615372,max hötorget,1.12527,0.5612155793615372,2.25054,1.1224311587230744,4.50108,0.6734586952338446,9.00216,4.5917797079138385,clear
59.34119840370837,18.0901907723797,1.3847171191694627,max hamngatan,0.59036,1.3847171191694627,1.18072,2.7694342383389254,2.36144,1.6616605430033553,4.72288,9.862189562684561,clear
59.31040324748931,18.09035593542253,1.14597591117521,max södermalm,3.03101,1.14597591117521,6.06202,2.29195182235042,12.12404,1.375171093410252,24.24808,8.334245831521343,clear
59.3503815512204,18.05643499618522,0.9151583787230068,max odenplan,3.2316100000000003,0.9151583787230068,6.463220000000001,1.8303167574460135,12.926440000000001,1.098190054467608,25.852880000000003,6.8570136238272426,clear
59.32018714469611,18.05648264553182,1.070297087906297,max södermalm,0.22035,1.070297087906297,0.4407,2.140594175812594,0.8814,1.2843565054875563,1.7628,7.849901362600301,clear
59.31308157148318,18.03999633438475,1.9052492469148958,max södermalm,0.98946,1.9052492469148958,1.97892,3.8104984938297917,3.9578399999999996,2.286299096297875,7.915679999999999,13.193595180255333,clear
59.33352603798481,18.01307551489995,1.1014667617632266,max kungsholmen,1.01705,1.1014667617632266,2.0341,2.202933523526453,4.0682,1.321760114115872,8.1364,8.04938727528465,clear
59.342459011693265,18.07985415720451,1.1521989689036942,max hamngatan,1.07349,1.1521989689036942,2.14698,2.3043979378073884,4.29396,1.382638762684433,8.58792,8.374073400983644,clear
59.35397632656471,18.093159118816548,2.6357973763218303,max hamngatan,3.34516,2.6357973763218303,6.69032,5.271594752643661,13.38064,3.1629568515861965,26.76128,17.869103208459713,clear
59.333934622304405,18.08589316370077,0.7961422329222293,max hamngatan,0.55633,0.7961422329222293,1.11266,1.5922844658444586,2.22532,0.9553706795066751,4.45064,6.095310290702267,clear
59.31123249595194,18.06296471418329,0.7582282652515185,max södermalm,0.83992,0.7582282652515185,1.67984,1.516456530503037,3.35968,0.9098739183018222,6.71936,5.852660897609718,clear
59.31759079216039,18.083769442525725,0.6461128809424654,max södermalm,0.54722,0.6461128809424654,1.09444,1.2922257618849309,2.18888,0.7753354571309585,4.37776,5.135122438031779,clear
59.334838183812636,18.03407600154401,0.1481505373088492,max kungsholmen,0.68678,0.1481505373088492,1.37356,0.2963010746176984,2.74712,0.17778064477061903,5.49424,1.948163438776635,clear
59.31242222139625,18.05078427572606,1.3194478231309048,max södermalm,0.4113,1.3194478231309048,0.8226,2.6388956462618096,1.6452,1.5833373877570858,3.2904,9.44446606803779,clear
59.3319945117918,18.053829097789666,0.6301257132452346,max hötorget,1.27762,0.6301257132452346,2.55524,1.2602514264904692,5.11048,0.7561508558942815,10.22096,5.032804564769501,clear
59.34525266129784,18.105647633474465,2.3547599160346198,max hamngatan,1.1264,2.3547599160346198,2.2528,4.7095198320692395,4.5056,2.8257118992415435,9.0112,16.070463462621568,clear
59.33760017552997,18.004751116678936,1.6302710246709946,max kungsholmen,0.29806,1.6302710246709946,0.59612,3.260542049341989,1.19224,1.9563252296051934,2.38448,11.433734557894365,clear
59.31297540345272,18.05554274563781,1.0420310498419305,max södermalm,0.97325,1.0420310498419305,1.9465,2.084062099683861,3.8930000000000002,1.2504372598103166,7.7860000000000005,7.668998718988355,clear
59.34131080896687,18.096677276007362,1.6850268207843206,max hamngatan,3.68528,1.6850268207843206,7.37056,3.3700536415686413,14.74112,2.022032184941185,29.48224,11.784171653019651,clear
59.31343989826522,18.058476938488965,0.8671010114254559,max södermalm,1.18828,0.8671010114254559,2.37656,1.7342020228509119,4.75312,1.040521213710547,9.50624,6.549446473122918,clear
59.344875390325825,18.09510498970999,1.8699514865817934,max hamngatan,1.63825,1.8699514865817934,3.2765,3.739902973163587,6.553,2.243941783898152,13.106,12.967689514123478,clear
59.30498890203766,18.07779510308742,1.2195178469011023,max södermalm,1.08917,1.2195178469011023,2.17834,2.4390356938022046,4.35668,1.4634214162813228,8.71336,8.804914220167054,clear
59.345539358702,18.04469262092607,0.4969475679391434,max odenplan,0.87474,0.4969475679391434,1.74948,0.9938951358782868,3.49896,0.5963370815269721,6.99792,4.180464434810518,clear
59.34286876435747,18.11008017230069,2.4318874455840325,max hamngatan,1.91228,2.4318874455840325,3.82456,4.863774891168065,7.64912,2.918264934700839,15.29824,16.564079651737806,clear
59.33473663934192,18.009273837613208,1.3213820245312073,max kungsholmen,1.88136,1.3213820245312073,3.76272,2.6427640490624147,7.525440000000001,1.585658429437449,15.050880000000001,9.456844956999728,clear
59.338242139703055,18.02472040022082,0.6599216431655519,max kungsholmen,1.00272,0.6599216431655519,2.00544,1.3198432863311038,4.01088,0.7919059717986623,8.02176,5.223498516259532,clear
59.33269149393645,18.073534597266587,0.08819349027293463,max hamngatan,1.13326,0.08819349027293463,2.26652,0.17638698054586927,4.53304,0.10583218832752156,9.06608,1.5644383377467816,clear
59.334716342729635,18.012536780269702,1.1361186760846007,max kungsholmen,1.4436600000000002,1.1361186760846007,2.8873200000000003,2.2722373521692014,5.774640000000001,1.3633424113015207,11.549280000000001,8.271159526941444,clear
59.342400977198146,18.04659632968058,0.2666709129385119,max odenplan,0.58738,0.2666709129385119,1.17476,0.5333418258770238,2.34952,0.3200050955262143,4.69904,2.706693842806476,clear
59.351251788365744,18.062733761963024,1.1636845831696465,max odenplan,0.32872,1.1636845831696465,0.65744,2.327369166339293,1.31488,1.3964214998035758,2.62976,8.447581332285738,clear
59.30748052466975,18.076397072185763,0.9313605053979368,max södermalm,1.1476199999999999,0.9313605053979368,2.2952399999999997,1.8627210107958736,4.5904799999999994,1.1176326064775242,9.180959999999999,6.9607072345467955,clear
59.33743526391526,18.058648037580987,0.3074521702085912,max hötorget,3.33076,0.3074521702085912,6.66152,0.6149043404171824,13.32304,0.36894260425030945,26.64608,2.967693889334984,clear
59.35109451190747,18.061847946953126,1.1213733337238116,max odenplan,3.70398,1.1213733337238116,7.40796,2.2427466674476233,14.81592,1.3456480004685738,29.63184,8.176789335832394,clear
59.31035443144519,18.055037855600865,1.1850723014068816,max södermalm,1.37568,1.1850723014068816,2.75136,2.370144602813763,5.50272,1.422086761688258,11.00544,8.584462729004041,clear
59.33918448457777,18.08248539439913,0.9167926910546499,max hamngatan,2.7960700000000003,0.9167926910546499,5.5921400000000006,1.8335853821092998,11.184280000000001,1.10015122926558,22.368560000000002,6.8674732227497595,clear
59.330965868323275,18.021175250466552,0.7142634673731791,max kungsholmen,0.3728,0.7142634673731791,0.7456,1.4285269347463583,1.4912,0.857116160847815,2.9824,5.571286191188347,clear
59.31346719089725,18.051610884761782,1.2462175788463925,max södermalm,1.20602,1.2462175788463925,2.41204,2.492435157692785,4.82408,1.495461094615671,9.64816,8.975792504616912,clear
59.31844223717159,18.04823864938114,1.447295378776347,max södermalm,2.20838,1.447295378776347,4.41676,2.894590757552694,8.83352,1.7367544545316163,17.66704,10.262690424168621,clear
59.31646190091086,18.09634715878886,1.3287315847290555,max södermalm,0.78806,1.3287315847290555,1.57612,2.657463169458111,3.15224,1.5944779016748665,6.30448,9.503882142265955,clear
59.31453483029906,18.057134816074274,0.9160150829422757,max södermalm,4.2587399999999995,0.9160150829422757,8.517479999999999,1.8320301658845515,17.034959999999998,1.0992180995307308,34.069919999999996,6.8624965308305645,clear
59.339974175127324,18.111026132037676,2.353582866338635,max hamngatan,0.8445,2.353582866338635,1.689,4.70716573267727,3.378,2.824299439606362,6.756,16.062930344567263,clear
59.34340055509757,18.064689601121508,0.7689917407658835,max odenplan,1.03599,0.7689917407658835,2.07198,1.537983481531767,4.14396,0.9227900889190601,8.28792,5.921547140901654,clear
59.347061193355174,18.038020268227427,0.2731270311381402,max karolinska,2.27939,0.2731270311381402,4.55878,0.5462540622762804,9.11756,0.32775243736576826,18.23512,2.7480129992840974,clear
59.313036920165196,18.06189937376556,0.7001726221878001,max södermalm,0.23598,0.7001726221878001,0.47196,1.4003452443756002,0.94392,0.8402071466253601,1.88784,5.48110478200192,clear
59.332546840416406,18.024248554119843,0.4859654579986535,max kungsholmen,0.88105,0.4859654579986535,1.7621,0.971930915997307,3.5242,0.5831585495983842,7.0484,4.110178931191382,clear
59.3182193906301,18.091574256631407,1.0916528026228491,max södermalm,2.34277,1.0916528026228491,4.68554,2.1833056052456983,9.37108,1.309983363147419,18.74216,7.986577936786235,clear
59.33095431473315,18.038932326113958,0.48869922991676096,max kungsholmen,4.07631,,8.15262,,16.30524,,32.61048,,nogo
59.34696648283761,18.107435852745997,2.5505785402199836,max hamngatan,1.61823,2.5505785402199836,3.23646,5.101157080439967,6.47292,3.0606942482639803,12.94584,17.323702657407896,clear
59.331286643284606,18.060890373331368,0.47890146253458055,max hötorget,0.91935,0.47890146253458055,1.8387,0.9578029250691611,3.6774,0.5746817550414967,7.3548,4.0649693602213155,clear
59.33970492467039,18.09602325493582,1.5600748358101917,max hamngatan,1.53129,1.5600748358101917,3.06258,3.1201496716203834,6.12516,1.8720898029722302,12.25032,10.984478949185227,clear
59.3195829783907,18.08204667526518,0.6722511327203621,max södermalm,1.4181300000000001,0.6722511327203621,2.8362600000000002,1.3445022654407242,5.6725200000000005,0.8067013592644344,11.345040000000001,5.302407249410317,clear
59.33738155592624,18.058839762491946,0.295487446277222,max hötorget,0.8932100000000001,0.295487446277222,1.7864200000000001,0.590974892554444,3.5728400000000002,0.3545849355326664,7.1456800000000005,2.891119656174221,clear
59.31347457671195,18.075709587080542,0.28677350009106656,max södermalm,1.7530899999999998,0.28677350009106656,3.5061799999999996,0.5735470001821331,7.012359999999999,0.34412820010927986,14.024719999999999,2.835350400582826,clear
59.33274570778318,18.056783952017685,0.44799441813772045,max hötorget,0.38247000000000003,0.44799441813772045,0.7649400000000001,0.8959888362754409,1.5298800000000001,0.5375933017652645,3.0597600000000003,3.867164276081411,clear
59.31977936291606,18.070553215510238,0.4800890505215088,max södermalm,1.21728,0.4800890505215088,2.43456,0.9601781010430176,4.86912,0.5761068606258105,9.73824,4.072569923337657,clear
59.3125146069277,18.090906009393482,1.0749035597756995,max södermalm,2.78005,1.0749035597756995,5.5601,2.149807119551399,11.1202,1.2898842717308394,22.2404,7.879382782564477,clear
59.33581149237986,18.038435639206156,0.40847672844502925,max kungsholmen,2.19348,0.40847672844502925,4.38696,0.8169534568900585,8.77392,0.49017207413403513,17.54784,3.6142510620481874,clear
59.34107477448385,18.112142144591665,2.456189889334937,max hamngatan,0.39073,2.456189889334937,0.78146,4.912379778669874,1.56292,2.9474278672019243,3.12584,16.719615291743597,clear
59.31413969773593,18.064724410292392,0.504591546044077,max södermalm,1.52028,0.504591546044077,3.04056,1.009183092088154,6.08112,0.6055098552528924,12.16224,4.229385894682093,clear
59.30753714435922,18.085289571991137,1.1422007947949264,max södermalm,4.0251,1.1422007947949264,8.0502,2.284401589589853,16.1004,1.3706409537539117,32.2008,8.310085086687529,clear
59.34004115145205,18.012725345733045,1.3182252097447529,max kungsholmen,3.1384600000000002,1.3182252097447529,6.2769200000000005,2.6364504194895058,12.553840000000001,1.5818702516937035,25.107680000000002,9.436641342366418,clear
59.34891212179871,18.07795429387902,1.673307103551337,max odenplan,1.1268900000000002,1.673307103551337,2.2537800000000003,3.346614207102674,4.507560000000001,2.0079685242616043,9.015120000000001,11.709165462728556,clear
59.3293300955891,18.029732631465205,0.5222369229559135,max kungsholmen,3.2369899999999996,0.5222369229559135,6.473979999999999,1.044473845911827,12.947959999999998,0.6266843075470961,25.895919999999997,4.342316306917846,clear
59.343202981415104,18.06443642429515,0.7524100264566871,max odenplan,0.47323000000000004,0.7524100264566871,0.9464600000000001,1.5048200529133742,1.8929200000000002,0.9028920317480245,3.7858400000000003,5.815424169322798,clear
59.31236071965202,18.046042332069668,1.5824948929403846,max södermalm,1.4785899999999998,1.5824948929403846,2.9571799999999997,3.164989785880769,5.914359999999999,1.8989938715284618,11.828719999999999,11.127967314818463,clear
59.31402890501672,18.08568439230271,0.7413497514826518,max södermalm,4.12454,0.7413497514826518,8.24908,1.4826995029653036,16.49816,0.8896197017791821,32.99632,5.744638409488972,clear
59.320243016849915,18.049934061997984,1.4125244921801021,max södermalm,2.3748299999999998,1.4125244921801021,4.7496599999999995,2.8250489843602042,9.499319999999999,1.6950293906161225,18.998639999999998,10.040156749952654,clear
59.35003163759699,18.103321172153372,2.608150489121828,max hamngatan,3.36687,2.608150489121828,6.73374,5.216300978243656,13.46748,3.1297805869461937,26.93496,17.6921631303797,clear
59.312492172559665,18.102092560202955,1.6904354466092812,max södermalm,1.6262,1.6904354466092812,3.2524,3.3808708932185625,6.5048,2.0285225359311374,13.0096,11.8187868582994,clear
59.33097510227276,18.006209772064256,1.5249652663742717,max kungsholmen,0.6823899999999999,1.5249652663742717,1.3647799999999999,3.0499305327485433,2.7295599999999998,1.8299583196491258,5.4591199999999995,10.759777704795338,clear
59.31151000959443,18.07349303282574,0.4635902660157388,max södermalm,3.4395100000000003,0.4635902660157388,6.879020000000001,0.9271805320314777,13.758040000000001,0.5563083192188866,27.516080000000002,3.9669777025007287,clear
59.31564927361787,18.098841066540356,1.4678093322882726,max södermalm,1.8145,1.4678093322882726,3.629,2.935618664576545,7.258,1.761371198745927,14.516,10.393979726644945,clear
59.33330214375631,18.03099075176665,0.0992094149787933,max kungsholmen,3.69692,0.0992094149787933,7.39384,0.1984188299575866,14.78768,0.11905129797455198,29.57536,1.6349402558642772,clear
59.31596486505028,18.060547712669415,0.7137107896694482,max södermalm,0.60985,0.7137107896694482,1.2197,1.4274215793388965,2.4394,0.8564529476033379,4.8788,5.5677490538844685,clear
59.31568944772323,18.10270257699358,1.6877159714505237,max södermalm,0.24433000000000002,1.6877159714505237,0.48866000000000004,3.3754319429010473,0.97732,2.0252591657406285,1.95464,11.80138221728335,clear
59.30865853322948,18.05876406455079,1.1282363694684705,max södermalm,0.77671,1.1282363694684705,1.55342,2.256472738936941,3.10684,1.3538836433621646,6.21368,8.220712764598211,clear
59.34943092454319,18.06535365964095,1.1050645636247283,max odenplan,3.59196,1.1050645636247283,7.18392,2.2101291272494565,14.36784,1.3260774763496739,28.73568,8.072413207198261,clear
59.32880930025228,18.007208199951634,1.539498053297,max kungsholmen,1.0298800000000001,1.539498053297,2.0597600000000003,3.078996106594,4.1195200000000005,1.8473976639563998,8.239040000000001,10.852787541100799,clear
59.34644440894241,18.08486914501348,1.6744109039536084,max hamngatan,4.1905,1.6744109039536084,8.381,3.3488218079072167,16.762,2.0092930847443298,33.524,11.716229785303092,clear
59.3152233728219,18.079449168512824,0.36679940972479985,max södermalm,1.1269200000000001,0.36679940972479985,2.2538400000000003,0.7335988194495997,4.507680000000001,0.44015929166975987,9.015360000000001,3.347516222238719,clear
59.339469567945386,18.10199666213469,1.85424597440628,max hamngatan,0.25886000000000003,1.85424597440628,0.5177200000000001,3.70849194881256,1.0354400000000001,2.225095169287536,2.0708800000000003,12.867174236200192,clear
59.31031762612431,18.079030521783725,0.6858043688101535,max södermalm,3.47666,0.6858043688101535,6.95332,1.371608737620307,13.90664,0.8229652425721843,27.81328,5.389147960384983,clear
59.343839857429074,18.063926071186565,0.7334546605030673,max odenplan,2.0562600000000004,0.7334546605030673,4.112520000000001,1.4669093210061346,8.225040000000002,0.8801455926036807,16.450080000000003,5.694109827219631,clear
59.343762511128304,18.07623761509139,1.2068603268894882,max hötorget,0.89455,1.2068603268894882,1.7891,2.4137206537789764,3.5782,1.4482323922673859,7.1564,8.723906092092724,clear
59.338736583437324,18.063506334645496,0.36442262401754566,max hötorget,1.04785,0.36442262401754566,2.0957,0.7288452480350913,4.1914,0.4373071488210548,8.3828,3.332304793712292,clear
59.332785516190626,18.08003907997416,0.4550433754895882,max hamngatan,1.0966300000000002,0.4550433754895882,2.1932600000000004,0.9100867509791764,4.386520000000001,0.5460520505875057,8.773040000000002,3.912277603133364,clear
59.331030372644484,18.047100256157954,0.891279220815664,max kungsholmen,0.82669,1.891279220815664,1.65338,3.782558441631328,3.30676,2.269535064978797,6.61352,13.10418701322025,intersects
59.3248506243599,18.069600857210414,0.9092092576182536,max hamngatan,0.78818,,1.57636,,3.15272,,6.30544,,nogo
59.35487064241666,18.103830724902124,3.04176582136982,max hamngatan,1.01891,3.04176582136982,2.03782,6.08353164273964,4.07564,3.650118985643784,8.15128,20.46730125676685,clear
59.327805067075126,18.02065510836861,0.9467306660954607,max kungsholmen,0.7639900000000001,0.9467306660954607,1.5279800000000001,1.8934613321909215,3.0559600000000002,1.1360767993145529,6.1119200000000005,7.059076263010949,clear
59.3113695006041,18.08890109509095,1.020934408277655,max södermalm,0.9252999999999999,1.020934408277655,1.8505999999999998,2.04186881655531,3.7011999999999996,1.225121289933186,7.402399999999999,7.533980212976992,clear
59.341681914349955,18.069033740189788,0.7818776003246343,max hötorget,2.75695,0.7818776003246343,5.5139,1.5637552006492685,11.0278,0.938253120389561,22.0556,6.004016642077659,clear
59.34986021983009,18.081751175129753,1.913709525736716,max odenplan,1.22458,1.913709525736716,2.44916,3.827419051473432,4.89832,2.2964514308840593,9.79664,13.247740964714982,clear
59.31550275258121,18.073675196788855,0.03912319536240196,max södermalm,1.4051099999999999,0.03912319536240196,2.8102199999999997,0.07824639072480392,5.620439999999999,0.04694783443488235,11.240879999999999,1.2503884503193725,clear
59.31748652020603,18.081739197933256,0.5339006980186928,max södermalm,0.31991,0.5339006980186928,0.63982,1.0678013960373856,1.27964,0.6406808376224313,2.55928,4.416964467319634,clear
59.340926573221516,18.09326776824125,1.5015933196431657,max hamngatan,2.48143,1.5015933196431657,4.96286,3.0031866392863313,9.92572,1.8019119835717987,19.85144,10.610197245716261,clear
59.34808716595398,18.04402294420232,0.6283267027906502,max karolinska,1.02828,0.6283267027906502,2.05656,1.2566534055813003,4.11312,0.7539920433487802,8.22624,5.021290897860161,clear
59.31427374723712,18.04047944105259,1.8622963519069036,max södermalm,2.04499,1.8622963519069036,4.08998,3.724592703813807,8.17996,2.2347556222882843,16.35992,12.918696652204183,clear
59.32566598453608,18.067965329841336,0.8404209223824729,max hamngatan,1.03426,,2.06852,,4.13704,,8.27408,,nogo
59.34522157818025,18.085345210321954,1.5658503877472694,max hamngatan,1.2994100000000002,1.5658503877472694,2.5988200000000004,3.1317007754945387,5.197640000000001,1.879020465296723,10.395280000000001,11.021442481582524,clear
59.3081713823985,18.09625470420064,1.5624262607679742,max södermalm,3.23431,1.5624262607679742,6.46862,3.1248525215359484,12.93724,1.874911512921569,25.87448,10.999528068915035,clear
59.340599649943094,18.08101755282253,0.9966297163464876,max hamngatan,2.77087,0.9966297163464876,5.54174,1.9932594326929751,11.08348,1.1959556596157852,22.16696,7.378430184617521,clear
59.35318821051965,18.105638018681894,2.9586089871474135,max hamngatan,1.2827,2.9586089871474135,2.5654,5.917217974294827,5.1308,3.550330784576896,10.2616,19.935097517743447,clear
59.333856757829416,18.07937563340472,0.43001387088347853,max hamngatan,2.47217,0.43001387088347853,4.94434,0.8600277417669571,9.88868,0.5160166450601742,19.77736,3.7520887736542625,clear
59.33525639437108,18.091151318477298,1.118104575347523,max hamngatan,1.00826,1.118104575347523,2.01652,2.236209150695046,4.03304,1.3417254904170275,8.06608,8.155869282224147,clear
59.33152935234219,18.050072511044984,0.8350343160236015,max hötorget,0.5556,0.8350343160236015,1.1112,1.670068632047203,2.2224,1.0020411792283217,4.4448,6.34421962255105,clear
59.341771524410596,18.112147652943158,2.4862251146006566,max hamngatan,1.09004,2.4862251146006566,2.18008,4.972450229201313,4.36016,2.983470137520788,8.72032,16.9118407334442,clear
59.33925707592648,18.071522144552794,0.6616578988482861,max hötorget,3.1473400000000002,0.6616578988482861,6.2946800000000005,1.3233157976965721,12.589360000000001,0.7939894786179432,25.178720000000002,5.2346105526290305,clear
59.329997716571064,18.047781458398752,0.9722406674496773,max kungsholmen,0.91406,1.9722406674496773,1.82812,3.9444813348993546,3.65624,2.3666888009396128,7.31248,13.622340271677935,intersects
59.32962796422947,18.02848621681036,0.5171315113917211,max kungsholmen,1.4832100000000001,0.5171315113917211,2.9664200000000003,1.0342630227834422,5.932840000000001,0.6205578136700654,11.865680000000001,4.309641672907015,clear
59.31578793578451,18.035515770153268,2.015677499939454,max kungsholmen,2.10921,2.015677499939454,4.21842,4.031354999878908,8.43684,2.418812999927345,16.87368,13.900335999612505,clear
59.35114707474655,18.067153935995844,1.3127243420310042,max odenplan,0.7323099999999999,1.3127243420310042,1.4646199999999998,2.6254486840620084,2.9292399999999996,1.575269210437205,5.858479999999999,9.401435788998427,clear
59.333459855334,18.00105536405121,1.7856042449924505,max kungsholmen,1.42839,1.7856042449924505,2.85678,3.571208489984901,5.71356,2.142725093990941,11.42712,12.427867167951684,clear
59.346864674343806,18.04338089916502,0.5774518467521977,max karolinska,1.6613399999999998,0.5774518467521977,3.3226799999999996,1.1549036935043955,6.645359999999999,0.6929422161026373,13.290719999999999,4.6956918192140655,clear
59.34398861276057,18.042848381426918,0.5032674668686681,max odenplan,0.7972400000000001,0.5032674668686681,1.5944800000000001,1.0065349337373362,3.1889600000000002,0.6039209602424017,6.3779200000000005,4.2209117879594755,clear
59.3442987985694,18.098589995440953,1.9721888401805578,max hamngatan,2.43188,1.9721888401805578,4.86376,3.9443776803611157,9.72752,2.3666266082166696,19.45504,13.62200857715557,clear
59.33324983672691,18.04358671873957,0.6387259431906769,max kungsholmen,1.12613,0.6387259431906769,2.25226,1.2774518863813538,4.50452,0.7664711318288123,9.00904,5.087846036420332,clear
59.341753227014046,18.087813529108747,1.331999996547466,max hamngatan,0.46326,1.331999996547466,0.92652,2.663999993094932,1.85304,1.5983999958569592,3.70608,9.524799977903783,clear
59.335582413582145,18.007153672694642,1.4514756006307363,max kungsholmen,0.80365,1.4514756006307363,1.6073,2.9029512012614727,3.2146,1.7417707207568836,6.4292,10.289443844036713,clear
59.327359631676195,18.02172875980772,0.9418426132012884,max kungsholmen,0.66216,0.9418426132012884,1.32432,1.8836852264025767,2.64864,1.130211135841546,5.29728,7.027792724488245,clear
59.35184267315176,18.087169193811487,2.2772721753091445,max hamngatan,2.4809699999999997,2.2772721753091445,4.961939999999999,4.554544350618289,9.923879999999999,2.7327266103709738,19.847759999999997,15.574541921978525,clear
59.319881331621204,18.06133456302253,0.8166249415350006,max södermalm,0.57594,0.8166249415350006,1.15188,1.6332498830700013,2.30376,0.9799499298420008,4.60752,6.226399625824004,clear
59.35163670284266,18.06537756264291,1.2874567649156399,max odenplan,0.1638,1.2874567649156399,0.3276,2.5749135298312797,0.6552,1.5449481178987678,1.3104,9.239723295460095,clear
59.317775694289395,18.024723003702697,1.839459807356429,max kungsholmen,1.48869,1.839459807356429,2.97738,3.678919614712858,5.95476,2.207351768827715,11.90952,12.772542767081145,clear
59.31798605648065,18.038131790516324,1.7928266207370205,max kungsholmen,1.24791,1.7928266207370205,2.49582,3.585653241474041,4.99164,2.1513919448844248,9.98328,12.474090372716931,clear
59.31247503513849,18.07818802519861,0.4597964367840751,max södermalm,0.89752,0.4597964367840751,1.79504,0.9195928735681502,3.59008,0.5517557241408901,7.18016,3.9426971954180807,clear
59.33657971857146,18.033753215463605,0.3174815801961185,max kungsholmen,0.6531,0.3174815801961185,1.3062,0.634963160392237,2.6124,0.38097789623534223,5.2248,3.0318821132551586,clear
59.336758345470216,18.073976103809493,0.44189589813082525,max hamngatan,1.04327,0.44189589813082525,2.08654,0.8837917962616505,4.17308,0.5302750777569902,8.34616,3.8281337480372812,clear
59.34188069639148,18.048614063429316,0.1709867317050458,max odenplan,0.60717,0.1709867317050458,1.21434,0.3419734634100916,2.42868,0.20518407804605496,4.85736,2.094315082912293,clear
59.31565449446178,18.048271739461768,1.4120330333022393,max södermalm,2.8346799999999996,1.4120330333022393,5.669359999999999,2.8240660666044786,11.338719999999999,1.694439639962687,22.677439999999997,10.037011413134332,clear
59.343527327010705,18.08426956842037,1.371553704311905,max hamngatan,1.18465,1.371553704311905,2.3693,2.74310740862381,4.7386,1.6458644451742859,9.4772,9.777943707596192,clear
59.33453099241253,18.09794930051785,1.4851570640435017,max hamngatan,3.76098,1.4851570640435017,7.52196,2.9703141280870033,15.04392,1.782188476852202,30.08784,10.50500520987841,clear
59.35664614979515,18.102329474092564,3.155497569689671,max hamngatan,4.18837,3.155497569689671,8.37674,6.310995139379342,16.75348,3.7865970836276057,33.50696,21.195184446013897,clear
59.35108963391574,18.071650896209146,1.4963765634268216,max odenplan,0.95265,1.4963765634268216,1.9053,2.992753126853643,3.8106,1.795651876112186,7.6212,10.576810005931659,clear
59.319204358286406,18.02667137592358,1.6599328649361675,max kungsholmen,0.59066,1.6599328649361675,1.18132,3.319865729872335,2.36264,1.991919437923401,4.72528,11.623570335591472,clear
59.334597498901516,18.08017718527525,0.499150906135588,max hamngatan,1.0875,0.499150906135588,2.175,0.998301812271176,4.35,0.5989810873627056,8.7,4.194565799267763,clear
59.318369588258115,18.03321868899577,1.7209570384920536,max kungsholmen,0.33944,1.7209570384920536,0.67888,3.4419140769841072,1.35776,2.0651484461904643,2.71552,12.014125046349143,clear
59.34138543249937,18.06825895285026,0.7322377167512474,max hötorget,1.10802,0.7322377167512474,2.21604,1.4644754335024948,4.43208,0.878685260101497,8.86416,5.686321387207983,clear
59.345675949774396,18.059732259424248,0.5910220748261792,max odenplan,3.1453,0.5910220748261792,6.2906,1.1820441496523584,12.5812,0.709226489791415,25.1624,4.782541278887547,clear
59.33037276641998,18.070069718072336,0.304870418023664,max hamngatan,0.34831,0.304870418023664,0.69662,0.609740836047328,1.39324,0.3658445016283968,2.78648,2.9511706753514497,clear
59.35053114021333,18.096104222924772,2.3926353480317615,max hamngatan,1.33411,2.3926353480317615,2.66822,4.785270696063523,5.33644,2.871162417638114,10.67288,16.312866227403273,clear
59.307228730383734,18.081112648923884,1.0456561070739492,max södermalm,3.35398,1.0456561070739492,6.70796,2.0913122141478984,13.41592,1.254787328488739,26.83184,7.692199085273275,clear
59.35038740474412,18.09714759756599,2.4141662559760326,max hamngatan,1.6152,2.4141662559760326,3.2304,4.828332511952065,6.4608,2.8969995071712393,12.9216,16.450664038246607,clear
59.33150821186478,18.043806960711283,0.6971750236930467,max kungsholmen,0.9053300000000001,,1.8106600000000002,,3.6213200000000003,,7.242640000000001,,nogo
59.32886948001742,18.03806321062778,0.6375284851210455,max kungsholmen,2.55375,0.6375284851210455,5.1075,1.275056970242091,10.215,0.7650341821452546,20.43,5.0801823047746915,clear
59.34796985756164,18.081660140635837,1.7639772483070661,max hamngatan,2.38697,1.7639772483070661,4.77394,3.5279544966141323,9.54788,2.1167726979684796,19.09576,12.289454389165224,clear
59.33562104602127,18.025003373555336,0.4676972548408876,max kungsholmen,1.3824100000000001,0.4676972548408876,2.7648200000000003,0.9353945096817752,5.5296400000000006,0.5612367058090652,11.059280000000001,3.9932624309816807,clear
59.3395162186398,18.016594025582027,1.1022309641157872,max kungsholmen,3.56361,1.1022309641157872,7.12722,2.2044619282315745,14.25444,1.3226771569389446,28.50888,8.054278170341039,clear
59.33539822897814,18.002672398491008,1.702275327053626,max kungsholmen,0.8885,1.702275327053626,1.777,3.404550654107252,3.554,2.042730392464351,7.108,11.894562093143206,clear
59.3144222306357,18.084500665426365,0.6657303174703989,max södermalm,0.92938,0.6657303174703989,1.85876,1.3314606349407978,3.71752,0.7988763809644787,7.43504,5.260674031810553,clear
59.312284891838424,18.05885715132266,0.8926017999997934,max södermalm,4.14114,0.8926017999997934,8.28228,1.7852035999995868,16.56456,1.071122159999752,33.12912,6.712651519998678,clear
59.33889305788179,18.055416506611262,0.47595100017547676,max odenplan,0.8768400000000001,0.47595100017547676,1.7536800000000001,0.9519020003509535,3.5073600000000003,0.5711412002105721,7.0147200000000005,4.046086401123051,clear
59.34805095012033,18.106292932538935,2.57689659733275,max hamngatan,1.48758,2.57689659733275,2.97516,5.1537931946655,5.95032,3.0922759167993,11.90064,17.4921382229296,clear
59.314504287795565,18.075598917299438,0.19374646347033028,max södermalm,0.78659,0.19374646347033028,1.57318,0.38749292694066056,3.14636,0.23249575616439633,6.29272,2.239977366210114,clear
59.32846042179791,18.021713596617868,0.8525486072577019,max kungsholmen,1.06537,0.8525486072577019,2.13074,1.7050972145154037,4.26148,1.0230583287092423,8.52296,6.456311086449292,clear
59.318882545874516,18.052682748644493,1.2148333763469135,max södermalm,0.96961,1.2148333763469135,1.93922,2.429666752693827,3.87844,1.457800051616296,7.75688,8.774933608620247,clear
59.333959750611385,18.031242271311612,0.06896255104146101,max kungsholmen,1.58903,0.06896255104146101,3.17806,0.13792510208292202,6.35612,0.08275506124975321,12.71224,1.4413603266653505,clear
59.33476398632978,18.060756177085608,0.12952167942139473,max hötorget,3.66721,0.12952167942139473,7.33442,0.25904335884278945,14.66884,0.15542601530567368,29.33768,1.8289387482969262,clear
59.33914245844931,18.10250451464715,1.8670141540846519,max hamngatan,3.5199000000000003,1.8670141540846519,7.0398000000000005,3.7340283081693038,14.079600000000001,2.2404169849015823,28.159200000000002,12.948890586141772,clear
59.337642597114886,18.094401522921796,1.3768925379943306,max hamngatan,0.67741,1.3768925379943306,1.35482,2.7537850759886613,2.70964,1.6522710455931968,5.41928,9.812112243163716,clear
59.3200059001195,18.076089532878985,0.513221082601056,max södermalm,1.3238800000000002,0.513221082601056,2.6477600000000003,1.026442165202112,5.295520000000001,0.6158652991212672,10.591040000000001,4.284614928646759,clear
59.31243937934671,18.050320575694467,1.3443533422185274,max södermalm,0.70688,1.3443533422185274,1.41376,2.688706684437055,2.82752,1.6132240106622329,5.65504,9.603861390198576,clear
59.344062485016046,18.039343426282187,0.4690551639066417,max karolinska,1.0863800000000001,0.4690551639066417,2.1727600000000002,0.9381103278132834,4.3455200000000005,0.5628661966879701,8.691040000000001,4.001953049002507,clear
59.31298694842341,18.092951510347167,1.171111841952641,max södermalm,2.4498,1.171111841952641,4.8996,2.342223683905282,9.7992,1.4053342103431692,19.5984,8.495115788496902,clear
59.30737788395032,18.074421443015527,0.9264933171622011,max södermalm,0.34179000000000004,0.9264933171622011,0.6835800000000001,1.8529866343244021,1.3671600000000002,1.1117919805946412,2.7343200000000003,6.929557229838087,clear
59.315474559883704,18.051952247466264,1.2026253923024472,max södermalm,0.28625,1.2026253923024472,0.5725,2.4052507846048945,1.145,1.4431504707629366,2.29,8.696802510735662,clear
59.353238778414855,18.094383800602365,2.5963338527704702,max hamngatan,3.55647,2.5963338527704702,7.11294,5.1926677055409405,14.22588,3.115600623324564,28.45176,17.61653665773101,clear
59.349489558073216,18.08811982294059,2.0604193284242913,max hamngatan,0.5279299999999999,2.0604193284242913,1.0558599999999998,4.120838656848583,2.1117199999999996,2.4725031941091498,4.223439999999999,14.186683701915465,clear
59.33457629223841,18.021276984355307,0.6398633918007228,max kungsholmen,0.64927,0.6398633918007228,1.29854,1.2797267836014456,2.59708,0.7678360701608674,5.19416,5.095125707524626,clear
59.33275594489147,18.045093036874476,0.7309246449882613,max kungsholmen,0.26374000000000003,0.7309246449882613,0.5274800000000001,1.4618492899765225,1.0549600000000001,0.8771095739859135,2.1099200000000002,5.677917727924872,clear
59.336008374398844,17.99928389719916,1.9017285946887588,max kungsholmen,1.06044,1.9017285946887588,2.12088,3.8034571893775175,4.24176,2.2820743136265107,8.48352,13.171063006008056,clear
59.3047509851478,18.07105054116176,1.2213230469392193,max södermalm,0.94857,1.2213230469392193,1.89714,2.4426460938784387,3.79428,1.4655876563270633,7.58856,8.816467500411004,clear
59.357624167044214,18.097218232678088,3.102810478628865,max hamngatan,0.93568,3.102810478628865,1.87136,6.20562095725773,3.74272,3.723372574354638,7.48544,20.857987063224734,clear
59.353703947985295,18.095743809413314,2.679729564478764,max hamngatan,3.8257800000000004,2.679729564478764,7.651560000000001,5.359459128957528,15.30312,3.215675477374517,30.60624,18.150269212664092,clear
59.30961517805034,18.083073257676546,0.8826797276765663,max södermalm,0.74497,0.8826797276765663,1.48994,1.7653594553531327,2.97988,1.0592156732118796,5.95976,6.6491502571300245,clear
59.33549465411056,18.015281018235363,0.9932792691167038,max kungsholmen,1.1044500000000002,0.9932792691167038,2.2089000000000003,1.9865585382334077,4.417800000000001,1.1919351229400446,8.835600000000001,7.356987322346905,clear
59.30699147294622,18.06567427055217,1.0540642201465,max södermalm,0.53853,1.0540642201465,1.07706,2.108128440293,2.15412,1.2648770641758,4.30824,7.7460110089376,clear
59.34011100501902,18.077503471179313,0.8595730752780093,max hamngatan,0.71316,0.8595730752780093,1.42632,1.7191461505560186,2.85264,1.0314876903336112,5.70528,6.501267681779259,clear
59.319273526791626,18.054877250263754,1.111044285457658,max södermalm,0.7844099999999999,1.111044285457658,1.5688199999999999,2.222088570915316,3.1376399999999998,1.3332531425491898,6.2752799999999995,8.110683426929011,clear
59.344794405986775,18.03338989049282,0.23341779658981426,max karolinska,2.31014,0.23341779658981426,4.62028,0.4668355931796285,9.24056,0.28010135590777707,18.48112,2.493873898174811,clear
59.34389972798932,18.0279726191313,0.4476323756057328,max karolinska,1.4808599999999998,0.4476323756057328,2.9617199999999997,0.8952647512114656,5.923439999999999,0.5371588507268794,11.846879999999999,3.86484720387669,clear
59.324746564636456,18.072324226833477,0.9101954982353145,max hamngatan,1.2828499999999998,1.9101954982353146,2.5656999999999996,3.8203909964706293,5.131399999999999,2.292234597882378,10.262799999999999,13.225251188706014,intersects
59.35826629179844,18.088663039927347,2.751602654169041,max odenplan,0.91326,2.751602654169041,1.82652,5.503205308338082,3.65304,3.301923185002849,7.30608,18.61025698668186,clear
59.337721150363215,18.013846388301687,1.1432302043570177,max kungsholmen,3.2243000000000004,1.1432302043570177,6.448600000000001,2.2864604087140354,12.897200000000002,1.3718762452284212,25.794400000000003,8.316673307884914,clear
59.350306553255564,18.1081018695937,2.821773069674949,max hamngatan,0.94538,2.821773069674949,1.89076,5.643546139349898,3.78152,3.3861276836099385,7.56304,19.059347645919672,clear
59.31867134812459,18.057439540193812,0.9508058535215057,max södermalm,1.50809,0.9508058535215057,3.01618,1.9016117070430114,6.03236,1.140967024225807,12.06472,7.085157462537637,clear
59.31169219431689,18.08706343818386,0.9117977579973618,max södermalm,2.24842,0.9117977579973618,4.49684,1.8235955159947237,8.99368,1.0941573095968342,17.98736,6.835505651183116,clear
59.307971887831705,18.095039584135456,1.5168319540305875,max södermalm,0.8998200000000001,1.5168319540305875,1.7996400000000001,3.033663908061175,3.5992800000000003,1.820198344836705,7.1985600000000005,10.70772450579576,clear
59.348769043893356,18.07278307936745,1.4038503801100173,max odenplan,1.2685,1.4038503801100173,2.537,2.8077007602200346,5.074,1.6846204561320208,10.148,9.98464243270411,clear
59.338026263544045,18.072732977537346,0.5706401681615796,max hamngatan,0.8471000000000001,0.5706401681615796,1.6942000000000002,1.1412803363231592,3.3884000000000003,0.6847682017938955,6.776800000000001,4.652097076234109,clear
59.34145131697251,18.085897400746973,1.2350489013799106,max hamngatan,0.58776,1.2350489013799106,1.17552,2.4700978027598213,2.35104,1.482058681655893,4.70208,8.904312968831428,clear
59.34885835927163,18.106951844803806,2.6644421886773695,max hamngatan,2.7613000000000003,2.6644421886773695,5.522600000000001,5.328884377354739,11.045200000000001,3.1973306264128434,22.090400000000002,18.052430007535165,clear
59.34842435279348,18.103181221216428,2.47458408852782,max hamngatan,1.2655999999999998,2.47458408852782,2.5311999999999997,4.94916817705564,5.062399999999999,2.969500906233384,10.124799999999999,16.837338166578046,clear
59.341742093549534,18.062141541826627,0.6262321012025431,max odenplan,1.32257,0.6262321012025431,2.64514,1.2524642024050863,5.29028,0.7514785214430517,10.58056,5.007885447696276,clear
59.31960676092866,18.03188449691002,1.5828257537320636,max kungsholmen,3.25479,1.5828257537320636,6.50958,3.165651507464127,13.01916,1.899390904478476,26.03832,11.130084823885205,clear
59.31807414154746,18.03208880274267,1.7533687186698894,max kungsholmen,1.16622,1.7533687186698894,2.33244,3.506737437339779,4.66488,2.1040424624038674,9.32976,12.221559799487292,clear
59.33005550806343,18.026547945271663,0.5355905753006353,max kungsholmen,0.57176,0.5355905753006353,1.14352,1.0711811506012705,2.28704,0.6427086903607624,4.57408,4.427779681924066,clear
59.33486156094756,18.00092306646552,1.7964703308521084,max kungsholmen,1.0555999999999999,1.7964703308521084,2.1111999999999997,3.5929406617042168,4.2223999999999995,2.15576439702253,8.444799999999999,12.497410117453494,clear
59.33979018214424,18.057043738733398,0.45413330816185954,max odenplan,1.33011,0.45413330816185954,2.66022,0.9082666163237191,5.32044,0.5449599697942314,10.64088,3.906453172235901,clear
59.31671989427622,18.098318122667557,1.442791585030596,max södermalm,3.59363,1.442791585030596,7.18726,2.885583170061192,14.37452,1.7313499020367151,28.74904,10.233866144195813,clear
59.33550682722765,18.0557998985675,0.38187484342395156,max hötorget,0.51498,0.38187484342395156,1.02996,0.7637496868479031,2.05992,0.4582498121087419,4.11984,3.44399899791329,clear
59.348010890459044,18.047688372040753,0.6359816490691049,max odenplan,3.09625,0.6359816490691049,6.1925,1.2719632981382099,12.385,0.7631779788829259,24.77,5.070282554042271,clear
59.329774055177516,18.04705000972498,0.9465586795701244,max kungsholmen,1.54332,1.9465586795701244,3.08664,3.893117359140249,6.17328,2.335870415484149,12.34656,13.457975549248797,intersects
59.32946560174253,18.044429156509068,0.8377650385876761,max kungsholmen,1.36023,1.8377650385876763,2.72046,3.6755300771753525,5.44092,2.2053180463052118,10.88184,12.76169624696113,intersects
59.31245546889913,18.05702266059797,0.981219454099206,max södermalm,0.90046,0.981219454099206,1.80092,1.962438908198412,3.60184,1.1774633449190473,7.20368,7.279804506234918,clear
59.31738488609847,18.03103025491581,1.831758746873188,max kungsholmen,0.45829000000000003,1.831758746873188,0.9165800000000001,3.663517493746376,1.8331600000000001,2.1981104962478257,3.6663200000000002,12.723255979988403,clear
59.34821222176318,18.041917579551953,0.5157230038076299,max karolinska,1.6932,0.5157230038076299,3.3864,1.0314460076152598,6.7728,0.6188676045691559,13.5456,4.3006272243688315,clear
59.34349825820705,18.07453980436075,1.1232059458494448,max hötorget,1.96394,1.1232059458494448,3.92788,2.2464118916988896,7.85576,1.3478471350193337,15.71152,8.188518053436447,clear
59.33164994447517,18.047228352383176,0.8766897443490659,max kungsholmen,1.46371,0.8766897443490659,2.92742,1.7533794886981318,5.85484,1.052027693218879,11.70968,6.610814363834022,clear
59.31794566809539,18.03375036082373,1.7692039611032087,max kungsholmen,2.44857,1.7692039611032087,4.89714,3.5384079222064173,9.79428,2.12304475332385,19.58856,12.322905351060534,clear
59.33115689122193,18.0750062642402,0.258333263138871,max hamngatan,1.4976099999999999,0.258333263138871,2.9952199999999998,0.516666526277742,5.9904399999999995,0.3099999157666452,11.980879999999999,2.6533328840887744,clear
59.343083154878975,18.07148701147758,0.9867529219065655,max hötorget,1.40223,0.9867529219065655,2.80446,1.973505843813131,5.60892,1.1841035062878786,11.21784,7.315218700202019,clear
59.34378848039117,18.075241494798785,1.1732356338523533,max hötorget,1.30465,1.1732356338523533,2.6093,2.3464712677047066,5.2186,1.407882760622824,10.4372,8.508708056655061,clear
59.33413638549937,18.045803177700417,0.7626440314680734,max kungsholmen,2.43958,0.7626440314680734,4.87916,1.5252880629361467,9.75832,0.915172837761688,19.51664,5.88092180139567,clear
59.34961826092635,18.0455977115058,0.7664702051980984,max karolinska,2.32623,0.7664702051980984,4.65246,1.5329404103961968,9.30492,0.919764246237718,18.60984,5.90540931326783,clear
59.347226603415805,18.053230060656436,0.5271325171744737,max odenplan,0.79372,0.5271325171744737,1.58744,1.0542650343489475,3.17488,0.6325590206093685,6.34976,4.3736481099166316,clear
59.33478840572024,18.017073357269,0.8801775367462045,max kungsholmen,2.24663,0.8801775367462045,4.49326,1.760355073492409,8.98652,1.0562130440954454,17.97304,6.633136235175709,clear
59.31242819816589,18.089880181860213,1.0232177878828659,max södermalm,0.5872200000000001,1.0232177878828659,1.1744400000000002,2.0464355757657318,2.3488800000000003,1.2278613454594391,4.697760000000001,7.548593842450342,clear
59.317818826061355,18.079247107000775,0.42591042933927176,max södermalm,2.38736,0.42591042933927176,4.77472,0.8518208586785435,9.54944,0.5110925152071262,19.09888,3.7258267477713396,clear
59.34909790872566,18.09039881522825,2.0833050742634334,max hamngatan,0.7874800000000001,2.0833050742634334,1.5749600000000001,4.166610148526867,3.1499200000000003,2.4999660891161204,6.2998400000000006,14.333152475285974,clear
59.35417394201215,18.081822932053072,2.16427957260153,max odenplan,0.66162,2.16427957260153,1.32324,4.32855914520306,2.64648,2.597135487121836,5.29296,14.851389264649791,clear
59.35242439833871,18.105746432513538,2.8982723931582623,max hamngatan,3.56221,2.8982723931582623,7.12442,5.796544786316525,14.24884,3.4779268717899146,28.49768,19.548943316212878,clear
59.34723029736251,18.062138726211714,0.8053127221028664,max odenplan,2.03952,0.8053127221028664,4.07904,1.6106254442057328,8.15808,0.9663752665234397,16.31616,6.154001421458345,clear
59.330353549084045,18.027127882825017,0.489072760131261,max kungsholmen,1.18701,0.489072760131261,2.37402,0.978145520262522,4.74804,0.5868873121575132,9.49608,4.13006566484007,clear
59.33783287352318,18.007283733349738,1.4990409495154153,max kungsholmen,0.55748,1.4990409495154153,1.11496,2.9980818990308307,2.22992,1.7988491394184984,4.45984,10.593862076898658,clear
59.33757811579188,18.081250494821237,0.7375990703896614,max hamngatan,0.9823999999999999,0.7375990703896614,1.9647999999999999,1.4751981407793229,3.9296,0.8851188844675937,7.8592,5.7206340504938336,clear
59.354329912830366,18.08505486418777,2.3242918344119285,max odenplan,0.80098,2.3242918344119285,1.60196,4.648583668823857,3.20392,2.7891502012943143,6.40784,15.875467740236342,clear
59.34572391103709,18.08270017706468,1.5502565026985913,max hamngatan,3.17747,1.5502565026985913,6.35494,3.1005130053971826,12.70988,1.8603078032383096,25.41976,10.921641617270984,clear
59.338201798151836,18.08781061451845,1.0730970392198602,max hamngatan,1.07229,1.0730970392198602,2.14458,2.1461940784397204,4.28916,1.2877164470638323,8.57832,7.867821051007105,clear
59.337856814328184,18.021558102919105,0.76491475972986,max kungsholmen,2.99421,0.76491475972986,5.98842,1.52982951945972,11.97684,0.917897711675832,23.95368,5.895454462271104,clear
