latitude,longitude,geodisc_distant,restaurant,moped_delivery_distance,drone_delivery_distance,moped_travel_distance,drone_travel_distance,moped_delivery_time,drone_delivery_time,moped_unavailability_time,drone_unavailability_time,no_fly_status
59.33809958960675,18.003972334914884,1.6880023438303366,Max Kungsholmen,2.08251,,4.16502,,8.33004,,16.66008,,nogo
59.31504043890547,18.083775097191022,0.6137971695543935,Max Södermalm,2.86884,0.6137971695543935,5.73768,1.227594339108787,11.47536,0.7365566034652722,22.95072,4.928301885148118,clear
59.318733829783014,18.039507402387148,1.7275703777791998,Max Kungsholmen,1.83808,,3.67616,,7.35232,,14.70464,,nogo
59.34170258075956,18.087146198578715,1.3024743336950242,Max Hamngatan,1.43574,,2.87148,,5.74296,,11.48592,,nogo
59.31397843572452,18.09985826530271,1.5373084420006404,Max Södermalm,2.27367,1.5373084420006404,4.54734,3.074616884001281,9.09468,1.8447701304007686,18.18936,10.8387740288041,clear
59.331470106772386,18.00619113479811,1.5155305375748793,Max Kungsholmen,0.86291,,1.72582,,3.45164,,6.90328,,nogo
59.32110270753891,18.060143371308573,0.9531002990597758,Max Södermalm,0.90811,0.9531002990597758,1.81622,1.9062005981195516,3.63244,1.143720358871731,7.26488,7.099841913982566,clear
59.34872053023918,18.060356706341697,0.8556184922130209,Max Odenplan,0.84312,0.8556184922130209,1.68624,1.7112369844260418,3.37248,1.026742190655625,6.74496,6.475958350163333,clear
59.34458480109045,18.05603105209532,0.34969845713737086,Max Odenplan,1.7443,0.34969845713737086,3.4886,0.6993969142747417,6.9772,0.41963814856484505,13.9544,3.2380701256791733,clear
59.337574156057386,18.083757509949344,0.8446384692638246,Max Hamngatan,0.9475399999999999,,1.8950799999999999,,3.7901599999999998,,7.5803199999999995,,nogo
59.31386017632425,18.041780493459587,1.793063057455866,Max Södermalm,0.7387100000000001,1.793063057455866,1.4774200000000002,3.586126114911732,2.9548400000000004,2.151675668947039,5.909680000000001,12.475603567717542,clear
59.34043982644938,18.053423409628593,0.27037874261809736,Max Odenplan,2.05363,0.27037874261809736,4.10726,0.5407574852361947,8.21452,0.3244544911417168,16.42904,2.730423952755823,clear
59.33866214647728,18.01372086703215,1.1934724415736335,Max Kungsholmen,1.14874,,2.29748,,4.59496,,9.18992,,nogo
59.34969748853138,18.049199238805922,0.799111258536733,Max Odenplan,2.6737800000000003,0.799111258536733,5.3475600000000005,1.598222517073466,10.695120000000001,0.9589335102440797,21.390240000000002,6.114312054635091,clear
59.348128772740814,18.071150169253578,1.2880392828938383,Max Odenplan,1.92747,1.2880392828938383,3.85494,2.5760785657876766,7.70988,1.545647139472606,15.41976,9.243451410520565,clear
59.31618351388065,18.061001185703706,0.6895224838559576,Max Södermalm,0.39575,0.6895224838559576,0.7915,1.3790449677119152,1.583,0.8274269806271491,3.166,5.4129438966781285,clear
59.35527401534405,18.10113565128373,2.9904841075430926,Max Hamngatan,0.45308,,0.90616,,1.81232,,3.62464,,nogo
59.31810479833736,18.074956698065485,0.2922495000591195,Max Södermalm,1.10348,0.2922495000591195,2.20696,0.584499000118239,4.41392,0.35069940007094336,8.82784,2.870396800378365,clear
59.34311788192637,18.063702903548183,0.7100169207402703,Max Odenplan,2.18582,0.7100169207402703,4.37164,1.4200338414805407,8.74328,0.8520203048883244,17.48656,5.5441082927377305,clear
59.3086577440098,18.093043062930352,1.379832210623544,Max Södermalm,0.77591,1.379832210623544,1.55182,2.759664421247088,3.10364,1.6557986527482529,6.20728,9.830926147990683,clear
59.31742012797227,18.066360929492397,0.4289781265462067,Max Södermalm,0.52595,0.4289781265462067,1.0519,0.8579562530924134,2.1038,0.514773751855448,4.2076,3.745460009895723,clear
59.35163008415123,18.09989065479304,2.618474550807668,Max Hamngatan,2.02742,,4.05484,,8.10968,,16.21936,,nogo
59.310659652955664,18.09780415468912,1.5152229945642874,Max Södermalm,1.70177,1.5152229945642874,3.40354,3.030445989128575,6.80708,1.8182675934771448,13.61416,10.69742716521144,clear
59.33585861429524,18.051128844742568,0.6489207376331533,Max Hötorget,1.8849500000000001,,3.7699000000000003,,7.539800000000001,,15.079600000000003,,nogo
59.33145624912856,17.99878253199827,1.9325041097664675,Max Kungsholmen,0.7422300000000001,,1.4844600000000001,,2.9689200000000002,,5.9378400000000005,,nogo
59.330743733330415,18.022141832166408,0.6775580445128428,Max Kungsholmen,2.1905799999999997,,4.3811599999999995,,8.762319999999999,,17.524639999999998,,nogo
59.348209049095644,18.0828533222348,1.8112383431579233,Max Hamngatan,1.06803,,2.13606,,4.27212,,8.54424,,nogo
59.345994400074694,18.04697462827649,0.4499137479184695,Max Odenplan,0.68749,0.4499137479184695,1.37498,0.899827495836939,2.74996,0.5398964975021634,5.49992,3.879447986678205,clear
59.312758114012595,18.055709515104432,1.0402227699343827,Max Södermalm,1.60771,1.0402227699343827,3.21542,2.0804455398687653,6.43084,1.2482673239212592,12.86168,7.6574257275800495,clear
59.33369762586845,18.0796147009631,0.43936941345825814,Max Hamngatan,1.12073,,2.24146,,4.48292,,8.96584,,nogo
59.333347275325366,18.08617828350091,0.8056813671990991,Max Hamngatan,0.77386,,1.54772,,3.09544,,6.19088,,nogo
59.33476883392738,18.0849166235913,0.7609530552823244,Max Hamngatan,1.0355999999999999,,2.0711999999999997,,4.142399999999999,,8.284799999999999,,nogo
59.31449012110473,18.104894167375907,1.817278703355576,Max Södermalm,1.25325,1.817278703355576,2.5065,3.634557406711152,5.013,2.180734444026691,10.026,12.630583701475686,clear
59.337980361409485,18.072004049929397,0.5642016069283241,Max Hamngatan,2.25177,,4.50354,,9.00708,,18.01416,,nogo
59.35954556355567,18.093841913401157,3.070704587924979,Max Odenplan,2.07837,3.070704587924979,4.15674,6.141409175849958,8.31348,3.684845505509975,16.62696,20.652509362719865,clear
59.31903486660745,18.07237593349243,0.3773751043573931,Max Södermalm,1.5843399999999999,0.3773751043573931,3.1686799999999997,0.7547502087147862,6.337359999999999,0.4528501252288717,12.674719999999999,3.4152006678873157,clear
59.331063376579785,18.039770166167337,0.5185287670733754,Max Kungsholmen,1.44703,,2.89406,,5.78812,,11.57624,,nogo
59.33581596863316,18.02177623800738,0.6455614643684329,Max Kungsholmen,0.70109,,1.40218,,2.80436,,5.60872,,nogo
59.34184910060729,18.072762397734753,0.916468296532719,Max Hötorget,0.52937,,1.05874,,2.11748,,4.23496,,nogo
59.330852646092474,18.006314161825575,1.5220524477763202,Max Kungsholmen,2.5367100000000002,,5.0734200000000005,,10.146840000000001,,20.293680000000002,,nogo
59.315020076282266,18.057340904563546,0.8984507274457239,Max Södermalm,1.25642,0.8984507274457239,2.51284,1.7969014548914477,5.02568,1.0781408729348687,10.05136,6.750084655652633,clear
59.339582837393735,18.039300926393565,0.7527396502765681,Max Kungsholmen,0.45158,,0.90316,,1.80632,,3.61264,,nogo
59.33965685173315,18.07570578326859,0.7792698615567875,Max Hamngatan,2.7927600000000004,,5.585520000000001,,11.171040000000001,,22.342080000000003,,nogo
59.335574353133225,18.060898263863244,0.09202335082178963,Max Hötorget,2.8156999999999996,,5.631399999999999,,11.262799999999999,,22.525599999999997,,nogo
59.331658365217905,18.025671297071057,0.45289006700616324,Max Kungsholmen,1.5466600000000001,,3.0933200000000003,,6.186640000000001,,12.373280000000001,,nogo
59.33151417796989,18.001743959740104,1.7647010623664745,Max Kungsholmen,1.82773,,3.65546,,7.31092,,14.62184,,nogo
59.306821576687696,18.06918405471338,1.0097600110762284,Max Södermalm,2.36958,1.0097600110762284,4.73916,2.0195200221524567,9.47832,1.211712013291474,18.95664,7.462464070887862,clear
59.34159538592933,18.044056972071647,0.4252888478650616,Max Odenplan,0.82298,0.4252888478650616,1.64596,0.8505776957301232,3.29192,0.510346617438074,6.58384,3.7218486263363944,clear
59.33183011197373,18.075926630359415,0.25169945323870146,Max Hamngatan,0.5302100000000001,,1.0604200000000001,,2.1208400000000003,,4.241680000000001,,nogo
59.345297095930405,18.11184135078507,2.6515477020301885,Max Hamngatan,2.72826,,5.45652,,10.91304,,21.82608,,nogo
59.32821330558098,18.04244773498435,0.8455471408107684,Max Kungsholmen,3.08134,,6.16268,,12.32536,,24.65072,,nogo
59.330928584851435,18.062554117633,0.5098454404246116,Max Hötorget,1.1405999999999998,,2.2811999999999997,,4.562399999999999,,9.124799999999999,,nogo
59.333283107002714,18.08516309548536,0.747583988074212,Max Hamngatan,1.38799,,2.77598,,5.55196,,11.10392,,nogo
59.34293056175169,18.076458888684396,1.1435377863447167,Max Hamngatan,1.03702,,2.07404,,4.14808,,8.29616,,nogo
59.313942218732905,18.076162441559642,0.26066859573820417,Max Södermalm,1.3052000000000001,0.26066859573820417,2.6104000000000003,0.5213371914764083,5.2208000000000006,0.31280231488584503,10.441600000000001,2.668279012724507,clear
59.34509112128728,18.10164981406535,2.162748133595124,Max Hamngatan,2.21587,,4.43174,,8.86348,,17.72696,,nogo
59.34953076255397,18.06565337849749,1.1250954454496678,Max Odenplan,2.15624,1.1250954454496678,4.31248,2.2501908908993355,8.62496,1.3501145345396013,17.24992,8.200610850877874,clear
59.31746787123947,18.090120057719787,0.9916682117106328,Max Södermalm,1.7922,0.9916682117106328,3.5844,1.9833364234212656,7.1688,1.1900018540527593,14.3376,7.34667655494805,clear
59.33656288251011,18.074984627313665,0.4393103013255162,Max Hamngatan,1.2055799999999999,,2.4111599999999997,,4.8223199999999995,,9.644639999999999,,nogo
59.34174376338306,18.0329850966651,0.5732610407352758,Max Karolinska,0.64037,0.5732610407352758,1.28074,1.1465220814705517,2.56148,0.687913248882331,5.12296,4.668870660705766,clear
59.31364270290293,18.077646896037162,0.3447183892921772,Max Södermalm,0.62056,0.3447183892921772,1.24112,0.6894367785843544,2.48224,0.41366206715061266,4.96448,3.206197691469934,clear
59.31727477927853,18.03457721781855,1.846409687718966,Max Kungsholmen,0.71316,,1.42632,,2.85264,,5.70528,,nogo
59.34346853933474,18.095286462469204,1.7694492510079665,Max Hamngatan,2.29615,,4.5923,,9.1846,,18.3692,,nogo
59.329361128712954,18.05785278204231,0.7339854700543934,Max Hötorget,2.26608,,4.53216,,9.06432,,18.12864,,nogo
59.34414177776692,18.071274246881856,1.0837295609721365,Max Hötorget,1.2646300000000001,,2.5292600000000003,,5.058520000000001,,10.117040000000001,,nogo
59.34747940269039,18.062657814881867,0.8457699722263161,Max Odenplan,2.97177,0.8457699722263161,5.94354,1.6915399444526322,11.88708,1.0149239666715795,23.77416,6.412927822248424,clear
59.313834709227315,18.044713091521345,1.6275677539116653,Max Södermalm,0.9311900000000001,1.6275677539116653,1.8623800000000001,3.2551355078233306,3.7247600000000003,1.9530813046939983,7.449520000000001,11.416433625034658,clear
59.33531781160486,18.006705634730725,1.4731038011710773,Max Kungsholmen,1.8994000000000002,,3.7988000000000004,,7.597600000000002,,15.195200000000003,,nogo
59.34595251281485,18.11012463369099,2.608528862185474,Max Hamngatan,1.1604100000000002,,2.3208200000000003,,4.641640000000001,,9.283280000000001,,nogo
59.31099611632328,18.075361403260512,0.5363670130485817,Max Södermalm,2.22581,0.5363670130485817,4.45162,1.0727340260971634,8.90324,0.643640415658298,17.80648,4.432748883510923,clear
59.335702183921086,18.028085561755518,0.3242698560123874,Max Kungsholmen,2.26743,,4.53486,,9.06972,,18.13944,,nogo
59.332939907197336,18.038451718502493,0.35686313494391375,Max Kungsholmen,0.89738,,1.79476,,3.58952,,7.17904,,nogo
59.31169330311457,18.10163992466817,1.6863926033124885,Max Södermalm,3.17367,1.6863926033124885,6.34734,3.372785206624977,12.69468,2.0236711239749865,25.38936,11.792912661199928,clear
59.31847112878008,18.04749257556147,1.4894988404573954,Max Södermalm,1.41765,1.4894988404573954,2.8353,2.978997680914791,5.6706,1.7873986085488744,11.3412,10.532792578927332,clear
59.30592624844434,18.083167256559015,1.2280713563365135,Max Södermalm,1.14989,1.2280713563365135,2.29978,2.456142712673027,4.59956,1.4736856276038164,9.19912,8.859656680553687,clear
59.34619271393124,18.085126853606187,1.6557601806974225,Max Hamngatan,0.7556499999999999,,1.5112999999999999,,3.0225999999999997,,6.0451999999999995,,nogo
59.32279598389559,18.073651974092297,0.7950092146059589,Max Södermalm,0.45288999999999996,,0.9057799999999999,,1.8115599999999998,,3.6231199999999997,,nogo
59.32654408447876,18.0702191182038,0.717414882610225,Max Hamngatan,2.70109,,5.40218,,10.80436,,21.60872,,nogo
59.33887442138598,18.018805376737,0.958286600007267,Max Kungsholmen,2.92285,,5.8457,,11.6914,,23.3828,,nogo
59.336842888726835,18.00345838746471,1.6825287337057635,Max Kungsholmen,1.27137,,2.54274,,5.08548,,10.17096,,nogo
59.33616311473356,18.023774551126575,0.557358121613275,Max Kungsholmen,1.4000899999999998,,2.8001799999999997,,5.600359999999999,,11.200719999999999,,nogo
59.34803309765171,18.09421800657927,2.1042182773352276,Max Hamngatan,1.60627,,3.21254,,6.42508,,12.85016,,nogo
59.31328716038218,18.087101064394112,0.8420410836800504,Max Södermalm,0.42638,0.8420410836800504,0.85276,1.6840821673601007,1.70552,1.0104493004160604,3.41104,6.389062935552323,clear
59.32959371622313,18.0295509910664,0.49752743101772773,Max Kungsholmen,1.72975,,3.4595,,6.919,,13.838,,nogo
59.31988287957006,18.08065211858084,0.6381868453709016,Max Södermalm,1.24068,0.6381868453709016,2.48136,1.2763736907418033,4.96272,0.765824214445082,9.92544,5.0843958103737705,clear
59.3100867869625,18.09492708310132,1.3915194425637085,Max Södermalm,1.5971300000000002,1.3915194425637085,3.1942600000000003,2.783038885127417,6.388520000000001,1.6698233310764503,12.777040000000001,9.905724432407734,clear
59.31587775121476,18.04179252505648,1.7811638545299975,Max Södermalm,0.69068,1.7811638545299975,1.38136,3.562327709059995,2.76272,2.137396625435997,5.52544,12.399448668991983,clear
59.33788516015457,18.00541205128352,1.6026558982664536,Max Kungsholmen,2.7711300000000003,,5.542260000000001,,11.084520000000001,,22.169040000000003,,nogo
59.353773346965525,18.10220183037238,2.8883882584746905,Max Hamngatan,1.5056800000000001,,3.0113600000000003,,6.0227200000000005,,12.045440000000001,,nogo
59.31716478422897,18.04998995103816,1.3247213798487003,Max Södermalm,1.661,1.3247213798487003,3.322,2.6494427596974006,6.644,1.5896656558184403,13.288,9.478216831031682,clear
59.32749101296915,18.012540392223002,1.3328026175325887,Max Kungsholmen,1.62425,,3.2485,,6.497,,12.994,,nogo
59.33960750403667,18.00823378352501,1.5203319271106481,Max Kungsholmen,0.72384,,1.44768,,2.89536,,5.79072,,nogo
59.33426427499124,18.08919258634526,0.9872998715241385,Max Hamngatan,1.0149,,2.0298,,4.0596,,8.1192,,nogo
59.32506686714655,18.067742890790583,0.9080840406617213,Max Hamngatan,0.36488,,0.72976,,1.45952,,2.91904,,nogo
59.352423397255016,18.09451881135852,2.521413845803989,Max Hamngatan,1.2466199999999998,,2.4932399999999997,,4.986479999999999,,9.972959999999999,,nogo
59.343043124452,18.108395673664525,2.356205369314704,Max Hamngatan,2.21325,,4.4265,,8.853,,17.706,,nogo
59.34036008404381,18.092432506048834,1.4260423512348122,Max Hamngatan,1.20155,,2.4031,,4.8062,,9.6124,,nogo
59.33968259991069,18.03930034346297,0.7546161325299664,Max Odenplan,1.00771,0.7546161325299664,2.01542,1.5092322650599328,4.03084,0.9055393590359597,8.06168,5.829543248191785,clear
59.34077675285846,18.047888921135403,0.27980553572185546,Max Odenplan,1.77777,0.27980553572185546,3.55554,0.5596110714437109,7.11108,0.33576664286622654,14.22216,2.790755428619875,clear
59.32113026007109,18.054472236768834,1.221357438908889,Max Södermalm,2.8971799999999996,1.221357438908889,5.794359999999999,2.442714877817778,11.588719999999999,1.465628926690667,23.177439999999997,8.81668760901689,clear
59.34582597359713,18.094292231147566,1.9159379969698327,Max Hamngatan,2.2754000000000003,,4.550800000000001,,9.101600000000001,,18.203200000000002,,nogo
59.305419208499714,18.082930030579774,1.2722266607270372,Max Södermalm,1.15723,1.2722266607270372,2.31446,2.5444533214540743,4.62892,1.5266719928724446,9.25784,9.142250628653038,clear
59.35272662172043,18.102547781105024,2.8075848817621267,Max Hamngatan,2.3137399999999997,,4.627479999999999,,9.254959999999999,,18.509919999999997,,nogo
59.31117987429498,18.05369816708576,1.2109971162827908,Max Södermalm,0.97811,1.2109971162827908,1.95622,2.4219942325655817,3.91244,1.453196539539349,7.82488,8.750381544209862,clear
59.34234354394557,18.078121919904167,1.1056717580724125,Max Hamngatan,1.53504,,3.07008,,6.14016,,12.28032,,nogo
59.31365965974582,18.087236329367702,0.8373350574226477,Max Södermalm,3.2839099999999997,0.8373350574226477,6.567819999999999,1.6746701148452954,13.135639999999999,1.0048020689071773,26.271279999999997,6.358944367504945,clear
59.350992117781516,18.079987060058432,1.8825187527309446,Max Odenplan,0.75609,1.8825187527309446,1.51218,3.765037505461889,3.02436,2.2590225032771336,6.04872,13.048120017478045,clear
59.335191062457234,18.021304220819555,0.6509981337446014,Max Kungsholmen,1.8503800000000001,,3.7007600000000003,,7.4015200000000005,,14.803040000000001,,nogo
59.333283774327,18.05564426254272,0.46251813126094427,Max Hötorget,0.9725900000000001,,1.9451800000000001,,3.89036,,7.78072,,nogo
59.319512938041406,18.08190988052752,0.6612617301690324,Max Södermalm,0.50242,0.6612617301690324,1.00484,1.322523460338065,2.00968,0.7935140762028389,4.01936,5.232075073081807,clear
59.318923218030214,18.063832765906035,0.6388917125680633,Max Södermalm,1.42578,0.6388917125680633,2.85156,1.2777834251361266,5.70312,0.7666700550816761,11.40624,5.088906960435605,clear
59.336685246797565,18.098948506548897,1.587583018413069,Max Hamngatan,2.38215,,4.7643,,9.5286,,19.0572,,nogo
59.34266467821061,18.045098584744625,0.351020361183761,Max Odenplan,1.9408599999999998,0.351020361183761,3.8817199999999996,0.702040722367522,7.763439999999999,0.4212244334205132,15.526879999999998,3.2465303115760706,clear
59.33633491396731,18.094874423892435,1.3538504922554069,Max Hamngatan,0.6416799999999999,,1.2833599999999998,,2.5667199999999997,,5.133439999999999,,nogo
59.34371468589277,18.071612160296954,1.051064799596132,Max Hötorget,1.9830699999999999,,3.9661399999999998,,7.9322799999999996,,15.864559999999999,,nogo
59.33277524954709,18.00014009457506,1.8409162405933315,Max Kungsholmen,3.11312,,6.22624,,12.45248,,24.90496,,nogo
59.330944960739274,18.045676504230546,0.819446446089482,Max Kungsholmen,0.80357,,1.60714,,3.21428,,6.42856,,nogo
59.31565513731739,18.040393886920338,1.8606636556298866,Max Södermalm,1.78278,1.8606636556298866,3.56556,3.721327311259773,7.13112,2.232796386755864,14.26224,12.908247396031275,clear
59.335303037595544,18.023923780658787,0.5112430514121565,Max Kungsholmen,2.9206399999999997,,5.841279999999999,,11.682559999999999,,23.365119999999997,,nogo
59.33900469024746,18.04388352290534,0.5806203892853496,Max Odenplan,1.1385999999999998,0.5806203892853496,2.2771999999999997,1.1612407785706993,4.554399999999999,0.6967444671424196,9.108799999999999,4.715970491426238,clear
59.31113700841435,18.086154032475733,0.9000421565053389,Max Södermalm,1.6030499999999999,0.9000421565053389,3.2060999999999997,1.8000843130106778,6.4121999999999995,1.0800505878064066,12.824399999999999,6.760269801634169,clear
59.34458986112636,18.05230320232263,0.2291447626396894,Max Odenplan,1.18902,0.2291447626396894,2.37804,0.4582895252793788,4.75608,0.27497371516762725,9.51216,2.466526480894012,clear
59.34578901211473,18.048528245005162,0.3876798708679995,Max Odenplan,0.43895,0.3876798708679995,0.8779,0.775359741735999,1.7558,0.46521584504159935,3.5116,3.4811511735551965,clear
59.33094719951822,18.0079734350346,1.427601196359425,Max Kungsholmen,1.3869500000000001,,2.7739000000000003,,5.5478000000000005,,11.095600000000001,,nogo
59.339912807176994,18.10997254639511,2.2948230122171442,Max Hamngatan,0.81349,,1.62698,,3.25396,,6.50792,,nogo
59.34294263597478,18.08226539331031,1.259271430902166,Max Hamngatan,0.91428,,1.82856,,3.65712,,7.31424,,nogo
59.342768865407436,18.03637414424592,0.49249446710951783,Max Karolinska,2.5612399999999997,0.49249446710951783,5.1224799999999995,0.9849889342190357,10.244959999999999,0.5909933605314214,20.489919999999998,4.151964589500914,clear
59.351104825303366,18.095047944905474,2.412185713174294,Max Hamngatan,1.25852,,2.51704,,5.03408,,10.06816,,nogo
59.33458380980951,18.046371173811835,0.7987487811356483,Max Kungsholmen,0.50849,,1.01698,,2.03396,,4.06792,,nogo
59.34734928445893,18.07763269215199,1.5752935234535927,Max Hötorget,0.91154,,1.82308,,3.64616,,7.29232,,nogo
59.331797723736585,18.026256977537418,0.4164154825793271,Max Kungsholmen,0.61161,,1.22322,,2.44644,,4.89288,,nogo
59.30799165116547,18.07699543154406,0.8836989967777755,Max Södermalm,1.37294,0.8836989967777755,2.74588,1.767397993555551,5.49176,1.0604387961333306,10.98352,6.655673579377764,clear
59.30507592251882,18.0833697157332,1.3176100517742826,Max Södermalm,2.8104400000000003,1.3176100517742826,5.6208800000000005,2.635220103548565,11.241760000000001,1.5811320621291391,22.483520000000002,9.432704331355408,clear
59.3116133909125,18.083393391861904,0.7414070487778747,Max Södermalm,2.03282,0.7414070487778747,4.06564,1.4828140975557493,8.13128,0.8896884585334496,16.26256,5.745005112178398,clear
59.317566801699826,18.080370179630513,0.46672246648450344,Max Södermalm,0.72561,0.46672246648450344,1.45122,0.9334449329690069,2.90244,0.5600669597814041,5.80488,3.987023785500822,clear
59.3458854074444,18.035959429794506,0.19121623232207763,Max Karolinska,1.65595,0.19121623232207763,3.3119,0.38243246464415526,6.6238,0.22945947878649317,13.2476,2.223783886861297,clear
59.33148898480693,18.046248217317498,0.8286180325445656,Max Kungsholmen,1.93874,,3.87748,,7.75496,,15.50992,,nogo
59.35512850652986,18.08550065946028,2.3959909664110266,Max Odenplan,1.2760799999999999,2.3959909664110266,2.5521599999999998,4.791981932822053,5.1043199999999995,2.8751891596932317,10.208639999999999,16.33434218503057,clear
59.334483835329955,18.08939654470627,1.0027424949497554,Max Hamngatan,2.91781,,5.83562,,11.67124,,23.34248,,nogo
59.34862142276821,18.040235553662978,0.4427955950731673,Max Karolinska,0.59784,0.4427955950731673,1.19568,0.8855911901463346,2.39136,0.5313547140878008,4.78272,3.8338918084682705,clear
59.36022558223851,18.09526328141894,3.1810466296526045,Max Odenplan,1.13615,3.1810466296526045,2.2723,6.362093259305209,4.5446,3.817255955583125,9.0892,21.358698429776666,clear
59.33549186716503,18.097727710452304,1.4894905474917475,Max Hamngatan,2.9346799999999997,,5.8693599999999995,,11.738719999999999,,23.477439999999998,,nogo
59.329209401583164,18.0200608679556,0.8705195322004888,Max Kungsholmen,0.46784,,0.93568,,1.87136,,3.74272,,nogo
59.358697310134104,18.099064267006334,3.2571569394974165,Max Odenplan,0.79473,3.2571569394974165,1.58946,6.514313878994833,3.17892,3.9085883273968998,6.35784,21.845804412783465,clear
59.30882845799494,18.078341341517586,0.8187821408754232,Max Södermalm,0.24246,0.8187821408754232,0.48492,1.6375642817508465,0.96984,0.9825385690505077,1.93968,6.240205701602708,clear
59.33331053384287,18.00136383708684,1.7685024822464517,Max Kungsholmen,1.9121700000000001,,3.8243400000000003,,7.648680000000001,,15.297360000000001,,nogo
59.33262366975393,18.084439176382098,0.7060158009515912,Max Hamngatan,0.9430700000000001,,1.8861400000000001,,3.7722800000000003,,7.544560000000001,,nogo
59.33308413392995,18.06202912870663,0.2710910434703168,Max Hötorget,1.69974,,3.39948,,6.79896,,13.59792,,nogo
59.348450970606635,18.063087424675885,0.9364425106978652,Max Odenplan,1.82483,0.9364425106978652,3.64966,1.8728850213957304,7.29932,1.1237310128374383,14.59864,6.993232068466337,clear
59.34161031467171,18.051913613277534,0.11649003448794959,Max Odenplan,0.91218,0.11649003448794959,1.82436,0.23298006897589918,3.64872,0.1397880413855395,7.29744,1.7455362207228773,clear
59.33222789370741,18.005341202298226,1.5513337665009501,Max Kungsholmen,0.39153,,0.78306,,1.56612,,3.13224,,nogo
59.330873630522305,18.008484294347106,1.4011678898981592,Max Kungsholmen,1.2293399999999999,,2.4586799999999998,,4.9173599999999995,,9.834719999999999,,nogo
59.32782189576852,18.016086134760613,1.144445618287607,Max Kungsholmen,0.33437,,0.66874,,1.33748,,2.67496,,nogo
59.345829462379804,18.09771593522428,2.050164005356783,Max Hamngatan,1.98566,,3.97132,,7.942639999999999,,15.885279999999998,,nogo
59.34775395074594,18.05665141223638,0.6505782888728014,Max Odenplan,1.71026,0.6505782888728014,3.42052,1.301156577745603,6.84104,0.7806939466473618,13.68208,5.16370104878593,clear
59.32915489819184,18.07751784436806,0.5219724022360428,Max Hamngatan,2.6528899999999997,,5.3057799999999995,,10.611559999999999,,21.223119999999998,,nogo
59.34065601241459,18.1169353691228,2.6962350817560474,Max Hamngatan,2.3514299999999997,,4.702859999999999,,9.405719999999999,,18.811439999999997,,nogo
59.349241174044685,18.080539838502997,1.8224245625613984,Max Odenplan,2.04722,1.8224245625613984,4.09444,3.644849125122797,8.18888,2.186909475073678,16.37776,12.663517200392949,clear
59.317894345020676,18.0704527764897,0.28946975667573344,Max Södermalm,1.2171800000000002,0.28946975667573344,2.4343600000000003,0.5789395133514669,4.868720000000001,0.3473637080108801,9.737440000000001,2.852606442724694,clear
59.336640036591206,18.026512859910326,0.46067311755210555,Max Kungsholmen,0.23359,,0.46718,,0.93436,,1.86872,,nogo
59.319612132609095,18.046253586721107,1.588904355041232,Max Södermalm,1.07878,1.588904355041232,2.15756,3.177808710082464,4.31512,1.9066852260494787,8.63024,11.168987872263886,clear
59.32988609756058,18.032458885693625,0.4374132946598959,Max Kungsholmen,0.86419,,1.72838,,3.45676,,6.91352,,nogo
59.33916795369533,18.088710013166942,1.1765710220758836,Max Hamngatan,1.02664,,2.05328,,4.10656,,8.21312,,nogo
59.31870725622696,18.03030843295214,1.6870234056599596,Max Kungsholmen,2.99117,,5.98234,,11.96468,,23.92936,,nogo
59.34050508420191,18.11542201236958,2.609282550701157,Max Hamngatan,2.60016,,5.20032,,10.40064,,20.80128,,nogo
59.31175256507341,18.092939706386694,1.2128516664355056,Max Södermalm,1.25012,1.2128516664355056,2.50024,2.425703332871011,5.00048,1.4554219997226068,10.00096,8.762250665187235,clear
59.34960549382466,18.090384153083512,2.1320105558360427,Max Hamngatan,2.9259,,5.8518,,11.7036,,23.4072,,nogo
59.316522039420576,18.08807321574094,0.8598928579050799,Max Södermalm,1.84075,0.8598928579050799,3.6815,1.7197857158101597,7.363,1.0318714294860958,14.726,6.503314290592511,clear
59.34715465567737,18.078571592786012,1.587332157726134,Max Hötorget,0.8640599999999999,,1.7281199999999999,,3.4562399999999998,,6.9124799999999995,,nogo
59.34273813168299,18.070385116151797,0.9220213248078162,Max Hötorget,2.02223,,4.04446,,8.08892,,16.17784,,nogo
59.343878997172276,18.093319904008574,1.7196042264636338,Max Hamngatan,0.6413099999999999,,1.2826199999999999,,2.5652399999999997,,5.1304799999999995,,nogo
59.34208022944719,18.069006111514287,0.8204875231385328,Max Hötorget,1.46186,,2.92372,,5.84744,,11.69488,,nogo
59.346529069004035,18.09757094414809,2.0998584402644664,Max Hamngatan,1.66733,,3.33466,,6.66932,,13.33864,,nogo
59.35018300462647,18.055948480682975,0.8855240360306897,Max Odenplan,2.56151,0.8855240360306897,5.12302,1.7710480720613795,10.24604,1.0626288432368276,20.49208,6.667353830596414,clear
59.31688444561991,18.08825168116761,0.8753363562117156,Max Södermalm,0.5759099999999999,0.8753363562117156,1.1518199999999998,1.7506727124234311,2.3036399999999997,1.0504036274540587,4.607279999999999,6.60215267975498,clear
59.31392732303735,18.086817177121034,0.8066790606949116,Max Södermalm,0.7864500000000001,0.8066790606949116,1.5729000000000002,1.6133581213898232,3.1458000000000004,0.9680148728338938,6.291600000000001,6.162745988447433,clear
59.3143800724636,18.038972899085106,1.9468981097944762,Max Södermalm,1.48502,1.9468981097944762,2.97004,3.8937962195889524,5.94008,2.3362777317533716,11.88016,13.460147902684648,clear
59.32862077975671,18.018525567127572,0.97977330550356,Max Kungsholmen,1.1636900000000001,,2.3273800000000002,,4.6547600000000005,,9.309520000000001,,nogo
59.33903557818922,18.063924634893066,0.4014497819519796,Max Hötorget,3.13267,,6.26534,,12.53068,,25.06136,,nogo
59.339363146801674,18.087615932791014,1.140552538369809,Max Hamngatan,0.80355,,1.6071,,3.2142,,6.4284,,nogo
59.31593564958911,18.10180947605539,1.6371234648548587,Max Södermalm,1.08168,1.6371234648548587,2.16336,3.2742469297097174,4.32672,1.9645481578258306,8.65344,11.477590175071096,clear
59.34936804101686,18.055680955820307,0.7944669527027769,Max Odenplan,1.7030999999999998,0.7944669527027769,3.4061999999999997,1.5889339054055538,6.812399999999999,0.9533603432433322,13.624799999999999,6.084588497297772,clear
59.33301201049671,18.0380698303563,0.33376507475038475,Max Kungsholmen,1.23833,,2.47666,,4.95332,,9.90664,,nogo
59.31410512976212,18.03656513390441,2.086009355020446,Max Södermalm,0.80429,2.086009355020446,1.60858,4.172018710040892,3.21716,2.5032112260245354,6.43432,14.350459872130855,clear
59.340497302802994,18.05867291950942,0.48232807432595054,Max Odenplan,2.41075,0.48232807432595054,4.8215,0.9646561486519011,9.643,0.5787936891911406,19.286,4.086899675686084,clear
59.33503982196082,18.05728205254038,0.30200296131325516,Max Hötorget,1.36789,,2.73578,,5.47156,,10.94312,,nogo
59.35133858464345,18.093596424196996,2.3907032087822127,Max Hamngatan,1.0449000000000002,,2.0898000000000003,,4.179600000000001,,8.359200000000001,,nogo
59.31152609394535,18.097432795013884,1.4623144475460548,Max Södermalm,0.76136,1.4623144475460548,1.52272,2.9246288950921095,3.04544,1.7547773370552657,6.09088,10.35881246429475,clear
59.31311313498367,18.058321752979563,0.8865738573761303,Max Södermalm,0.7447,0.8865738573761303,1.4894,1.7731477147522605,2.9788,1.0638886288513563,5.9576,6.674072687207234,clear
59.34796100472265,18.11092278748354,2.7754287674088998,Max Hamngatan,2.21679,,4.43358,,8.86716,,17.73432,,nogo
59.34598043496703,18.086357239092212,1.6677166653261397,Max Hamngatan,1.02475,,2.0495,,4.099,,8.198,,nogo
59.35048674955895,18.045932410420907,0.8263364944294146,Max Karolinska,0.45587,0.8263364944294146,0.91174,1.6526729888588292,1.82348,0.9916037933152975,3.64696,6.288553564348254,clear
59.333566150970945,18.093567737522143,1.226984597066335,Max Hamngatan,2.79397,,5.58794,,11.17588,,22.35176,,nogo
59.338723547576265,18.09954809079522,1.693574865140882,Max Hamngatan,3.55003,,7.10006,,14.20012,,28.40024,,nogo
59.33449519297632,18.086519424174536,0.8422325696685394,Max Hamngatan,2.9625500000000002,,5.9251000000000005,,11.850200000000001,,23.700400000000002,,nogo
59.31945649427697,18.02807308821471,1.6182986004351618,Max Kungsholmen,0.58116,,1.16232,,2.32464,,4.64928,,nogo
59.34150044941707,18.108329587784606,2.275546830244409,Max Hamngatan,2.0213900000000002,,4.0427800000000005,,8.085560000000001,,16.171120000000002,,nogo
59.31564000000593,18.031537992523813,2.025054152054024,Max Kungsholmen,2.90532,,5.81064,,11.62128,,23.24256,,nogo
59.33848287454078,18.056096505609435,0.49319748100919153,Max Hötorget,2.1530500000000004,,4.306100000000001,,8.612200000000001,,17.224400000000003,,nogo
59.33387514615405,18.014629248182846,1.0125873545345663,Max Kungsholmen,1.72975,,3.4595,,6.919,,13.838,,nogo
59.318272452435586,18.04383950715735,1.6895189936285968,Max Södermalm,0.37559,1.6895189936285968,0.75118,3.3790379872571936,1.50236,2.027422792354316,3.00472,11.81292155922302,clear
59.307230278675966,18.085280005425506,1.1691657469016898,Max Södermalm,1.18932,1.1691657469016898,2.37864,2.3383314938033797,4.75728,1.4029988962820277,9.51456,8.482660780170814,clear
59.31497036956182,18.087393206093214,0.8195488771645445,Max Södermalm,1.23523,0.8195488771645445,2.47046,1.639097754329089,4.94092,0.9834586525974534,9.88184,6.245112813853085,clear
59.35140628506113,18.099098518816945,2.571438522103465,Max Hamngatan,1.20351,,2.40702,,4.81404,,9.62808,,nogo
59.3398046277919,18.008884698104538,1.4965368219420128,Max Kungsholmen,0.37431,,0.74862,,1.49724,,2.99448,,nogo
59.329792498747295,18.070814757034718,0.3549575924130323,Max Hamngatan,2.4240500000000003,,4.8481000000000005,,9.696200000000001,,19.392400000000002,,nogo
59.31873559812604,18.03190112521144,1.6798400613732443,Max Kungsholmen,1.83484,,3.66968,,7.33936,,14.67872,,nogo
59.336923572433825,18.08460489212838,0.842652148538612,Max Hamngatan,0.85905,,1.7181,,3.4362,,6.8724,,nogo
59.351858778726374,18.10434368092314,2.798282657243871,Max Hamngatan,1.81148,,3.62296,,7.24592,,14.49184,,nogo
59.31409684271551,18.0608728815028,0.7160909821482763,Max Södermalm,0.7004900000000001,0.7160909821482763,1.4009800000000001,1.4321819642965525,2.8019600000000002,0.8593091785779315,5.6039200000000005,5.582982285748968,clear
59.31245168358092,18.074126135608186,0.36309910902600046,Max Södermalm,0.63647,0.36309910902600046,1.27294,0.7261982180520009,2.54588,0.4357189308312005,5.09176,3.323834297766403,clear
59.33297144005221,18.02177105284323,0.613274382170136,Max Kungsholmen,0.38753,,0.77506,,1.55012,,3.10024,,nogo
59.35488722794298,18.0984659938619,2.8723646646132748,Max Hamngatan,0.82363,,1.64726,,3.29452,,6.58904,,nogo
59.349806411569354,18.05586508760442,0.8441265826581889,Max Odenplan,2.3594899999999996,0.8441265826581889,4.718979999999999,1.6882531653163777,9.437959999999999,1.0129518991898265,18.875919999999997,6.4024101290124085,clear
59.337853712246535,18.09832176914959,1.5933141522938574,Max Hamngatan,1.00287,,2.00574,,4.01148,,8.02296,,nogo
59.315789139843204,18.05811703271411,0.8514683546979656,Max Södermalm,2.65105,0.8514683546979656,5.3021,1.7029367093959311,10.6042,1.0217620256375588,21.2084,6.44939747006698,clear
59.338265978562525,18.059134623619492,0.3626017980512022,Max Hötorget,2.88822,,5.77644,,11.55288,,23.10576,,nogo
59.31515008026029,18.092692727614768,1.1191539241370314,Max Södermalm,2.02394,1.1191539241370314,4.04788,2.238307848274063,8.09576,1.3429847089644378,16.19152,8.162585114477,clear
59.35757576541523,18.093439513098634,2.9221506639378663,Max Odenplan,1.56329,2.9221506639378663,3.12658,5.8443013278757325,6.25316,3.5065807967254394,12.50632,19.701764249202345,clear
59.32849922621726,18.05117802904039,1.012499617005178,Max Hötorget,0.99395,,1.9879,,3.9757999999999996,,7.951599999999999,,nogo
59.34386892766959,18.104271760707505,2.2026766962233197,Max Hamngatan,3.02114,,6.04228,,12.08456,,24.16912,,nogo
59.30882732280448,18.061992711441437,0.9890110275084576,Max Södermalm,0.22661,0.9890110275084576,0.45322,1.9780220550169152,0.90644,1.186813233010149,1.81288,7.329670576054129,clear
59.334776596300976,18.038659115736266,0.37104601635059525,Max Kungsholmen,0.66637,,1.33274,,2.66548,,5.33096,,nogo
59.352876711430504,18.09781536305253,2.6635362500678372,Max Hamngatan,1.6190499999999999,,3.2380999999999998,,6.4761999999999995,,12.952399999999999,,nogo
59.34142048858897,18.077881842514167,1.00390921609638,Max Hamngatan,2.73093,,5.46186,,10.92372,,21.84744,,nogo
59.316717050075404,18.032138644978293,1.9045156273776567,Max Kungsholmen,0.18284,,0.36568,,0.73136,,1.46272,,nogo
59.31908573658624,18.084239117176374,0.741569305046805,Max Södermalm,0.75587,0.741569305046805,1.51174,1.48313861009361,3.02348,0.889883166056166,6.04696,5.746043552299552,clear
59.339927522286686,18.082368394832045,0.9772903014688344,Max Hamngatan,1.12073,,2.24146,,4.48292,,8.96584,,nogo
59.347987498141336,18.064025380970712,0.9417843153004278,Max Odenplan,2.7209499999999998,0.9417843153004278,5.4418999999999995,1.8835686306008557,10.883799999999999,1.1301411783605133,21.767599999999998,7.027419617922738,clear
59.318011451822066,18.051183541628042,1.2732695047337652,Max Södermalm,1.98945,1.2732695047337652,3.9789,2.5465390094675304,7.9578,1.5279234056805182,15.9156,9.148924830296098,clear
59.31714769494964,18.03794552353716,1.8829469307064082,Max Kungsholmen,0.93688,,1.87376,,3.74752,,7.49504,,nogo
59.343734046150544,18.0358315813243,0.38123818483310284,Max Karolinska,2.86536,0.38123818483310284,5.73072,0.7624763696662057,11.46144,0.4574858217997234,22.92288,3.439924382931858,clear
59.33041543227358,18.046054855671343,0.8635025751833919,Max Kungsholmen,1.85051,,3.70102,,7.40204,,14.80408,,nogo
59.3088537446849,18.080082157690637,0.8576249353620274,Max Södermalm,2.71442,0.8576249353620274,5.42884,1.7152498707240549,10.85768,1.029149922434433,21.71536,6.488799586316976,clear
59.32811614786819,18.01650025554206,1.1062522621384692,Max Kungsholmen,0.24919999999999998,,0.49839999999999995,,0.9967999999999998,,1.9935999999999996,,nogo
59.311152242116464,18.056637140626982,1.0622376546281873,Max Södermalm,0.66574,1.0622376546281873,1.33148,2.1244753092563746,2.66296,1.2746851855538248,5.32592,7.798320989620398,clear
59.34901278990392,18.065026040852047,1.0596887753552051,Max Odenplan,1.6013199999999999,1.0596887753552051,3.2026399999999997,2.1193775507104102,6.405279999999999,1.2716265304262462,12.810559999999999,7.782008162273312,clear
59.32810690899455,18.027093227626896,0.7042084573464447,Max Kungsholmen,1.1273900000000001,,2.2547800000000002,,4.5095600000000005,,9.019120000000001,,nogo
59.333523385932615,18.099273929478585,1.551112792581648,Max Hamngatan,3.16668,,6.33336,,12.66672,,25.33344,,nogo
59.34478668140189,18.030218713695565,0.290165116277998,Max Karolinska,0.8868400000000001,0.290165116277998,1.7736800000000001,0.580330232555996,3.5473600000000003,0.34819813953359763,7.094720000000001,2.857056744179187,clear
59.33355469324178,18.01417580606654,1.0387743889137846,Max Kungsholmen,1.2138699999999998,,2.4277399999999996,,4.855479999999999,,9.710959999999998,,nogo
59.308442929118705,18.097830335093224,1.6237760634336027,Max Södermalm,1.71703,1.6237760634336027,3.43406,3.2475521268672054,6.86812,1.9485312761203235,13.73624,11.392166805975059,clear
59.34072852750731,18.086376065956827,1.1926448078131506,Max Hamngatan,2.4213299999999998,,4.8426599999999995,,9.685319999999999,,19.370639999999998,,nogo
59.32966423746102,18.000752324106987,1.8608168830994598,Max Kungsholmen,0.47658,,0.95316,,1.90632,,3.81264,,nogo
59.353061693796946,18.098783276555046,2.7112775241313107,Max Hamngatan,0.41274,,0.82548,,1.65096,,3.30192,,nogo
59.34967407029375,18.048318904655613,0.8054509159455495,Max Odenplan,0.23853,0.8054509159455495,0.47706,1.610901831891099,0.95412,0.9665410991346595,1.90824,6.1548858620515166,clear
59.33215667225705,18.073804268157193,0.13091121086894225,Max Hamngatan,0.52332,,1.04664,,2.09328,,4.18656,,nogo
59.332298806900475,18.070303021780433,0.1208186962407403,Max Hamngatan,1.32178,,2.64356,,5.28712,,10.57424,,nogo
59.33618221655639,18.00426372902388,1.6240914047705484,Max Kungsholmen,3.2192600000000002,,6.4385200000000005,,12.877040000000001,,25.754080000000002,,nogo
59.34868795675235,18.08831607854966,1.9859813424837756,Max Hamngatan,1.58635,,3.1727,,6.3454,,12.6908,,nogo
59.341132168376205,18.101360939800497,1.9028440672863978,Max Hamngatan,0.36671,,0.73342,,1.46684,,2.93368,,nogo
59.329285613976985,18.01029936061849,1.3563349434132406,Max Kungsholmen,0.70941,,1.41882,,2.83764,,5.67528,,nogo
59.334287585987994,18.070239025366178,0.18428885629931996,Max Hamngatan,1.2888199999999999,,2.5776399999999997,,5.155279999999999,,10.310559999999999,,nogo
59.33115699099894,18.05090434099525,0.819122929635733,Max Hötorget,0.80749,,1.61498,,3.22996,,6.45992,,nogo
59.30825386164188,18.06239986520235,1.025110269117912,Max Södermalm,1.61697,1.025110269117912,3.23394,2.050220538235824,6.46788,1.2301323229414942,12.93576,7.560705722354636,clear
59.33705567175945,18.086569798430958,0.9464514268177782,Max Hamngatan,0.85426,,1.70852,,3.41704,,6.83408,,nogo
59.317726499963676,18.095126017269525,1.2770078145767993,Max Södermalm,2.26829,1.2770078145767993,4.53658,2.5540156291535987,9.07316,1.5324093774921592,18.14632,9.172850013291516,clear
59.326032824632556,18.071159611763207,0.7684383442170832,Max Hamngatan,1.5242,,3.0484,,6.0968,,12.1936,,nogo
59.34334958374392,18.07877024327078,1.2236613230695352,Max Hamngatan,0.27235000000000004,,0.5447000000000001,,1.0894000000000001,,2.1788000000000003,,nogo
59.340462793793016,18.058929971182266,0.4969938658163891,Max Odenplan,2.3148899999999997,0.4969938658163891,4.629779999999999,0.9939877316327782,9.259559999999999,0.5963926389796669,18.519119999999997,4.180760741224891,clear
59.316958113672904,18.05053359684224,1.2912497767032731,Max Södermalm,1.49871,1.2912497767032731,2.99742,2.5824995534065462,5.99484,1.5494997320439277,11.98968,9.263998570900949,clear
59.33139193574396,18.015289715011843,1.0116085545394176,Max Kungsholmen,0.95341,,1.90682,,3.81364,,7.62728,,nogo
59.34358921437346,18.028769974133162,0.4466655419496836,Max Karolinska,1.15957,0.4466655419496836,2.31914,0.8933310838993672,4.63828,0.5359986503396204,9.27656,3.858659468477975,clear
59.31337870878598,18.061508206536626,0.7058456705749511,Max Södermalm,2.69925,0.7058456705749511,5.3985,1.4116913411499021,10.797,0.8470148046899413,21.594,5.517412291679687,clear
59.331769952595764,18.03627511005358,0.3161466219209076,Max Kungsholmen,0.93363,,1.86726,,3.73452,,7.46904,,nogo
59.32916494267414,18.03138920473159,0.5210531948832278,Max Kungsholmen,2.83764,,5.67528,,11.35056,,22.70112,,nogo
59.32935317399714,18.02616114245164,0.6112897519625957,Max Kungsholmen,0.5380499999999999,,1.0760999999999998,,2.1521999999999997,,4.304399999999999,,nogo
59.334565405942115,17.99963351698634,1.867954667807255,Max Kungsholmen,1.6245399999999999,,3.2490799999999997,,6.4981599999999995,,12.996319999999999,,nogo
59.318901040287166,18.066893428409017,0.5034651677187837,Max Södermalm,1.06532,0.5034651677187837,2.13064,1.0069303354375674,4.26128,0.6041582012625405,8.52256,4.222177073400216,clear
59.327354735208054,18.05176112949936,1.0948631980424066,Max Hötorget,1.75516,,3.51032,,7.02064,,14.04128,,nogo
59.30529945443577,18.071325211601348,1.1590646710245665,Max Södermalm,0.91937,1.1590646710245665,1.83874,2.318129342049133,3.67748,1.3908776052294796,7.35496,8.418013894557225,clear
59.34395292050906,18.09776327221504,1.9113860141995112,Max Hamngatan,2.0594,,4.1188,,8.2376,,16.4752,,nogo
59.315810810244834,18.088955056896733,0.9049581553681484,Max Södermalm,1.4720499999999999,0.9049581553681484,2.9440999999999997,1.8099163107362968,5.888199999999999,1.085949786441778,11.776399999999999,6.7917321943561495,clear
59.31030962650708,18.055126399154375,1.1832154493920553,Max Södermalm,0.8271499999999999,1.1832154493920553,1.6542999999999999,2.3664308987841105,3.3085999999999998,1.4198585392704663,6.6171999999999995,8.572578876109153,clear
59.35029161156648,18.053592793806697,0.8667658798313534,Max Odenplan,0.9758,0.8667658798313534,1.9516,1.733531759662707,3.9032000000000004,1.040119055797624,7.806400000000001,6.547301630920662,clear
59.345199868767565,18.09930351761319,2.0684388674587413,Max Hamngatan,2.30537,,4.61074,,9.22148,,18.44296,,nogo
59.311393518709785,18.056489086668428,1.057301422824161,Max Södermalm,1.7986600000000001,1.057301422824161,3.5973200000000003,2.114602845648322,7.194640000000001,1.2687617073889932,14.389280000000001,7.766729106074631,clear
59.34440724617155,18.06273618180284,0.6829392362082394,Max Odenplan,1.17768,0.6829392362082394,2.35536,1.3658784724164788,4.71072,0.8195270834498872,9.42144,5.370811111732732,clear
59.3181271658102,18.041544091415812,1.815917212093648,Max Södermalm,0.81543,1.815917212093648,1.63086,3.631834424187296,3.26172,2.1791006545123777,6.52344,12.621870157399346,clear
59.33248689096217,17.99762908151656,1.9857174162546063,Max Kungsholmen,1.89273,,3.78546,,7.570919999999999,,15.141839999999998,,nogo
59.30411998366506,18.07943249495411,1.3363355552017577,Max Södermalm,0.44159,1.3363355552017577,0.88318,2.6726711104035155,1.76636,1.6036026662421095,3.53272,9.55254755329125,clear
59.3114087385222,18.099304556645844,1.5677437875119853,Max Södermalm,1.90345,1.5677437875119853,3.8069,3.1354875750239706,7.613800000000001,1.8812925450143825,15.227600000000002,11.033560240076707,clear
59.33072851003972,18.04711900127731,0.904513601563051,Max Kungsholmen,0.25637,,0.51274,,1.02548,,2.05096,,nogo
59.31997639048847,18.06753359475185,0.5743464054950678,Max Södermalm,2.28777,0.5743464054950678,4.57554,1.1486928109901355,9.15108,0.6892156865940814,18.30216,4.675816995168434,clear
59.30619320349902,18.079842320306916,1.123601082749896,Max Södermalm,0.8832899999999999,1.123601082749896,1.7665799999999998,2.247202165499792,3.5331599999999996,1.3483212992998752,7.066319999999999,8.191046929599334,clear
59.35426425064752,18.090902206912688,2.6024991561873794,Max Odenplan,2.9251199999999997,2.6024991561873794,5.850239999999999,5.204998312374759,11.700479999999999,3.1229989874248556,23.400959999999998,17.65599459959923,clear
59.33285112138332,18.067179940614327,0.2772189012993551,Max Hamngatan,0.46082999999999996,,0.9216599999999999,,1.8433199999999998,,3.6866399999999997,,nogo
59.32010715439032,18.05538321819574,1.1219661675682266,Max Södermalm,1.91807,1.1219661675682266,3.83614,2.2439323351364533,7.672280000000001,1.3463594010818718,15.344560000000001,8.18058347243665,clear
59.33892558362902,18.0462718502337,0.49853480458286126,Max Odenplan,1.52673,0.49853480458286126,3.05346,0.9970696091657225,6.10692,0.5982417654994334,12.21384,4.190622749330312,clear
59.34173327068472,18.033708569548363,0.57489855140061,Max Karolinska,1.4113099999999998,0.57489855140061,2.8226199999999997,1.14979710280122,5.645239999999999,0.689878261680732,11.290479999999999,4.679350728963904,clear
59.34790494276046,18.084124581888545,1.8056847526035924,Max Hamngatan,2.70628,,5.41256,,10.82512,,21.65024,,nogo
59.31492651117031,18.029504952313015,2.1104476392162748,Max Kungsholmen,0.96026,,1.92052,,3.8410399999999996,,7.682079999999999,,nogo
59.35016752364467,18.102319912086188,2.58086253257846,Max Hamngatan,2.4720500000000003,,4.944100000000001,,9.888200000000001,,19.776400000000002,,nogo
59.35295479829376,18.082907130809648,2.1379411832696453,Max Odenplan,0.34943,2.1379411832696453,0.69886,4.275882366539291,1.39772,2.5655294199235747,2.79544,14.68282357292573,clear
59.344195381725996,18.109702624755617,2.4841316450400965,Max Hamngatan,1.29375,,2.5875,,5.175,,10.35,,nogo
59.33405717586383,18.094787860885027,1.30051317548937,Max Hamngatan,1.08033,,2.16066,,4.32132,,8.64264,,nogo
59.336378395443965,18.018655510146985,0.8338884360324539,Max Kungsholmen,1.1824000000000001,,2.3648000000000002,,4.7296000000000005,,9.459200000000001,,nogo
59.342582806734036,18.108971912057985,2.3612358172557366,Max Hamngatan,3.0024,,6.0048,,12.0096,,24.0192,,nogo
59.35075788651281,18.095197315637343,2.3845006775151125,Max Hamngatan,2.52323,,5.04646,,10.09292,,20.18584,,nogo
59.34704988989595,18.051944023647657,0.49696461847827866,Max Odenplan,2.54686,0.49696461847827866,5.09372,0.9939292369565573,10.18744,0.5963575421739344,20.37488,4.180573558260983,clear
59.340538831828255,18.03416538997693,0.7093119192823043,Max Karolinska,2.03497,0.7093119192823043,4.06994,1.4186238385646086,8.13988,0.8511743031387652,16.27976,5.539596283406747,clear
59.33736193442322,18.007047591052896,1.4971793337189734,Max Kungsholmen,3.0134000000000003,,6.026800000000001,,12.053600000000001,,24.107200000000002,,nogo
59.33190099474906,18.015165089792944,1.0049140976005029,Max Kungsholmen,0.05868,,0.11736,,0.23472000000000004,,0.4694400000000001,,nogo
59.33663558645329,18.002332864481946,1.7410188175234118,Max Kungsholmen,2.66242,,5.32484,,10.64968,,21.29936,,nogo
59.317936441983406,18.051846878518223,1.2345853857358788,Max Södermalm,2.87961,1.2345853857358788,5.75922,2.4691707714717577,11.51844,1.4815024628830546,23.03688,8.901346468709624,clear
59.35543239180409,18.092787539424297,2.761003384055571,Max Odenplan,1.8326,2.761003384055571,3.6652,5.522006768111142,7.3304,3.3132040608666853,14.6608,18.670421657955654,clear
59.347119482117954,18.059375952434547,0.6827602924481249,Max Odenplan,0.11222,0.6827602924481249,0.22444,1.3655205848962497,0.44888,0.8193123509377499,0.89776,5.3696658716679995,clear
59.346322540220584,18.06187882267821,0.7324022114738532,Max Odenplan,0.31316000000000005,0.7324022114738532,0.6263200000000001,1.4648044229477064,1.2526400000000002,0.8788826537686238,2.5052800000000004,5.6873741534326605,clear
59.35096514643156,18.105514570598135,2.769396070829928,Max Hamngatan,1.5287899999999999,,3.0575799999999997,,6.1151599999999995,,12.230319999999999,,nogo
59.34404114568282,18.04117095139384,0.551948220493591,Max Karolinska,1.16427,0.551948220493591,2.32854,1.103896440987182,4.65708,0.6623378645923093,9.31416,4.532468611158983,clear
59.33162901735718,18.091885428841216,1.1381839110136844,Max Hamngatan,0.47123000000000004,,0.9424600000000001,,1.8849200000000002,,3.7698400000000003,,nogo
59.33704822175581,18.07042215897928,0.4695703571256433,Max Hamngatan,3.95889,,7.91778,,15.83556,,31.67112,,nogo
59.31611198756451,18.075174899603027,0.12994164288815335,Max Södermalm,0.51186,0.12994164288815335,1.02372,0.2598832857763067,2.04744,0.15592997146578402,4.09488,1.8316265144841815,clear
59.33444477416555,18.07249279725126,0.17219393122509422,Max Hamngatan,1.63283,,3.26566,,6.53132,,13.06264,,nogo
59.35021301754315,18.046341472137435,0.8327612919787244,Max Karolinska,2.14491,0.8327612919787244,4.28982,1.6655225839574488,8.57964,0.9993135503744693,17.15928,6.3296722686638365,clear
59.31208103659453,18.096533472114434,1.394851488872997,Max Södermalm,1.14925,1.394851488872997,2.2985,2.789702977745994,4.597,1.6738217866475964,9.194,9.927049528787181,clear
59.35101770087257,18.101438510242563,2.619830438327045,Max Hamngatan,0.44448000000000004,,0.8889600000000001,,1.7779200000000002,,3.5558400000000003,,nogo
59.31808388896604,18.052081907091015,1.2249927877105633,Max Södermalm,2.82441,1.2249927877105633,5.64882,2.4499855754211266,11.29764,1.469991345252676,22.59528,8.839953841347604,clear
59.33391046914888,18.077711560572176,0.34083924408585764,Max Hamngatan,0.97572,,1.95144,,3.9028800000000006,,7.805760000000001,,nogo
59.33707784785615,18.001987482597325,1.7698115485564,Max Kungsholmen,2.60295,,5.2059,,10.4118,,20.8236,,nogo
59.34770326843965,18.108414557252665,2.6450836439906364,Max Hamngatan,0.95298,,1.90596,,3.81192,,7.62384,,nogo
59.339312519472465,18.07832401651423,0.7970942121559829,Max Hamngatan,1.91989,,3.83978,,7.67956,,15.35912,,nogo
59.31553975491018,18.05485127913518,1.0374351755041524,Max Södermalm,2.11405,1.0374351755041524,4.2281,2.074870351008305,8.4562,1.2449222106049829,16.9124,7.639585123226576,clear
59.34470621016797,18.051019070990503,0.23479795717302182,Max Odenplan,3.19938,0.23479795717302182,6.39876,0.46959591434604364,12.79752,0.2817575486076262,25.59504,2.5027069259073396,clear
59.308283423317455,18.076485902982487,0.8451393670100423,Max Södermalm,1.15576,0.8451393670100423,2.31152,1.6902787340200847,4.62304,1.0141672404120508,9.24608,6.408891948864271,clear
59.33359465984031,18.089765794049736,1.0112723392517282,Max Hamngatan,1.52841,,3.05682,,6.11364,,12.22728,,nogo
59.311536909559116,18.04574467212605,1.622595984418981,Max Södermalm,2.7218,1.622595984418981,5.4436,3.245191968837962,10.8872,1.9471151813027772,21.7744,11.384614300281479,clear
59.35044452709309,18.06909828872297,1.338892448284506,Max Odenplan,2.52827,1.338892448284506,5.05654,2.677784896569012,10.11308,1.606670937941407,20.22616,9.568911669020839,clear
59.345620555959236,18.070849588219293,1.1639393214681528,Max Odenplan,1.4923,1.1639393214681528,2.9846,2.3278786429363056,5.9692,1.3967271857617833,11.9384,8.449211657396178,clear
59.35764399933986,18.086239721478293,2.6012783941133177,Max Odenplan,1.3353199999999998,2.6012783941133177,2.6706399999999997,5.2025567882266355,5.341279999999999,3.1215340729359813,10.682559999999999,17.648181722325234,clear
59.34779708269848,18.084475347112893,1.8023175444009791,Max Hamngatan,0.38659,,0.77318,,1.54636,,3.09272,,nogo
59.319887851802626,18.071802717276718,0.4758180156443209,Max Södermalm,1.58444,0.4758180156443209,3.16888,0.9516360312886418,6.33776,0.5709816187731851,12.67552,4.045235300123654,clear
59.358795758826616,18.09410886172487,3.0322943530834885,Max Odenplan,1.91604,3.0322943530834885,3.83208,6.064588706166977,7.664159999999999,3.6387532237001863,15.328319999999998,20.406683859734326,clear
59.313472868513664,18.04796976893548,1.4500016533163773,Max Södermalm,2.8898699999999997,1.4500016533163773,5.779739999999999,2.9000033066327546,11.559479999999999,1.7400019839796528,23.118959999999998,10.280010581224815,clear
59.31324002121821,18.10301690037597,1.7269489941965563,Max Södermalm,2.64577,1.7269489941965563,5.29154,3.4538979883931127,10.58308,2.0723387930358674,21.16616,12.05247356285796,clear
59.33301500668403,18.088137577837294,0.9158388302325493,Max Hamngatan,1.1826199999999998,,2.3652399999999996,,4.730479999999999,,9.460959999999998,,nogo
59.34892413372236,18.067649329035095,1.1683009098947603,Max Odenplan,1.06836,1.1683009098947603,2.13672,2.3366018197895206,4.27344,1.4019610918737124,8.54688,8.477125823326466,clear
59.30616177415495,18.088484275058423,1.375521798438741,Max Södermalm,2.68179,1.375521798438741,5.36358,2.751043596877482,10.72716,1.650626158126489,21.45432,9.803339510007941,clear
59.335780962244876,18.053604789762048,0.5077379589997996,Max Hötorget,0.5880599999999999,,1.1761199999999998,,2.3522399999999997,,4.704479999999999,,nogo
59.33035781750692,18.065289331982697,0.47878762243321843,Max Hamngatan,1.44991,,2.89982,,5.79964,,11.59928,,nogo
59.31127409313508,18.061414873027967,0.8244450416566382,Max Södermalm,1.02058,0.8244450416566382,2.04116,1.6488900833132765,4.08232,0.9893340499879659,8.16464,6.276448266602484,clear
59.33001283723706,18.038906099445985,0.5617082119265602,Max Kungsholmen,1.35322,,2.70644,,5.41288,,10.82576,,nogo
59.31858040583725,18.041489079450283,1.773694974104384,Max Kungsholmen,2.3964499999999997,,4.7928999999999995,,9.585799999999999,,19.171599999999998,,nogo
59.33129735424129,18.0110354377966,1.248995784240526,Max Kungsholmen,1.574,,3.148,,6.296,,12.592,,nogo
59.34535419916952,18.059249346388526,0.5480225356439604,Max Odenplan,2.0812,0.5480225356439604,4.1624,1.0960450712879208,8.3248,0.6576270427727525,16.6496,4.5073442281213465,clear
59.339244491974576,18.080510110837654,0.8537982320799149,Max Hamngatan,1.09345,,2.1869,,4.3738,,8.7476,,nogo
59.31752858005409,18.056443186326824,0.9691342202720575,Max Södermalm,3.22453,0.9691342202720575,6.44906,1.938268440544115,12.89812,1.162961064326469,25.79624,7.202459009741168,clear
59.327914110112694,18.020452632079245,0.9464432595451289,Max Kungsholmen,0.37795,,0.7559,,1.5118,,3.0236,,nogo
59.35713880127399,18.094941281794554,2.965853890353166,Max Odenplan,0.50139,2.965853890353166,1.00278,5.931707780706332,2.00556,3.5590246684237994,4.01112,19.981464898260263,clear
59.337818314652324,18.026910901010194,0.5453615106232975,Max Kungsholmen,1.35873,,2.71746,,5.43492,,10.86984,,nogo
59.3415397778447,18.07948152353679,1.0497271492172462,Max Hamngatan,2.19936,,4.39872,,8.79744,,17.59488,,nogo
59.32978956485709,18.071239058159104,0.3513019453885481,Max Hamngatan,0.92636,,1.85272,,3.70544,,7.41088,,nogo
59.34767557249351,18.039816380334912,0.38476692322267747,Max Karolinska,2.96173,0.38476692322267747,5.92346,0.7695338464453549,11.84692,0.46172030786721296,23.69384,3.462508308625136,clear
59.33298814121672,18.026589465272703,0.3442909466094729,Max Kungsholmen,1.22191,,2.44382,,4.88764,,9.77528,,nogo
59.317447637488165,18.034806274347055,1.8281194602375492,Max Kungsholmen,1.2529000000000001,,2.5058000000000002,,5.0116000000000005,,10.023200000000001,,nogo
59.319549749126566,18.04146998132947,1.6703445713284522,Max Kungsholmen,0.24084999999999998,,0.48169999999999996,,0.9634,,1.9268,,nogo
59.313238560444645,18.05107627530805,1.2812203536966458,Max Södermalm,0.69097,1.2812203536966458,1.38194,2.5624407073932916,2.76388,1.537464424435975,5.52776,9.199810263658533,clear
59.316246689625345,18.090582987596182,0.9996123107944124,Max Södermalm,1.72,0.9996123107944124,3.44,1.9992246215888247,6.88,1.1995347729532948,13.76,7.3975187890842395,clear
59.341365407852194,18.070075375804066,0.7820417011488753,Max Hötorget,0.22103,,0.44206,,0.88412,,1.76824,,nogo
59.344824858590066,18.086040780221474,1.54730410665294,Max Hamngatan,0.72384,,1.44768,,2.89536,,5.79072,,nogo
59.308554980703626,18.055314761182917,1.2844124339831688,Max Södermalm,1.9402000000000001,1.2844124339831688,3.8804000000000003,2.5688248679663377,7.7608,1.5412949207798028,15.5216,9.220239577492281,clear
59.33385112519545,18.017297650648565,0.8606943498016723,Max Kungsholmen,0.8673,,1.7346,,3.4692,,6.9384,,nogo
59.348125361740124,18.068729002796278,1.1686898000595063,Max Odenplan,0.97601,1.1686898000595063,1.95202,2.3373796001190126,3.90404,1.4024277600714077,7.80808,8.479614720380841,clear
59.341720038653335,18.089131092463596,1.3809913430058676,Max Hamngatan,0.477,,0.954,,1.9080000000000001,,3.8160000000000003,,nogo
59.32755921151536,18.017564063452934,1.0955919363273745,Max Kungsholmen,3.0319000000000003,,6.0638000000000005,,12.127600000000001,,24.255200000000002,,nogo
59.33329509744322,18.04802400421384,0.8604450323742583,Max Hötorget,1.2896500000000002,,2.5793000000000004,,5.158600000000001,,10.317200000000001,,nogo
59.34359311381581,18.109047227542703,2.418349496655064,Max Hamngatan,1.03116,,2.06232,,4.12464,,8.24928,,nogo
59.330353336866295,18.048258146575115,0.9804748767790725,Max Kungsholmen,1.2638099999999999,,2.5276199999999998,,5.0552399999999995,,10.110479999999999,,nogo
59.316847784587935,18.063065941229446,0.5845411359101453,Max Södermalm,2.11489,0.5845411359101453,4.22978,1.1690822718202907,8.45956,0.7014493630921744,16.91912,4.74106326982493,clear
59.30877361469069,18.071845190482545,0.7709351542630285,Max Södermalm,2.97233,0.7709351542630285,5.94466,1.541870308526057,11.88932,0.9251221851156342,23.77864,5.933984987283383,clear
59.33421171424082,18.06208483503209,0.14610815489551018,Max Hötorget,1.25171,,2.50342,,5.00684,,10.01368,,nogo
59.33264873036212,18.08611570682687,0.8012453197572529,Max Hamngatan,1.9844300000000001,,3.9688600000000003,,7.9377200000000006,,15.875440000000001,,nogo
59.33634281817475,18.080527409889452,0.6153335834603689,Max Hamngatan,1.02846,,2.05692,,4.11384,,8.22768,,nogo
59.31710786676568,18.09703520494289,1.3743596744714839,Max Södermalm,2.85305,1.3743596744714839,5.7061,2.7487193489429678,11.4122,1.6492316093657806,22.8244,9.795901916617497,clear
59.33166009846532,18.02805411038066,0.34529080884987523,Max Kungsholmen,2.1332,,4.2664,,8.5328,,17.0656,,nogo
59.353424106173684,18.08212962459676,2.129967792229983,Max Odenplan,2.96694,2.129967792229983,5.93388,4.259935584459966,11.86776,2.5559613506759797,23.73552,14.631793870271892,clear
59.33544700124698,18.082448756902526,0.6556766603328842,Max Hamngatan,0.56029,,1.12058,,2.24116,,4.48232,,nogo
59.34268509802355,18.059878221920357,0.49014454803991847,Max Odenplan,1.55846,0.49014454803991847,3.11692,0.9802890960798369,6.23384,0.5881734576479022,12.46768,4.136925107455478,clear
59.34126706197393,18.08771407011628,1.2885666943221654,Max Hamngatan,0.24641,,0.49282,,0.98564,,1.97128,,nogo
59.34352096305476,18.071554096714618,1.0306883794086097,Max Hötorget,0.31156,,0.62312,,1.24624,,2.49248,,nogo
59.34885008411885,18.096963341863958,2.271809023663631,Max Hamngatan,0.70845,,1.4169,,2.8338,,5.6676,,nogo
59.34580409122568,18.047767731644814,0.4084686332157982,Max Odenplan,0.34045,0.4084686332157982,0.6809,0.8169372664315964,1.3618,0.49016235985895784,2.7236,3.614199252581108,clear
59.315423011662354,18.10271467814697,1.688626219905149,Max Södermalm,0.74729,1.688626219905149,1.49458,3.377252439810298,2.98916,2.026351463886179,5.97832,11.807207807392953,clear
59.351856875666115,18.098440779770847,2.589934266974329,Max Hamngatan,1.7241900000000001,,3.4483800000000002,,6.8967600000000004,,13.793520000000001,,nogo
59.333021312414225,18.082755622357816,0.609547599333263,Max Hamngatan,1.9995399999999999,,3.9990799999999997,,7.9981599999999995,,15.996319999999999,,nogo
59.3255267177284,18.07452465414839,0.8351307200311423,Max Hamngatan,3.8121300000000002,,7.6242600000000005,,15.248520000000003,,30.497040000000005,,nogo
59.31086954119299,18.0643756032296,0.7283425576178272,Max Södermalm,2.1919299999999997,0.7283425576178272,4.383859999999999,1.4566851152356544,8.767719999999999,0.8740110691413926,17.535439999999998,5.661392368754094,clear
59.339255873086735,18.090536009967778,1.2672626292903622,Max Hamngatan,1.43004,,2.86008,,5.72016,,11.44032,,nogo
59.31208408619765,18.05852282470651,0.919386803763591,Max Södermalm,1.50505,0.919386803763591,3.0101,1.838773607527182,6.0202,1.1032641645163093,12.0404,6.884075544086983,clear
59.315539063101426,18.047454998248412,1.4586153224844007,Max Södermalm,0.9167000000000001,1.4586153224844007,1.8334000000000001,2.9172306449688015,3.6668000000000003,1.750338386981281,7.333600000000001,10.335138063900164,clear
59.332998621574355,18.056080803269072,0.46027765490660577,Max Hötorget,0.49772000000000005,,0.9954400000000001,,1.99088,,3.98176,,nogo
59.331872616495815,18.09149999681676,1.1132599841935167,Max Hamngatan,1.1045999999999998,,2.2091999999999996,,4.418399999999999,,8.836799999999998,,nogo
59.35139331080004,18.094463170243507,2.421550046492798,Max Hamngatan,1.07789,,2.15578,,4.31156,,8.62312,,nogo
59.349661869510484,18.10674157553472,2.7161982119308634,Max Hamngatan,3.08749,,6.17498,,12.34996,,24.69992,,nogo
59.34155869489243,18.109773837293773,2.353030933516258,Max Hamngatan,1.70082,,3.40164,,6.80328,,13.60656,,nogo
59.3334200723225,18.008095449021162,1.3851532200213428,Max Kungsholmen,0.34908,,0.69816,,1.39632,,2.79264,,nogo
59.34982106397844,18.0661325029523,1.1671232680907269,Max Odenplan,1.8373599999999999,1.1671232680907269,3.6747199999999998,2.3342465361814537,7.3494399999999995,1.400547921708872,14.698879999999999,8.469588915780651,clear
59.31791603280806,18.052040067019465,1.223351894262925,Max Södermalm,1.84941,1.223351894262925,3.69882,2.44670378852585,7.39764,1.46802227311551,14.79528,8.829452123282719,clear
59.339295636584765,18.091047854989757,1.2939791929777533,Max Hamngatan,1.64397,,3.28794,,6.57588,,13.15176,,nogo
59.3101539756536,18.089233216983793,1.1066898407075467,Max Södermalm,0.60682,1.1066898407075467,1.21364,2.2133796814150934,2.42728,1.328027808849056,4.85456,8.0828149805283,clear
59.319423650792565,18.064710921951576,0.6337644695204351,Max Södermalm,0.68157,0.6337644695204351,1.36314,1.2675289390408702,2.72628,0.760517363424522,5.45256,5.056092604930784,clear
59.331914192038056,18.066166897693343,0.3528963635105635,Max Hamngatan,2.32848,,4.65696,,9.31392,,18.62784,,nogo
59.33757875321108,18.097239012141504,1.5249264549810018,Max Hamngatan,0.64144,,1.28288,,2.56576,,5.13152,,nogo
59.30950477572474,18.083759358086592,0.9175630075213472,Max Södermalm,1.48069,0.9175630075213472,2.96138,1.8351260150426945,5.92276,1.1010756090256166,11.84552,6.872403248136623,clear
59.343877356272785,18.03039854890815,0.37213440996606084,Max Karolinska,1.6585,0.37213440996606084,3.317,0.7442688199321217,6.634,0.446561291959273,13.268,3.3816602237827893,clear
59.318577096127065,18.048824276938397,1.4180922585011269,Max Södermalm,1.64622,1.4180922585011269,3.29244,2.8361845170022537,6.58488,1.7017107102013522,13.16976,10.075790454407212,clear
59.32838022763427,18.023040190780524,0.8069955604302015,Max Kungsholmen,2.0573699999999997,,4.114739999999999,,8.229479999999999,,16.458959999999998,,nogo
59.342040325941475,18.046231049927535,0.293273412724222,Max Odenplan,2.19369,0.293273412724222,4.38738,0.586546825448444,8.77476,0.35192809526906643,17.54952,2.876949841435021,clear
59.34297918763004,18.103639743281544,2.1187691257124577,Max Hamngatan,2.54367,,5.08734,,10.17468,,20.34936,,nogo
59.33670894784113,18.01105717129416,1.2579149059842256,Max Kungsholmen,1.5651,,3.1302,,6.2604,,12.5208,,nogo
59.3161568955473,18.087347268283686,0.8150873418413802,Max Södermalm,1.61131,0.8150873418413802,3.22262,1.6301746836827604,6.44524,0.9781048102096561,12.89048,6.216558987784833,clear
59.309902763262535,18.092638232115675,1.286326361473813,Max Södermalm,3.0048600000000003,1.286326361473813,6.009720000000001,2.572652722947626,12.019440000000001,1.5435916337685756,24.038880000000002,9.232488713432403,clear
59.34481992401691,18.06098922264663,0.6059105976091054,Max Odenplan,1.1894500000000001,0.6059105976091054,2.3789000000000002,1.2118211952182107,4.7578000000000005,0.7270927171309265,9.515600000000001,4.877827824698274,clear
59.345405578350544,18.051232603096366,0.3122930310262646,Max Odenplan,1.36602,0.3122930310262646,2.73204,0.6245860620525292,5.46408,0.37475163723151755,10.92816,2.9986753985680936,clear
59.32976327727749,18.06647344734702,0.4733397550776046,Max Hamngatan,1.2205599999999999,,2.4411199999999997,,4.8822399999999995,,9.764479999999999,,nogo
59.3098440137995,18.062072646384483,0.9014835931950335,Max Södermalm,3.1315999999999997,0.9014835931950335,6.263199999999999,1.802967186390067,12.526399999999999,1.08178031183404,25.052799999999998,6.7694949964482145,clear
59.3525572015413,18.080984092274534,2.0220463580430277,Max Odenplan,0.65232,2.0220463580430277,1.30464,4.044092716086055,2.60928,2.4264556296516333,5.21856,13.941096691475376,clear
59.34546064570677,18.069803019610955,1.1017838891431293,Max Odenplan,1.2635399999999999,1.1017838891431293,2.5270799999999998,2.2035677782862586,5.0541599999999995,1.3221406669717553,10.108319999999999,8.051416890516027,clear
59.349798710752125,18.093292631484637,2.235785472721229,Max Hamngatan,0.2189,,0.4378,,0.8756,,1.7512,,nogo
59.31190334980054,18.095991120402513,1.371209082422211,Max Södermalm,2.18762,1.371209082422211,4.37524,2.742418164844422,8.75048,1.6454508989066532,17.50096,9.77573812750215,clear
59.33362924793781,18.086662692638168,0.8356033556178525,Max Hamngatan,0.39924,,0.79848,,1.59696,,3.19392,,nogo
59.312561275323134,18.06125534340581,0.7563658000225488,Max Södermalm,0.6270399999999999,0.7563658000225488,1.2540799999999999,1.5127316000450977,2.5081599999999997,0.9076389600270586,5.0163199999999994,5.840741120144313,clear
59.344754290940415,18.083915005246254,1.4816629096811271,Max Hamngatan,1.07086,,2.14172,,4.28344,,8.56688,,nogo
59.311590107733075,18.059817326073237,0.8806406207176893,Max Södermalm,2.59069,0.8806406207176893,5.18138,1.7612812414353787,10.36276,1.056768744861227,20.72552,6.636099972593211,clear
59.35450022407923,18.093529617556765,2.697361986962439,Max Hamngatan,1.73645,,3.4729,,6.9458,,13.8916,,nogo
59.347820451702646,18.053238754918667,0.5920438128977134,Max Odenplan,2.24558,0.5920438128977134,4.49116,1.1840876257954267,8.98232,0.710452575477256,17.96464,4.789080402545365,clear
59.316993383375355,18.098009439711298,1.4280992581053849,Max Södermalm,1.4951199999999998,1.4280992581053849,2.9902399999999996,2.8561985162107697,5.980479999999999,1.713719109726462,11.960959999999998,10.139835251874462,clear
59.34867518019341,18.06873813987506,1.2024876174884704,Max Odenplan,2.41666,1.2024876174884704,4.83332,2.404975234976941,9.66664,1.4429851409861645,19.33328,8.695920751926211,clear
59.35016373120761,18.045570185277594,0.7911527041676792,Max Karolinska,2.06901,0.7911527041676792,4.13802,1.5823054083353585,8.27604,0.9493832450012151,16.55208,6.063377306673147,clear
59.3386172256421,18.054948272814634,0.49090921187028624,Max Odenplan,1.87166,0.49090921187028624,3.74332,0.9818184237405725,7.48664,0.5890910542443435,14.97328,4.141818955969832,clear
59.31576045665232,18.06328675661277,0.5570507962004962,Max Södermalm,0.99305,0.5570507962004962,1.9861,1.1141015924009925,3.9722,0.6684609554405955,7.9444,4.565125095683176,clear
59.31198756399922,18.051022015634622,1.3206510840031753,Max Södermalm,2.74118,1.3206510840031753,5.48236,2.6413021680063506,10.96472,1.5847813008038105,21.92944,9.452166937620323,clear
59.34011212058269,18.08634726738391,1.1423346681430766,Max Hamngatan,0.75464,,1.50928,,3.01856,,6.03712,,nogo
59.31480886825365,18.090419910172255,0.9928489632633206,Max Södermalm,1.02475,0.9928489632633206,2.0495,1.9856979265266412,4.099,1.1914187559159848,8.198,7.354233364885252,clear
59.312065955208205,18.07634683929011,0.44239746895561477,Max Södermalm,0.45702,0.44239746895561477,0.91404,0.8847949379112295,1.82808,0.5308769627467378,3.65616,3.831343801315935,clear
59.344588357393185,18.105910491585966,2.3247494111387605,Max Hamngatan,0.385,,0.77,,1.54,,3.08,,nogo
59.343574491037586,18.031948533330926,0.37629600141635505,Max Karolinska,1.40959,0.37629600141635505,2.81918,0.7525920028327101,5.63836,0.4515552016996261,11.27672,3.4082944090646725,clear
59.329717777316326,18.036134311977918,0.5027939458953219,Max Kungsholmen,2.83353,,5.66706,,11.33412,,22.66824,,nogo
59.35080312466199,18.05599806236491,0.9524254850808487,Max Odenplan,0.93124,0.9524254850808487,1.86248,1.9048509701616974,3.72496,1.1429105820970185,7.44992,7.095523104517431,clear
59.33513456110943,18.06859955837679,0.3156469003276195,Max Hamngatan,0.32168,,0.64336,,1.28672,,2.57344,,nogo
59.31393965380569,18.06849090212346,0.3238566341220225,Max Södermalm,0.7888,0.3238566341220225,1.5776,0.647713268244045,3.1552,0.388627960946427,6.3104,3.072682458380944,clear
59.35261352994835,18.08470782446101,2.205434562329191,Max Odenplan,1.27107,2.205434562329191,2.54214,4.410869124658382,5.08428,2.6465214747950294,10.16856,15.114781198906822,clear
59.317867367690056,18.037063746249384,1.795876205129444,Max Kungsholmen,0.79487,,1.58974,,3.17948,,6.35896,,nogo
59.31169929399605,18.058790071919965,0.9253877863768065,Max Södermalm,1.5454,0.9253877863768065,3.0908,1.850775572753613,6.1816,1.1104653436521676,12.3632,6.922481832811561,clear
59.31443936201798,18.077213934269434,0.2728513726379972,Max Södermalm,2.33417,0.2728513726379972,4.66834,0.5457027452759944,9.33668,0.32742164716559663,18.67336,2.746248784883182,clear
59.34061153205736,18.10160556720668,1.8880395778720847,Max Hamngatan,0.68512,,1.37024,,2.74048,,5.48096,,nogo
59.33018261006127,18.01036731265192,1.3187407140108434,Max Kungsholmen,0.6325,,1.265,,2.53,,5.06,,nogo
59.34672664412369,18.048266391847555,0.4901345738959733,Max Odenplan,1.25675,0.4901345738959733,2.5135,0.9802691477919466,5.027,0.588161488675168,10.054,4.13686127293423,clear
59.319295865333565,18.05333273468489,1.194305211002016,Max Södermalm,1.5161900000000001,1.194305211002016,3.0323800000000003,2.388610422004032,6.064760000000001,1.4331662532024192,12.129520000000001,8.643553350412903,clear
59.350782191261196,18.085745399634835,2.1374992323162685,Max Hamngatan,0.96517,,1.93034,,3.8606799999999994,,7.721359999999999,,nogo
59.31714838829432,18.09111020539776,1.0407152531305026,Max Södermalm,2.8087600000000004,1.0407152531305026,5.617520000000001,2.0814305062610052,11.235040000000001,1.248858303756603,22.470080000000003,7.660577620035216,clear
59.320524449484566,18.072291682855717,0.5430561400971975,Max Södermalm,0.266,0.5430561400971975,0.532,1.086112280194395,1.064,0.651667368116637,2.128,4.475559296622064,clear
59.31501448237439,18.07741033468973,0.25778599427921683,Max Södermalm,1.02975,0.25778599427921683,2.0595,0.5155719885584337,4.119,0.3093431931350602,8.238,2.6498303633869877,clear
59.33929397524302,18.11435243897385,2.510339560841244,Max Hamngatan,1.75247,,3.50494,,7.00988,,14.01976,,nogo
59.32652694207298,18.019670656817866,1.088742511990969,Max Kungsholmen,2.81458,,5.62916,,11.25832,,22.51664,,nogo
59.342019252161464,18.047926155188083,0.20084813000619817,Max Odenplan,0.6505299999999999,0.20084813000619817,1.3010599999999999,0.40169626001239633,2.6021199999999998,0.2410177560074378,5.2042399999999995,2.2854280320396683,clear
59.34854463781572,18.079574366621863,1.7414228820856903,Max Odenplan,1.174,1.7414228820856903,2.348,3.4828457641713806,4.696,2.0897074585028284,9.392,12.145106445348418,clear
59.34714817266168,18.051971042761476,0.5080001809408291,Max Odenplan,0.8091,0.5080001809408291,1.6182,1.0160003618816582,3.2364,0.6096002171289949,6.4728,4.251201158021306,clear
59.34116488360785,18.08883371952838,1.3255342981452922,Max Hamngatan,1.838,,3.676,,7.352,,14.704,,nogo
59.33948365028185,18.089495082427828,1.233399334456522,Max Hamngatan,1.2832999999999999,,2.5665999999999998,,5.1331999999999995,,10.266399999999999,,nogo
59.334390754672576,18.011815328691366,1.174484767404184,Max Kungsholmen,1.1836,,2.3672,,4.7344,,9.4688,,nogo
59.335516673977516,18.02263519938633,0.5883383674176589,Max Kungsholmen,1.34854,,2.69708,,5.39416,,10.78832,,nogo
59.31152547394895,18.05647731182504,1.051367385233602,Max Södermalm,0.81701,1.051367385233602,1.63402,2.102734770467204,3.26804,1.2616408622803226,6.53608,7.728751265495053,clear
59.31108046459089,18.086105820734822,0.9013249594788147,Max Södermalm,2.3270999999999997,0.9013249594788147,4.6541999999999994,1.8026499189576295,9.308399999999999,1.0815899513745777,18.616799999999998,6.768479740664414,clear
59.31459727241232,18.087294795959913,0.8189756759915459,Max Södermalm,0.36436,0.8189756759915459,0.72872,1.6379513519830917,1.45744,0.982770811189855,2.91488,6.241444326345894,clear
59.31804652580212,18.065910193270764,0.48623740824890593,Max Södermalm,3.0739099999999997,0.48623740824890593,6.147819999999999,0.9724748164978119,12.295639999999999,0.5834848898986871,24.591279999999998,4.111919412792998,clear
59.315171600550556,18.055877724807207,0.980437728540784,Max Södermalm,0.68683,0.980437728540784,1.37366,1.960875457081568,2.74732,1.176525274248941,5.49464,7.274801462661018,clear
59.31253742916556,18.06821200236692,0.44485114433286677,Max Södermalm,2.40149,0.44485114433286677,4.80298,0.8897022886657335,9.60596,0.5338213731994401,19.21192,3.8470473237303473,clear
59.34589288521682,18.088580264709194,1.7248244452461228,Max Hamngatan,0.4315,,0.863,,1.726,,3.452,,nogo
59.3425595950145,18.054691452298265,0.19497220143974012,Max Odenplan,1.6573900000000001,0.19497220143974012,3.3147800000000003,0.38994440287948023,6.629560000000001,0.23396664172768813,13.259120000000001,2.2478220892143366,clear
59.353161442447536,18.100753446593437,2.7847225990361464,Max Hamngatan,2.79647,,5.59294,,11.18588,,22.37176,,nogo
59.31442395771238,18.061670655602253,0.6635779872143394,Max Södermalm,1.41291,0.6635779872143394,2.82582,1.3271559744286787,5.65164,0.7962935846572072,11.30328,5.246899118171772,clear
59.337776191494186,18.070381126893924,0.5145010040530674,Max Hötorget,1.34976,,2.69952,,5.39904,,10.79808,,nogo
59.32482492690996,18.067640568057058,0.9356099266899677,Max Hamngatan,2.98959,,5.97918,,11.95836,,23.91672,,nogo
59.33219113454466,18.0579574141363,0.4510320716349914,Max Hötorget,1.70324,,3.40648,,6.81296,,13.62592,,nogo
59.32964022271436,18.04192722753107,0.7134084374523675,Max Kungsholmen,0.52007,,1.04014,,2.08028,,4.16056,,nogo
59.342285785111365,18.11116191669065,2.4585870249528186,Max Hamngatan,0.24493,,0.48986,,0.9797200000000001,,1.9594400000000003,,nogo
59.31234792114562,18.07260923945099,0.370527272679698,Max Södermalm,1.5758699999999999,0.370527272679698,3.1517399999999998,0.741054545359396,6.3034799999999995,0.44463272721563757,12.606959999999999,3.371374545150067,clear
59.3139047409703,18.080222034253858,0.45225953871250907,Max Södermalm,3.41651,0.45225953871250907,6.83302,0.9045190774250181,13.66604,0.5427114464550109,27.33208,3.894461047760058,clear
59.33866480805763,18.052839012939742,0.44768105054519647,Max Odenplan,1.7389400000000002,0.44768105054519647,3.4778800000000003,0.8953621010903929,6.955760000000001,0.5372172606542357,13.911520000000001,3.865158723489257,clear
59.35031614193205,18.04319813617112,0.6836263279385377,Max Karolinska,0.65173,0.6836263279385377,1.30346,1.3672526558770755,2.60692,0.8203515935262453,5.21384,5.375208498806641,clear
59.308025882572885,18.087810452025607,1.1956130526873479,Max Södermalm,1.48982,1.1956130526873479,2.97964,2.3912261053746957,5.95928,1.4347356632248174,11.91856,8.651923537199027,clear
59.35688746527702,18.086395780256147,2.5547610354492516,Max Odenplan,2.5990300000000004,2.5547610354492516,5.198060000000001,5.109522070898503,10.396120000000002,3.0657132425391023,20.792240000000003,17.35047062687521,clear
59.33370035856604,18.026831105830098,0.31830467398684054,Max Kungsholmen,1.11565,,2.2313,,4.4626,,8.9252,,nogo
59.31501749222253,18.060495906863547,0.7195262592461689,Max Södermalm,2.53423,0.7195262592461689,5.06846,1.4390525184923377,10.13692,0.8634315110954026,20.27384,5.604968059175481,clear
59.3134937277151,18.036629140530756,2.0891847179080623,Max Södermalm,0.5515599999999999,2.0891847179080623,1.1031199999999999,4.1783694358161245,2.2062399999999998,2.507021661489675,4.4124799999999995,14.3707821946116,clear
59.34587632117844,18.042039953415298,0.5136781073756166,Max Karolinska,0.89413,0.5136781073756166,1.78826,1.0273562147512332,3.57652,0.61641372885074,7.15304,4.2875398872039465,clear
59.31680421023458,18.05755710339065,0.8922900401254167,Max Södermalm,1.7544000000000002,0.8922900401254167,3.5088000000000004,1.7845800802508334,7.017600000000001,1.0707480481505,14.035200000000001,6.710656256802666,clear
59.34617533286702,18.045781835151722,0.5057805461277244,Max Odenplan,1.91788,0.5057805461277244,3.83576,1.0115610922554488,7.671520000000001,0.6069366553532693,15.343040000000002,4.236995495217436,clear
59.31852804489112,18.05136430879343,1.276334556134738,Max Södermalm,2.54511,1.276334556134738,5.09022,2.552669112269476,10.18044,1.5316014673616856,20.36088,9.168541159262322,clear
59.31056192261215,18.09278706042302,1.2588431225574088,Max Södermalm,1.23501,1.2588431225574088,2.47002,2.5176862451148176,4.94004,1.5106117470688905,9.88008,9.056595984367416,clear
59.31504463270659,18.047236432756666,1.4726312146024325,Max Södermalm,0.48848,1.4726312146024325,0.97696,2.945262429204865,1.95392,1.767157457522919,3.90784,10.424839773455568,clear
59.355855160283475,18.084212061063376,2.3859938006655335,Max Odenplan,1.82921,2.3859938006655335,3.65842,4.771987601331067,7.31684,2.86319256079864,14.63368,16.270360324259414,clear
59.34654323296022,18.034103168925974,0.06272485166544937,Max Karolinska,1.09522,0.06272485166544937,2.19044,0.12544970333089875,4.38088,0.07526982199853925,8.76176,1.401439050658876,clear
59.344520172656836,18.09901106683008,2.006397748300915,Max Hamngatan,2.13622,,4.27244,,8.54488,,17.08976,,nogo
59.34232829553561,18.068824331455044,0.8407752238948584,Max Hötorget,1.9382300000000001,,3.8764600000000002,,7.752920000000001,,15.505840000000003,,nogo
59.33635358833904,18.01464307429986,1.0505947382639362,Max Kungsholmen,2.0804699999999996,,4.160939999999999,,8.321879999999998,,16.643759999999997,,nogo
59.350767377451064,18.05998210732096,1.035999531182603,Max Odenplan,1.2857,1.035999531182603,2.5714,2.071999062365206,5.1428,1.2431994374191235,10.2856,7.630396999568658,clear
59.350465734514444,18.053228455182747,0.8830810907742664,Max Odenplan,1.45798,0.8830810907742664,2.91596,1.7661621815485329,5.83192,1.0596973089291197,11.66384,6.651718980955305,clear
59.33182471697496,18.08632219580008,0.8214977522717345,Max Hamngatan,1.7598099999999999,,3.5196199999999997,,7.0392399999999995,,14.078479999999999,,nogo
59.35325655437694,18.094956926976497,2.614168780307995,Max Hamngatan,0.44412999999999997,,0.8882599999999999,,1.7765199999999999,,3.5530399999999998,,nogo
59.349364873808085,18.051376947175083,0.7533835843342702,Max Odenplan,2.2648200000000003,0.7533835843342702,4.5296400000000006,1.5067671686685404,9.059280000000001,0.9040603012011242,18.118560000000002,5.82165493973933,clear
59.34602424621164,18.10477302687405,2.3665593625971955,Max Hamngatan,0.53208,,1.06416,,2.12832,,4.25664,,nogo
59.35075020659852,18.064874760198546,1.1930672252937362,Max Odenplan,2.29839,1.1930672252937362,4.59678,2.3861344505874724,9.19356,1.4316806703524834,18.38712,8.635630241879912,clear
59.33563679579918,18.003559807366596,1.6550949527421024,Max Kungsholmen,1.02197,,2.04394,,4.08788,,8.17576,,nogo
59.3541738558959,18.09638156050925,2.7432277111028585,Max Hamngatan,2.34367,,4.68734,,9.37468,,18.74936,,nogo
59.31028798142055,18.098691178421053,1.5775670875921135,Max Södermalm,2.31859,1.5775670875921135,4.63718,3.155134175184227,9.27436,1.8930805051105364,18.54872,11.096429360589527,clear
59.332950715362145,18.015541470164198,0.965440009216557,Max Kungsholmen,1.9719,,3.9438,,7.8876,,15.7752,,nogo
59.31419942156234,18.04731457856978,1.4756418744718969,Max Södermalm,1.64246,1.4756418744718969,3.28492,2.9512837489437937,6.56984,1.7707702493662762,13.13968,10.44410799662014,clear
59.33771373645668,18.02170190300569,0.7489570369341162,Max Kungsholmen,1.19249,,2.38498,,4.76996,,9.53992,,nogo
59.31253203438381,18.05232295967755,1.231876858898129,Max Södermalm,2.0824000000000003,1.231876858898129,4.1648000000000005,2.463753717796258,8.329600000000001,1.4782522306777548,16.659200000000002,8.884011896948026,clear
59.314456919318275,18.10198963422905,1.6526386623622478,Max Södermalm,2.0326,1.6526386623622478,4.0652,3.3052773247244955,8.1304,1.9831663948346971,16.2608,11.576887439118385,clear
59.34939223397947,18.07884243614095,1.7418377105319998,Max Odenplan,2.79675,1.7418377105319998,5.5935,3.4836754210639995,11.187,2.0902052526383996,22.374,12.1477613474048,clear
59.340498538527854,18.07965498983892,0.9491892897226272,Max Hamngatan,2.09188,,4.18376,,8.36752,,16.73504,,nogo
59.34025095421215,18.00872985736466,1.527133232687109,Max Kungsholmen,2.24994,,4.49988,,8.99976,,17.99952,,nogo
59.33920487689742,18.093209469591425,1.39331079559379,Max Hamngatan,1.90973,,3.81946,,7.638920000000001,,15.277840000000001,,nogo
59.31516121705795,18.035686489770285,2.086080102753347,Max Kungsholmen,1.89706,,3.79412,,7.588240000000001,,15.176480000000002,,nogo
59.343041025812006,18.08201404667428,1.2625134066374601,Max Hamngatan,1.14849,,2.29698,,4.59396,,9.18792,,nogo
59.34648947747795,18.039582691259962,0.36406347496109437,Max Karolinska,2.11083,0.36406347496109437,4.22166,0.7281269499221887,8.44332,0.43687616995331324,16.88664,3.330006239751004,clear
59.31701969139536,18.096042329967524,1.3170631241014943,Max Södermalm,1.3576199999999998,1.3170631241014943,2.7152399999999997,2.6341262482029886,5.430479999999999,1.580475748921793,10.860959999999999,9.429203994249564,clear
59.3469769389533,18.097730726676627,2.1423566770882636,Max Hamngatan,2.71328,,5.42656,,10.85312,,21.70624,,nogo
59.347749662562265,18.101463304151853,2.35217477475762,Max Hamngatan,1.3036800000000002,,2.6073600000000003,,5.214720000000001,,10.429440000000001,,nogo
59.33679598314076,18.08424309552003,0.8176590518774228,Max Hamngatan,1.60263,,3.20526,,6.41052,,12.82104,,nogo
59.35271563642206,18.097942765419305,2.6525960954395726,Max Hamngatan,1.9972999999999999,,3.9945999999999997,,7.989199999999999,,15.978399999999999,,nogo
59.31852553075944,18.045419734374715,1.6062922771475816,Max Södermalm,1.06543,1.6062922771475816,2.13086,3.212584554295163,4.26172,1.9275507325770982,8.52344,11.280270573744524,clear
59.31999296624354,18.075139103564553,0.49628759265940015,Max Södermalm,0.64385,0.49628759265940015,1.2877,0.9925751853188003,2.5754,0.5955451111912802,5.1508,4.176240593020161,clear
59.319099189122134,18.065406322510206,0.5801603587689526,Max Södermalm,1.3191,0.5801603587689526,2.6382,1.160320717537905,5.2764,0.696192430522743,10.5528,4.7130262961212965,clear
59.344406634514286,18.090793697844134,1.6663267050706407,Max Hamngatan,0.73196,,1.46392,,2.92784,,5.85568,,nogo
59.347900407231016,18.091588512866373,2.0057423848131406,Max Hamngatan,2.44887,,4.89774,,9.79548,,19.59096,,nogo
59.32024266939403,18.074530486474096,0.5166379808589588,Max Södermalm,1.63859,0.5166379808589588,3.27718,1.0332759617179177,6.55436,0.6199655770307506,13.10872,4.306483077497337,clear
59.33425479970675,18.075864349311065,0.26347416238449667,Max Hamngatan,1.57302,,3.14604,,6.29208,,12.58416,,nogo
59.33037904286679,18.077579924079213,0.42307358013931046,Max Hamngatan,1.43549,,2.87098,,5.74196,,11.48392,,nogo
59.33840890465968,18.083925684471303,0.9118194423546458,Max Hamngatan,1.1274600000000001,,2.2549200000000003,,4.5098400000000005,,9.019680000000001,,nogo
59.34043227188366,18.094675099935856,1.5360417724030209,Max Hamngatan,2.71766,,5.43532,,10.87064,,21.74128,,nogo
59.31394402693062,18.058116993515846,0.872720459585313,Max Södermalm,2.01061,0.872720459585313,4.02122,1.745440919170626,8.04244,1.0472645515023755,16.08488,6.585410941346003,clear
59.356481918718835,18.08437527947099,2.436973466401739,Max Odenplan,2.77726,2.436973466401739,5.55452,4.873946932803478,11.10904,2.924368159682087,22.21808,16.59663018497113,clear
59.34306121867444,18.06060339190307,0.5337731934692287,Max Odenplan,2.2244099999999998,0.5337731934692287,4.4488199999999996,1.0675463869384574,8.897639999999999,0.6405278321630745,17.795279999999998,4.416148438203064,clear
59.33311605295297,17.996688180961883,2.0352343498865433,Max Kungsholmen,1.62929,,3.25858,,6.51716,,13.03432,,nogo
59.3443295346274,18.037713098476953,0.3824361873256807,Max Karolinska,2.53575,0.3824361873256807,5.0715,0.7648723746513614,10.143,0.4589234247908168,20.286,3.4475915988843564,clear
59.35039073447315,18.05775161181055,0.9428481054822041,Max Odenplan,1.55373,0.9428481054822041,3.10746,1.8856962109644082,6.21492,1.131417726578645,12.42984,7.034227875086106,clear
59.31126566030172,18.057949807121037,0.9906992796619896,Max Södermalm,1.298,0.9906992796619896,2.596,1.9813985593239791,5.192,1.1888391355943875,10.384,7.340475389836733,clear
59.317591716139184,18.07545174055974,0.25392816783677347,Max Södermalm,1.34425,0.25392816783677347,2.6885,0.5078563356735469,5.377,0.3047138014041282,10.754,2.62514027415535,clear
59.33266736619711,18.016772023436104,0.8997070194972856,Max Kungsholmen,0.83238,,1.66476,,3.32952,,6.65904,,nogo
59.314422871992946,18.035727172134216,2.1309664809510602,Max Södermalm,1.39323,2.1309664809510602,2.78646,4.2619329619021205,5.57292,2.5571597771412726,11.14584,14.638185478086786,clear
59.33400495024499,18.084064779840496,0.6946196334030948,Max Hamngatan,1.3440999999999999,,2.6881999999999997,,5.376399999999999,,10.752799999999999,,nogo
59.31099596182002,18.0539232745093,1.2080139838836037,Max Södermalm,1.70893,1.2080139838836037,3.41786,2.4160279677672074,6.83572,1.4496167806603244,13.67144,8.731289496855064,clear
59.34353854731449,18.091639691147844,1.625879185271309,Max Hamngatan,2.3535399999999997,,4.7070799999999995,,9.414159999999999,,18.828319999999998,,nogo
59.33880747394176,18.07526272373358,0.6813521003497366,Max Hamngatan,2.05134,,4.10268,,8.20536,,16.41072,,nogo
59.35533594666416,18.088787492498195,2.5630393610039537,Max Odenplan,1.34623,2.5630393610039537,2.69246,5.126078722007907,5.38492,3.0756472332047444,10.76984,17.403451910425304,clear
59.33131253815143,18.054321219783006,0.6598223396622153,Max Hötorget,1.87858,,3.75716,,7.51432,,15.02864,,nogo
59.33785268455574,18.00040724451028,1.87671270286869,Max Kungsholmen,2.19264,,4.38528,,8.77056,,17.54112,,nogo
59.30713549739644,18.067168860530586,1.0079009047799605,Max Södermalm,1.80035,1.0079009047799605,3.6007,2.015801809559921,7.2014,1.2094810857359526,14.4028,7.450565790591748,clear
59.34783822006845,18.05847820094224,0.7131752343199282,Max Odenplan,2.62028,0.7131752343199282,5.24056,1.4263504686398565,10.48112,0.8558102811839139,20.96224,5.564321499647541,clear
59.31499486274259,18.07642588703846,0.20538372429779037,Max Södermalm,2.0932399999999998,0.20538372429779037,4.1864799999999995,0.41076744859558073,8.372959999999999,0.24646046915734843,16.745919999999998,2.3144558355058584,clear
59.312327516517755,18.08111962399275,0.5904510939755194,Max Södermalm,1.80515,0.5904510939755194,3.6103,1.1809021879510389,7.2206,0.7085413127706234,14.4412,4.778887001443325,clear
59.33355027816126,18.095200156181082,1.3196538871709382,Max Hamngatan,1.03649,,2.07298,,4.14596,,8.29192,,nogo
59.31781819455038,18.080838830784554,0.5033750198758933,Max Södermalm,2.13463,0.5033750198758933,4.26926,1.0067500397517866,8.53852,0.604050023851072,17.07704,4.221600127205717,clear
59.342774473650834,18.111281537146624,2.4882824314148455,Max Hamngatan,1.24112,,2.48224,,4.96448,,9.92896,,nogo
59.33756066646866,18.022190369689792,0.7164250015277844,Max Kungsholmen,2.0547600000000004,,4.109520000000001,,8.219040000000001,,16.438080000000003,,nogo
59.34539749652748,18.04826874389417,0.35503507202982,Max Odenplan,1.90491,0.35503507202982,3.80982,0.71007014405964,7.6196399999999995,0.426042086435784,15.239279999999999,3.2722244609908477,clear
59.31438062216194,18.09752630381902,1.4002983995436937,Max Södermalm,2.68109,1.4002983995436937,5.36218,2.8005967990873875,10.72436,1.6803580794524327,21.44872,9.96190975707964,clear
59.31099404817662,18.078155238958423,0.5956811923120201,Max Södermalm,1.93329,0.5956811923120201,3.86658,1.1913623846240402,7.73316,0.7148174307744242,15.46632,4.812359630796928,clear
59.312106415730284,18.052980908959807,1.2106854671528764,Max Södermalm,2.02799,1.2106854671528764,4.05598,2.421370934305753,8.11196,1.4528225605834515,16.22392,8.748386989778409,clear
59.310143706799145,18.07251532028473,0.61596179653378,Max Södermalm,1.22206,0.61596179653378,2.44412,1.23192359306756,4.88824,0.739154155840536,9.77648,4.942155497816192,clear
59.34031918687181,18.012432431410037,1.3488133466980758,Max Kungsholmen,1.72651,,3.45302,,6.90604,,13.81208,,nogo
59.31718175234243,18.020814265817922,1.9669601509094774,Max Kungsholmen,1.9336300000000002,,3.8672600000000004,,7.73452,,15.46904,,nogo
59.320744231705476,18.0471521613971,1.5804108560759174,Max Södermalm,2.01661,1.5804108560759174,4.03322,3.1608217121518347,8.06644,1.8964930272911007,16.13288,11.11462947888587,clear
59.31266774951949,18.0752620920921,0.35661714553622387,Max Södermalm,0.22219999999999998,0.35661714553622387,0.44439999999999996,0.7132342910724477,0.8887999999999999,0.42794057464346863,1.7775999999999998,3.282349731431833,clear
59.30874360075025,18.0977911569397,1.6054787089540852,Max Södermalm,1.7665799999999998,1.6054787089540852,3.5331599999999996,3.2109574179081704,7.066319999999999,1.926574450744902,14.132639999999999,11.275063737306144,clear
59.35014264083792,18.094675338451328,2.311004115374794,Max Hamngatan,1.99988,,3.99976,,7.999520000000001,,15.999040000000003,,nogo
59.32956098248498,18.067263776084857,0.46244777025841577,Max Hamngatan,1.6421,,3.2842,,6.5684,,13.1368,,nogo
59.35323779706323,18.08462243068391,2.2372677812447916,Max Odenplan,1.3163399999999998,2.2372677812447916,2.6326799999999997,4.474535562489583,5.265359999999999,2.68472133749375,10.530719999999999,15.318513799966667,clear
59.35345190451472,18.082115453942556,2.131057436219042,Max Odenplan,2.31657,2.131057436219042,4.63314,4.262114872438084,9.26628,2.5572689234628503,18.53256,14.63876759180187,clear
59.341746273134696,18.06516723128506,0.7115240944265245,Max Hötorget,1.31227,,2.62454,,5.24908,,10.49816,,nogo
59.351585300476756,18.065738242474954,1.2959265619408098,Max Odenplan,2.23399,1.2959265619408098,4.46798,2.5918531238816196,8.93596,1.5551118743289718,17.87192,9.293929996421182,clear
59.339974723536336,18.111027492841966,2.35367625856068,Max Hamngatan,2.02772,,4.05544,,8.11088,,16.22176,,nogo
59.33133615727905,18.03661576494847,0.364917036340382,Max Kungsholmen,1.9376600000000002,,3.8753200000000003,,7.750640000000001,,15.501280000000001,,nogo
59.34016482663892,18.067080132757887,0.5806164944912907,Max Hötorget,1.79934,,3.59868,,7.19736,,14.39472,,nogo
59.32969591424552,18.059323656192937,0.6720847875545961,Max Hötorget,1.6334300000000002,,3.2668600000000003,,6.533720000000001,,13.067440000000001,,nogo
59.3543372293117,18.097789980297552,2.800030110581295,Max Hamngatan,1.9648299999999999,,3.9296599999999997,,7.85932,,15.71864,,nogo
59.33498510584606,18.006978846223486,1.4538651081205898,Max Kungsholmen,1.50708,,3.01416,,6.02832,,12.05664,,nogo
59.33291322248886,18.04662957420525,0.8150220652251473,Max Kungsholmen,2.14999,,4.29998,,8.59996,,17.19992,,nogo
59.31503113285067,18.051147494413062,1.2502748523867846,Max Södermalm,1.14118,1.2502748523867846,2.28236,2.500549704773569,4.56472,1.5003298228641415,9.12944,9.001759055275421,clear
59.335177071306326,18.064277987499214,0.10708946017770633,Max Hötorget,1.61538,,3.23076,,6.46152,,12.92304,,nogo
59.3152268473488,18.055978037377653,0.9744051090159007,Max Södermalm,3.05631,0.9744051090159007,6.11262,1.9488102180318014,12.22524,1.169286130819081,24.45048,7.236192697701765,clear
59.320779052801676,18.06209307513876,0.8455465380369726,Max Södermalm,2.05491,0.8455465380369726,4.10982,1.691093076073945,8.21964,1.014655845644367,16.43928,6.411497843436624,clear
59.315208124172315,18.051608223988687,1.2230961403778138,Max Södermalm,1.5798800000000002,1.2230961403778138,3.1597600000000003,2.4461922807556276,6.319520000000001,1.4677153684533766,12.639040000000001,8.827815298418008,clear
59.3180895512648,18.063867837254868,0.5893349131181128,Max Södermalm,1.66885,0.5893349131181128,3.3377,1.1786698262362256,6.6754,0.7072018957417354,13.3508,4.771743443955922,clear
59.309553942112736,18.052346020557998,1.3624396325804082,Max Södermalm,2.47384,1.3624396325804082,4.94768,2.7248792651608165,9.89536,1.6349275590964898,19.79072,9.719613648514613,clear
59.309809542625615,18.099644060048867,1.6482708193311242,Max Södermalm,2.11339,1.6482708193311242,4.22678,3.2965416386622484,8.45356,1.9779249831973489,16.90712,11.548933243719194,clear
59.31245790132009,18.08452802970699,0.744155569597911,Max Södermalm,1.49495,0.744155569597911,2.9899,1.488311139195822,5.9798,0.8929866835174931,11.9596,5.7625956454266305,clear
59.34217362743895,18.031661508685712,0.5327477585379087,Max Karolinska,1.35333,0.5327477585379087,2.70666,1.0654955170758174,5.41332,0.6392973102454904,10.82664,4.4095856546426155,clear
59.312484504338514,18.053322892581768,1.178956411087165,Max Södermalm,1.3851900000000001,1.178956411087165,2.7703800000000003,2.35791282217433,5.540760000000001,1.4147476933045982,11.081520000000001,8.545321030957856,clear
59.338524244701574,18.09582715599757,1.4906071951236597,Max Hamngatan,2.24239,,4.48478,,8.96956,,17.93912,,nogo
59.315741964104646,18.08673037724821,0.7781694021160347,Max Södermalm,1.55435,0.7781694021160347,3.1087,1.5563388042320694,6.2174,0.9338032825392416,12.4348,5.980284173542622,clear
59.349402895329156,18.05237717396615,0.760225856024493,Max Odenplan,1.89191,0.760225856024493,3.78382,1.520451712048986,7.567640000000001,0.9122710272293916,15.135280000000002,5.865445478556755,clear
59.31741094361303,18.081420657330046,0.513923589934988,Max Södermalm,1.59303,0.513923589934988,3.18606,1.027847179869976,6.37212,0.6167083079219856,12.74424,4.289110975583923,clear
59.342126267693786,18.06760839085377,0.7926209285860829,Max Hötorget,1.7253900000000002,,3.4507800000000004,,6.901560000000001,,13.803120000000002,,nogo
59.341690340125204,18.095340824303378,1.6470352778989592,Max Hamngatan,1.49471,,2.98942,,5.97884,,11.95768,,nogo
59.35755649108298,18.089848002055113,2.7555574685079773,Max Odenplan,1.63904,2.7555574685079773,3.27808,5.511114937015955,6.55616,3.3066689622095726,13.11232,18.635567798451056,clear
59.319386295559525,18.047838486313285,1.4952193829621672,Max Södermalm,3.11096,1.4952193829621672,6.22192,2.9904387659243343,12.44384,1.7942632595546006,24.88768,10.56940405095787,clear
59.34322517343493,18.051802580258332,0.07580620926086376,Max Odenplan,1.08212,0.07580620926086376,2.16424,0.15161241852172752,4.32848,0.09096745111303652,8.65696,1.4851597392695282,clear
59.335654641930866,18.08261575874502,0.674413368261178,Max Hamngatan,1.98004,,3.96008,,7.920159999999999,,15.840319999999998,,nogo
59.34700646948897,18.09600215676822,2.078978031094798,Max Hamngatan,1.23756,,2.47512,,4.95024,,9.90048,,nogo
59.34053569305206,18.051710734656556,0.23160932176850632,Max Odenplan,0.83924,0.23160932176850632,1.67848,0.46321864353701264,3.35696,0.2779311861222076,6.71392,2.4822996593184405,clear
59.343863920865886,18.035888974994975,0.3692712295133636,Max Karolinska,1.19418,0.3692712295133636,2.38836,0.7385424590267272,4.77672,0.44312547541603636,9.55344,3.3633358688855273,clear
59.33369105543417,18.052184822576194,0.6214240836910944,Max Hötorget,1.70505,,3.4101,,6.8202,,13.6404,,nogo
59.30835428253507,18.070482686358524,0.8276927471519437,Max Södermalm,0.39577999999999997,0.8276927471519437,0.7915599999999999,1.6553854943038875,1.5831199999999999,0.9932312965823326,3.1662399999999997,6.29723358177244,clear
59.33869447250177,18.0649565396196,0.38160939892362167,Max Hötorget,2.09637,,4.19274,,8.38548,,16.77096,,nogo
59.33049841143895,18.02852377927516,0.4306593551716224,Max Kungsholmen,2.8551599999999997,,5.710319999999999,,11.420639999999999,,22.841279999999998,,nogo
59.34874279984535,18.045002129994398,0.700817419273401,Max Karolinska,1.1716300000000002,0.700817419273401,2.3432600000000003,1.401634838546802,4.686520000000001,0.8409809031280812,9.373040000000001,5.485231483349766,clear
59.31077050010719,18.09141559777414,1.1787479464136241,Max Södermalm,0.41531999999999997,1.1787479464136241,0.8306399999999999,2.3574958928272483,1.6612799999999999,1.414497535696349,3.3225599999999997,8.543986857047194,clear
59.35746623898104,18.088228792397476,2.67652877484116,Max Odenplan,1.9106800000000002,2.67652877484116,3.8213600000000003,5.35305754968232,7.64272,3.211834529809392,15.28544,18.129784158983423,clear
59.33294661204452,18.05921401230759,0.34120810846604926,Max Hötorget,1.29897,,2.59794,,5.19588,,10.39176,,nogo
59.33636241117441,18.097899448943366,1.5206124849695797,Max Hamngatan,1.09203,,2.18406,,4.36812,,8.73624,,nogo
59.34558715847479,18.067801444276657,0.9979036312500279,Max Odenplan,1.0463399999999998,0.9979036312500279,2.0926799999999997,1.9958072625000558,4.185359999999999,1.1974843575000336,8.370719999999999,7.386583240000179,clear
59.34077484294898,18.04079448135039,0.6297024383849755,Max Odenplan,1.5124300000000002,0.6297024383849755,3.0248600000000003,1.259404876769951,6.049720000000001,0.7556429260619706,12.099440000000001,5.030095605663844,clear
59.3330718521805,18.09692482944883,1.4160430051497013,Max Hamngatan,1.47049,,2.94098,,5.88196,,11.76392,,nogo
59.331294488764684,18.010889953980502,1.2571382899142938,Max Kungsholmen,1.2160799999999998,,2.4321599999999997,,4.864319999999999,,9.728639999999999,,nogo
59.31468521239358,18.09160033273505,1.0611126121171666,Max Södermalm,0.9985700000000001,1.0611126121171666,1.9971400000000001,2.122225224234333,3.9942800000000007,1.2733351345405999,7.988560000000001,7.791120717549866,clear
59.318883660329526,18.082176269189517,0.6305603422599025,Max Södermalm,0.6888099999999999,0.6305603422599025,1.3776199999999998,1.261120684519805,2.7552399999999997,0.756672410711883,5.510479999999999,5.035586190463376,clear
59.34607311261342,18.070272332536025,1.1485035166344604,Max Odenplan,1.6516600000000001,1.1485035166344604,3.3033200000000003,2.2970070332689208,6.6066400000000005,1.3782042199613525,13.213280000000001,8.350422506460546,clear
59.331386939577136,17.99711650476676,2.027513015014914,Max Kungsholmen,1.1795,,2.359,,4.718,,9.436,,nogo
59.33722959168397,18.09941632581766,1.6301006875696695,Max Hamngatan,2.7448,,5.4896,,10.9792,,21.9584,,nogo
59.33993277001276,18.007518759878884,1.5726320146313648,Max Kungsholmen,1.5144900000000001,,3.0289800000000002,,6.0579600000000005,,12.115920000000001,,nogo
59.347151000623384,18.101500321743476,2.3073498996071335,Max Hamngatan,2.07132,,4.14264,,8.28528,,16.57056,,nogo
59.33875774387851,18.103050669859343,1.8806604849751867,Max Hamngatan,1.77766,,3.55532,,7.11064,,14.22128,,nogo
59.316291744010904,18.03988347056334,1.8909992090872243,Max Södermalm,2.17905,1.8909992090872243,4.3581,3.7819984181744486,8.7162,2.2691990509046693,17.4324,13.102394938158236,clear
59.31760746805927,18.086605199013846,0.8007423138432953,Max Södermalm,2.1262,0.8007423138432953,4.2524,1.6014846276865906,8.5048,0.9608907766119543,17.0096,6.12475080859709,clear
59.34411754205751,18.113813414186332,2.6845064069654523,Max Hamngatan,2.1447399999999996,,4.289479999999999,,8.578959999999999,,17.157919999999997,,nogo
59.34710844706057,18.096028377530804,2.0885422217190612,Max Hamngatan,1.87694,,3.75388,,7.50776,,15.01552,,nogo
59.343820968829725,18.054780861636267,0.24172303159872385,Max Odenplan,2.29875,0.24172303159872385,4.5975,0.4834460631974477,9.195,0.2900676379184686,18.39,2.5470274022318327,clear
59.31083439723031,18.08776262415027,0.9950847831209301,Max Södermalm,2.61905,0.9950847831209301,5.2381,1.9901695662418601,10.4762,1.1941017397451161,20.9524,7.368542611973952,clear
59.31441413402319,18.07380010725547,0.14555427877848284,Max Södermalm,2.44313,0.14555427877848284,4.88626,0.2911085575569657,9.77252,0.17466513453417942,19.54504,1.93154738418229,clear
59.309630502651906,18.09356503651294,1.347208161102309,Max Södermalm,1.75976,1.347208161102309,3.51952,2.694416322204618,7.03904,1.6166497933227708,14.07808,9.622132231054778,clear
59.33723208196923,18.071057547195302,0.4841344380423202,Max Hamngatan,1.18112,,2.36224,,4.72448,,9.44896,,nogo
59.344862268548745,18.085900635255005,1.5467987937561891,Max Hamngatan,1.71654,,3.43308,,6.86616,,13.73232,,nogo
59.333838052301886,18.029242567032146,0.18082551013229453,Max Kungsholmen,1.52892,,3.05784,,6.11568,,12.23136,,nogo
59.3166504240766,18.076673143837727,0.23283530990014997,Max Södermalm,1.70559,0.23283530990014997,3.41118,0.46567061980029995,6.82236,0.27940237188017997,13.64472,2.49014598336096,clear
59.31098087975821,18.064200843942537,0.7261775642316584,Max Södermalm,0.46069,0.7261775642316584,0.92138,1.4523551284633167,1.84276,0.87141307707799,3.68552,5.647536411082614,clear
59.334034050051514,18.004523899518148,1.587927199147167,Max Kungsholmen,2.8034499999999998,,5.6068999999999996,,11.213799999999999,,22.427599999999998,,nogo
59.31437461071095,18.084286639228388,0.6549583477738472,Max Södermalm,2.11624,0.6549583477738472,4.23248,1.3099166955476944,8.46496,0.7859500173286167,16.92992,5.191733425752622,clear
59.345394907250814,18.096183173926928,1.9542362714676258,Max Hamngatan,1.76206,,3.52412,,7.04824,,14.09648,,nogo
59.30809845593482,18.09647387665823,1.577319883883321,Max Södermalm,0.38714,1.577319883883321,0.77428,3.154639767766642,1.54856,1.8927838606599852,3.09712,11.094847256853253,clear
59.352953336732796,18.0936692128283,2.5487813733269054,Max Hamngatan,0.87588,,1.75176,,3.50352,,7.00704,,nogo
59.317827884321524,18.08790386259915,0.8785855424955875,Max Södermalm,0.68033,0.8785855424955875,1.36066,1.757171084991175,2.72132,1.0543026509947049,5.44264,6.622947471971759,clear
59.33124286275395,18.06131562833558,0.4796656496520677,Max Hötorget,1.60596,,3.21192,,6.42384,,12.84768,,nogo
59.30954458110053,18.06907721376847,0.7187623620857027,Max Södermalm,1.1776600000000002,0.7187623620857027,2.3553200000000003,1.4375247241714053,4.710640000000001,0.8625148345028432,9.421280000000001,5.600079117348497,clear
59.31848320990732,18.07618721313807,0.3606777971225149,Max Södermalm,1.90389,0.3606777971225149,3.80778,0.7213555942450298,7.61556,0.4328133565470179,15.23112,3.3083379015840952,clear
59.33975935808353,18.059710936220362,0.49996357588935264,Max Hötorget,1.1076400000000002,,2.2152800000000004,,4.430560000000001,,8.861120000000001,,nogo
59.315483102058984,18.07404248071527,0.059178029300837605,Max Södermalm,2.73504,0.059178029300837605,5.47008,0.11835605860167521,10.94016,0.07101363516100512,21.88032,1.3787393875253606,clear
59.32007715566842,18.044244373574386,1.6716776189797922,Max Kungsholmen,0.6898,,1.3796,,2.7592,,5.5184,,nogo
59.30710274160894,18.091327470926505,1.411269515266922,Max Södermalm,2.20136,1.411269515266922,4.40272,2.822539030533844,8.80544,1.6935234183203063,17.61088,10.0321248977083,clear
59.34955775235317,18.0593547238945,0.9012148097858323,Max Odenplan,1.8678800000000002,0.9012148097858323,3.7357600000000004,1.8024296195716647,7.471520000000001,1.0814577717429987,14.943040000000002,6.767774782629327,clear
59.33862484867628,18.065195098174602,0.3796586309744168,Max Hötorget,1.50542,,3.01084,,6.02168,,12.04336,,nogo
59.3151149922449,18.04130711549192,1.8097111790857006,Max Södermalm,1.62042,1.8097111790857006,3.24084,3.619422358171401,6.48168,2.1716534149028406,12.96336,12.582151546148484,clear
59.31794824381632,18.048178478754142,1.4399236251375638,Max Södermalm,1.84801,1.4399236251375638,3.69602,2.8798472502751276,7.39204,1.7279083501650767,14.78408,10.215511200880409,clear
59.31699817484452,18.07041646448015,0.2116827662370401,Max Södermalm,1.20402,0.2116827662370401,2.40804,0.4233655324740802,4.81608,0.2540193194844481,9.63216,2.3547697039170568,clear
59.328899883233724,18.079511781444136,0.6169446135135332,Max Hamngatan,2.2323000000000004,,4.464600000000001,,8.929200000000002,,17.858400000000003,,nogo
59.342289916789305,18.030227075190034,0.5400250472982612,Max Karolinska,2.36459,0.5400250472982612,4.72918,1.0800500945965223,9.45836,0.6480300567579135,18.91672,4.456160302708872,clear
59.35219497209076,18.098331686141435,2.6171542064814317,Max Hamngatan,1.05873,,2.11746,,4.23492,,8.46984,,nogo
59.33246653762242,18.043670091264943,0.657715423586343,Max Kungsholmen,1.89478,,3.78956,,7.57912,,15.15824,,nogo
59.31741841081767,18.04282420059145,1.733248308579856,Max Södermalm,0.9491900000000001,1.733248308579856,1.8983800000000002,3.466496617159712,3.7967600000000004,2.079897970295827,7.593520000000001,12.09278917491108,clear
59.35590517690587,18.099625819124405,3.0035236195134507,Max Hamngatan,0.83536,,1.67072,,3.34144,,6.68288,,nogo
59.3421448955,18.112806036906715,2.537218966886902,Max Hamngatan,2.3328699999999998,,4.6657399999999996,,9.331479999999999,,18.662959999999998,,nogo
59.343253408199935,18.081927585608266,1.2815283654841354,Max Hamngatan,1.73544,,3.47088,,6.94176,,13.88352,,nogo
59.34762867134712,18.089914484883572,1.928750689522885,Max Hamngatan,1.66281,,3.32562,,6.65124,,13.30248,,nogo
59.343700269206714,18.02873120119913,0.43782956084190733,Max Karolinska,1.3331600000000001,0.43782956084190733,2.6663200000000002,0.8756591216838147,5.3326400000000005,0.5253954730102888,10.665280000000001,3.802109189388207,clear
59.33666508859835,18.0600765930495,0.18938862239809512,Max Hötorget,2.2515500000000004,,4.503100000000001,,9.006200000000002,,18.012400000000003,,nogo
59.309780840260494,18.076790294340498,0.6890318202585117,Max Södermalm,2.6637199999999996,0.6890318202585117,5.327439999999999,1.3780636405170235,10.654879999999999,0.826838184310214,21.309759999999997,5.409803649654475,clear
59.33956041605809,18.107006925865626,2.122847149483908,Max Hamngatan,2.0972,,4.1944,,8.3888,,16.7776,,nogo
59.315413469337685,18.051811913314737,1.2107559186355188,Max Södermalm,1.4349,1.2107559186355188,2.8698,2.4215118372710376,5.7396,1.4529071023626225,11.4792,8.74883787926732,clear
59.32905971391728,18.010738833956463,1.3428706150747078,Max Kungsholmen,0.16144,,0.32288,,0.64576,,1.29152,,nogo
59.31476408882431,18.0842865542879,0.6468079972945574,Max Södermalm,2.00847,0.6468079972945574,4.01694,1.2936159945891148,8.03388,0.7761695967534689,16.06776,5.1395711826851675,clear
59.31321461392628,18.063215919449604,0.6239307044735322,Max Södermalm,0.47228,0.6239307044735322,0.94456,1.2478614089470643,1.88912,0.7487168453682386,3.77824,4.993156508630606,clear
59.34311321897503,18.0598159854338,0.48983116067793625,Max Odenplan,1.59429,0.48983116067793625,3.18858,0.9796623213558725,6.37716,0.5877973928135235,12.75432,4.134919428338792,clear
59.316206669854154,18.037164154748254,1.9798228201233465,Max Kungsholmen,0.93408,,1.86816,,3.73632,,7.47264,,nogo
59.3366596307583,18.094181555450568,1.3269698913803694,Max Hamngatan,2.10737,,4.21474,,8.42948,,16.85896,,nogo
59.324681841156334,18.073311130646058,0.9200816683246181,Max Hamngatan,2.12631,,4.25262,,8.50524,,17.01048,,nogo
59.31356706720042,18.099953378379492,1.5489455394569962,Max Södermalm,1.34339,1.5489455394569962,2.68678,3.0978910789139924,5.37356,1.8587346473483954,10.74712,10.913251452524776,clear
59.33649600379204,18.01577994559547,0.9930936325284629,Max Kungsholmen,0.89186,,1.78372,,3.56744,,7.13488,,nogo
59.3059412468259,18.071767747124916,1.0858400949337428,Max Södermalm,0.11579,1.0858400949337428,0.23158,2.1716801898674856,0.46316,1.3030081139204912,0.92632,7.949376607575953,clear
59.33403835389366,18.01036283089498,1.2556481204426164,Max Kungsholmen,1.8034000000000001,,3.6068000000000002,,7.2136000000000005,,14.427200000000001,,nogo
59.35050938736925,18.102019316254015,2.598079706393897,Max Hamngatan,2.5925700000000003,,5.1851400000000005,,10.370280000000001,,20.740560000000002,,nogo
59.327711407210444,18.021658864148986,0.9149405441362484,Max Kungsholmen,2.3546,,4.7092,,9.4184,,18.8368,,nogo
59.33603044697273,18.02953964532267,0.2964916534033682,Max Kungsholmen,0.63616,,1.27232,,2.54464,,5.08928,,nogo
59.32809141157723,18.016612267547984,1.102626421318389,Max Kungsholmen,2.5755500000000002,,5.1511000000000005,,10.302200000000001,,20.604400000000002,,nogo
59.31386468514701,18.08274208182558,0.586405180674895,Max Södermalm,1.4024400000000001,0.586405180674895,2.8048800000000003,1.17281036134979,5.6097600000000005,0.703686216809874,11.219520000000001,4.752993156319328,clear
59.33799606744902,18.024248038266723,0.6583901367873403,Max Kungsholmen,1.8260999999999998,,3.6521999999999997,,7.304399999999999,,14.608799999999999,,nogo
59.349815620355926,18.09844510088137,2.408463826891288,Max Hamngatan,0.89585,,1.7917,,3.5834,,7.1668,,nogo
59.309923706300296,18.084514838147115,0.9133949393512505,Max Södermalm,1.3416400000000002,0.9133949393512505,2.6832800000000003,1.826789878702501,5.366560000000001,1.0960739272215005,10.733120000000001,6.8457276118480035,clear
59.34179381697906,18.07618885866169,1.0166996597926607,Max Hamngatan,2.01131,,4.02262,,8.04524,,16.09048,,nogo
59.31067586390144,18.0793667639213,0.6616202383292431,Max Södermalm,1.78659,0.6616202383292431,3.57318,1.3232404766584862,7.14636,0.7939442859950917,14.29272,5.234369525307156,clear
59.34848150644555,18.079235175364783,1.7209003664146056,Max Odenplan,0.84653,1.7209003664146056,1.69306,3.4418007328292113,3.38612,2.065080439697527,6.77224,12.013762345053475,clear
59.35064960897353,18.09908288537368,2.503886285318141,Max Hamngatan,1.2348,,2.4696,,4.9392,,9.8784,,nogo
59.313316028484934,18.04692525464444,1.5116007915602558,Max Södermalm,1.29817,1.5116007915602558,2.59634,3.0232015831205117,5.19268,1.813920949872307,10.38536,10.674245065985637,clear
59.342064145255,18.051527936761726,0.06177571214264311,Max Odenplan,2.24046,0.06177571214264311,4.48092,0.12355142428528622,8.96184,0.07413085457117173,17.92368,1.395364557712916,clear
59.317262490789865,18.069192512344358,0.28339801983238094,Max Södermalm,1.00067,0.28339801983238094,2.00134,0.5667960396647619,4.00268,0.34007762379885714,8.00536,2.813747326927238,clear
59.33635914718887,18.02037479093808,0.7418979060952747,Max Kungsholmen,1.53176,,3.06352,,6.12704,,12.25408,,nogo
59.33572581465464,18.06247598926258,0.02465017306000091,Max Hötorget,1.60137,,3.20274,,6.40548,,12.81096,,nogo
59.33371514862697,17.99690517058963,2.0214154777185405,Max Kungsholmen,2.74019,,5.48038,,10.96076,,21.92152,,nogo
59.332466705151,18.073281135240666,0.08616508682033493,Max Hamngatan,0.8896499999999999,,1.7792999999999999,,3.5585999999999998,,7.1171999999999995,,nogo
59.32962160967814,18.045187988487562,0.8638524550598402,Max Kungsholmen,1.82982,,3.65964,,7.31928,,14.63856,,nogo
59.309982371002526,18.06592321175221,0.7525823372156821,Max Södermalm,0.57243,0.7525823372156821,1.14486,1.5051646744313643,2.28972,0.9030988046588185,4.57944,5.816526958180366,clear
59.31167296403549,18.089089912745624,1.01518158671472,Max Södermalm,1.33828,1.01518158671472,2.67656,2.03036317342944,5.35312,1.2182179040576642,10.70624,7.497162154974209,clear
59.33326435362094,18.039405683241053,0.4023258509404847,Max Kungsholmen,1.931,,3.862,,7.724,,15.448,,nogo
59.337635783074894,18.05628838013435,0.42625597322430037,Max Hötorget,1.4871400000000001,,2.9742800000000003,,5.9485600000000005,,11.897120000000001,,nogo
59.341084541253224,18.089096423157276,1.3302114367906381,Max Hamngatan,1.72749,,3.45498,,6.90996,,13.81992,,nogo
59.34292661229927,18.027288972203415,0.5559698247901435,Max Karolinska,1.14454,0.5559698247901435,2.28908,1.111939649580287,4.57816,0.6671637897481721,9.15632,4.558206878656918,clear
59.330487334393574,18.04019285902873,0.577072540041163,Max Kungsholmen,2.36559,,4.73118,,9.46236,,18.92472,,nogo
59.346422545148556,18.039523379676698,0.36170837042099957,Max Karolinska,2.1567800000000004,0.36170837042099957,4.313560000000001,0.7234167408419991,8.627120000000001,0.43405004450519946,17.254240000000003,3.3149335706943974,clear
59.33450008212746,18.025529604622434,0.39954416158175193,Max Kungsholmen,0.21733000000000002,,0.43466000000000005,,0.8693200000000001,,1.7386400000000002,,nogo
59.31426345637784,18.102860422769766,1.703914821488644,Max Södermalm,2.1094899999999996,1.703914821488644,4.218979999999999,3.407829642977288,8.437959999999999,2.0446977857863726,16.875919999999997,11.905054857527322,clear
59.31843231349157,18.07152950103534,0.3203852373499515,Max Södermalm,1.47424,0.3203852373499515,2.94848,0.640770474699903,5.89696,0.38446228481994177,11.79392,3.0504655190396894,clear
59.32721973552984,18.01910716239025,1.0552778203277347,Max Kungsholmen,2.05263,,4.10526,,8.21052,,16.42104,,nogo
59.331698366216344,18.088182024646436,0.9282807530446017,Max Hamngatan,1.23147,,2.46294,,4.92588,,9.85176,,nogo
59.34781520343291,18.046617905824053,0.6381115933241214,Max Odenplan,1.9821199999999999,0.6381115933241214,3.9642399999999998,1.2762231866482427,7.92848,0.7657339119889457,15.85696,5.083914197274376,clear
59.317869379994455,18.025997431908213,1.8133159208430856,Max Kungsholmen,0.54163,,1.08326,,2.16652,,4.33304,,nogo
59.31277835391035,18.054236038384264,1.119620971693022,Max Södermalm,1.88795,1.119620971693022,3.7759,2.239241943386044,7.5518,1.3435451660316264,15.1036,8.165574218835342,clear
59.35767066969933,18.095182191433253,3.009966654160522,Max Odenplan,1.7351800000000002,3.009966654160522,3.4703600000000003,6.019933308321044,6.940720000000001,3.6119599849926263,13.881440000000001,20.26378658662734,clear
59.33782853389827,18.006170266828523,1.5594952123155297,Max Kungsholmen,2.3227399999999996,,4.645479999999999,,9.290959999999998,,18.581919999999997,,nogo
59.33047789770594,18.036570839936022,0.4402776431876494,Max Kungsholmen,1.60606,,3.21212,,6.42424,,12.84848,,nogo
59.31750500159523,18.076251554638674,0.2736322938345753,Max Södermalm,1.65447,0.2736322938345753,3.30894,0.5472645876691506,6.61788,0.3283587526014904,13.23576,2.751246680541282,clear
59.316129495431916,18.09340266887209,1.159243750958736,Max Södermalm,2.06596,1.159243750958736,4.13192,2.318487501917472,8.26384,1.3910925011504833,16.52768,8.419160006135911,clear
59.34380961994835,18.09639563551366,1.8419164953110605,Max Hamngatan,1.25919,,2.51838,,5.03676,,10.07352,,nogo
59.33781816032133,18.10280756033388,1.8338618387321857,Max Hamngatan,1.7228800000000002,,3.4457600000000004,,6.891520000000001,,13.783040000000002,,nogo
59.34916800452585,18.10363337698553,2.551165349523622,Max Hamngatan,1.1781199999999998,,2.3562399999999997,,4.712479999999999,,9.424959999999999,,nogo
59.32810735006131,18.01202746345046,1.3233588541257097,Max Kungsholmen,1.33974,,2.67948,,5.35896,,10.71792,,nogo
59.33999832240998,18.107858823814418,2.185476980628097,Max Hamngatan,1.4175799999999998,,2.8351599999999997,,5.670319999999999,,11.340639999999999,,nogo
59.346018467163006,18.049592937913083,0.3922912798137421,Max Odenplan,0.68909,0.3922912798137421,1.37818,0.7845825596274842,2.75636,0.4707495357764906,5.51272,3.5106641908079497,clear
59.352053871778885,18.080688937797426,1.9776215747676364,Max Odenplan,1.78385,1.9776215747676364,3.5677,3.955243149535273,7.1354,2.373145889721164,14.2708,13.656778078512874,clear
59.33015396771811,18.06606943880919,0.45880107658187974,Max Hamngatan,1.88325,,3.7665,,7.5329999999999995,,15.065999999999999,,nogo
59.33343144800825,18.004758687652497,1.574957982030961,Max Kungsholmen,2.08412,,4.16824,,8.33648,,16.67296,,nogo
59.33454623171288,18.061071692847975,0.13456950893707553,Max Hötorget,2.15757,,4.31514,,8.63028,,17.26056,,nogo
59.32756204033292,18.02416744076456,0.8399264177432376,Max Kungsholmen,1.8071700000000002,,3.6143400000000003,,7.228680000000001,,14.457360000000001,,nogo
59.3150061329398,18.03596928998918,2.1047734654466654,Max Kungsholmen,1.53552,,3.07104,,6.14208,,12.28416,,nogo
59.342726567220424,18.02811352550756,0.5474865322504319,Max Karolinska,1.93831,0.5474865322504319,3.87662,1.0949730645008637,7.753240000000001,0.6569838387005182,15.506480000000002,4.503913806402764,clear
59.319683230573524,18.05791986847674,0.9717343454863854,Max Södermalm,2.16304,0.9717343454863854,4.32608,1.9434686909727708,8.65216,1.1660812145836623,17.30432,7.219099811112866,clear
59.335390313615854,18.08916667542204,1.0125596247909905,Max Hamngatan,1.61879,,3.23758,,6.47516,,12.95032,,nogo
59.33317958148429,18.07802038319142,0.34117417799122396,Max Hamngatan,1.6071600000000001,,3.2143200000000003,,6.428640000000001,,12.857280000000001,,nogo
59.3314568387869,18.056878886361222,0.5532652503733877,Max Hötorget,1.74487,,3.48974,,6.97948,,13.95896,,nogo
59.337080378512404,18.07584140597042,0.5116996812655324,Max Hamngatan,0.92013,,1.84026,,3.68052,,7.36104,,nogo
59.35877050028277,18.093221683623092,2.9901818114776515,Max Odenplan,1.42221,2.9901818114776515,2.84442,5.980363622955303,5.68884,3.588218173773182,11.37768,20.137163593456968,clear
59.344451742929174,18.0718925706638,1.1306834081286197,Max Hötorget,2.4971300000000003,,4.994260000000001,,9.988520000000001,,19.977040000000002,,nogo
59.34351797134733,18.043719029217943,0.44139580161593156,Max Odenplan,1.564,0.44139580161593156,3.128,0.8827916032318631,6.256,0.5296749619391179,12.512,3.824933130341962,clear
59.34952133046435,18.104185591332044,2.6012371488758617,Max Hamngatan,1.43344,,2.86688,,5.73376,,11.46752,,nogo
59.31330769572185,18.05791424075534,0.9020352634440527,Max Södermalm,1.45025,0.9020352634440527,2.9005,1.8040705268881054,5.801,1.0824423161328631,11.602,6.773025686041937,clear
59.34164591277198,18.11424987058203,2.5911984701738544,Max Hamngatan,2.0694,,4.1388,,8.2776,,16.5552,,nogo
59.32113810807797,18.070097624980132,0.6326322806337297,Max Södermalm,1.7817100000000001,,3.5634200000000003,,7.1268400000000005,,14.253680000000001,,nogo
59.33281032748492,18.03099839648181,0.13785534388105378,Max Kungsholmen,2.57862,,5.15724,,10.31448,,20.62896,,nogo
59.34419965386263,18.05032929522198,0.1857586420023395,Max Odenplan,1.57505,0.1857586420023395,3.1501,0.371517284004679,6.3002,0.2229103704028074,12.6004,2.188855308814973,clear
59.32846148156788,18.01997351080588,0.9258663292834791,Max Kungsholmen,1.9448299999999998,,3.8896599999999997,,7.779319999999999,,15.558639999999999,,nogo
59.31598741570841,18.031039336078226,1.9872835945671188,Max Kungsholmen,1.94648,,3.89296,,7.785920000000001,,15.571840000000002,,nogo
59.351656441502215,18.10468478259939,2.794189911786513,Max Hamngatan,3.30068,,6.60136,,13.20272,,26.40544,,nogo
59.335064539428295,18.06435951869477,0.1161789584584745,Max Hötorget,0.65365,,1.3073,,2.6146,,5.2292,,nogo
59.33950959669147,18.105785045292837,2.055784250964418,Max Hamngatan,1.47678,,2.95356,,5.90712,,11.81424,,nogo
59.331190933026974,18.06591597653267,0.3984696687749333,Max Hamngatan,1.30294,,2.60588,,5.21176,,10.42352,,nogo
59.33515312251994,18.026128049588323,0.38796450245705666,Max Kungsholmen,0.54799,,1.09598,,2.19196,,4.38392,,nogo
59.335791853225395,18.040761573312796,0.5235223075891601,Max Kungsholmen,1.73762,,3.47524,,6.95048,,13.90096,,nogo
59.35424818194377,18.09629575483,2.747923400591088,Max Hamngatan,1.45957,,2.91914,,5.83828,,11.67656,,nogo
59.33750276992076,18.066344773669023,0.3117165330430378,Max Hötorget,2.2668600000000003,,4.533720000000001,,9.067440000000001,,18.134880000000003,,nogo
59.338799861296394,18.051653252278502,0.4241690493129877,Max Odenplan,1.51864,0.4241690493129877,3.03728,0.8483380986259754,6.07456,0.5090028591755853,12.14912,3.7146819156031214,clear
59.3350226048648,18.03394842810024,0.160463919179737,Max Kungsholmen,0.42707999999999996,,0.8541599999999999,,1.7083199999999998,,3.4166399999999997,,nogo
59.30895546385284,18.07571560004328,0.762603363046957,Max Södermalm,0.54362,0.762603363046957,1.08724,1.525206726093914,2.17448,0.9151240356563484,4.34896,5.880661523500525,clear
59.33805144074245,18.098818801601134,1.6275007225625526,Max Hamngatan,1.17395,,2.3479,,4.6958,,9.3916,,nogo
59.3159193361102,18.046881510742786,1.4914654471728828,Max Södermalm,2.04156,1.4914654471728828,4.08312,2.9829308943457655,8.16624,1.7897585366074593,16.33248,10.54537886190645,clear
59.3163153055341,18.103676626951973,1.7446695680031565,Max Södermalm,1.36576,1.7446695680031565,2.73152,3.489339136006313,5.46304,2.093603481603788,10.92608,12.165885235220202,clear
59.31605504924075,18.075116300632516,0.124516392304033,Max Södermalm,0.63326,0.124516392304033,1.26652,0.249032784608066,2.53304,0.1494196707648396,5.06608,1.7969049107458113,clear
59.341214009630804,18.0851875765834,1.1890019876478135,Max Hamngatan,1.72193,,3.44386,,6.88772,,13.77544,,nogo
59.325022713189504,18.06896607994424,0.896636161447211,Max Hamngatan,1.8737300000000001,,3.7474600000000002,,7.4949200000000005,,14.989840000000001,,nogo
59.30987885041632,18.05328706678335,1.297931560510491,Max Södermalm,1.87533,1.297931560510491,3.75066,2.595863121020982,7.50132,1.5575178726125893,15.00264,9.306761987267143,clear
59.35189623274475,18.10703804177732,2.9043115781335427,Max Hamngatan,1.36331,,2.72662,,5.45324,,10.90648,,nogo
59.33992469530379,18.04421980986852,0.4997554525628289,Max Odenplan,2.8076999999999996,0.4997554525628289,5.615399999999999,0.9995109051256578,11.230799999999999,0.5997065430753946,22.461599999999997,4.198434896402105,clear
59.33460548885315,18.062564935602428,0.1002785369034355,Max Hötorget,1.17037,,2.34074,,4.68148,,9.36296,,nogo
59.35095271706737,18.095104994228407,2.399744161602225,Max Hamngatan,0.8189,,1.6378,,3.2756,,6.5512,,nogo
59.33659050351533,18.08551690579976,0.8690228469547578,Max Hamngatan,1.74393,,3.48786,,6.97572,,13.95144,,nogo
59.34433839878967,18.055089654605325,0.29110143125174737,Max Odenplan,2.0180599999999997,0.29110143125174737,4.0361199999999995,0.5822028625034947,8.072239999999999,0.34932171750209684,16.144479999999998,2.863049160011183,clear
59.33866991618362,18.00845297067681,1.4674219793482712,Max Kungsholmen,2.64127,,5.28254,,10.56508,,21.13016,,nogo
59.332018891384614,18.09364072182402,1.2330807920186375,Max Hamngatan,1.30474,,2.60948,,5.21896,,10.43792,,nogo
59.35083556206891,18.103432835583096,2.678539700486759,Max Hamngatan,1.94341,,3.88682,,7.773640000000001,,15.547280000000002,,nogo
59.34373939189883,18.062372349780702,0.6445419977377569,Max Odenplan,1.80601,0.6445419977377569,3.61202,1.2890839954755138,7.22404,0.7734503972853082,14.44808,5.125068785521644,clear
59.34306717558209,18.029786216390068,0.4686383185860199,Max Karolinska,0.82716,0.4686383185860199,1.65432,0.9372766371720398,3.30864,0.5623659823032239,6.61728,3.9992852389505273,clear
59.35259813108621,18.08697108482313,2.316615242946029,Max Odenplan,1.23566,2.316615242946029,2.47132,4.633230485892058,4.94264,2.779938291535235,9.88528,15.826337554854586,clear
59.34503756594434,18.094905084628486,1.8749538618695518,Max Hamngatan,1.94289,,3.88578,,7.77156,,15.54312,,nogo
59.34277326107993,18.049798606329066,0.0856490215565102,Max Odenplan,1.84939,0.0856490215565102,3.69878,0.1712980431130204,7.39756,0.10277882586781224,14.79512,1.5481537379616652,clear
59.33490016235921,18.043286881808303,0.6303164340418697,Max Kungsholmen,1.3856199999999999,,2.7712399999999997,,5.542479999999999,,11.084959999999999,,nogo
59.34684449035673,18.052628705074127,0.4789013201533756,Max Odenplan,1.6402999999999999,0.4789013201533756,3.2805999999999997,0.9578026403067512,6.5611999999999995,0.5746815841840507,13.122399999999999,4.064968448981604,clear
59.313892404688225,18.09257971110884,1.1286862667824789,Max Södermalm,1.1781700000000002,1.1286862667824789,2.3563400000000003,2.2573725335649577,4.712680000000001,1.3544235201389747,9.425360000000001,8.223592107407864,clear
59.339950992364905,18.010084749972542,1.443382875512405,Max Kungsholmen,2.00699,,4.01398,,8.02796,,16.05592,,nogo
59.32958690490488,18.009234752370624,1.401133861073327,Max Kungsholmen,1.56572,,3.13144,,6.26288,,12.52576,,nogo
59.34836586404755,18.101669642820582,2.4090889475367807,Max Hamngatan,0.34666,,0.69332,,1.38664,,2.77328,,nogo
59.346141300925225,18.061259947592827,0.6919522865777734,Max Odenplan,1.01393,0.6919522865777734,2.02786,1.3839045731555468,4.05572,0.8303427438933281,8.11144,5.42849463409775,clear
59.33442455529278,18.019057442916203,0.7635634938724272,Max Kungsholmen,0.72738,,1.45476,,2.90952,,5.81904,,nogo
59.32029874686675,18.06014051739191,0.8989895915284299,Max Södermalm,0.40126,0.8989895915284299,0.80252,1.7979791830568599,1.60504,1.078787509834116,3.21008,6.753533385781951,clear
59.33181894888884,18.034803854923915,0.26028278834418156,Max Kungsholmen,2.4630900000000002,,4.9261800000000004,,9.852360000000001,,19.704720000000002,,nogo
59.32094827779064,18.07289627921525,0.5885546565030061,Max Södermalm,2.17803,,4.35606,,8.71212,,17.42424,,nogo
59.32346019906398,18.070810491461714,0.8777572412447289,Max Södermalm,1.99952,,3.99904,,7.99808,,15.99616,,nogo
59.336074951785484,18.05418085487995,0.4782494654061299,Max Hötorget,1.9068800000000001,,3.8137600000000003,,7.6275200000000005,,15.255040000000001,,nogo
59.32877948916862,18.025817272682087,0.6749716347649195,Max Kungsholmen,2.25527,,4.51054,,9.02108,,18.04216,,nogo
59.339306112037015,18.106498824940594,2.0859376742986964,Max Hamngatan,1.95324,,3.90648,,7.81296,,15.62592,,nogo
59.33274862297238,18.03667340446183,0.2695979956059139,Max Kungsholmen,2.38277,,4.76554,,9.53108,,19.06216,,nogo
59.316955265829684,18.07275187237255,0.1447650549573355,Max Södermalm,2.20124,0.1447650549573355,4.40248,0.289530109914671,8.80496,0.1737180659488026,17.60992,1.926496351726947,clear
59.34503256963669,18.10055311712796,2.1103200166619662,Max Hamngatan,1.5946900000000002,,3.1893800000000003,,6.378760000000001,,12.757520000000001,,nogo
59.339489163730754,18.007248216204182,1.5659283767932954,Max Kungsholmen,2.47985,,4.9597,,9.9194,,19.8388,,nogo
59.31578742757854,18.099076692754405,1.4812857064042644,Max Södermalm,2.53566,1.4812857064042644,5.07132,2.9625714128085288,10.14264,1.7775428476851172,20.28528,10.480228520987293,clear
59.341617282306906,18.055832012487404,0.28204158370499066,Max Odenplan,1.9646700000000001,0.28204158370499066,3.9293400000000003,0.5640831674099813,7.8586800000000006,0.33844990044598877,15.717360000000001,2.8050661357119404,clear
59.35431616320631,18.088453991073862,2.4858112210277072,Max Odenplan,2.1441500000000002,2.4858112210277072,4.2883000000000004,4.9716224420554145,8.576600000000001,2.9829734652332487,17.153200000000002,16.909191814577326,clear
59.343755897577104,18.039547372039095,0.5008870421029225,Max Karolinska,1.49079,0.5008870421029225,2.98158,1.001774084205845,5.96316,0.601064450523507,11.92632,4.205677069458703,clear
59.35158654344283,18.067200688921126,1.3504266992691256,Max Odenplan,1.84888,1.3504266992691256,3.69776,2.7008533985382512,7.39552,1.6205120391229508,14.79104,9.642730875322403,clear
59.33958208202168,18.040369371801205,0.7054864507498518,Max Odenplan,2.10189,0.7054864507498518,4.20378,1.4109729014997037,8.40756,0.8465837408998221,16.81512,5.515113284799051,clear
59.340732228434746,18.095959585646913,1.615582906093601,Max Hamngatan,2.02021,,4.04042,,8.08084,,16.16168,,nogo
59.349282795411526,18.090827254290215,2.1133740556956933,Max Hamngatan,1.70489,,3.40978,,6.81956,,13.63912,,nogo
59.33772967857416,18.010800737449287,1.305495422785747,Max Kungsholmen,1.87886,,3.75772,,7.51544,,15.03088,,nogo
59.319404704553556,18.034377938479825,1.6089115950153723,Max Kungsholmen,1.20047,,2.40094,,4.80188,,9.60376,,nogo
59.34486989475947,18.10208911601573,2.167050416211435,Max Hamngatan,2.04408,,4.08816,,8.17632,,16.35264,,nogo
59.30752100705415,18.09150275117915,1.387735080741426,Max Södermalm,1.6955799999999999,1.387735080741426,3.3911599999999997,2.775470161482852,6.7823199999999995,1.665282096889711,13.564639999999999,9.881504516745126,clear
59.35137877239542,18.084600962468112,2.1337942563633825,Max Odenplan,1.40463,2.1337942563633825,2.80926,4.267588512726765,5.61852,2.5605531076360593,11.23704,14.65628324072565,clear
59.33995641819298,18.118395052253724,2.751881731361872,Max Hamngatan,2.06297,,4.12594,,8.25188,,16.50376,,nogo
59.3412203054372,18.09539933561979,1.6192478526926644,Max Hamngatan,1.2938699999999999,,2.5877399999999997,,5.175479999999999,,10.350959999999999,,nogo
59.33848913713504,18.093095036430604,1.349197087091388,Max Hamngatan,1.1085399999999999,,2.2170799999999997,,4.434159999999999,,8.868319999999999,,nogo
59.31900518617811,18.031466144796493,1.650440862500858,Max Kungsholmen,1.59049,,3.18098,,6.36196,,12.72392,,nogo
59.35779630261556,18.08914379302686,2.740168007667109,Max Odenplan,2.04562,2.740168007667109,4.09124,5.480336015334218,8.18248,3.2882016092005304,16.36496,18.537075249069495,clear
59.331352423068566,18.00161581026577,1.7746159432249253,Max Kungsholmen,2.7755199999999998,,5.5510399999999995,,11.102079999999999,,22.204159999999998,,nogo
59.347250057727535,18.04997789595529,0.5229267799506867,Max Odenplan,2.1823099999999998,0.5229267799506867,4.3646199999999995,1.0458535599013734,8.729239999999999,0.627512135940824,17.458479999999998,4.346731391684395,clear
59.33016869368836,18.058603883277282,0.6346958887539289,Max Hötorget,1.62231,,3.24462,,6.48924,,12.97848,,nogo
59.32109577743854,18.052849193959275,1.3005058949341068,Max Södermalm,2.03202,1.3005058949341068,4.06404,2.6010117898682137,8.12808,1.5606070739209283,16.25616,9.323237727578285,clear
59.332396217151384,18.015731170967147,0.9628795205053129,Max Kungsholmen,1.58252,,3.16504,,6.33008,,12.66016,,nogo
59.339453215145426,18.083598217721356,0.9810542921862592,Max Hamngatan,1.7429000000000001,,3.4858000000000002,,6.9716000000000005,,13.943200000000001,,nogo
59.33717452066742,18.096542056618873,1.472581411252638,Max Hamngatan,0.35917,,0.71834,,1.43668,,2.87336,,nogo
59.344047592605875,18.096102616553896,1.847094283628492,Max Hamngatan,1.5454700000000001,,3.0909400000000002,,6.1818800000000005,,12.363760000000001,,nogo
59.332572286155724,18.080994257096417,0.5106177974522297,Max Hamngatan,1.3771900000000001,,2.7543800000000003,,5.5087600000000005,,11.017520000000001,,nogo
59.33690845286004,18.101367181573952,1.7269587708027292,Max Hamngatan,2.12196,,4.24392,,8.48784,,16.97568,,nogo
59.33507236683202,18.03139866510955,0.15189091694670548,Max Kungsholmen,1.77722,,3.55444,,7.10888,,14.21776,,nogo
59.342916114810926,18.047837134001224,0.19822540391837465,Max Odenplan,2.11842,0.19822540391837465,4.23684,0.3964508078367493,8.47368,0.2378704847020496,16.94736,2.2686425850775978,clear
59.33263456816574,18.017345917425125,0.8679292815305468,Max Kungsholmen,1.1974,,2.3948,,4.7896,,9.5792,,nogo
59.33209121205334,18.02112296928576,0.6709558723029927,Max Kungsholmen,1.24371,,2.48742,,4.97484,,9.94968,,nogo
59.33346787930112,18.04624080590596,0.7876430301683918,Max Kungsholmen,1.55339,,3.10678,,6.21356,,12.42712,,nogo
59.317770576787446,18.02451227397999,1.8429071456086794,Max Kungsholmen,1.79561,,3.59122,,7.18244,,14.36488,,nogo
59.33292554648832,18.060191875623335,0.3162041070343728,Max Hötorget,0.97366,,1.94732,,3.8946399999999994,,7.789279999999999,,nogo
59.311556522293905,18.090158080290973,1.075654909180798,Max Södermalm,2.1510599999999998,1.075654909180798,4.3021199999999995,2.151309818361596,8.604239999999999,1.2907858910169576,17.208479999999998,7.884191418757108,clear
59.34741943312304,18.095570129593533,2.0981538330388108,Max Hamngatan,1.52372,,3.04744,,6.09488,,12.18976,,nogo
59.31937631701123,18.035686503839187,1.6189264728014061,Max Kungsholmen,0.8290599999999999,,1.6581199999999998,,3.3162399999999996,,6.632479999999999,,nogo
59.341382222947324,18.081698192930872,1.0914029432707104,Max Hamngatan,2.27576,,4.55152,,9.10304,,18.20608,,nogo
59.3148152493261,18.053643199696,1.1102007000222192,Max Södermalm,2.12796,1.1102007000222192,4.25592,2.2204014000444383,8.51184,1.332240840026663,17.02368,8.105284480142203,clear
59.35986942071821,18.097755345827398,3.2702744422541064,Max Odenplan,2.06178,3.2702744422541064,4.12356,6.540548884508213,8.24712,3.9243293307049276,16.49424,21.92975643042628,clear
59.34746979270934,18.093556147884236,2.03143312405107,Max Hamngatan,0.70748,,1.41496,,2.82992,,5.65984,,nogo
59.30735579305064,18.063891669143153,1.06304395057513,Max Södermalm,0.95712,1.06304395057513,1.91424,2.12608790115026,3.8284800000000003,1.2756527406901559,7.656960000000001,7.803481283680831,clear
59.34107019306996,18.05515997338499,0.2796941949917977,Max Odenplan,1.11062,0.2796941949917977,2.22124,0.5593883899835954,4.44248,0.33563303399015726,8.88496,2.7900428479475052,clear
59.32791900512628,18.051464666809693,1.0533062527748325,Max Hötorget,1.47154,,2.94308,,5.88616,,11.77232,,nogo
59.330108894776025,18.046606223112878,0.9068397190350753,Max Kungsholmen,2.80478,,5.60956,,11.21912,,22.43824,,nogo
59.33897685727473,18.066229376895038,0.4409007094044367,Max Hötorget,1.06775,,2.1355,,4.271,,8.542,,nogo
59.31748533653918,18.02482636652744,1.869521739905339,Max Kungsholmen,2.7116599999999997,,5.4233199999999995,,10.846639999999999,,21.693279999999998,,nogo
59.35554713726083,18.10023901541608,2.9881747383791133,Max Hamngatan,1.30292,,2.60584,,5.21168,,10.42336,,nogo
59.34166668968112,18.056156974541604,0.29718786790177404,Max Odenplan,1.58413,0.29718786790177404,3.16826,0.5943757358035481,6.33652,0.3566254414821288,12.67304,2.902002354571354,clear
59.3331841657673,18.06767574717719,0.25069181914036637,Max Hamngatan,1.40909,,2.81818,,5.63636,,11.27272,,nogo
59.33980023824154,18.04507841192632,0.4705574430393799,Max Odenplan,1.4335799999999999,0.4705574430393799,2.8671599999999997,0.9411148860787598,5.734319999999999,0.564668931647256,11.468639999999999,4.011567635452032,clear
59.33843297062313,18.087988264351033,1.095795551597787,Max Hamngatan,2.5146100000000002,,5.0292200000000005,,10.058440000000001,,20.116880000000002,,nogo
59.33109235057995,18.05509789728579,0.6477878966789503,Max Hötorget,2.34259,,4.68518,,9.37036,,18.74072,,nogo
59.313865909246445,18.061675216725156,0.6790216799805838,Max Södermalm,2.49467,0.6790216799805838,4.98934,1.3580433599611677,9.97868,0.8148260159767006,19.95736,5.345738751875737,clear
59.337442811995835,18.093531815481057,1.322648278464852,Max Hamngatan,2.2234499999999997,,4.446899999999999,,8.893799999999999,,17.787599999999998,,nogo
59.323292644355725,18.07207003239382,0.8515319908809365,Max Södermalm,2.36083,,4.72166,,9.44332,,18.88664,,nogo
59.34071568501118,18.047517455008673,0.29945944197278057,Max Odenplan,1.12506,0.29945944197278057,2.25012,0.5989188839455611,4.50024,0.3593513303673367,9.00048,2.9165404286257957,clear
59.33174886855589,18.096517119210688,1.398810523510664,Max Hamngatan,1.74657,,3.49314,,6.98628,,13.97256,,nogo
59.32677945701325,18.068493585991572,0.7129204790185742,Max Hamngatan,1.02224,,2.04448,,4.08896,,8.17792,,nogo
59.335522450487936,18.007219707043397,1.4468587375528519,Max Kungsholmen,2.76327,,5.52654,,11.05308,,22.10616,,nogo
59.331004590621156,18.06005775344222,0.5204299833332294,Max Hötorget,1.29578,,2.59156,,5.18312,,10.36624,,nogo
59.33628300719986,18.087218217260105,0.9413652077109539,Max Hamngatan,1.91154,,3.82308,,7.64616,,15.29232,,nogo
59.34580371687339,18.078368338829538,1.4596845487081416,Max Hötorget,1.69998,,3.39996,,6.79992,,13.59984,,nogo
59.33888202662672,18.089975291236495,1.2176750231809526,Max Hamngatan,2.72504,,5.45008,,10.90016,,21.80032,,nogo
59.34019152268912,18.038238856682142,0.7840243893433331,Max Kungsholmen,1.60436,,3.20872,,6.41744,,12.83488,,nogo
59.34659645868304,18.078212020631373,1.5248337055101844,Max Hötorget,2.14993,,4.29986,,8.59972,,17.19944,,nogo
59.33681159556597,18.00531372299544,1.5784800702254373,Max Kungsholmen,1.18219,,2.36438,,4.72876,,9.45752,,nogo
59.31578189946899,18.089954767452262,0.9618330675090098,Max Södermalm,2.4845300000000003,0.9618330675090098,4.969060000000001,1.9236661350180195,9.938120000000001,1.1541996810108117,19.876240000000003,7.1557316320576625,clear
59.310441494398326,18.085856270550078,0.9323501841144165,Max Södermalm,1.97699,0.9323501841144165,3.95398,1.864700368228833,7.907959999999999,1.1188202209372997,15.815919999999998,6.967041178332265,clear
59.31010887348967,18.06488787165995,0.7747192497629024,Max Södermalm,1.4872,0.7747192497629024,2.9744,1.5494384995258048,5.9488,0.9296630997154829,11.8976,5.958203198482575,clear
59.343187066932764,18.05739393846338,0.35472421896022505,Max Odenplan,1.7216300000000002,0.35472421896022505,3.4432600000000004,0.7094484379204501,6.886520000000001,0.42566906275227007,13.773040000000002,3.27023500134544,clear
59.348236684603414,18.103220511340957,2.461647696871135,Max Hamngatan,2.14968,,4.29936,,8.59872,,17.19744,,nogo
59.314406355261895,18.079106894282052,0.3714969614790172,Max Södermalm,1.04881,0.3714969614790172,2.09762,0.7429939229580343,4.19524,0.44579635377482063,8.39048,3.3775805534657097,clear
59.346581869400374,18.06100987917338,0.7098744596800696,Max Odenplan,2.0892399999999998,0.7098744596800696,4.1784799999999995,1.4197489193601391,8.356959999999999,0.8518493516160834,16.713919999999998,5.543196541952446,clear
59.30707145517283,18.07042002300693,0.9692055043538371,Max Södermalm,1.38733,0.9692055043538371,2.77466,1.9384110087076742,5.54932,1.1630466052246045,11.09864,7.202915227864557,clear
59.336492529277415,18.024910586386387,0.5213123322418466,Max Kungsholmen,1.96975,,3.9395,,7.879,,15.758,,nogo
59.3439950785717,18.060277837378425,0.5357464114039114,Max Odenplan,1.5538699999999999,0.5357464114039114,3.1077399999999997,1.0714928228078229,6.2154799999999994,0.6428956936846937,12.430959999999999,4.428777032985034,clear
59.34739367700752,18.050054856877292,0.5381945619468311,Max Odenplan,1.38296,0.5381945619468311,2.76592,1.0763891238936623,5.53184,0.6458334743361974,11.06368,4.44444519645972,clear
59.35227493692765,18.09547757634039,2.535432547696825,Max Hamngatan,2.30025,,4.6005,,9.201,,18.402,,nogo
59.307581600400304,18.093550799442607,1.4738297976165626,Max Södermalm,1.2213,1.4738297976165626,2.4426,2.9476595952331253,4.8852,1.7685957571398752,9.7704,10.432510704746,clear
59.32743861036665,18.016271146549464,1.1615106913849418,Max Kungsholmen,1.83605,,3.6721,,7.3442,,14.6884,,nogo
59.307586214030835,18.063139668533047,1.0629166049530163,Max Södermalm,1.889,1.0629166049530163,3.778,2.1258332099060326,7.556000000000001,1.2754999259436197,15.112000000000002,7.802666271699305,clear
59.33240675444129,18.06813666860717,0.22977794409368288,Max Hamngatan,1.7224300000000001,,3.4448600000000003,,6.8897200000000005,,13.779440000000001,,nogo
59.35076340466952,18.092158051885804,2.2940273743759394,Max Hamngatan,1.53873,,3.07746,,6.15492,,12.30984,,nogo
59.33893125419692,18.011246561559346,1.3331208802494539,Max Kungsholmen,1.6133199999999999,,3.2266399999999997,,6.4532799999999995,,12.906559999999999,,nogo
59.320783753097444,18.05098428360471,1.380680902204864,Max Södermalm,2.68487,1.380680902204864,5.36974,2.761361804409728,10.73948,1.6568170826458368,21.47896,9.83635777411113,clear
59.3403694576068,18.080185599449745,0.9507534332005422,Max Hamngatan,1.53695,,3.0739,,6.1478,,12.2956,,nogo
59.31796134590105,18.0307737025711,1.7683163355872742,Max Kungsholmen,2.1603499999999998,,4.3206999999999995,,8.641399999999999,,17.282799999999998,,nogo
59.338613253534476,18.05753900901314,0.4471054364545049,Max Hötorget,1.8829,,3.7658,,7.531600000000001,,15.063200000000002,,nogo
59.30851011650751,18.064160446929662,0.9448492452008649,Max Södermalm,1.57846,0.9448492452008649,3.15692,1.8896984904017298,6.31384,1.1338190942410378,12.62768,7.047035169285535,clear
59.31150677801563,18.062496971372124,0.7596197812810571,Max Södermalm,2.09733,0.7596197812810571,4.19466,1.5192395625621142,8.38932,0.9115437375372686,16.77864,5.861566600198765,clear
59.33609295869956,18.073788772415334,0.3675336865997298,Max Hamngatan,1.90389,,3.80778,,7.61556,,15.23112,,nogo
59.329567123256595,18.030158221474288,0.4901385035945626,Max Kungsholmen,1.65996,,3.31992,,6.63984,,13.27968,,nogo
59.343743572864255,18.04809838610066,0.2205770426709222,Max Odenplan,1.8478800000000002,0.2205770426709222,3.6957600000000004,0.4411540853418444,7.391520000000001,0.26469245120510665,14.783040000000002,2.411693073093902,clear
59.34927753505796,18.09673142854906,2.3011226943939316,Max Hamngatan,1.85958,,3.71916,,7.43832,,14.87664,,nogo
59.34953478506382,18.05913938930438,0.892806042594103,Max Odenplan,2.53188,0.892806042594103,5.06376,1.785612085188206,10.12752,1.0713672511129237,20.25504,6.71395867260226,clear
59.33025026395958,18.03756163699756,0.4931170700506837,Max Kungsholmen,1.7361300000000002,,3.4722600000000003,,6.944520000000001,,13.889040000000001,,nogo
59.31208312882875,18.098458525435873,1.5001630172619356,Max Södermalm,1.5458,1.5001630172619356,3.0916,3.000326034523871,6.1832,1.8001956207143228,12.3664,10.601043310476388,clear
59.349181030610175,18.071616274888008,1.3703268328084617,Max Odenplan,1.15591,1.3703268328084617,2.31182,2.7406536656169234,4.62364,1.644392199370154,9.24728,9.770091729974155,clear
59.32014686252108,18.062128378869403,0.7982321880806972,Max Södermalm,1.34355,0.7982321880806972,2.6871,1.5964643761613944,5.3742,0.9578786256968366,10.7484,6.108686003716462,clear
59.33578563263201,18.013076400673594,1.122645811500499,Max Kungsholmen,1.32142,,2.64284,,5.28568,,10.57136,,nogo
59.33793911173562,18.081244534790827,0.7662153874652555,Max Hamngatan,1.93802,,3.87604,,7.75208,,15.50416,,nogo
59.31331207434276,18.05649904902216,0.9792880657567815,Max Södermalm,1.91818,0.9792880657567815,3.83636,1.958576131513563,7.67272,1.1751456789081378,15.34544,7.267443620843402,clear
59.34734835818873,18.067751558403824,1.0767570769820098,Max Odenplan,2.03176,1.0767570769820098,4.06352,2.1535141539640197,8.12704,1.2921084923784119,16.25408,7.891245292684863,clear
59.34874664748308,18.102361399727968,2.4669329560688316,Max Hamngatan,1.88326,,3.76652,,7.533040000000001,,15.066080000000001,,nogo
59.33064109408538,18.016655063966198,0.9643492614759607,Max Kungsholmen,2.65679,,5.31358,,10.62716,,21.25432,,nogo
59.34813405299318,18.047979965280255,0.643983592101795,Max Odenplan,1.42643,0.643983592101795,2.85286,1.28796718420359,5.70572,0.772780310522154,11.41144,5.121494989451488,clear
59.30782206624963,18.087085130457616,1.1836324091127517,Max Södermalm,1.70351,1.1836324091127517,3.40702,2.3672648182255034,6.81404,1.4203588909353022,13.62808,8.575247418321611,clear
59.31061044524811,18.091379533755216,1.185296613861532,Max Södermalm,2.00116,1.185296613861532,4.00232,2.370593227723064,8.00464,1.4223559366338385,16.00928,8.585898328713805,clear
59.3150863052068,18.065892581234603,0.4136260161257159,Max Södermalm,2.3981999999999997,0.4136260161257159,4.796399999999999,0.8272520322514318,9.592799999999999,0.49635121935085913,19.185599999999997,3.6472065032045817,clear
59.340106976446,18.078856455024102,0.8898807117808332,Max Hamngatan,1.81295,,3.6259,,7.2518,,14.5036,,nogo
59.34511210518629,18.093399327951886,1.8227345189359836,Max Hamngatan,2.35794,,4.71588,,9.43176,,18.86352,,nogo
59.34271775762647,18.0296134159569,0.508160855762891,Max Karolinska,1.50637,0.508160855762891,3.01274,1.016321711525782,6.02548,0.6097930269154692,12.05096,4.252229476882503,clear
59.31936565931676,18.043182404116553,1.7220948606993909,Max Kungsholmen,1.86408,,3.72816,,7.45632,,14.91264,,nogo
59.34653004303605,18.07035087480327,1.1707625312639265,Max Odenplan,2.11006,1.1707625312639265,4.22012,2.341525062527853,8.44024,1.4049150375167117,16.88048,8.492880200089129,clear
59.337870786179586,18.07459424878038,0.5706865529502486,Max Hamngatan,0.73112,,1.46224,,2.92448,,5.84896,,nogo
59.34475257093027,18.09578665523924,1.8877930354386696,Max Hamngatan,1.3608399999999998,,2.7216799999999997,,5.443359999999999,,10.886719999999999,,nogo
59.31315739956452,18.090806278704328,1.0482094501615393,Max Södermalm,1.96052,1.0482094501615393,3.92104,2.0964189003230786,7.84208,1.2578513401938471,15.68416,7.708540481033852,clear
59.34312138503034,18.08788601671429,1.4508424647974991,Max Hamngatan,2.41281,,4.82562,,9.65124,,19.30248,,nogo
59.33188840590162,18.020768016707258,0.696956531993964,Max Kungsholmen,1.25292,,2.50584,,5.01168,,10.02336,,nogo
59.345780120315666,18.056236841507506,0.45312455480099434,Max Odenplan,0.38062999999999997,0.45312455480099434,0.7612599999999999,0.9062491096019887,1.5225199999999999,0.5437494657611932,3.0450399999999997,3.8999971507263638,clear
59.342649710961055,18.092292992052094,1.5821693830189405,Max Hamngatan,1.63619,,3.27238,,6.54476,,13.08952,,nogo
59.34247474653774,18.062022106681116,0.6122186001915437,Max Odenplan,2.80414,0.6122186001915437,5.60828,1.2244372003830875,11.21656,0.7346623202298525,22.43312,4.91819904122588,clear
59.31787559946927,18.085335604197102,0.7407727902819212,Max Södermalm,1.7725199999999999,0.7407727902819212,3.5450399999999997,1.4815455805638424,7.0900799999999995,0.8889273483383054,14.180159999999999,5.740945857804296,clear
59.307740488558935,18.07129035842006,0.8886582630686191,Max Södermalm,1.4201300000000001,0.8886582630686191,2.8402600000000002,1.7773165261372381,5.6805200000000005,1.0663899156823429,11.361040000000001,6.687412883639162,clear
59.330467159421204,18.06636694667316,0.42308979950878317,Max Hamngatan,0.66614,,1.33228,,2.66456,,5.32912,,nogo
59.34670365098872,18.05205617916243,0.4591002833608984,Max Odenplan,1.98917,0.4591002833608984,3.97834,0.9182005667217968,7.9566799999999995,0.5509203400330781,15.913359999999999,3.93824181350975,clear
59.31932326170136,18.06187950258742,0.7562117073513431,Max Södermalm,1.58917,0.7562117073513431,3.17834,1.5124234147026863,6.35668,0.9074540488216118,12.71336,5.839754927048596,clear
59.35316468664598,18.105489969279795,2.9511705417832768,Max Hamngatan,1.7106,,3.4212,,6.8424,,13.6848,,nogo
59.328956913108115,18.04342752415547,0.8277968619281708,Max Kungsholmen,2.30065,,4.6013,,9.2026,,18.4052,,nogo
59.34510607011298,18.068153929477937,1.0005995404288448,Max Odenplan,1.17538,1.0005995404288448,2.35076,2.0011990808576896,4.70152,1.2007194485146138,9.40304,7.403837058744607,clear
59.30801387380015,18.084865270393976,1.085445579279972,Max Södermalm,1.7581600000000002,1.085445579279972,3.5163200000000003,2.170891158559944,7.032640000000001,1.3025346951359664,14.065280000000001,7.94685170739182,clear
59.35314988593664,18.089119755127783,2.453349509565496,Max Odenplan,0.94513,2.453349509565496,1.89026,4.906699019130992,3.78052,2.944019411478595,7.56104,16.70143686121917,clear
59.320663129464464,18.05330038706212,1.2557257474787158,Max Södermalm,2.36435,1.2557257474787158,4.7287,2.5114514949574316,9.4574,1.5068708969744589,18.9148,9.036644783863782,clear
59.34216180796108,18.062731620184834,0.6542732669359247,Max Odenplan,0.90853,0.6542732669359247,1.81706,1.3085465338718494,3.63412,0.7851279203231096,7.26824,5.187348908389918,clear
59.35264128507559,18.089973413167336,2.4226186767142748,Max Hamngatan,2.66671,,5.33342,,10.66684,,21.33368,,nogo
59.339834699740194,18.09597949872125,1.5649644545037202,Max Hamngatan,1.68296,,3.36592,,6.73184,,13.46368,,nogo
59.30766749273622,18.092089683970652,1.4027748216838694,Max Södermalm,2.19468,1.4027748216838694,4.38936,2.8055496433677387,8.77872,1.6833297860206433,17.55744,9.977758858776763,clear
59.34271140067814,18.041744239093788,0.5419606907581843,Max Odenplan,1.46401,0.5419606907581843,2.92802,1.0839213815163686,5.85604,0.6503528289098213,11.71208,4.46854842085238,clear
59.3317334579493,18.06759494822466,0.28568298131735076,Max Hamngatan,0.8923300000000001,,1.7846600000000001,,3.5693200000000003,,7.1386400000000005,,nogo
59.33216593897118,18.00633306947475,1.4960897181413626,Max Kungsholmen,2.11823,,4.23646,,8.47292,,16.94584,,nogo
59.349004489012046,18.077970086768644,1.67846713592637,Max Odenplan,2.1549699999999996,1.67846713592637,4.309939999999999,3.35693427185274,8.619879999999998,2.014160563111644,17.239759999999997,11.742189669928768,clear
59.3477030859591,18.054813814631167,0.6030222877009959,Max Odenplan,1.62156,0.6030222877009959,3.24312,1.2060445754019917,6.48624,0.7236267452411951,12.97248,4.859342641286373,clear
59.33813373064862,18.064813486882585,0.32084115462868645,Max Hötorget,1.2466199999999998,,2.4932399999999997,,4.986479999999999,,9.972959999999999,,nogo
59.351007316007355,18.10323221133557,2.6852691118350362,Max Hamngatan,1.40264,,2.80528,,5.61056,,11.22112,,nogo
59.35701643831002,18.094680515102592,2.945987903511811,Max Odenplan,1.73295,2.945987903511811,3.4659,5.891975807023622,6.9318,3.535185484214173,13.8636,19.85432258247559,clear
59.33699434491165,18.09029758517126,1.1336870986533796,Max Hamngatan,1.3776300000000001,,2.7552600000000003,,5.5105200000000005,,11.021040000000001,,nogo
59.33435289134459,18.016390722939335,0.9142812519054262,Max Kungsholmen,2.1328899999999997,,4.2657799999999995,,8.531559999999999,,17.063119999999998,,nogo
59.31486086952385,18.040539088445684,1.8545847749421127,Max Södermalm,2.16891,1.8545847749421127,4.33782,3.7091695498842254,8.67564,2.225501729930535,17.35128,12.869342559629521,clear
59.311712588609645,18.060918260623364,0.8201400447495831,Max Södermalm,2.26452,0.8201400447495831,4.52904,1.6402800894991663,9.05808,0.9841680536994998,18.11616,6.248896286397332,clear
59.33516015071434,18.09577702987715,1.3735104055493128,Max Hamngatan,2.93254,,5.86508,,11.73016,,23.46032,,nogo
59.336646780755714,18.069321042553113,0.40800301333687417,Max Hötorget,2.01442,,4.02884,,8.05768,,16.11536,,nogo
59.32988253826995,18.038851174717045,0.5707159584598642,Max Kungsholmen,1.74998,,3.49996,,6.99992,,13.99984,,nogo
59.34616816567427,18.06060419428571,0.6634175394871552,Max Odenplan,2.09022,0.6634175394871552,4.18044,1.3268350789743104,8.36088,0.7961010473845862,16.72176,5.245872252717794,clear
59.341118010202216,18.07869883192784,0.9890169611846987,Max Hamngatan,0.24735,,0.4947,,0.9893999999999998,,1.9787999999999997,,nogo
59.349439685493074,18.099392658647908,2.410329074429946,Max Hamngatan,0.43701999999999996,,0.8740399999999999,,1.7480799999999999,,3.4961599999999997,,nogo
59.3211738304149,18.06278578351621,0.848079906660741,Max Södermalm,0.23747,0.848079906660741,0.47494,1.696159813321482,0.94988,1.0176958879928892,1.89976,6.427711402628742,clear
59.32981473905089,18.056937601357696,0.7088307323194758,Max Hötorget,1.16822,,2.33644,,4.67288,,9.34576,,nogo
59.33529186446745,17.997930095252347,1.9699096945170467,Max Kungsholmen,0.6792999999999999,,1.3585999999999998,,2.7171999999999996,,5.434399999999999,,nogo
59.33566544724935,18.083679259224265,0.7294152665665393,Max Hamngatan,1.29103,,2.58206,,5.16412,,10.32824,,nogo
59.358365495632654,18.088090983654233,2.7336014953968357,Max Odenplan,2.0606799999999996,2.7336014953968357,4.121359999999999,5.4672029907936714,8.242719999999998,3.280321794476203,16.485439999999997,18.49504957053975,clear
59.30558862044111,18.08286420877605,1.2536475141676144,Max Södermalm,2.1382800000000004,1.2536475141676144,4.276560000000001,2.507295028335229,8.553120000000002,1.5043770170011375,17.106240000000003,9.023344090672733,clear
59.33981745730873,18.0530416587021,0.32627427777737256,Max Odenplan,1.85358,0.32627427777737256,3.70716,0.6525485555547451,7.41432,0.39152913333284706,14.82864,3.0881553777751845,clear
59.327267589481856,18.017487877545157,1.1198208544982309,Max Kungsholmen,1.4938900000000002,,2.9877800000000003,,5.975560000000001,,11.951120000000001,,nogo
59.34390566281871,18.096197800855148,1.840559894559131,Max Hamngatan,1.20122,,2.40244,,4.80488,,9.60976,,nogo
59.340910723987186,18.037641701944924,0.7116009907184209,Max Karolinska,1.61009,0.7116009907184209,3.22018,1.4232019814368417,6.44036,0.853921188862105,12.88072,5.554246340597894,clear
59.316641969360845,18.1013876143483,1.6164686623550908,Max Södermalm,2.1932300000000002,1.6164686623550908,4.3864600000000005,3.2329373247101816,8.772920000000001,1.9397623948261087,17.545840000000002,11.34539943907258,clear
59.3425077682148,18.034189139199302,0.4910093035632119,Max Karolinska,1.54354,0.4910093035632119,3.08708,0.9820186071264237,6.17416,0.5892111642758543,12.34832,4.142459542804556,clear
59.33111146830753,18.01752692046388,0.8994899504895397,Max Kungsholmen,1.99375,,3.9875,,7.975,,15.95,,nogo
59.337294884203075,18.098426270402538,1.5785738886936784,Max Hamngatan,1.89621,,3.79242,,7.58484,,15.16968,,nogo
59.31597679723659,18.07037465064795,0.15717373934799037,Max Södermalm,1.40675,0.15717373934799037,2.8135,0.31434747869598073,5.627,0.18860848721758844,11.254,2.0059119318271383,clear
59.34005641840495,18.03588403653223,0.7229885187416812,Max Kungsholmen,1.83965,,3.6793,,7.3586,,14.7172,,nogo
59.33182039271463,18.025768374408283,0.4388135564323645,Max Kungsholmen,1.37324,,2.74648,,5.49296,,10.98592,,nogo
59.336525921791775,18.101559605393394,1.7271355281530278,Max Hamngatan,0.62402,,1.24804,,2.49608,,4.99216,,nogo
59.31552950851933,18.09510107913109,1.254916013103524,Max Södermalm,2.2057399999999996,1.254916013103524,4.411479999999999,2.509832026207048,8.822959999999998,1.5058992157242288,17.645919999999997,9.031462483862553,clear
59.34189408731691,18.041026559277167,0.5879869558378368,Max Odenplan,1.2464600000000001,0.5879869558378368,2.4929200000000002,1.1759739116756736,4.9858400000000005,0.7055843470054042,9.971680000000001,4.763116517362155,clear
59.3469614765571,18.099144068853075,2.196785704663171,Max Hamngatan,1.8936199999999999,,3.7872399999999997,,7.574479999999999,,15.148959999999999,,nogo
59.35201504663392,18.107183492807135,2.919621057652531,Max Hamngatan,1.72351,,3.44702,,6.89404,,13.78808,,nogo
59.31201441735737,18.069002259096738,0.46801374268124046,Max Södermalm,1.85989,0.46801374268124046,3.71978,0.9360274853624809,7.43956,0.5616164912174886,14.87912,3.995287953159939,clear
59.34172602646397,18.091054585003203,1.4605761656768586,Max Hamngatan,1.89804,,3.79608,,7.592160000000001,,15.184320000000001,,nogo
59.33469389732425,18.001228089694237,1.778021605523732,Max Kungsholmen,1.6186099999999999,,3.2372199999999998,,6.4744399999999995,,12.948879999999999,,nogo
59.35153425165009,18.061843693391452,1.1628715794672893,Max Odenplan,1.44074,1.1628715794672893,2.88148,2.3257431589345785,5.76296,1.3954458953607471,11.52592,8.44237810859065,clear
59.31563512135929,18.080312677955455,0.4126608608125783,Max Södermalm,2.25222,0.4126608608125783,4.50444,0.8253217216251566,9.00888,0.4951930329750939,18.01776,3.641029509200501,clear
59.3068372691263,18.072925171948782,0.9835324914087445,Max Södermalm,1.04755,0.9835324914087445,2.0951,1.967064982817489,4.1902,1.1802389896904935,8.3804,7.294607945015965,clear
59.335738681917285,18.017255930761777,0.8893092016308232,Max Kungsholmen,0.55876,,1.11752,,2.23504,,4.47008,,nogo
59.344904549181145,18.075490514738984,1.2814507815607976,Max Hötorget,1.0404,,2.0808,,4.1616,,8.3232,,nogo
59.30903219553259,18.07151376762047,0.7442576782888419,Max Södermalm,0.41685,0.7442576782888419,0.8337,1.4885153565776839,1.6674,0.8931092139466104,3.3348,5.763249141048588,clear
59.33884030707796,18.058687767421883,0.43051594692029727,Max Hötorget,1.9147100000000001,,3.8294200000000003,,7.65884,,15.31768,,nogo
59.34740798676545,18.090075450318373,1.9128018700857328,Max Hamngatan,2.0377899999999998,,4.0755799999999995,,8.151159999999999,,16.302319999999998,,nogo
59.33251116328767,18.0266924609703,0.3567418158072353,Max Kungsholmen,2.07795,,4.1559,,8.3118,,16.6236,,nogo
59.31937310225612,18.082818681383614,0.6920683710169335,Max Södermalm,1.41005,0.6920683710169335,2.8201,1.384136742033867,5.6402,0.8304820452203202,11.2804,5.429237574508375,clear
59.3438099018852,18.02977741962633,0.3952530114732446,Max Karolinska,2.3264,0.3952530114732446,4.6528,0.7905060229464892,9.3056,0.4743036137678935,18.6112,3.5296192734287652,clear
59.34142041924437,18.10717361478963,2.2121914795777404,Max Hamngatan,1.20178,,2.40356,,4.80712,,9.61424,,nogo
59.32068762503779,18.066267575796093,0.6803466125943639,Max Södermalm,2.77742,0.6803466125943639,5.55484,1.3606932251887278,11.10968,0.8164159351132367,22.21936,5.354218320603929,clear
59.31672092638542,18.074136084114166,0.13238386607086292,Max Södermalm,1.7705199999999999,0.13238386607086292,3.5410399999999997,0.26476773214172583,7.0820799999999995,0.15886063928503552,14.164159999999999,1.8472567428535227,clear
59.31288815691358,18.0772720939709,0.3912873024805722,Max Södermalm,1.34348,0.3912873024805722,2.68696,0.7825746049611444,5.37392,0.46954476297668657,10.74784,3.5042387358756617,clear
59.35502212719385,18.098269989726745,2.8793847828182737,Max Hamngatan,0.8129500000000001,,1.6259000000000001,,3.2518000000000002,,6.5036000000000005,,nogo
59.31575941307543,18.034641437151368,2.015105966265468,Max Kungsholmen,2.2045500000000002,,4.4091000000000005,,8.818200000000001,,17.636400000000002,,nogo
59.320236396417165,18.07215193474904,0.5118282387894764,Max Södermalm,0.36762,0.5118282387894764,0.73524,1.0236564775789527,1.47048,0.6141938865473716,2.94096,4.275700728252649,clear
59.3092577489246,18.096914331815544,1.5343824111353566,Max Södermalm,0.9481,1.5343824111353566,1.8962,3.068764822270713,3.7924000000000007,1.8412588933624279,7.584800000000001,10.820047431266282,clear
59.30955356230021,18.07117056759743,0.6894137045646167,Max Södermalm,2.19119,0.6894137045646167,4.38238,1.3788274091292334,8.76476,0.8272964454775401,17.52952,5.412247709213547,clear
59.33378480789229,18.065776901514056,0.267052248382531,Max Hötorget,1.36307,,2.72614,,5.45228,,10.90456,,nogo
59.355659673406215,18.088127197842528,2.5522093809129363,Max Odenplan,0.89886,2.5522093809129363,1.79772,5.1044187618258725,3.59544,3.0626512570955238,7.19088,17.334140037842793,clear
59.32793251071018,18.02298923378177,0.846879544029514,Max Kungsholmen,1.08904,,2.17808,,4.35616,,8.71232,,nogo
59.3506318024208,18.105193771805734,2.729915498461439,Max Hamngatan,1.6981400000000002,,3.3962800000000004,,6.792560000000001,,13.585120000000002,,nogo
59.34106328290828,18.073573026369555,0.8830731402376072,Max Hötorget,2.4671399999999997,,4.934279999999999,,9.868559999999999,,19.737119999999997,,nogo
59.31547181096052,18.08130058561701,0.4694051664367656,Max Södermalm,1.1368900000000002,0.4694051664367656,2.2737800000000004,0.9388103328735312,4.547560000000001,0.5632861997241188,9.095120000000001,4.0041930651953,clear
59.30887057311045,18.06131746301764,1.0103540674443106,Max Södermalm,1.9648299999999999,1.0103540674443106,3.9296599999999997,2.020708134888621,7.85932,1.2124248809331726,15.71864,7.466266031643587,clear
59.309288577601286,18.093631534436817,1.369857962426253,Max Södermalm,3.27265,1.369857962426253,6.5453,2.739715924852506,13.0906,1.6438295549115036,26.1812,9.76709095952802,clear
59.35997528032215,18.09763614451287,3.2717515983490912,Max Odenplan,0.37072000000000005,3.2717515983490912,0.7414400000000001,6.5435031966981825,1.4828800000000002,3.926101918018909,2.9657600000000004,21.93921022943418,clear
59.31801932928677,18.039047418042617,1.7993874167870756,Max Kungsholmen,1.91877,,3.83754,,7.67508,,15.35016,,nogo
59.332332424825985,18.081919881301932,0.5656161168167496,Max Hamngatan,1.98167,,3.96334,,7.92668,,15.85336,,nogo
59.349915587889676,18.071990283967825,1.4332264911878083,Max Odenplan,2.2194499999999997,1.4332264911878083,4.438899999999999,2.8664529823756166,8.877799999999999,1.71987178942537,17.755599999999998,10.172649543601974,clear
59.30656551630865,18.068455686572346,1.0472378439237258,Max Södermalm,1.82226,1.0472378439237258,3.64452,2.0944756878474515,7.28904,1.2566854127084708,14.57808,7.702322201111844,clear
59.31977674607497,18.065361002320532,0.634253801100635,Max Södermalm,1.50919,0.634253801100635,3.01838,1.26850760220127,6.03676,0.7611045613207621,12.07352,5.059224327044064,clear
59.3329443205826,18.031093195162597,0.12267950980392349,Max Kungsholmen,1.861,,3.722,,7.444,,14.888,,nogo
59.324294609703415,18.06985921099617,0.9684621572034804,Max Hamngatan,2.2323000000000004,,4.464600000000001,,8.929200000000002,,17.858400000000003,,nogo
59.33929499434271,18.006304689280384,1.6068579674542334,Max Kungsholmen,1.6074300000000001,,3.2148600000000003,,6.4297200000000005,,12.859440000000001,,nogo
59.31992217354681,18.039876666452024,1.6045813335801211,Max Kungsholmen,2.3439,,4.6878,,9.3756,,18.7512,,nogo
59.35480306149749,18.08786234382383,2.486442603239838,Max Odenplan,1.69615,2.486442603239838,3.3923,4.972885206479676,6.7846,2.9837311238878055,13.5692,16.913232660734963,clear
59.31608788161769,18.04280710629466,1.7238649056667004,Max Södermalm,1.20912,1.7238649056667004,2.41824,3.4477298113334007,4.83648,2.0686378868000403,9.67296,12.032735396266883,clear
59.31991801917146,18.072705240572734,0.47415013139948037,Max Södermalm,0.15533000000000002,0.47415013139948037,0.31066000000000005,0.9483002627989607,0.6213200000000001,0.5689801576793765,1.2426400000000002,4.034560840956674,clear
59.3531166753304,18.089909890873436,2.469262944954403,Max Hamngatan,1.81929,,3.63858,,7.27716,,14.55432,,nogo
59.32999503171864,18.071280296175495,0.3283033149835212,Max Hamngatan,1.74191,,3.48382,,6.96764,,13.93528,,nogo
59.33241691145462,18.000020083497176,1.8506687515177047,Max Kungsholmen,1.43121,,2.86242,,5.72484,,11.44968,,nogo
59.34393109875259,18.051602963829634,0.1492645100925599,Max Odenplan,0.12798,0.1492645100925599,0.25596,0.2985290201851198,0.51192,0.17911741211107188,1.02384,1.9552928645923833,clear
59.33333038445995,18.09465914055401,1.2877982227721765,Max Hamngatan,1.72597,,3.45194,,6.90388,,13.80776,,nogo
59.34674821982343,18.110663967395748,2.683951246209386,Max Hamngatan,1.46297,,2.92594,,5.85188,,11.70376,,nogo
59.35085045635411,18.064274745731144,1.179875288346562,Max Odenplan,1.47508,1.179875288346562,2.95016,2.359750576693124,5.90032,1.4158503460158742,11.80064,8.551201845417996,clear
59.31413963994061,18.082376408657446,0.5567760840412849,Max Södermalm,1.32097,0.5567760840412849,2.64194,1.1135521680825697,5.28388,0.6681313008495418,10.56776,4.563366937864223,clear
59.313788402722395,18.098340277160563,1.454443394254808,Max Södermalm,2.45357,1.454443394254808,4.90714,2.908886788509616,9.81428,1.7453320731057695,19.62856,10.308437723230771,clear
59.3053939305866,18.084931845124974,1.328948403631376,Max Södermalm,1.2013,1.328948403631376,2.4026,2.657896807262752,4.8052,1.594738084357651,9.6104,9.505269783240806,clear
59.316373979319145,18.096458131880137,1.334424051684021,Max Södermalm,1.3175,1.334424051684021,2.635,2.668848103368042,5.27,1.6013088620208251,10.54,9.540313930777733,clear
59.33375254148733,18.008338336212216,1.3706479451106475,Max Kungsholmen,2.34611,,4.69222,,9.38444,,18.76888,,nogo
59.34312862396068,18.05910607536123,0.449953655801111,Max Odenplan,1.0626099999999998,0.449953655801111,2.1252199999999997,0.899907311602222,4.250439999999999,0.5399443869613333,8.500879999999999,3.879703397127111,clear
59.332868177983634,18.085595624532665,0.7711055491287544,Max Hamngatan,2.25563,,4.51126,,9.02252,,18.04504,,nogo
59.32451564311917,18.070676220812594,0.9390408947640037,Max Hamngatan,1.25362,,2.50724,,5.01448,,10.02896,,nogo
59.31375115737956,18.089835807888658,0.9785280565027379,Max Södermalm,0.6468400000000001,0.9785280565027379,1.2936800000000002,1.9570561130054758,2.5873600000000003,1.1742336678032856,5.174720000000001,7.262579561617523,clear
59.316724145381656,18.051371315972816,1.2411102832469656,Max Södermalm,1.05162,1.2411102832469656,2.10324,2.482220566493931,4.20648,1.4893323398963587,8.41296,8.94310581278058,clear
59.35122937781343,18.058051407196192,1.0357058653452658,Max Odenplan,2.27626,1.0357058653452658,4.55252,2.0714117306905315,9.10504,1.2428470384143189,18.21008,7.628517538209701,clear
59.31480581813466,18.0516559521436,1.2230798474577167,Max Södermalm,0.54979,1.2230798474577167,1.09958,2.4461596949154334,2.19916,1.46769581694926,4.39832,8.827711023729387,clear
59.3311785628434,18.031212055795653,0.30136230575084005,Max Kungsholmen,1.9236300000000002,,3.8472600000000003,,7.694520000000002,,15.389040000000003,,nogo
59.33251960161016,18.078244744454846,0.3554314878574151,Max Hamngatan,2.30017,,4.60034,,9.20068,,18.40136,,nogo
59.35191771743341,18.07100043384599,1.5289172789637278,Max Odenplan,1.39369,1.5289172789637278,2.78738,3.0578345579274555,5.57476,1.8347007347564732,11.14952,10.785070585367858,clear
59.31835688195953,18.077270653102207,0.3836491882678869,Max Södermalm,1.8551300000000002,0.3836491882678869,3.7102600000000003,0.7672983765357738,7.420520000000001,0.4603790259214643,14.841040000000001,3.455354804914476,clear
59.34475498036352,18.05608921573619,0.36445517506472647,Max Odenplan,1.16056,0.36445517506472647,2.32112,0.7289103501294529,4.64224,0.43734621007767177,9.28448,3.3325131204142493,clear
59.320595426909236,18.07195800915078,0.5527839016366464,Max Södermalm,0.5438200000000001,0.5527839016366464,1.0876400000000002,1.1055678032732927,2.1752800000000003,0.6633406819639756,4.350560000000001,4.537816970474537,clear
59.34000878753827,18.03987973500877,0.7094433568146328,Max Odenplan,1.43484,0.7094433568146328,2.86968,1.4188867136292656,5.73936,0.8513320281775593,11.47872,5.540437483613649,clear
59.329750303637205,18.079287804191946,0.5423604124653575,Max Hamngatan,2.60229,,5.20458,,10.40916,,20.81832,,nogo
59.33224231600338,18.015503541396505,0.978584142872804,Max Kungsholmen,2.7116599999999997,,5.4233199999999995,,10.846639999999999,,21.693279999999998,,nogo
59.341288820020075,18.098734178275226,1.7823060776327067,Max Hamngatan,2.27685,,4.5537,,9.1074,,18.2148,,nogo
59.34245871822763,18.034731871352346,0.500770344083948,Max Karolinska,1.1263299999999998,0.500770344083948,2.2526599999999997,1.001540688167896,4.505319999999999,0.6009244129007377,9.010639999999999,4.204930202137268,clear
59.34444334680164,18.051552332385217,0.2057392783697159,Max Odenplan,1.5793499999999998,0.2057392783697159,3.1586999999999996,0.4114785567394318,6.317399999999999,0.24688713404365908,12.634799999999998,2.3167313815661816,clear
59.3044626525571,18.071850657668172,1.249953201251339,Max Södermalm,0.93556,1.249953201251339,1.87112,2.499906402502678,3.74224,1.4999438415016069,7.48448,8.99970048800857,clear
59.33730001111598,18.094993947276773,1.3942903362435848,Max Hamngatan,1.5454700000000001,,3.0909400000000002,,6.1818800000000005,,12.363760000000001,,nogo
59.34208458674434,18.063069154996032,0.6741099008811506,Max Odenplan,2.39157,0.6741099008811506,4.78314,1.3482198017623013,9.56628,0.8089318810573808,19.13256,5.314303365639364,clear
59.30780910897852,18.09332244669519,1.4480953193483252,Max Södermalm,2.04675,1.4480953193483252,4.0935,2.8961906386966505,8.187,1.7377143832179904,16.374,10.267810043829282,clear
59.313090388507604,18.062788788464534,0.6518626385841719,Max Södermalm,0.79403,0.6518626385841719,1.58806,1.3037252771683439,3.17612,0.7822351663010063,6.35224,5.1719208869387,clear
59.3283681204296,18.045919906198044,0.9790030796529628,Max Kungsholmen,2.01022,,4.02044,,8.04088,,16.08176,,nogo
59.311072228193176,18.06232593505196,0.7975272992148885,Max Södermalm,2.05641,0.7975272992148885,4.11282,1.595054598429777,8.22564,0.9570327590578663,16.45128,6.1041747149752865,clear
59.34771382922448,18.10406872134287,2.457214592030654,Max Hamngatan,2.00538,,4.01076,,8.02152,,16.04304,,nogo
59.32962778089218,18.018866626485938,0.9013487812780976,Max Kungsholmen,2.14088,,4.28176,,8.56352,,17.12704,,nogo
59.30870351480818,18.075650003544528,0.7894306905821962,Max Södermalm,1.48087,0.7894306905821962,2.96174,1.5788613811643923,5.92348,0.9473168286986353,11.84696,6.052356419726055,clear
59.3577590469315,18.100862351511857,3.216713783812412,Max Hamngatan,1.43289,,2.86578,,5.73156,,11.46312,,nogo
59.30855478753651,18.05967757790107,1.0995630376883472,Max Södermalm,1.82321,1.0995630376883472,3.64642,2.1991260753766944,7.29284,1.3194756452260166,14.58568,8.037203441205422,clear
59.33576528020265,18.03573890274434,0.288140793781373,Max Kungsholmen,0.58574,,1.17148,,2.34296,,4.68592,,nogo
59.33475744399905,18.097309327545958,1.452349618064757,Max Hamngatan,1.20061,,2.40122,,4.80244,,9.60488,,nogo
59.33707273953895,18.00122360754816,1.8122675033370743,Max Kungsholmen,2.08659,,4.17318,,8.34636,,16.69272,,nogo
59.33371255603885,18.00620593066451,1.4920464826350368,Max Kungsholmen,1.7050999999999998,,3.4101999999999997,,6.820399999999999,,13.640799999999999,,nogo
59.31177033052857,18.09067741052525,1.0928136581700594,Max Södermalm,1.43946,1.0928136581700594,2.87892,2.1856273163401188,5.75784,1.3113763898040713,11.51568,7.99400741228838,clear
59.31691109723614,18.07544369482382,0.19382810116040303,Max Södermalm,1.71386,0.19382810116040303,3.42772,0.38765620232080605,6.85544,0.23259372139248363,13.71088,2.2404998474265794,clear
59.317092721659854,18.065326864140673,0.46855114653056545,Max Södermalm,2.27007,0.46855114653056545,4.54014,0.9371022930611309,9.08028,0.5622613758366786,18.16056,3.9987273377956187,clear
59.338401195083705,18.04642959241779,0.5429396011474147,Max Odenplan,2.3712600000000004,0.5429396011474147,4.742520000000001,1.0858792022948294,9.485040000000001,0.6515275213768976,18.970080000000003,4.474813447343454,clear
59.33350966816405,18.044830554000267,0.7072423373516127,Max Kungsholmen,2.21977,,4.43954,,8.87908,,17.75816,,nogo
59.34856566269096,18.061909922169175,0.8989421596132036,Max Odenplan,0.65986,0.8989421596132036,1.31972,1.7978843192264071,2.63944,1.0787305915358443,5.27888,6.753229821524503,clear
59.33199557598964,18.08283022205149,0.6221931341765623,Max Hamngatan,2.1517399999999998,,4.3034799999999995,,8.606959999999999,,17.213919999999998,,nogo
59.34762238123375,18.046713556640558,0.6163201212910097,Max Odenplan,0.59748,0.6163201212910097,1.19496,1.2326402425820193,2.38992,0.7395841455492116,4.77984,4.944448776262462,clear
59.3330404323785,18.00619722710907,1.4949913727845108,Max Kungsholmen,1.6714200000000001,,3.3428400000000003,,6.6856800000000005,,13.371360000000001,,nogo
59.34170558797083,18.088152608351486,1.3411951790342054,Max Hamngatan,2.34679,,4.69358,,9.38716,,18.77432,,nogo
59.32988756485584,18.071518797342065,0.33869444858700665,Max Hamngatan,1.5454700000000001,,3.0909400000000002,,6.1818800000000005,,12.363760000000001,,nogo
59.331755494283264,18.024991973841455,0.48086454464929007,Max Kungsholmen,2.68754,,5.37508,,10.75016,,21.50032,,nogo
59.33035383380213,18.026179761036342,0.524012046279397,Max Kungsholmen,1.2831,,2.5662,,5.1324,,10.2648,,nogo
59.33078298664198,18.03114481514405,0.3451998160017858,Max Kungsholmen,1.12192,,2.24384,,4.48768,,8.97536,,nogo
59.31786167435957,18.076819533258632,0.3248287533848215,Max Södermalm,2.02533,0.3248287533848215,4.05066,0.649657506769643,8.10132,0.38979450406178573,16.20264,3.0789040216628574,clear
59.34890047847846,18.050098156665776,0.7047630249614139,Max Odenplan,1.03111,0.7047630249614139,2.06222,1.4095260499228277,4.12444,0.8457156299536966,8.24888,5.5104833597530485,clear
59.333605848190494,18.042749888542513,0.5884590343556899,Max Kungsholmen,1.38622,,2.77244,,5.54488,,11.08976,,nogo
59.33199058301765,17.996518326377785,2.053511618075823,Max Kungsholmen,1.9864000000000002,,3.9728000000000003,,7.9456,,15.8912,,nogo
59.33143965636646,18.0181691802202,0.8530940470315641,Max Kungsholmen,1.34062,,2.68124,,5.36248,,10.72496,,nogo
59.31738823878691,18.030629039513485,1.83251390901621,Max Kungsholmen,1.73489,,3.46978,,6.93956,,13.87912,,nogo
59.33995129990013,18.10734786178347,2.156474999471354,Max Hamngatan,0.7004400000000001,,1.4008800000000001,,2.8017600000000003,,5.6035200000000005,,nogo
59.33912249444764,18.071250415051498,0.6402021827865653,Max Hötorget,0.5921799999999999,,1.1843599999999999,,2.3687199999999997,,4.737439999999999,,nogo
59.31464794495194,18.070912487091828,0.16705391790174898,Max Södermalm,1.6416600000000001,0.16705391790174898,3.2833200000000002,0.33410783580349795,6.5666400000000005,0.20046470148209877,13.133280000000001,2.0691450745711935,clear
59.33433740589886,18.08375987882324,0.6851373563518994,Max Hamngatan,2.18329,,4.36658,,8.73316,,17.46632,,nogo
59.33606702607571,18.055814840970857,0.3861274396281629,Max Hötorget,1.67789,,3.35578,,6.71156,,13.42312,,nogo
59.31629042566679,18.044948529724195,1.6027802082038507,Max Södermalm,0.84304,1.6027802082038507,1.68608,3.2055604164077014,3.37216,1.923336249844621,6.74432,11.257793332504644,clear
59.35038527646252,18.045227655043117,0.7858503123756452,Max Karolinska,1.33376,0.7858503123756452,2.66752,1.5717006247512904,5.33504,0.9430203748507743,10.67008,6.0294419992041295,clear
59.31829591485288,18.08554347608011,0.7685476086275702,Max Södermalm,1.8711300000000002,0.7685476086275702,3.7422600000000004,1.5370952172551404,7.484520000000001,0.9222571303530842,14.969040000000001,5.91870469521645,clear
59.31972321509696,18.039881320833487,1.6260356383575885,Max Kungsholmen,2.05655,,4.1131,,8.2262,,16.4524,,nogo
59.35025656790918,18.08592363302107,2.0869034284815866,Max Hamngatan,1.04131,,2.08262,,4.16524,,8.33048,,nogo
59.3443882149635,18.052336751814213,0.20807051870633744,Max Odenplan,1.2882799999999999,0.20807051870633744,2.5765599999999997,0.4161410374126749,5.1531199999999995,0.24968462244760492,10.306239999999999,2.3316513197205597,clear
59.30969117716339,18.09376252101076,1.3536293144525884,Max Södermalm,0.9744400000000001,1.3536293144525884,1.9488800000000002,2.7072586289051768,3.89776,1.624355177343106,7.79552,9.663227612496566,clear
59.33455118549085,18.092014647285687,1.1509374318690273,Max Hamngatan,1.8034400000000002,,3.6068800000000003,,7.213760000000001,,14.427520000000001,,nogo
59.31213771139882,18.05239211967029,1.241308155987956,Max Södermalm,1.71215,1.241308155987956,3.4243,2.482616311975912,6.8486,1.4895697871855471,13.6972,8.944372198322919,clear
59.330453060797794,18.002845644429375,1.7244468147277607,Max Kungsholmen,2.3590999999999998,,4.7181999999999995,,9.436399999999999,,18.872799999999998,,nogo
59.342215056453114,18.097435036225644,1.7778019648948378,Max Hamngatan,1.5764,,3.1528,,6.3056,,12.6112,,nogo
59.31453004431963,18.044952166711088,1.6060942444317519,Max Södermalm,1.39315,1.6060942444317519,2.7863,3.2121884888635037,5.5726,1.9273130933181022,11.1452,11.279003164363212,clear
59.336673531808444,18.08226375758445,0.7164293164617617,Max Hamngatan,2.11862,,4.23724,,8.47448,,16.94896,,nogo
59.350664131831095,18.06056979259664,1.0424903500815577,Max Odenplan,1.26321,1.0424903500815577,2.52642,2.0849807001631153,5.05284,1.2509884200978691,10.10568,7.671938240521969,clear
59.333452428329736,18.065308330108085,0.2786981892770708,Max Hötorget,1.8332,,3.6664,,7.3328,,14.6656,,nogo
59.33152019126559,18.00872718132099,1.3725095974331556,Max Kungsholmen,2.0179300000000002,,4.0358600000000004,,8.071720000000001,,16.143440000000002,,nogo
59.30555332583096,18.08365253810754,1.2777339450779812,Max Södermalm,1.14401,1.2777339450779812,2.28802,2.5554678901559624,4.57604,1.5332807340935775,9.15208,9.17749724849908,clear
59.312973897994446,18.050561755550966,1.3162842565658668,Max Södermalm,2.48288,1.3162842565658668,4.96576,2.6325685131317336,9.93152,1.5795411078790402,19.86304,9.424219242021547,clear
59.33523174611457,18.08294091820653,0.6715016604763195,Max Hamngatan,1.92554,,3.85108,,7.70216,,15.40432,,nogo
59.34970303735264,18.08170698029914,1.9040935612472405,Max Odenplan,2.01847,1.9040935612472405,4.03694,3.808187122494481,8.07388,2.2849122734966887,16.14776,13.186198791982338,clear
59.342424731172855,18.060066456787045,0.5011614461692112,Max Odenplan,1.64599,0.5011614461692112,3.29198,1.0023228923384224,6.58396,0.6013937354030534,13.16792,4.207433255482952,clear
59.3412848751964,18.08074689209195,1.0555980969417422,Max Hamngatan,1.45603,,2.91206,,5.82412,,11.64824,,nogo
59.32850132177686,18.049288029520014,1.0840401001586102,Max Hötorget,0.67815,,1.3563,,2.7126,,5.4252,,nogo
59.3259247999415,18.070211380330175,0.7857953069728304,Max Hamngatan,1.93162,,3.86324,,7.726479999999999,,15.452959999999997,,nogo
59.35109869758683,18.066327513787837,1.2767997313613615,Max Odenplan,1.4233900000000002,1.2767997313613615,2.8467800000000003,2.553599462722723,5.693560000000001,1.532159677633634,11.387120000000001,9.171518280712714,clear
59.31128634430352,18.097604860685987,1.4802086245505897,Max Södermalm,0.9672999999999999,1.4802086245505897,1.9345999999999999,2.9604172491011793,3.8691999999999998,1.7762503494607076,7.7383999999999995,10.473335197123774,clear
59.30667309790051,18.07836774176177,1.0462975672690977,Max Södermalm,2.2870500000000002,1.0462975672690977,4.5741000000000005,2.0925951345381955,9.148200000000001,1.2555570807229173,18.296400000000002,7.6963044305222255,clear
59.348932563972376,18.059178612489514,0.8366535219534186,Max Odenplan,1.67261,0.8366535219534186,3.34522,1.6733070439068372,6.69044,1.0039842263441023,13.38088,6.3545825405018785,clear
59.315217292945206,18.045439846870764,1.5741072765172603,Max Södermalm,1.06835,1.5741072765172603,2.1367,3.1482145530345207,4.2734,1.8889287318207124,8.5468,11.074286569710466,clear
59.341051790924965,18.10285793247506,1.973836540873206,Max Hamngatan,1.72615,,3.4523,,6.9046,,13.8092,,nogo
59.334890400172654,18.017835537164927,0.8386956924185299,Max Kungsholmen,2.1326199999999997,,4.2652399999999995,,8.530479999999999,,17.060959999999998,,nogo
59.33614712437182,18.08932924805588,1.0473595777469817,Max Hamngatan,1.4599300000000002,,2.9198600000000003,,5.839720000000001,,11.679440000000001,,nogo
59.31386677351738,18.041958523637295,1.782905691020296,Max Södermalm,0.80116,1.782905691020296,1.60232,3.565811382040592,3.20464,2.139486829224355,6.40928,12.410596422529895,clear
59.30550809001343,18.083888759731504,1.288560862495687,Max Södermalm,1.51671,1.288560862495687,3.03342,2.577121724991374,6.06684,1.5462730349948246,12.13368,9.246789519972397,clear
59.315322901656415,18.03177594764366,2.06008310511477,Max Kungsholmen,1.2103599999999999,,2.4207199999999998,,4.8414399999999995,,9.682879999999999,,nogo
59.33817918177483,18.080830142110567,0.7704539533940211,Max Hamngatan,1.80904,,3.61808,,7.23616,,14.47232,,nogo
59.33310203101047,18.034589107295314,0.14669702626088352,Max Kungsholmen,1.57288,,3.14576,,6.29152,,12.58304,,nogo
59.31175905137448,18.048177349538967,1.4827956708442125,Max Södermalm,1.77723,1.4827956708442125,3.55446,2.965591341688425,7.10892,1.779354805013055,14.21784,10.48989229340296,clear
59.30744434536494,18.079123340866897,0.9786802888963241,Max Södermalm,1.55389,0.9786802888963241,3.10778,1.9573605777926482,6.21556,1.1744163466755888,12.43112,7.263553848936474,clear
59.332721367695854,18.0255378539556,0.4101032525782002,Max Kungsholmen,1.73344,,3.46688,,6.93376,,13.86752,,nogo
59.332202631892116,18.09174924953851,1.1241707656032065,Max Hamngatan,1.19801,,2.39602,,4.79204,,9.58408,,nogo
59.3533519663268,18.09001170759558,2.4955406528214605,Max Hamngatan,3.85069,,7.70138,,15.402760000000002,,30.805520000000005,,nogo
59.33350668318571,18.100004528965513,1.5925816084893976,Max Hamngatan,3.1416,,6.2832,,12.5664,,25.1328,,nogo
59.34171039391074,18.064045569119227,0.6967704479607789,Max Hötorget,2.27756,,4.55512,,9.11024,,18.22048,,nogo
59.3276794131178,18.044727373930524,0.978612760522602,Max Kungsholmen,0.77985,,1.5597,,3.1194,,6.2388,,nogo
59.31884019435635,18.03828997178372,1.7010871713030384,Max Kungsholmen,1.06758,,2.13516,,4.27032,,8.54064,,nogo
59.32425853528813,18.070858503913914,0.9654623719329903,Max Södermalm,1.1045099999999999,,2.2090199999999998,,4.4180399999999995,,8.836079999999999,,nogo
59.319431858181616,18.080611303421023,0.6004987005654134,Max Södermalm,0.9670700000000001,0.6004987005654134,1.9341400000000002,1.2009974011308269,3.8682800000000004,0.7205984406784961,7.736560000000001,4.843191683618646,clear
59.347663353161394,18.111294710086952,2.772559684792683,Max Hamngatan,1.07492,,2.14984,,4.29968,,8.59936,,nogo
59.3118805253074,18.10081765695955,1.6357456925858351,Max Södermalm,0.43339999999999995,1.6357456925858351,0.8667999999999999,3.2714913851716703,1.7335999999999998,1.9628948311030021,3.4671999999999996,11.468772432549345,clear
59.35327559156223,18.09285059140466,2.5583951510907945,Max Hamngatan,3.65334,,7.30668,,14.61336,,29.22672,,nogo
59.33989436183541,18.108889992186786,2.236257212967918,Max Hamngatan,1.03904,,2.07808,,4.15616,,8.31232,,nogo
59.35034457455324,18.083751837443703,2.039668131074506,Max Odenplan,1.54752,2.039668131074506,3.09504,4.079336262149012,6.19008,2.4476017572894073,12.38016,14.05387603887684,clear
59.34508570898139,18.097482151315983,1.9831802499930928,Max Hamngatan,2.80477,,5.60954,,11.21908,,22.43816,,nogo
59.346341732135315,18.06306728731432,0.7902113501494858,Max Odenplan,0.85975,0.7902113501494858,1.7195,1.5804227002989717,3.439,0.948253620179383,6.878,6.05735264095671,clear
59.30658339640925,18.07107611996121,1.018113323116875,Max Södermalm,2.3951599999999997,1.018113323116875,4.7903199999999995,2.03622664623375,9.580639999999999,1.22173598774025,19.161279999999998,7.515925267948001,clear
59.34068217981009,18.09914519307785,1.7682622393666503,Max Hamngatan,3.67028,,7.34056,,14.68112,,29.36224,,nogo
59.33355923815901,18.030080498220624,0.13606810201778716,Max Kungsholmen,2.05556,,4.11112,,8.22224,,16.44448,,nogo
59.31337855234163,18.101209865869585,1.6228875767963875,Max Södermalm,1.12954,1.6228875767963875,2.25908,3.245775153592775,4.51816,1.947465092155665,9.03632,11.38648049149688,clear
59.33560497605433,18.02407877504648,0.5149910160557374,Max Kungsholmen,2.69211,,5.38422,,10.76844,,21.53688,,nogo
59.33371077243142,18.01674241414011,0.8923603854789212,Max Kungsholmen,3.5494499999999998,,7.0988999999999995,,14.197799999999999,,28.395599999999998,,nogo
59.34771591571406,18.104256126887737,2.4652888932456127,Max Hamngatan,1.37345,,2.7469,,5.4938,,10.9876,,nogo
59.34162349241409,18.08247208618648,1.1370561196730617,Max Hamngatan,1.23233,,2.46466,,4.92932,,9.85864,,nogo
59.315825963186725,18.061372163793624,0.6662220932271473,Max Södermalm,3.4943,0.6662220932271473,6.9886,1.3324441864542946,13.9772,0.7994665118725768,27.9544,5.263821396653743,clear
59.3373204922517,18.047285338231234,0.6305019277203008,Max Odenplan,3.1798699999999998,0.6305019277203008,6.3597399999999995,1.2610038554406016,12.719479999999999,0.756602313264361,25.438959999999998,5.035212337409925,clear
59.34508758641711,18.064832145803898,0.8200736763440063,Max Odenplan,2.18817,0.8200736763440063,4.37634,1.6401473526880126,8.75268,0.9840884116128076,17.50536,6.24847152860164,clear
59.305614178790485,18.08528534732998,1.3183967471071307,Max Södermalm,2.8654699999999997,1.3183967471071307,5.7309399999999995,2.6367934942142615,11.461879999999999,1.5820760965285567,22.923759999999998,9.437739181485636,clear
59.336047593626084,18.062287853367867,0.061725139301498234,Max Hötorget,3.52271,,7.04542,,14.09084,,28.18168,,nogo
59.31068225663236,18.092387252930724,1.2324726536118367,Max Södermalm,1.4107100000000001,1.2324726536118367,2.8214200000000003,2.4649453072236733,5.6428400000000005,1.4789671843342038,11.285680000000001,8.887824983115754,clear
59.3501968393099,18.049389158132954,0.8527524511319386,Max Odenplan,2.3559,0.8527524511319386,4.7118,1.7055049022638773,9.4236,1.0233029413583263,18.8472,6.457615687244408,clear
59.31692518573013,18.03494956601724,1.8867702425409123,Max Kungsholmen,1.99812,,3.99624,,7.99248,,15.98496,,nogo
59.33675909979186,18.082629391926115,0.7389002355894376,Max Hamngatan,2.8764000000000003,,5.752800000000001,,11.505600000000001,,23.011200000000002,,nogo
59.328935021239374,18.049735371546895,1.0316972955863843,Max Hötorget,1.73931,,3.47862,,6.95724,,13.91448,,nogo
59.32931153347875,18.00619045307093,1.574932627628287,Max Kungsholmen,3.10196,,6.20392,,12.40784,,24.81568,,nogo
59.34975589768097,18.0494966890853,0.8032516405228178,Max Odenplan,1.37094,0.8032516405228178,2.74188,1.6065032810456357,5.48376,0.9639019686273815,10.96752,6.140810499346035,clear
59.33089632054499,18.07301748978635,0.2316331087276155,Max Hamngatan,2.20934,,4.41868,,8.83736,,17.67472,,nogo
59.31716135869835,18.08832993619845,0.8850211224305432,Max Södermalm,0.97074,0.8850211224305432,1.94148,1.7700422448610864,3.8829600000000006,1.0620253469166518,7.765920000000001,6.6641351835554765,clear
59.33168147632429,18.097813165008716,1.4729620991430492,Max Hamngatan,2.97598,,5.95196,,11.90392,,23.80784,,nogo
59.33162966881102,18.04488086122851,0.7498451411801571,Max Kungsholmen,0.7072200000000001,,1.4144400000000001,,2.8288800000000003,,5.657760000000001,,nogo
59.31695134045346,18.036693819433037,1.894048888386761,Max Kungsholmen,3.3986,,6.7972,,13.5944,,27.1888,,nogo
59.325342514446966,18.0760480011061,0.8738493390013364,Max Hamngatan,1.6814500000000001,,3.3629000000000002,,6.7258000000000004,,13.451600000000001,,nogo
59.33790106859529,18.053987924098376,0.5461474740540951,Max Odenplan,3.2830700000000004,0.5461474740540951,6.566140000000001,1.0922949481081903,13.132280000000002,0.6553769688649141,26.264560000000003,4.495343833946209,clear
59.33138599035124,18.005731812324452,1.5429072448091252,Max Kungsholmen,2.74198,,5.48396,,10.96792,,21.93584,,nogo
59.355542648577384,18.100262293592824,2.988464235520807,Max Hamngatan,2.27227,,4.54454,,9.08908,,18.17816,,nogo
59.315769161273835,18.0336266135644,2.0112193175924338,Max Kungsholmen,2.94504,,5.89008,,11.78016,,23.56032,,nogo
59.34192950710766,18.089143049702574,1.3981320953214205,Max Hamngatan,1.64787,,3.29574,,6.59148,,13.18296,,nogo
59.309712971913385,18.055455019361823,1.2024384346221728,Max Södermalm,3.15108,1.2024384346221728,6.30216,2.4048768692443456,12.60432,1.4429261215466074,25.20864,8.695605981581906,clear
59.30776093584432,18.0760857453147,0.8972332962070093,Max Södermalm,4.04979,0.8972332962070093,8.09958,1.7944665924140186,16.19916,1.0766799554484112,32.39832,6.742293095724859,clear
59.343059600458105,18.107167145802528,2.295970972788619,Max Hamngatan,2.2988299999999997,,4.597659999999999,,9.195319999999999,,18.390639999999998,,nogo
59.335044527725806,18.029892302287305,0.19879739919837333,Max Kungsholmen,1.63169,,3.26338,,6.52676,,13.05352,,nogo
59.331034079692344,18.077009913478225,0.35170006960824896,Max Hamngatan,2.5358,,5.0716,,10.1432,,20.2864,,nogo
59.33397971328201,18.059072954886037,0.25910677852168373,Max Hötorget,1.19825,,2.3965,,4.793,,9.586,,nogo
59.31458427868374,18.0675691048862,0.33546490786610667,Max Södermalm,2.88631,0.33546490786610667,5.77262,0.6709298157322133,11.54524,0.402557889439328,23.09048,3.1469754103430825,clear
59.33488999441978,18.08874180756797,0.9752591780496523,Max Hamngatan,3.13471,,6.26942,,12.53884,,25.07768,,nogo
59.30936303398116,18.089017849343993,1.1481777648822176,Max Södermalm,0.5600499999999999,1.1481777648822176,1.1200999999999999,2.296355529764435,2.2401999999999997,1.377813317858661,4.4803999999999995,8.348337695246192,clear
59.335173040874665,18.023472144102346,0.5313102055964788,Max Kungsholmen,1.20407,,2.40814,,4.81628,,9.63256,,nogo
59.30707384533109,18.063376196935085,1.1048757493061832,Max Södermalm,3.41212,1.1048757493061832,6.82424,2.2097514986123663,13.64848,1.3258508991674198,27.29696,8.071204795559572,clear
59.346894904110826,18.100639509047824,2.252200321027598,Max Hamngatan,3.56885,,7.1377,,14.2754,,28.5508,,nogo
59.313157334276305,18.046348652419475,1.5470516743985898,Max Södermalm,2.3211500000000003,1.5470516743985898,4.6423000000000005,3.0941033487971796,9.284600000000001,1.8564620092783077,18.569200000000002,10.901130716150975,clear
59.339390872319534,18.065515285126583,0.4654445608673852,Max Hötorget,2.85764,,5.71528,,11.43056,,22.86112,,nogo
59.3333206734116,18.053039289668213,0.5914033693368388,Max Hötorget,3.4894499999999997,,6.978899999999999,,13.957799999999999,,27.915599999999998,,nogo
59.34736145261787,18.04483885715124,0.6440690058207724,Max Odenplan,1.39744,0.6440690058207724,2.79488,1.2881380116415448,5.58976,0.7728828069849268,11.17952,5.122041637252943,clear
59.33326640112649,18.085963209112215,0.7929678225137791,Max Hamngatan,1.3239100000000001,,2.6478200000000003,,5.295640000000001,,10.591280000000001,,nogo
59.31811198128451,18.089009791778803,0.9479157601150533,Max Södermalm,1.80627,0.9479157601150533,3.61254,1.8958315202301066,7.22508,1.1374989121380639,14.45016,7.066660864736341,clear
59.33985006396936,18.11853137160146,2.7559788659839466,Max Hamngatan,1.60288,,3.20576,,6.41152,,12.82304,,nogo
59.305535148361244,18.073040861751696,1.1285572124568872,Max Södermalm,3.3058400000000003,1.1285572124568872,6.611680000000001,2.2571144249137745,13.223360000000001,1.3542686549482645,26.446720000000003,8.222766159724078,clear
59.33201477246637,18.009275091769656,1.3324832595962024,Max Kungsholmen,0.23722,,0.47444,,0.9488799999999998,,1.8977599999999997,,nogo
59.33246854505027,18.06980223956038,0.1372306462440127,Max Hamngatan,0.41756,,0.83512,,1.67024,,3.34048,,nogo
59.34376944370307,18.112262450234514,2.588349787241908,Max Hamngatan,2.5455799999999997,,5.0911599999999995,,10.182319999999999,,20.364639999999998,,nogo
59.34238302237795,18.06426122004419,0.7398712489860045,Max Odenplan,2.81512,0.7398712489860045,5.63024,1.479742497972009,11.26048,0.8878454987832055,22.52096,5.735175993510429,clear
59.350200026391654,18.054866067422104,0.8708256385591872,Max Odenplan,0.23724,0.8708256385591872,0.47448,1.7416512771183743,0.94896,1.0449907662710247,1.89792,6.5732840867787985,clear
59.30585488974996,18.08582473473858,1.3124545039453634,Max Södermalm,1.43885,1.3124545039453634,2.8777,2.624909007890727,5.7554,1.5749454047344362,11.5108,9.399708825250325,clear
59.330924610123894,18.048004892175726,0.9436811344785531,Max Kungsholmen,0.9780599999999999,,1.9561199999999999,,3.9122399999999997,,7.824479999999999,,nogo
59.34723440393172,18.04601011164112,0.5964189242227598,Max Odenplan,1.52555,0.5964189242227598,3.0511,1.1928378484455195,6.1022,0.7157027090673117,12.2044,4.817081115025663,clear
59.34896102986604,18.045967007291047,0.7604715125413565,Max Karolinska,2.82769,0.7604715125413565,5.65538,1.520943025082713,11.31076,0.9125658150496277,22.62152,5.867017680264682,clear
59.31754446302886,18.021908791777065,1.908503384904803,Max Kungsholmen,3.08789,,6.17578,,12.35156,,24.70312,,nogo
59.344303035582556,18.11343227281255,2.675052113901043,Max Hamngatan,0.27787,,0.55574,,1.11148,,2.22296,,nogo
59.33367942216226,18.059781443021517,0.25588522280822473,Max Hötorget,2.69055,,5.3811,,10.7622,,21.5244,,nogo
59.33145481274854,18.057185687783402,0.5435237079948653,Max Hötorget,3.18119,,6.36238,,12.72476,,25.44952,,nogo
59.350649827346544,18.057222413386636,0.9584184277696456,Max Odenplan,3.36276,0.9584184277696456,6.72552,1.9168368555392912,13.45104,1.1501021133235747,26.90208,7.133877937725732,clear
59.338772448063494,18.095017743551434,1.461042040432002,Max Hamngatan,1.69011,,3.38022,,6.76044,,13.52088,,nogo
59.35195237171807,18.102553508843467,2.740522524580287,Max Hamngatan,3.1499200000000003,,6.2998400000000006,,12.599680000000001,,25.199360000000002,,nogo
59.35780209722133,18.100575827687575,3.212572630094633,Max Hamngatan,3.0820700000000003,,6.164140000000001,,12.328280000000001,,24.656560000000002,,nogo
59.31136692093162,18.090118991664838,1.082817544088363,Max Södermalm,3.3265700000000002,1.082817544088363,6.6531400000000005,2.165635088176726,13.306280000000001,1.2993810529060354,26.612560000000002,7.930032282165523,clear
59.31235774548183,18.095736672183158,1.3426438055135876,Max Södermalm,1.2507000000000001,1.3426438055135876,2.5014000000000003,2.6852876110271753,5.002800000000001,1.611172566616305,10.005600000000001,9.59292035528696,clear
59.31604575713155,18.077419855834595,0.2514918263700278,Max Södermalm,0.88506,0.2514918263700278,1.77012,0.5029836527400556,3.54024,0.3017901916440334,7.08048,2.609547688768178,clear
59.329025241670415,18.036735493407587,0.5871828166916667,Max Kungsholmen,0.25456,,0.50912,,1.01824,,2.03648,,nogo
59.34776664645173,18.047407577480456,0.6157802019266019,Max Odenplan,3.08892,0.6157802019266019,6.17784,1.2315604038532038,12.35568,0.7389362423119222,24.71136,4.940993292330252,clear
59.33012110509294,18.043668127408893,0.7609857949273838,Max Kungsholmen,0.54062,,1.08124,,2.16248,,4.32496,,nogo
59.337370835730276,18.009167183763374,1.3814774017793356,Max Kungsholmen,3.49034,,6.98068,,13.96136,,27.92272,,nogo
59.345561483807174,18.09083567985235,1.7685109499511278,Max Hamngatan,1.25546,,2.51092,,5.02184,,10.04368,,nogo
59.311558636017025,18.062113529701097,0.7736083181013721,Max Södermalm,1.28824,0.7736083181013721,2.57648,1.5472166362027442,5.15296,0.9283299817216465,10.30592,5.951093235848782,clear
59.33358782596537,17.998187998801857,1.9485346732520836,Max Kungsholmen,2.2795799999999997,,4.559159999999999,,9.118319999999999,,18.236639999999998,,nogo
59.31273721945147,18.089819205577896,1.0083060165344773,Max Södermalm,1.1536300000000002,1.0083060165344773,2.3072600000000003,2.0166120330689545,4.614520000000001,1.2099672198413727,9.229040000000001,7.453158505820655,clear
59.33522758596785,18.087658543152898,0.9250486574070401,Max Hamngatan,0.9612200000000001,,1.9224400000000001,,3.8448800000000003,,7.689760000000001,,nogo
59.36023459260685,18.097729209123433,3.293162139855047,Max Odenplan,1.27621,3.293162139855047,2.55242,6.586324279710094,5.10484,3.951794567826056,10.20968,22.0762376950723,clear
59.31039584828529,18.098256905056346,1.5501223704850569,Max Södermalm,1.46529,1.5501223704850569,2.93058,3.1002447409701137,5.86116,1.8601468445820681,11.72232,10.920783171104365,clear
59.32971511721193,18.078622634424974,0.5168793973010914,Max Hamngatan,0.53861,,1.07722,,2.15444,,4.30888,,nogo
59.344435922031494,18.07889298760697,1.34116002116923,Max Hamngatan,2.12198,,4.24396,,8.48792,,16.97584,,nogo
59.3452501375382,18.079785888881933,1.4428833642185077,Max Hamngatan,1.86608,,3.73216,,7.46432,,14.92864,,nogo
59.34709143441635,18.068717046194998,1.1117758549485437,Max Odenplan,3.18486,1.1117758549485437,6.36972,2.2235517098970874,12.73944,1.3341310259382524,25.47888,8.11536547167068,clear
59.352001756398636,18.085708265233286,2.221818951254216,Max Odenplan,1.02025,2.221818951254216,2.0405,4.443637902508432,4.081,2.666182741505059,8.162,15.219641288026983,clear
59.330172450911476,18.05081197705622,0.8923188688638644,Max Hötorget,0.90275,,1.8055,,3.611,,7.222,,nogo
59.340567350617306,18.080199196697585,0.9704353866605114,Max Hamngatan,0.95747,,1.91494,,3.82988,,7.65976,,nogo
59.31088326202706,18.0590343656668,0.9604831878171461,Max Södermalm,1.7185599999999999,0.9604831878171461,3.4371199999999997,1.9209663756342923,6.8742399999999995,1.1525798253805755,13.748479999999999,7.1470924020297355,clear
59.342783255339306,18.070476355839105,0.928940514766255,Max Hötorget,2.87596,,5.75192,,11.50384,,23.00768,,nogo
59.33611557493327,18.028897752643132,0.325565926558022,Max Kungsholmen,3.27012,,6.54024,,13.08048,,26.16096,,nogo
59.320580237689114,18.051572984459654,1.3408080211911646,Max Södermalm,0.98522,1.3408080211911646,1.97044,2.681616042382329,3.9408799999999995,1.6089696254293975,7.881759999999999,9.581171335623454,clear
59.31800108704645,18.0636507018385,0.5959858859572352,Max Södermalm,0.95949,0.5959858859572352,1.91898,1.1919717719144705,3.83796,0.7151830631486823,7.67592,4.814309670126305,clear
59.333584015376125,18.037791240136123,0.3068290979149919,Max Kungsholmen,1.8123399999999998,,3.6246799999999997,,7.249359999999999,,14.498719999999999,,nogo
59.339172209473894,18.071365908021274,0.6487954554498346,Max Hötorget,1.5101,,3.0202,,6.0404,,12.0808,,nogo
59.33379962644346,18.033748500331654,0.07567920277836764,Max Kungsholmen,3.4983,,6.9966,,13.9932,,27.9864,,nogo
59.31838564666548,18.063296631366963,0.6335225963056671,Max Södermalm,3.46306,0.6335225963056671,6.92612,1.2670451926113342,13.85224,0.7602271155668004,27.70448,5.054544616356269,clear
59.33238035442654,18.025622088610156,0.41848794559052654,Max Kungsholmen,3.00354,,6.00708,,12.01416,,24.02832,,nogo
59.34047861140705,18.100892031208936,1.8451445706740857,Max Hamngatan,1.93148,,3.86296,,7.72592,,15.45184,,nogo
59.33952216873817,18.015762507776273,1.1415959996992253,Max Kungsholmen,0.6885,,1.377,,2.754,,5.508,,nogo
59.31448488912869,18.09661607004797,1.3475576602537622,Max Södermalm,2.24673,1.3475576602537622,4.49346,2.6951153205075244,8.98692,1.6170691923045146,17.97384,9.624369025624079,clear
59.32978299326588,18.062990444660375,0.6226204900394172,Max Hamngatan,2.88809,,5.77618,,11.55236,,23.10472,,nogo
59.34695714023441,18.076654001009942,1.5084525996480698,Max Hötorget,0.63315,,1.2663,,2.5326,,5.0652,,nogo
59.33089390153442,18.058089095716436,0.5720088076814304,Max Hötorget,2.78819,,5.57638,,11.15276,,22.30552,,nogo
59.35089602888385,18.104953841827676,2.741923907117777,Max Hamngatan,1.2475399999999999,,2.4950799999999997,,4.9901599999999995,,9.980319999999999,,nogo
59.31575232249324,18.09778278683482,1.4075717731692075,Max Södermalm,2.09096,1.4075717731692075,4.18192,2.815143546338415,8.36384,1.689086127803049,16.72768,10.008459348282928,clear
59.351416587094555,18.100371508669085,2.616347197078699,Max Hamngatan,3.81469,,7.62938,,15.25876,,30.51752,,nogo
59.318781275543,18.06985465209308,0.3923187357700972,Max Södermalm,1.54702,0.3923187357700972,3.09404,0.7846374715401944,6.18808,0.4707824829241166,12.37616,3.510839908928622,clear
59.33172352321542,18.092832503671442,1.190459854845984,Max Hamngatan,3.03058,,6.06116,,12.12232,,24.24464,,nogo
59.3495767552287,18.08178857915229,1.9025323061802242,Max Odenplan,0.94163,1.9025323061802242,1.88326,3.8050646123604484,3.7665200000000003,2.2830387674162687,7.533040000000001,13.176206759553434,clear
59.3048228319281,18.072230280490157,1.2088476960099868,Max Södermalm,2.80779,1.2088476960099868,5.61558,2.4176953920199735,11.23116,1.4506172352119842,22.46232,8.736625254463915,clear
59.32758515047825,18.05483879831226,0.9844272292520397,Max Hötorget,2.78583,,5.57166,,11.14332,,22.28664,,nogo
59.315550886425946,18.056076214039862,0.9676665109821073,Max Södermalm,3.1432399999999996,0.9676665109821073,6.286479999999999,1.9353330219642146,12.572959999999998,1.1611998131785288,25.145919999999997,7.1930656702854865,clear
59.318529276387395,18.077422657678323,0.40409101112817364,Max Södermalm,1.79332,0.40409101112817364,3.58664,0.8081820222563473,7.17328,0.4849092133538084,14.34656,3.586182471220311,clear
59.309867328706815,18.098703446403007,1.596598786898664,Max Södermalm,1.7978699999999999,1.596598786898664,3.5957399999999997,3.193197573797328,7.191479999999999,1.9159185442783968,14.382959999999999,11.218232236151449,clear
59.33379524750429,18.091916216693843,1.1350730602497137,Max Hamngatan,2.34118,,4.68236,,9.36472,,18.72944,,nogo
59.32019501969512,18.06148425741664,0.8304201935792533,Max Södermalm,3.42219,0.8304201935792533,6.84438,1.6608403871585067,13.68876,0.9965042322951039,27.37752,6.314689238907221,clear
59.3445520781468,18.04388308559986,0.4729349724963993,Max Odenplan,1.14714,0.4729349724963993,2.29428,0.9458699449927986,4.58856,0.5675219669956791,9.17712,4.026783823976956,clear
59.33513538260594,18.091893276209934,1.1562567845245506,Max Hamngatan,3.2797899999999998,,6.5595799999999995,,13.119159999999999,,26.238319999999998,,nogo
59.341364198917645,18.04321376116685,0.47852156538694907,Max Odenplan,2.74652,0.47852156538694907,5.49304,0.9570431307738981,10.98608,0.5742258784643388,21.97216,4.062538018476474,clear
59.31850336221901,18.020579106375664,1.8338285461105444,Max Kungsholmen,1.1302,,2.2604,,4.5208,,9.0416,,nogo
59.304301997265206,18.077640787957396,1.2924605211957663,Max Södermalm,3.58885,1.2924605211957663,7.1777,2.5849210423915325,14.3554,1.5509526254349195,28.7108,9.271747335652904,clear
59.33049527409585,18.050370676084334,0.8881849493192047,Max Hötorget,3.14469,,6.28938,,12.57876,,25.15752,,nogo
59.33385589666163,18.010264075638272,1.261029644616209,Max Kungsholmen,3.60063,,7.20126,,14.40252,,28.80504,,nogo
59.33096319425862,18.056352751393323,0.6154854211705397,Max Hötorget,1.4091500000000001,,2.8183000000000002,,5.6366000000000005,,11.273200000000001,,nogo
59.33659717908738,18.034666270219574,0.33554428263595626,Max Kungsholmen,1.99549,,3.99098,,7.98196,,15.96392,,nogo
59.31505241431504,18.082157849278058,0.5222200747367092,Max Södermalm,1.75693,0.5222200747367092,3.51386,1.0444401494734183,7.02772,0.626664089684051,14.05544,4.342208478314939,clear
59.32904346274,18.03298561076684,0.532255313466098,Max Kungsholmen,3.05464,,6.10928,,12.21856,,24.43712,,nogo
59.32887702485725,18.01784273477705,0.9953565952799229,Max Kungsholmen,3.1758800000000003,,6.3517600000000005,,12.703520000000001,,25.407040000000002,,nogo
59.33781704665117,18.02438296112282,0.6389084787951365,Max Kungsholmen,1.1831500000000001,,2.3663000000000003,,4.732600000000001,,9.465200000000001,,nogo
59.3435901562632,18.05972220686238,0.4935974430955831,Max Odenplan,3.4894499999999997,0.4935974430955831,6.978899999999999,0.9871948861911662,13.957799999999999,0.5923169317146997,27.915599999999998,4.159023635811732,clear
59.34614566821854,18.050044384325396,0.40080846429667943,Max Odenplan,2.38212,0.40080846429667943,4.76424,0.8016169285933589,9.52848,0.4809701571560154,19.05696,3.5651741714987484,clear
59.34297595383478,18.04823112691325,0.17764436417652257,Max Odenplan,2.46218,0.17764436417652257,4.92436,0.35528872835304515,9.84872,0.21317323701182708,19.69744,2.1369239307297443,clear
59.31515277703321,18.085374033867783,0.7032136759640868,Max Södermalm,0.41361000000000003,0.7032136759640868,0.8272200000000001,1.4064273519281736,1.6544400000000001,0.8438564111569041,3.3088800000000003,5.500567526170156,clear
59.33239259837222,18.049160366551252,0.8351819603540629,Max Hötorget,0.7181900000000001,,1.4363800000000002,,2.8727600000000004,,5.745520000000001,,nogo
59.34412974005979,18.05014768714519,0.18166889694404842,Max Odenplan,1.3618299999999999,0.18166889694404842,2.7236599999999997,0.36333779388809684,5.4473199999999995,0.2180026763328581,10.894639999999999,2.16268094044191,clear
59.32040962792042,18.070775049403107,0.5443422905334346,Max Södermalm,2.2087,0.5443422905334346,4.4174,1.0886845810668693,8.8348,0.6532107486401215,17.6696,4.483790659413982,clear
59.339299789024125,18.0163564818786,1.0997253001396337,Max Kungsholmen,1.03023,,2.06046,,4.12092,,8.24184,,nogo
59.31340286706415,18.05823348352362,0.8815669611940816,Max Södermalm,2.25116,0.8815669611940816,4.50232,1.7631339223881632,9.00464,1.057880353432898,18.00928,6.642028551642122,clear
59.354506567767785,18.09646226957245,2.777578389873434,Max Hamngatan,0.99014,,1.98028,,3.96056,,7.92112,,nogo
59.31372613270264,18.035831997094274,2.131495972162148,Max Södermalm,1.7134200000000002,2.131495972162148,3.4268400000000003,4.262991944324296,6.853680000000001,2.5577951665945777,13.707360000000001,14.641574221837747,clear
59.34648200645176,18.096810027486704,2.0663064031557146,Max Hamngatan,3.2280300000000004,,6.456060000000001,,12.912120000000002,,25.824240000000003,,nogo
59.33987289386367,18.048039557694977,0.3551960162646566,Max Odenplan,2.93695,0.3551960162646566,5.8739,0.7103920325293132,11.7478,0.4262352195175879,23.4956,3.273254504093802,clear
59.31064788935062,18.081862638611785,0.7506177748819531,Max Södermalm,0.61133,0.7506177748819531,1.22266,1.5012355497639063,2.44532,0.9007413298583438,4.89064,5.8039537592445,clear
59.334300844709816,18.04380870756328,0.6505463211381333,Max Kungsholmen,2.99497,,5.98994,,11.97988,,23.95976,,nogo
59.33248682796564,17.997589510546135,1.9879640538966086,Max Kungsholmen,3.53054,,7.06108,,14.12216,,28.24432,,nogo
59.337703882646004,18.092736067893984,1.2926186944832423,Max Hamngatan,2.17526,,4.35052,,8.70104,,17.40208,,nogo
59.337852473172234,18.052500490279712,0.5337788609258193,Max Odenplan,2.47242,0.5337788609258193,4.94484,1.0675577218516386,9.88968,0.6405346331109831,19.77936,4.416184709925243,clear
59.33250883157402,18.01016982200777,1.2747106559447663,Max Kungsholmen,0.98242,,1.96484,,3.9296799999999994,,7.859359999999999,,nogo
59.35187964484844,18.107248324295277,2.911186739190257,Max Hamngatan,2.8748400000000003,,5.749680000000001,,11.499360000000001,,22.998720000000002,,nogo
59.3361646770758,18.07108691986878,0.3660429863927934,Max Hamngatan,2.27428,,4.54856,,9.09712,,18.19424,,nogo
59.33256773395625,18.063649487771038,0.3336079591618679,Max Hötorget,1.6933,,3.3866,,6.7732,,13.5464,,nogo
59.35079445212979,18.052517945534102,0.915389097645626,Max Odenplan,2.35729,0.915389097645626,4.71458,1.830778195291252,9.42916,1.0984669171747514,18.85832,6.858490224932007,clear
59.3327272670617,18.09374955312907,1.2353863579827067,Max Hamngatan,3.0331300000000003,,6.066260000000001,,12.132520000000001,,24.265040000000003,,nogo
59.34658575681222,18.044700528781156,0.5800740117652452,Max Odenplan,2.441,0.5800740117652452,4.882,1.1601480235304904,9.764,0.6960888141182943,19.528,4.712473675297569,clear
59.3483181767201,18.094952974567764,2.1547565808388867,Max Hamngatan,3.5115700000000003,,7.023140000000001,,14.046280000000001,,28.092560000000002,,nogo
59.338029251625045,18.094838255075295,1.416649820465663,Max Hamngatan,2.88448,,5.76896,,11.53792,,23.07584,,nogo
59.314137902325456,18.037846349355064,2.012994669375061,Max Södermalm,0.8992899999999999,2.012994669375061,1.7985799999999998,4.025989338750122,3.5971599999999997,2.4155936032500733,7.194319999999999,13.883165884000391,clear
59.33222865215701,18.030301762458535,0.21367629318545156,Max Kungsholmen,2.11965,,4.2393,,8.4786,,16.9572,,nogo
59.33140521765568,17.99751902581651,2.004534256157952,Max Kungsholmen,2.96382,,5.92764,,11.85528,,23.71056,,nogo
59.35059485661631,18.0914074947779,2.256619652121594,Max Hamngatan,3.5801100000000003,,7.160220000000001,,14.320440000000001,,28.640880000000003,,nogo
59.326013266037094,18.02217070580379,1.046532072799768,Max Kungsholmen,0.82451,,1.64902,,3.29804,,6.59608,,nogo
59.34744935978651,18.0928086664214,2.0042528437920675,Max Hamngatan,3.27114,,6.54228,,13.08456,,26.16912,,nogo
59.312671787122575,18.06928219191299,0.3971105350815482,Max Södermalm,3.8521,0.3971105350815482,7.7042,0.7942210701630964,15.4084,0.4765326420978578,30.8168,3.5415074245219085,clear
59.33104342944814,18.021491056931264,0.6943197194308621,Max Kungsholmen,3.3664699999999996,,6.732939999999999,,13.465879999999999,,26.931759999999997,,nogo
59.342677750968654,18.04496848117301,0.35845337697757224,Max Odenplan,1.76684,0.35845337697757224,3.53368,0.7169067539551445,7.06736,0.43014405237308667,14.13472,3.2941016126564624,clear
59.34065978035327,18.05071200075122,0.2186847280218554,Max Odenplan,2.36394,0.2186847280218554,4.72788,0.4373694560437108,9.45576,0.2624216736262265,18.91152,2.3995822593398746,clear
59.33308249966527,18.063157827288702,0.2724025613710331,Max Hötorget,2.70696,,5.41392,,10.82784,,21.65568,,nogo
59.35671119862549,18.089944363166857,2.704151152358366,Max Odenplan,1.94801,2.704151152358366,3.89602,5.408302304716732,7.79204,3.2449813828300393,15.58408,18.306567375093543,clear
59.33773197640114,18.018069053044545,0.9261180583866805,Max Kungsholmen,1.06961,,2.13922,,4.27844,,8.55688,,nogo
59.34822972029916,18.051235795295288,0.6269021490326541,Max Odenplan,3.1251700000000002,0.6269021490326541,6.2503400000000005,1.2538042980653081,12.500680000000001,0.7522825788391848,25.001360000000002,5.012173753808986,clear
59.308787669402356,18.07308149177483,0.7662244655181878,Max Södermalm,2.98558,0.7662244655181878,5.97116,1.5324489310363756,11.94232,0.9194693586218253,23.88464,5.903836579316402,clear
59.343874774717676,18.048902385664274,0.19540880625933044,Max Odenplan,1.45628,0.19540880625933044,2.91256,0.3908176125186609,5.82512,0.2344905675111965,11.65024,2.250616360059715,clear
59.313333301971966,18.0909827030989,1.0528877755558574,Max Södermalm,2.9925900000000003,1.0528877755558574,5.985180000000001,2.105775551111715,11.970360000000001,1.263465330667029,23.940720000000002,7.738481763557488,clear
59.34168008531794,18.06089121585269,0.5572606373192177,Max Odenplan,0.1918,0.5572606373192177,0.3836,1.1145212746384354,0.7672,0.6687127647830612,1.5344,4.566468078842993,clear
59.34002992059768,18.044122165878196,0.4973792115500001,Max Odenplan,1.78399,0.4973792115500001,3.56798,0.9947584231000002,7.13596,0.59685505386,14.27192,4.18322695392,clear
59.30756562361988,18.07379677678966,0.9033180048776778,Max Södermalm,1.0476500000000002,0.9033180048776778,2.0953000000000004,1.8066360097553555,4.190600000000001,1.0839816058532132,8.381200000000002,6.781235231217138,clear
59.3175666695509,18.085168403458233,0.7209539400770736,Max Södermalm,2.64886,0.7209539400770736,5.29772,1.4419078801541472,10.59544,0.8651447280924883,21.19088,5.614105216493271,clear
59.33229174130285,18.071793510676862,0.071022297856708,Max Hamngatan,2.36342,,4.72684,,9.45368,,18.90736,,nogo
59.32930437872638,18.076601438308632,0.47856048123016703,Max Hamngatan,3.2971399999999997,,6.5942799999999995,,13.188559999999999,,26.377119999999998,,nogo
59.3190457760117,18.084004489887405,0.7278260777746963,Max Södermalm,2.7660500000000003,0.7278260777746963,5.532100000000001,1.4556521555493926,11.064200000000001,0.8733912933296356,22.128400000000003,5.658086897758056,clear
59.33325075067912,18.09449013965959,1.2778967720199366,Max Hamngatan,0.67687,,1.35374,,2.70748,,5.41496,,nogo
59.350362336336175,18.10412410255406,2.6662651267086233,Max Hamngatan,1.4284100000000002,,2.8568200000000004,,5.713640000000001,,11.427280000000001,,nogo
59.316014520265796,18.044826971928842,1.6086670675445218,Max Södermalm,0.50138,1.6086670675445218,1.00276,3.2173341350890436,2.00552,1.930400481053426,4.01104,11.29546923228494,clear
59.35414911411768,18.08679970741874,2.3961747273790466,Max Odenplan,0.91235,2.3961747273790466,1.8247,4.792349454758093,3.6494,2.8754096728548557,7.2988,16.3355182552259,clear
59.33913140772287,18.054938773364757,0.43953112532417926,Max Odenplan,3.37952,0.43953112532417926,6.75904,0.8790622506483585,13.51808,0.5274373503890152,27.03616,3.8129992020747476,clear
59.31901691211403,18.05026825179202,1.350878585271362,Max Södermalm,3.36941,1.350878585271362,6.73882,2.701757170542724,13.47764,1.6210543023256345,26.95528,9.645622945736717,clear
59.34557862438911,18.105853971014493,2.3855884835649386,Max Hamngatan,3.4312199999999997,,6.862439999999999,,13.724879999999999,,27.449759999999998,,nogo
59.31743799450952,18.029224095733852,1.8331818336329138,Max Kungsholmen,2.59971,,5.19942,,10.39884,,20.79768,,nogo
59.33944137388161,18.039570518468242,0.7475692505068475,Max Kungsholmen,0.7407,,1.4814,,2.9628,,5.9256,,nogo
59.31759196752321,18.048463100540847,1.4174312502642636,Max Södermalm,3.60989,1.4174312502642636,7.21978,2.8348625005285273,14.43956,1.7009175003171164,28.87912,10.071560001691287,clear
59.31632167379795,18.03390300410164,1.9503244135747113,Max Kungsholmen,2.64789,,5.29578,,10.59156,,21.18312,,nogo
59.336810841923935,18.029603700267646,0.37046374634444634,Max Kungsholmen,1.5107899999999999,,3.0215799999999997,,6.043159999999999,,12.086319999999999,,nogo
59.34256997338428,18.0836218018594,1.2611409811024812,Max Hamngatan,1.0791199999999999,,2.1582399999999997,,4.316479999999999,,8.632959999999999,,nogo
59.330659832358286,18.04866428339524,0.9551923870349711,Max Hötorget,3.76928,,7.53856,,15.07712,,30.15424,,nogo
59.3363452766744,18.07677014142469,0.4670925404828739,Max Hamngatan,3.0932399999999998,,6.1864799999999995,,12.372959999999999,,24.745919999999998,,nogo
59.34702440787317,18.05258352023006,0.49829720476319234,Max Odenplan,1.2419200000000001,0.49829720476319234,2.4838400000000003,0.9965944095263847,4.9676800000000005,0.5979566457158307,9.935360000000001,4.189102110484431,clear
59.35092560642513,18.09158241289147,2.2936522143977447,Max Hamngatan,1.39512,,2.79024,,5.58048,,11.16096,,nogo
59.339113835933766,18.07087078905147,0.6229392586521025,Max Hötorget,3.62439,,7.24878,,14.49756,,28.99512,,nogo
59.331149040523464,18.007843356728046,1.429980567329354,Max Kungsholmen,2.94289,,5.88578,,11.77156,,23.54312,,nogo
59.31165531636961,18.077251144714996,0.506352437612017,Max Södermalm,3.1552399999999996,0.506352437612017,6.310479999999999,1.012704875224034,12.620959999999998,0.6076229251344203,25.241919999999997,4.2406556007169085,clear
59.35008807087797,18.06376673326855,1.096039108143688,Max Odenplan,2.64025,1.096039108143688,5.2805,2.192078216287376,10.561,1.3152469297724256,21.122,8.014650292119603,clear
59.33789315240528,18.085533675767547,0.9468432205849858,Max Hamngatan,2.84959,,5.69918,,11.39836,,22.79672,,nogo
59.330619316885105,18.0508646114989,0.8576581359366908,Max Hötorget,2.4312300000000002,,4.8624600000000004,,9.724920000000001,,19.449840000000002,,nogo
59.32849772123549,18.03901989554605,0.7012317347450145,Max Kungsholmen,2.65292,,5.30584,,10.61168,,21.22336,,nogo
59.30598467221786,18.07131961108315,1.0830600309457217,Max Södermalm,2.81021,1.0830600309457217,5.62042,2.1661200618914433,11.24084,1.299672037134866,22.48168,7.931584198052619,clear
59.31478781327655,18.08582067671556,0.7328828527683121,Max Södermalm,3.3995300000000004,0.7328828527683121,6.799060000000001,1.4657657055366242,13.598120000000002,0.8794594233219746,27.196240000000003,5.690450257717197,clear
59.33196179271811,18.005450702788437,1.548814431007149,Max Kungsholmen,2.2789,,4.5578,,9.1156,,18.2312,,nogo
59.33650396707963,18.020547763712788,0.7392049159616563,Max Kungsholmen,1.89062,,3.78124,,7.562480000000001,,15.124960000000002,,nogo
59.31277235360887,18.038156920504395,2.0140983395765657,Max Södermalm,1.4564300000000001,2.0140983395765657,2.9128600000000002,4.028196679153131,5.8257200000000005,2.416918007491879,11.651440000000001,13.89022937329002,clear
59.339456384950125,18.00484330888215,1.6906846086732292,Max Kungsholmen,2.12178,,4.24356,,8.48712,,16.97424,,nogo
59.31152234722256,18.06756473107443,0.5578907838942305,Max Södermalm,2.64024,0.5578907838942305,5.28048,1.115781567788461,10.56096,0.6694689406730767,21.12192,4.5705010169230755,clear
59.33683682140023,18.09579427347954,1.420345063356688,Max Hamngatan,0.84341,,1.68682,,3.37364,,6.74728,,nogo
59.345694713132794,18.11252019615642,2.707630100083023,Max Hamngatan,2.21218,,4.42436,,8.84872,,17.69744,,nogo
59.33824345571302,18.047522008163206,0.5302689156708591,Max Odenplan,2.80122,0.5302689156708591,5.60244,1.0605378313417182,11.20488,0.6363226988050309,22.40976,4.393721060293498,clear
59.35621109426457,18.103038246992817,3.1374996906069743,Max Hamngatan,1.55398,,3.10796,,6.21592,,12.43184,,nogo
59.34747570957289,18.11030136053629,2.7146934133305027,Max Hamngatan,2.6629099999999997,,5.325819999999999,,10.651639999999999,,21.303279999999997,,nogo
59.338339680553474,18.016383272760518,1.0427419767223205,Max Kungsholmen,3.82806,,7.65612,,15.31224,,30.62448,,nogo
59.31207226772428,18.054096655049197,1.1521517517004354,Max Södermalm,0.33438999999999997,1.1521517517004354,0.6687799999999999,2.3043035034008708,1.3375599999999999,1.3825821020405225,2.6751199999999997,8.373771210882786,clear
59.33630558061605,18.066594718781605,0.2490214492229381,Max Hötorget,1.58086,,3.16172,,6.32344,,12.64688,,nogo
59.3381160544748,18.0265331886732,0.5848607252925264,Max Kungsholmen,2.08615,,4.1723,,8.3446,,16.6892,,nogo
59.30880264370602,18.065685620085258,0.8725063222508221,Max Södermalm,1.50372,0.8725063222508221,3.00744,1.7450126445016443,6.01488,1.0470075867009867,12.02976,6.584040462405262,clear
59.33630684254675,18.019647547431028,0.7782053929671162,Max Kungsholmen,0.8844,,1.7688,,3.5376,,7.0752,,nogo
59.3147675832108,18.038056465160007,1.9963107325012173,Max Södermalm,1.3419100000000002,1.9963107325012173,2.6838200000000003,3.9926214650024345,5.367640000000001,2.395572879001461,10.735280000000001,13.776388688007792,clear
59.33938790403701,18.07250372231348,0.7145729864313599,Max Hötorget,1.77073,,3.54146,,7.08292,,14.16584,,nogo
59.346422295186,18.093704663179548,1.9449295301454665,Max Hamngatan,3.21598,,6.43196,,12.86392,,25.72784,,nogo
59.34007549691303,18.104212323621628,1.9967633398759848,Max Hamngatan,3.43824,,6.87648,,13.75296,,27.50592,,nogo
59.33206496869564,18.063580026473158,0.38805909493968377,Max Hötorget,0.25497,,0.50994,,1.01988,,2.03976,,nogo
59.33782924259012,18.00241538521539,1.7653050822502108,Max Kungsholmen,2.82631,,5.65262,,11.30524,,22.61048,,nogo
59.3414776509482,18.05412677459232,0.20541651040984824,Max Odenplan,1.41795,0.20541651040984824,2.8359,0.41083302081969647,5.6718,0.24649981249181785,11.3436,2.3146656666230285,clear
59.33066743446207,18.00533546507131,1.5809319268041246,Max Kungsholmen,0.67444,,1.34888,,2.69776,,5.39552,,nogo
59.33219541518613,18.015773789984383,0.9644163728517926,Max Kungsholmen,2.79331,,5.58662,,11.17324,,22.34648,,nogo
59.34945100498149,18.086785816452963,2.023956575669991,Max Hamngatan,1.10503,,2.21006,,4.42012,,8.84024,,nogo
59.342896689586084,18.0639749149684,0.7239138283178169,Max Odenplan,3.14535,0.7239138283178169,6.2907,1.4478276566356338,12.5814,0.8686965939813803,25.1628,5.633048501234028,clear
59.34513209996541,18.065946788343165,0.8816070394605721,Max Odenplan,1.36877,0.8816070394605721,2.73754,1.7632140789211441,5.47508,1.0579284473526864,10.95016,6.6422850525476616,clear
59.32294739023806,18.072167977785988,0.8127898064093729,Max Södermalm,2.37648,,4.75296,,9.50592,,19.01184,,nogo
59.339500226436776,18.104780291428433,2.0020965167479168,Max Hamngatan,0.9505800000000001,,1.9011600000000002,,3.802320000000001,,7.604640000000002,,nogo
59.3103668531381,18.09701477137102,1.4861714363560128,Max Södermalm,2.8780900000000003,1.4861714363560128,5.7561800000000005,2.9723428727120256,11.512360000000001,1.7834057236272154,23.024720000000002,10.511497192678481,clear
59.31018421458797,18.075694548979772,0.6287212965525575,Max Södermalm,1.88952,0.6287212965525575,3.77904,1.257442593105115,7.5580799999999995,0.754465555863069,15.116159999999999,5.023816297936368,clear
59.34102040315046,18.07775582776286,0.959508909591777,Max Hamngatan,2.10439,,4.20878,,8.41756,,16.83512,,nogo
59.31140731518411,18.044360515795535,1.7023092976973082,Max Södermalm,1.02141,1.7023092976973082,2.04282,3.4046185953946164,4.08564,2.04277115723677,8.17128,11.894779505262772,clear
59.308236206305416,18.09503048113486,1.4999538529054073,Max Södermalm,3.68587,1.4999538529054073,7.37174,2.9999077058108146,14.74348,1.7999446234864886,29.48696,10.599704658594607,clear
59.33884833251658,18.080112263017533,0.8046095985026562,Max Hamngatan,3.15075,,6.3015,,12.603,,25.206,,nogo
59.31336675513551,18.057929023955314,0.8993334630186661,Max Södermalm,2.2306399999999997,0.8993334630186661,4.4612799999999995,1.7986669260373322,8.922559999999999,1.0792001556223993,17.845119999999998,6.755734163319463,clear
59.32995402046156,18.067350885192468,0.42470034671769513,Max Hamngatan,0.46999,,0.93998,,1.87996,,3.75992,,nogo
59.33536594949887,18.0415310265059,0.5467299096671476,Max Kungsholmen,3.6109400000000003,,7.2218800000000005,,14.443760000000001,,28.887520000000002,,nogo
59.347956567407266,18.04886462611161,0.6119211449734983,Max Odenplan,1.6191300000000002,0.6119211449734983,3.2382600000000004,1.2238422899469965,6.476520000000001,0.7343053739681978,12.953040000000001,4.9162953278303885,clear
59.33736864857917,18.0072009151269,1.4889631980516407,Max Kungsholmen,2.0255,,4.051,,8.102,,16.204,,nogo
59.32040964848609,18.074821640238522,0.5378367654916149,Max Södermalm,1.38125,,2.7625,,5.525,,11.05,,nogo
59.330287924311236,18.029718362760413,0.4216655807293664,Max Kungsholmen,3.01451,,6.02902,,12.05804,,24.11608,,nogo
59.329667047948675,18.00766416675938,1.4828347975947545,Max Kungsholmen,1.10525,,2.2105,,4.421,,8.842,,nogo
59.34653424437398,18.049463203580967,0.44987417021601056,Max Odenplan,2.63883,0.44987417021601056,5.27766,0.8997483404320211,10.55532,0.5398490042592127,21.11064,3.8791946893824676,clear
59.34500209829345,18.1086913881589,2.482217070904813,Max Hamngatan,2.3091399999999997,,4.6182799999999995,,9.236559999999999,,18.473119999999998,,nogo
59.334469048597285,18.029466840611505,0.18326289136358653,Max Kungsholmen,2.1903,,4.3806,,8.7612,,17.5224,,nogo
59.32758568582779,18.055235737632668,0.9745622167367185,Max Hötorget,3.14828,,6.29656,,12.59312,,25.18624,,nogo
59.33495751097549,17.99945513420999,1.8805438259080964,Max Kungsholmen,3.47775,,6.9555,,13.911,,27.822,,nogo
59.34745252832016,18.09566642441597,2.1044893255041917,Max Hamngatan,1.96771,,3.93542,,7.87084,,15.74168,,nogo
59.33578809801884,18.01910221103967,0.7892552355096099,Max Kungsholmen,2.36842,,4.73684,,9.47368,,18.94736,,nogo
59.31771749197463,18.04979891941247,1.3445907192191797,Max Södermalm,2.8313200000000003,1.3445907192191797,5.662640000000001,2.6891814384383594,11.325280000000001,1.6135088630630157,22.650560000000002,9.60538060300275,clear
59.31353520542486,18.08521925855142,0.7316567521740156,Max Södermalm,3.8938099999999998,0.7316567521740156,7.7876199999999995,1.4633135043480312,15.57524,0.8779881026088187,31.15048,5.6826032139136995,clear
59.31514036062768,18.03630794090148,2.091842740954289,Max Kungsholmen,3.52927,,7.05854,,14.11708,,28.23416,,nogo
59.34795295800308,18.038544001342412,0.32468486322554413,Max Karolinska,0.81894,0.32468486322554413,1.63788,0.6493697264510883,3.27576,0.38962183587065297,6.55152,3.0779831246434823,clear
59.35047540468449,18.105325925214704,2.7225745130784387,Max Hamngatan,1.16536,,2.33072,,4.66144,,9.32288,,nogo
59.31448590320221,18.105098210351233,1.8289026130572066,Max Södermalm,3.12283,1.8289026130572066,6.24566,3.657805226114413,12.49132,2.1946831356686483,24.98264,12.704976723566123,clear
59.331523594473246,18.028164938256587,0.35164601994961975,Max Kungsholmen,0.42998000000000003,,0.8599600000000001,,1.7199200000000001,,3.4398400000000002,,nogo
59.30909736507233,18.079195320236035,0.8107123596011365,Max Södermalm,1.78286,0.8107123596011365,3.56572,1.621424719202273,7.13144,0.9728548315213639,14.26288,6.188559101447273,clear
59.35640154310179,18.09024474891521,2.6982830606931323,Max Odenplan,3.6278699999999997,2.6982830606931323,7.255739999999999,5.396566121386265,14.511479999999999,3.237939672831759,29.022959999999998,18.269011588436047,clear
59.343617640074285,18.093085352753576,1.6895679045226468,Max Hamngatan,0.99861,,1.99722,,3.9944399999999995,,7.988879999999999,,nogo
59.34427089229035,18.048438008598833,0.24586284603142688,Max Odenplan,1.1531600000000002,0.24586284603142688,2.3063200000000004,0.49172569206285377,4.612640000000001,0.29503541523771226,9.225280000000001,2.573522214601132,clear
59.33410650569377,18.054307445252217,0.4921449666790562,Max Hötorget,0.47642,,0.95284,,1.9056800000000003,,3.8113600000000005,,nogo
59.32592481730642,18.07133392811782,0.7798641194557455,Max Hamngatan,0.73846,,1.47692,,2.95384,,5.90768,,nogo
59.33694380518518,18.065966754921693,0.2537756573225525,Max Hötorget,2.42673,,4.85346,,9.70692,,19.41384,,nogo
59.35576015515267,18.083906253925623,2.365780814459518,Max Odenplan,2.02387,2.365780814459518,4.04774,4.731561628919036,8.09548,2.838936977351422,16.19096,16.140997212540917,clear
59.339853397220985,18.086195393744255,1.116046070474916,Max Hamngatan,3.18545,,6.3709,,12.7418,,25.4836,,nogo
59.31488445394927,18.09651916798057,1.338427950270762,Max Södermalm,4.1226199999999995,1.338427950270762,8.245239999999999,2.676855900541524,16.490479999999998,1.6061135403249143,32.980959999999996,9.565938881732876,clear
59.340149357468334,18.083769933412313,1.0461227939156763,Max Hamngatan,1.96735,,3.9347,,7.869400000000001,,15.738800000000001,,nogo
59.337219988998,18.008704838111587,1.402065755847156,Max Kungsholmen,1.0646,,2.1292,,4.2584,,8.5168,,nogo
59.32990768267005,18.068993545965796,0.3775440182182663,Max Hamngatan,1.8751,,3.7502,,7.500399999999999,,15.000799999999998,,nogo
59.354103724233724,18.09607957588784,2.727832607147951,Max Hamngatan,0.44533,,0.89066,,1.78132,,3.56264,,nogo
59.327686918927256,18.05110309002021,1.0863367082315876,Max Hötorget,2.7391,,5.4782,,10.9564,,21.9128,,nogo
59.32992748669153,18.073169683161936,0.33896207818532703,Max Hamngatan,1.09384,,2.18768,,4.37536,,8.75072,,nogo
59.33462346736023,18.083042983620338,0.6540526321641132,Max Hamngatan,2.70368,,5.40736,,10.81472,,21.62944,,nogo
59.33388713689692,18.011375822041394,1.1977703256166754,Max Kungsholmen,1.62771,,3.25542,,6.51084,,13.02168,,nogo
59.30848739759693,18.071047655548767,0.807900149211428,Max Södermalm,2.39818,0.807900149211428,4.79636,1.615800298422856,9.59272,0.9694801790537136,19.18544,6.17056095495314,clear
59.33245457598779,18.094740621424048,1.2926458427552323,Max Hamngatan,1.03735,,2.0747,,4.1494,,8.2988,,nogo
59.31039325443927,18.079011029256865,0.6779427822934037,Max Södermalm,0.9900599999999999,0.6779427822934037,1.9801199999999999,1.3558855645868073,3.9602399999999998,0.8135313387520844,7.9204799999999995,5.338833806677783,clear
59.34867759309556,18.069302665723068,1.2293232829952794,Max Odenplan,1.54998,1.2293232829952794,3.09996,2.4586465659905588,6.19992,1.4751879395943353,12.39984,8.867669011169788,clear
59.315827407272806,18.106404255126662,1.898599862470951,Max Södermalm,1.05656,1.898599862470951,2.11312,3.797199724941902,4.22624,2.2783198349651412,8.45248,13.151039119814087,clear
59.32908139977589,18.016596991642395,1.0435093919664606,Max Kungsholmen,2.8518499999999998,,5.7036999999999995,,11.407399999999999,,22.814799999999998,,nogo
59.342156171314,18.040616114942573,0.608057804700387,Max Odenplan,1.50827,0.608057804700387,3.01654,1.216115609400774,6.03308,0.7296693656404643,12.06616,4.891569950082476,clear
59.31869690100261,18.02867110695863,1.6973574298238796,Max Kungsholmen,1.12503,,2.25006,,4.50012,,9.00024,,nogo
59.3400134040666,18.096774995912963,1.6141765498022635,Max Hamngatan,1.41096,,2.82192,,5.64384,,11.28768,,nogo
59.329322585595406,18.021924550252248,0.7791235947032108,Max Kungsholmen,3.18741,,6.37482,,12.74964,,25.49928,,nogo
59.31084888142263,18.068068268009895,0.6074391675144003,Max Södermalm,1.81203,0.6074391675144003,3.62406,1.2148783350288006,7.24812,0.7289270010172804,14.49624,4.887610672092162,clear
59.31417890996209,18.05253637737138,1.1808680767952107,Max Södermalm,4.04162,1.1808680767952107,8.08324,2.3617361535904213,16.16648,1.4170416921542528,32.33296,8.557555691489348,clear
59.33598351133233,17.9988277572658,1.9271286884940266,Max Kungsholmen,3.66545,,7.3309,,14.6618,,29.3236,,nogo
59.31391375527877,18.102265801763792,1.6742984915229673,Max Södermalm,2.8122800000000003,1.6742984915229673,5.624560000000001,3.3485969830459346,11.249120000000001,2.0091581898275606,22.498240000000003,11.71551034574699,clear
59.33760182985287,18.050037399588334,0.561429530907163,Max Odenplan,2.88673,0.561429530907163,5.77346,1.122859061814326,11.54692,0.6737154370885955,23.09384,4.593148997805843,clear
59.3361265126209,18.06850648589102,0.34826694099032945,Max Hötorget,2.42704,,4.85408,,9.70816,,19.41632,,nogo
59.342265593570524,18.049510176520563,0.1067271538533826,Max Odenplan,3.22163,0.1067271538533826,6.44326,0.2134543077067652,12.88652,0.12807258462405913,25.77304,1.6830537846616487,clear
59.325385596058595,18.072037411599265,0.8388719747920307,Max Hamngatan,1.52945,,3.0589,,6.1178,,12.2356,,nogo
59.31051802079556,18.091596997835023,1.2010919353397247,Max Södermalm,1.0467899999999999,1.2010919353397247,2.0935799999999998,2.4021838706794494,4.1871599999999995,1.4413103224076698,8.374319999999999,8.686988386174239,clear
59.34920775038676,18.04224709139183,0.574334482241211,Max Karolinska,0.33982999999999997,0.574334482241211,0.6796599999999999,1.148668964482422,1.3593199999999999,0.6892013786894532,2.7186399999999997,4.67574068634375,clear
59.33503758037849,18.080718662358038,0.5471646313204412,Max Hamngatan,1.60206,,3.20412,,6.40824,,12.81648,,nogo
59.32042281694344,18.06409452063001,0.736117215181045,Max Södermalm,1.18126,0.736117215181045,2.36252,1.47223443036209,4.72504,0.8833406582172539,9.45008,5.711150177158688,clear
59.35138365880526,18.07028190929839,1.4586070956174928,Max Odenplan,3.8292800000000002,1.4586070956174928,7.6585600000000005,2.9172141912349856,15.317120000000003,1.7503285147409915,30.634240000000005,10.335085411951955,clear
59.30950180887337,18.088719829840954,1.1252942554948666,Max Södermalm,1.88745,1.1252942554948666,3.7749,2.2505885109897332,7.549799999999999,1.35035310659384,15.099599999999999,8.201883235167147,clear
59.353109295298026,18.092223246148755,2.525562281194695,Max Hamngatan,3.10202,,6.20404,,12.40808,,24.81616,,nogo
59.31622535364687,18.039531742761245,1.9107621377350907,Max Södermalm,0.5435599999999999,1.9107621377350907,1.0871199999999999,3.8215242754701815,2.1742399999999997,2.292914565282109,4.3484799999999995,13.228877681504581,clear
59.33393062110161,18.02723523833721,0.2953490142265165,Max Kungsholmen,1.35644,,2.71288,,5.42576,,10.85152,,nogo
59.308074690074946,18.072692018555994,0.8459194346055832,Max Södermalm,3.07965,0.8459194346055832,6.1593,1.6918388692111663,12.3186,1.0151033215266998,24.6372,6.413884381475732,clear
59.342390017424606,18.08397435344568,1.2548278011609402,Max Hamngatan,1.05494,,2.10988,,4.21976,,8.43952,,nogo
59.31616747922573,18.103729275334214,1.747064650945875,Max Södermalm,3.40119,1.747064650945875,6.80238,3.49412930189175,13.60476,2.09647758113505,27.20952,12.181213766053599,clear
59.309789929283674,18.09273933385229,1.29761589905297,Max Södermalm,0.33827999999999997,1.29761589905297,0.6765599999999999,2.59523179810594,1.3531199999999999,1.557139078863564,2.7062399999999998,9.304741753939009,clear
59.31612734387042,18.056064345469263,0.9696139526065469,Max Södermalm,3.35167,0.9696139526065469,6.70334,1.9392279052130938,13.40668,1.1635367431278563,26.81336,7.205529296681901,clear
59.33220328835721,18.078511369171263,0.3763245123359193,Max Hamngatan,3.4780100000000003,,6.9560200000000005,,13.912040000000001,,27.824080000000002,,nogo
59.34743121733698,18.060940751341857,0.7696847121199687,Max Odenplan,2.24864,0.7696847121199687,4.49728,1.5393694242399374,8.99456,0.9236216545439625,17.98912,5.9259821575678,clear
59.310224935066614,18.095085885183455,1.3928494410888188,Max Södermalm,3.3059600000000002,1.3928494410888188,6.6119200000000005,2.7856988821776376,13.223840000000001,1.6714193293065824,26.447680000000002,9.91423642296844,clear
59.34952530931241,18.08029949871365,1.8230916869319862,Max Odenplan,4.10588,1.8230916869319862,8.21176,3.6461833738639724,16.42352,2.1877100243183834,32.84704,12.667786796364712,clear
59.33058064965498,18.013689924912654,1.1252330170042857,Max Kungsholmen,2.5845700000000003,,5.1691400000000005,,10.338280000000001,,20.676560000000002,,nogo
59.311949718551475,18.053383817500634,1.1949655633008078,Max Södermalm,1.3148199999999999,1.1949655633008078,2.6296399999999998,2.3899311266016157,5.2592799999999995,1.4339586759609695,10.518559999999999,8.64777960512517,clear
59.337119992233276,18.070044763820608,0.46506401499661015,Max Hötorget,0.82847,,1.65694,,3.31388,,6.62776,,nogo
59.346542999642686,18.094132562207122,1.97078767489844,Max Hamngatan,1.66125,,3.3225,,6.645,,13.29,,nogo
59.3142549217256,18.098279432772348,1.4444297530848746,Max Södermalm,1.75674,1.4444297530848746,3.51348,2.8888595061697493,7.02696,1.7333157037018496,14.05392,10.244350419743197,clear
59.3334557909808,18.017532337246436,0.8482620637404416,Max Kungsholmen,1.43872,,2.87744,,5.75488,,11.50976,,nogo
59.327937057747924,18.022303245066023,0.8717723300323333,Max Kungsholmen,2.77189,,5.54378,,11.08756,,22.17512,,nogo
59.316665333092644,18.02643934536015,1.9403101441412338,Max Kungsholmen,0.92725,,1.8545,,3.709,,7.418,,nogo
59.31758102998418,18.03265955413103,1.8082526092858695,Max Kungsholmen,3.29441,,6.58882,,13.17764,,26.35528,,nogo
59.31951008942262,18.032451883968935,1.5933034578148377,Max Kungsholmen,3.11774,,6.23548,,12.47096,,24.94192,,nogo
59.35905102037853,18.095052288977822,3.092357794644647,Max Odenplan,1.30497,3.092357794644647,2.60994,6.184715589289294,5.21988,3.7108293535735766,10.43976,20.791089885725743,clear
59.34062640981247,18.09651768003219,1.6362092935974946,Max Hamngatan,1.4458900000000001,,2.8917800000000002,,5.7835600000000005,,11.567120000000001,,nogo
59.34879211729908,18.078318773304677,1.6866421327966772,Max Odenplan,1.63968,1.6866421327966772,3.27936,3.3732842655933544,6.55872,2.0239705593560124,13.11744,11.794509649898734,clear
59.346887302717604,18.039509346473878,0.3571693364757546,Max Karolinska,3.64365,0.3571693364757546,7.2873,0.7143386729515092,14.5746,0.42860320377090555,29.1492,3.2858837534448293,clear
59.338734723819314,18.09019560674394,1.2194004651551738,Max Hamngatan,2.92381,,5.84762,,11.69524,,23.39048,,nogo
59.337956616145675,18.00540031256841,1.605565858850267,Max Kungsholmen,1.76991,,3.53982,,7.07964,,14.15928,,nogo
59.33413906224546,18.064662595777893,0.19539690045373956,Max Hötorget,3.70138,,7.40276,,14.80552,,29.61104,,nogo
59.3198870610686,18.056485759960243,1.054822493464136,Max Södermalm,0.72005,1.054822493464136,1.4401,2.109644986928272,2.8802,1.265786992156963,5.7604,7.75086395817047,clear
59.3125684603692,18.052700656667593,1.2100999122930067,Max Södermalm,1.5330899999999998,1.2100999122930067,3.0661799999999997,2.4201998245860135,6.132359999999999,1.452119894751608,12.264719999999999,8.744639438675243,clear
59.3177558214511,18.0389841547808,1.8273601840840963,Max Kungsholmen,2.74425,,5.4885,,10.977,,21.954,,nogo
59.33441257845587,18.089530872732613,1.0089309789242937,Max Hamngatan,2.15299,,4.30598,,8.61196,,17.22392,,nogo
59.31356257861401,18.041935050248643,1.7883652424932333,Max Södermalm,2.73569,1.7883652424932333,5.47138,3.5767304849864665,10.94276,2.14603829099188,21.88552,12.445537551956694,clear
59.333344663999625,18.03200550203792,0.05719063157398005,Max Kungsholmen,2.64536,,5.29072,,10.58144,,21.16288,,nogo
59.34847801079913,18.107104549661543,2.642949697579874,Max Hamngatan,0.09745999999999999,,0.19491999999999998,,0.38983999999999996,,0.7796799999999999,,nogo
59.34320695915502,18.066965659143907,0.8946772570854904,Max Hötorget,0.65712,,1.31424,,2.62848,,5.25696,,nogo
59.31862971556868,18.028163542484933,1.7086401040077868,Max Kungsholmen,1.55929,,3.11858,,6.23716,,12.47432,,nogo
59.31100573613055,18.09275571295713,1.2356720538529693,Max Södermalm,3.4715,1.2356720538529693,6.943,2.4713441077059386,13.886,1.4828064646235632,27.772,8.908301144659003,clear
59.312055424806935,18.061281507598988,0.7824620532447139,Max Södermalm,3.24215,0.7824620532447139,6.4843,1.5649241064894277,12.9686,0.9389544638936567,25.9372,6.007757140766168,clear
59.356783847432794,18.08902967966134,2.666762734830443,Max Odenplan,1.6508900000000002,2.666762734830443,3.3017800000000004,5.333525469660886,6.603560000000001,3.2001152817965317,13.207120000000002,18.067281502914835,clear
59.31560649918062,18.089332867606103,0.926355865197414,Max Södermalm,0.96325,0.926355865197414,1.9265,1.852711730394828,3.853,1.1116270382368967,7.706,6.928677537263449,clear
59.34809014094013,18.08679844659365,1.8873539611922652,Max Hamngatan,2.82631,,5.65262,,11.30524,,22.61048,,nogo
59.31228898026746,18.064840722437737,0.6008171569178781,Max Södermalm,1.37667,0.6008171569178781,2.75334,1.2016343138357561,5.50668,0.7209805883014537,11.01336,4.845229804274419,clear
59.338832167589246,18.067683804265013,0.4733774339839599,Max Hötorget,2.05152,,4.10304,,8.20608,,16.41216,,nogo
59.35704698220287,18.08547758184485,2.5253887483775705,Max Odenplan,3.69633,2.5253887483775705,7.39266,5.050777496755141,14.78532,3.0304664980530847,29.57064,17.16248798961645,clear
59.32736893994281,18.073811356988568,0.6260194355841197,Max Hamngatan,3.9266799999999997,,7.8533599999999995,,15.706719999999999,,31.413439999999998,,nogo
59.33323147824505,18.063918180955355,0.2656827120321273,Max Hötorget,3.79317,,7.58634,,15.17268,,30.34536,,nogo
59.31413464339426,18.061221572943605,0.6958059454998787,Max Södermalm,2.7785900000000003,0.6958059454998787,5.557180000000001,1.3916118909997575,11.114360000000001,0.8349671345998545,22.228720000000003,5.453158051199224,clear
59.341619810314484,18.054153518469054,0.19742368961528037,Max Odenplan,2.62651,0.19742368961528037,5.25302,0.39484737923056074,10.50604,0.23690842753833646,21.01208,2.263511613537794,clear
59.315380880877754,18.03516555288611,2.059243845134703,Max Kungsholmen,2.56289,,5.12578,,10.25156,,20.50312,,nogo
59.346201341581896,18.05814148607559,0.5601752622157784,Max Odenplan,2.54392,0.5601752622157784,5.08784,1.1203505244315568,10.17568,0.6722103146589341,20.35136,4.585121678180982,clear
59.33811027140199,18.0077353371453,1.4842049068599883,Max Kungsholmen,1.3522100000000001,,2.7044200000000003,,5.4088400000000005,,10.817680000000001,,nogo
59.33353050424882,18.033035579450694,0.04709774310816663,Max Kungsholmen,1.18941,,2.37882,,4.75764,,9.51528,,nogo
59.32532979110988,18.068555594379713,0.8681670585132012,Max Hamngatan,0.5820599999999999,,1.1641199999999998,,2.3282399999999996,,4.656479999999999,,nogo
59.32419749532225,18.067433765397457,1.003102097946609,Max Södermalm,3.45531,,6.91062,,13.82124,,27.64248,,nogo
59.313869090999745,18.052857245291797,1.1681995288788445,Max Södermalm,2.80663,1.1681995288788445,5.61326,2.336399057757689,11.22652,1.4018394346546135,22.45304,8.476476984824604,clear
59.332989808254474,18.036419070900514,0.2454270987609015,Max Kungsholmen,3.54006,,7.08012,,14.16024,,28.32048,,nogo
59.319646612929716,18.079442642269047,0.5731404289677794,Max Södermalm,2.27503,0.5731404289677794,4.55006,1.1462808579355588,9.10012,0.6877685147613353,18.20024,4.668098745393788,clear
59.31260317791659,18.054446456495743,1.113971663834336,Max Södermalm,0.9598300000000001,1.113971663834336,1.9196600000000001,2.227943327668672,3.83932,1.336765996601203,7.67864,8.129418648539751,clear
59.3340881244478,18.057538976280554,0.3239657078060316,Max Hötorget,1.54225,,3.0845,,6.169,,12.338,,nogo
59.35019428159075,18.042969627785176,0.6652727139674687,Max Karolinska,1.32024,0.6652727139674687,2.64048,1.3305454279349374,5.28096,0.7983272567609624,10.56192,5.2577453693918,clear
59.34649180613538,18.061933626510243,0.7457695373107229,Max Odenplan,0.56399,0.7457695373107229,1.12798,1.4915390746214459,2.25596,0.8949234447728676,4.51192,5.772925038788626,clear
59.3317111950962,18.091409001689026,1.1101414870543649,Max Hamngatan,3.60735,,7.2147,,14.4294,,28.8588,,nogo
59.33061302636625,18.074976098470255,0.3059011915264966,Max Hamngatan,0.42385,,0.8477,,1.6954,,3.3908,,nogo
59.35032864569468,18.10624567328558,2.7476700523275386,Max Hamngatan,1.0768900000000001,,2.1537800000000002,,4.3075600000000005,,8.615120000000001,,nogo
59.3436800892167,18.043110182077157,0.4793709479652846,Max Odenplan,1.5815599999999999,0.4793709479652846,3.1631199999999997,0.9587418959305692,6.326239999999999,0.5752451375583415,12.652479999999999,4.067974066977822,clear
59.33268016752038,18.075229867412393,0.18296646155168914,Max Hamngatan,2.25705,,4.5141,,9.0282,,18.0564,,nogo
59.31191011025374,18.045274597370103,1.6371638776971738,Max Södermalm,1.06847,1.6371638776971738,2.13694,3.2743277553943475,4.27388,1.9645966532366086,8.54776,11.477848817261911,clear
59.330781538847106,18.075033323686267,0.2922199955900336,Max Hamngatan,0.93031,,1.86062,,3.72124,,7.44248,,nogo
59.3420690033926,18.081987188231054,1.1660457744116806,Max Hamngatan,3.66411,,7.32822,,14.65644,,29.31288,,nogo
59.337269985730266,18.048230895732114,0.6186287174877141,Max Odenplan,1.61357,0.6186287174877141,3.22714,1.2372574349754282,6.45428,0.7423544609852569,12.90856,4.95922379192137,clear
59.327571784171234,18.02405163303167,0.8427349169486147,Max Kungsholmen,0.46211,,0.92422,,1.84844,,3.69688,,nogo
59.33865952095194,18.087188499816808,1.073268959115865,Max Hamngatan,2.7807399999999998,,5.5614799999999995,,11.122959999999999,,22.245919999999998,,nogo
59.33885964953173,18.01777442507479,1.0053992114711952,Max Kungsholmen,2.3979899999999996,,4.795979999999999,,9.591959999999998,,19.183919999999997,,nogo
59.312850945391986,18.086080125390662,0.8047313724900467,Max Södermalm,1.74353,0.8047313724900467,3.48706,1.6094627449800933,6.97412,0.9656776469880559,13.94824,6.1502807839362985,clear
59.33143850796898,18.027448574374148,0.3872839684765636,Max Kungsholmen,1.38505,,2.7701,,5.5402,,11.0804,,nogo
59.31510068567508,18.03468218009807,2.088490766024669,Max Kungsholmen,3.53586,,7.07172,,14.14344,,28.28688,,nogo
59.34897284987791,18.105202183640404,2.5998270917521835,Max Hamngatan,2.30878,,4.61756,,9.23512,,18.47024,,nogo
59.340783097733926,18.051901118468813,0.20585837769584964,Max Odenplan,0.8910399999999999,0.20585837769584964,1.7820799999999999,0.4117167553916993,3.5641599999999998,0.24703005323501956,7.1283199999999995,2.3174936172534375,clear
59.33322733505412,18.072834097165938,0.05659574971578376,Max Hamngatan,1.04614,,2.09228,,4.18456,,8.36912,,nogo
59.35132091203476,18.081107192312086,1.9560186400822839,Max Odenplan,1.23053,1.9560186400822839,2.46106,3.9120372801645678,4.92212,2.3472223680987407,9.84424,13.518519296526616,clear
59.33392643517893,18.02514268937495,0.4143537609491041,Max Kungsholmen,0.44245,,0.8849,,1.7698,,3.5396,,nogo
59.305671353723255,18.076496248080737,1.1303882516656292,Max Södermalm,3.58473,1.1303882516656292,7.16946,2.2607765033312583,14.33892,1.356465901998755,28.67784,8.234484810660026,clear
59.351060100351916,18.06400391145086,1.1886941033341898,Max Odenplan,0.33341000000000004,1.1886941033341898,0.6668200000000001,2.3773882066683796,1.3336400000000002,1.4264329240010278,2.6672800000000003,8.607642261338814,clear
59.328825766736585,18.058151144708113,0.784359290873203,Max Hötorget,0.4437,,0.8874,,1.7748,,3.5496,,nogo
59.344389225529056,18.039147761018327,0.43680890207711254,Max Karolinska,1.6122999999999998,0.43680890207711254,3.2245999999999997,0.8736178041542251,6.449199999999999,0.5241706824925351,12.898399999999999,3.79557697329352,clear
59.34825734049133,18.084902756872694,1.859021934367284,Max Hamngatan,1.49323,,2.98646,,5.97292,,11.94584,,nogo
59.35261335165217,18.094835249782655,2.5487860828244298,Max Hamngatan,3.3629499999999997,,6.725899999999999,,13.451799999999999,,26.903599999999997,,nogo
59.3068161076822,18.06244369525008,1.1567145877465745,Max Södermalm,0.21180000000000002,1.1567145877465745,0.42360000000000003,2.313429175493149,0.8472000000000001,1.3880575052958894,1.6944000000000001,8.402973361578077,clear
59.33024749847732,18.047344113713788,0.9377915698564414,Max Kungsholmen,2.64397,,5.28794,,10.57588,,21.15176,,nogo
59.31328748186296,18.0440773203557,1.6720788018316026,Max Södermalm,3.4793499999999997,1.6720788018316026,6.958699999999999,3.3441576036632052,13.917399999999999,2.0064945621979233,27.834799999999998,11.701304331722257,clear
59.31768377409368,18.054787945164207,1.0649133688638432,Max Södermalm,1.8962,1.0649133688638432,3.7924,2.1298267377276865,7.584800000000001,1.277896042636612,15.169600000000003,7.815445560728596,clear
59.335662102294485,18.094332222409502,1.304695657051466,Max Hamngatan,2.07916,,4.15832,,8.31664,,16.63328,,nogo
59.3386577572656,18.00296199130699,1.7612695132521818,Max Kungsholmen,2.91065,,5.8213,,11.6426,,23.2852,,nogo
59.31485457031535,18.106147247919775,1.8860714425685694,Max Södermalm,2.85098,1.8860714425685694,5.70196,3.772142885137139,11.40392,2.2632857310822834,22.80784,13.070857232438843,clear
59.30828182251331,18.080240401525415,0.9184573767906874,Max Södermalm,1.35302,0.9184573767906874,2.70604,1.8369147535813748,5.41208,1.1021488521488247,10.82416,6.878127211460399,clear
59.348853098204884,18.08047541718403,1.8019400602915427,Max Odenplan,2.46218,1.8019400602915427,4.92436,3.6038801205830855,9.84872,2.1623280723498515,19.69744,12.532416385865874,clear
59.337436428220556,18.093221410808727,1.3060591016468226,Max Hamngatan,2.03361,,4.06722,,8.13444,,16.26888,,nogo
59.33113297645376,18.015655757265613,0.9997772489528403,Max Kungsholmen,1.84846,,3.69692,,7.39384,,14.78768,,nogo
59.30809473237303,18.06432607310235,0.9793760696442115,Max Södermalm,2.59978,0.9793760696442115,5.19956,1.958752139288423,10.39912,1.175251283573054,20.79824,7.2680068457229545,clear
59.33178301426354,18.02748998217079,0.3603237826279941,Max Kungsholmen,2.31427,,4.62854,,9.25708,,18.51416,,nogo
59.34453489557996,18.103934128614394,2.228939371120441,Max Hamngatan,3.76206,,7.52412,,15.048239999999998,,30.096479999999996,,nogo
59.317180737645735,18.051536942768678,1.2376180846483502,Max Södermalm,2.55748,1.2376180846483502,5.11496,2.4752361692967004,10.22992,1.4851417015780202,20.45984,8.920755741749442,clear
59.316214207115735,18.033998570142877,1.962526872738814,Max Kungsholmen,2.84258,,5.68516,,11.37032,,22.74064,,nogo
59.31457419061349,18.081645122526712,0.5034416997565422,Max Södermalm,0.59289,0.5034416997565422,1.18578,1.0068833995130844,2.37156,0.6041300397078506,4.74312,4.22202687844187,clear
59.333661972896316,18.021280545242853,0.6342088643753271,Max Kungsholmen,1.00716,,2.01432,,4.02864,,8.05728,,nogo
59.343498204455344,18.10341081992363,2.1390274649049084,Max Hamngatan,1.09976,,2.19952,,4.39904,,8.79808,,nogo
59.33220625413158,18.0906338657263,1.0608210374797027,Max Hamngatan,1.59286,,3.18572,,6.37144,,12.74288,,nogo
59.33519790330363,18.06508989372862,0.15080453988643805,Max Hötorget,1.7283199999999999,,3.4566399999999997,,6.913279999999999,,13.826559999999999,,nogo
59.34773872048068,18.092119900538194,2.0078253661143535,Max Hamngatan,0.32594,,0.65188,,1.30376,,2.60752,,nogo
59.335516932625694,18.10093493386588,1.6694694875339555,Max Hamngatan,3.57847,,7.15694,,14.31388,,28.62776,,nogo
59.341883571657284,18.059626351335613,0.48242200914204686,Max Odenplan,2.19904,0.48242200914204686,4.39808,0.9648440182840937,8.79616,0.5789064109704563,17.59232,4.0875008585091,clear
59.31815021156055,18.03447096660196,1.74869958393918,Max Kungsholmen,3.53689,,7.07378,,14.14756,,28.29512,,nogo
59.34513451195625,18.082052084389208,1.4754280020745476,Max Hamngatan,0.6014700000000001,,1.2029400000000001,,2.4058800000000002,,4.8117600000000005,,nogo
59.34075244554087,18.06028859228701,0.5532373333729724,Max Odenplan,1.29088,0.5532373333729724,2.58176,1.1064746667459449,5.16352,0.663884800047567,10.32704,4.540718933587024,clear
59.33597178003986,18.01861174558768,0.8218529862300606,Max Kungsholmen,0.84685,,1.6937,,3.3874,,6.7748,,nogo
59.3102835194196,18.085966076160794,0.9482735977529779,Max Södermalm,0.7425499999999999,0.9482735977529779,1.4850999999999999,1.8965471955059559,2.9701999999999997,1.1379283173035735,5.9403999999999995,7.068951025619059,clear
59.350090619875324,18.084213937549485,2.0346789639573624,Max Hamngatan,1.17333,,2.34666,,4.69332,,9.38664,,nogo
59.33733775745229,18.060675293145977,0.22928903912549345,Max Hötorget,1.56915,,3.1383,,6.2766,,12.5532,,nogo
59.30983099213269,18.057974015326213,1.077668561495129,Max Södermalm,2.07285,1.077668561495129,4.1457,2.155337122990258,8.2914,1.2932022737941546,16.5828,7.897078793568825,clear
59.337805183950806,18.098233224888837,1.586722554075938,Max Hamngatan,2.09116,,4.18232,,8.36464,,16.72928,,nogo
59.31908509274065,18.085010910472285,0.7795677294024362,Max Södermalm,2.8456900000000003,0.7795677294024362,5.6913800000000005,1.5591354588048725,11.382760000000001,0.9354812752829235,22.765520000000002,5.989233468175592,clear
59.30998592125285,18.0700805631092,0.6551956418685628,Max Södermalm,0.67853,0.6551956418685628,1.35706,1.3103912837371257,2.71412,0.7862347702422754,5.42824,5.193252107958802,clear
59.35766143705312,18.088819062220146,2.716362605379236,Max Odenplan,1.48947,2.716362605379236,2.97894,5.432725210758472,5.95788,3.259635126455083,11.91576,18.384720674427108,clear
59.35564509904054,18.09407082170514,2.8251645966794667,Max Hamngatan,2.9362199999999996,,5.872439999999999,,11.744879999999998,,23.489759999999997,,nogo
59.339124739920294,18.101251903947563,1.8002615854860053,Max Hamngatan,2.8144,,5.6288,,11.2576,,22.5152,,nogo
59.335957183811885,18.05628404672005,0.3578768535631367,Max Hötorget,3.08786,,6.17572,,12.35144,,24.70288,,nogo
59.31390092549995,18.075027087615805,0.22609231341781935,Max Södermalm,2.5671399999999998,0.22609231341781935,5.1342799999999995,0.4521846268356387,10.268559999999999,0.2713107761013832,20.537119999999998,2.446990805874044,clear
59.31148244007836,18.062939916269542,0.7414900647381614,Max Södermalm,3.19392,0.7414900647381614,6.38784,1.4829801294763227,12.77568,0.8897880776857937,25.55136,5.745536414324233,clear
59.31351549677684,18.035738704913392,2.1392884013188347,Max Södermalm,1.64649,2.1392884013188347,3.29298,4.278576802637669,6.58596,2.5671460815826017,13.17192,14.691445768440541,clear
59.35057756996817,18.093466247417265,2.314430644100105,Max Hamngatan,2.81512,,5.63024,,11.26048,,22.52096,,nogo
59.314659738385686,18.051566542600387,1.229535078526682,Max Södermalm,3.03982,1.229535078526682,6.07964,2.459070157053364,12.15928,1.4754420942320183,24.31856,8.869024502570765,clear
59.331481594715406,18.06462370825437,0.45182545888629644,Max Hamngatan,0.27987,,0.55974,,1.11948,,2.23896,,nogo
59.33673997220575,18.08191132065168,0.7046977438672686,Max Hamngatan,1.22645,,2.4529,,4.9058,,9.8116,,nogo
59.336989611484285,18.05846982855346,0.2832034642912441,Max Hötorget,2.4841599999999997,,4.968319999999999,,9.936639999999999,,19.873279999999998,,nogo
59.341813251739474,18.05723409989578,0.3507947062861038,Max Odenplan,2.64397,0.3507947062861038,5.28794,0.7015894125722076,10.57588,0.4209536475433246,21.15176,3.2450861202310644,clear
59.349469745891916,18.05125021168027,0.7650405893465291,Max Odenplan,0.94652,0.7650405893465291,1.89304,1.5300811786930582,3.7860799999999997,0.9180487072158349,7.572159999999999,5.896259771817786,clear
59.33975966969064,18.076099879745552,0.7965146948031734,Max Hamngatan,3.30377,,6.60754,,13.21508,,26.43016,,nogo
59.31793082700484,18.060496494178018,0.7589997123120957,Max Södermalm,1.60148,0.7589997123120957,3.20296,1.5179994246241915,6.40592,0.9107996547745149,12.81184,5.857598158797413,clear
59.316189756966985,18.06921896207091,0.22676243592916046,Max Södermalm,3.29367,0.22676243592916046,6.58734,0.4535248718583209,13.17468,0.2721149231149925,26.34936,2.451279589946627,clear
59.32964932998165,18.005704155079414,1.5898079185603233,Max Kungsholmen,0.40341000000000005,,0.8068200000000001,,1.6136400000000002,,3.2272800000000004,,nogo
59.30374211126937,18.077811692188646,1.3555177788032386,Max Södermalm,2.83356,1.3555177788032386,5.66712,2.7110355576064773,11.33424,1.6266213345638862,22.66848,9.675313784340727,clear
59.33598238504259,18.091082519482036,1.135935554482052,Max Hamngatan,0.63427,,1.26854,,2.53708,,5.07416,,nogo
59.33371977273707,18.09505571981451,1.3125943989712687,Max Hamngatan,2.2882800000000003,,4.576560000000001,,9.153120000000001,,18.306240000000003,,nogo
59.33376760768283,18.06876729598675,0.20949415493200976,Max Hamngatan,1.26942,,2.53884,,5.07768,,10.15536,,nogo
59.347083318996006,18.04770189888765,0.5388120523804006,Max Odenplan,1.45634,0.5388120523804006,2.91268,1.0776241047608013,5.82536,0.6465744628564808,11.65072,4.448397135234564,clear
59.34611079328474,18.072358677276693,1.2622141602403232,Max Odenplan,3.5393000000000003,1.2622141602403232,7.078600000000001,2.5244283204806464,14.157200000000001,1.5146569922883877,28.314400000000003,9.078170625538068,clear
59.323051647485606,18.074260002701678,0.825592464142229,Max Södermalm,3.16471,,6.32942,,12.65884,,25.31768,,nogo
59.349481718823505,18.070310176271665,1.3271904405765638,Max Odenplan,3.2374099999999997,1.3271904405765638,6.474819999999999,2.6543808811531275,12.949639999999999,1.5926285286918764,25.899279999999997,9.494018819690009,clear
59.329681287897465,18.00235838304036,1.7719123341752092,Max Kungsholmen,3.79621,,7.59242,,15.184840000000001,,30.369680000000002,,nogo
59.34387094624645,18.060223261741847,0.5289139836123378,Max Odenplan,1.05937,0.5289139836123378,2.11874,1.0578279672246755,4.23748,0.6346967803348054,8.47496,4.385049495118961,clear
59.35349474279647,18.09544219519993,2.650957356482198,Max Hamngatan,2.8636999999999997,,5.727399999999999,,11.454799999999999,,22.909599999999998,,nogo
59.30793628721436,18.086235665360554,1.1419250381588821,Max Södermalm,2.4914,1.1419250381588821,4.9828,2.2838500763177643,9.9656,1.3703100457906587,19.9312,8.308320244216846,clear
59.31844662590045,18.02185450128558,1.8143627074364563,Max Kungsholmen,2.66426,,5.32852,,10.65704,,21.31408,,nogo
59.34358268979511,18.061121574680588,0.5713370066318001,Max Odenplan,0.46076,0.5713370066318001,0.92152,1.1426740132636002,1.84304,0.6856044079581601,3.68608,4.65655684244352,clear
59.32848007114347,18.01972788461226,0.9352909574029036,Max Kungsholmen,1.6465,,3.293,,6.586,,13.172,,nogo
59.31511800219007,18.102079291330703,1.6533591581194291,Max Södermalm,1.26321,1.6533591581194291,2.52642,3.3067183162388583,5.05284,1.9840309897433148,10.10568,11.581498611964346,clear
59.35416976948097,18.08293021332812,2.214930477647361,Max Odenplan,1.16521,2.214930477647361,2.33042,4.429860955294722,4.66084,2.6579165731768333,9.32168,15.17555505694311,clear
59.327054594464634,18.018637862348818,1.0872788575883907,Max Kungsholmen,2.02502,,4.05004,,8.10008,,16.20016,,nogo
59.31554667260578,18.090384275061286,0.9862984185780086,Max Södermalm,3.5140100000000003,0.9862984185780086,7.028020000000001,1.9725968371560172,14.056040000000001,1.1835581022936104,28.112080000000002,7.312309878899255,clear
59.35522788420045,18.083845156472282,2.3267488134500685,Max Odenplan,2.91437,2.3267488134500685,5.82874,4.653497626900137,11.65748,2.792098576140082,23.31496,15.891192406080439,clear
59.35894942858809,18.093734220841878,3.0254586814712052,Max Odenplan,1.2405,3.0254586814712052,2.481,6.0509173629424104,4.962,3.630550417765446,9.924,20.362935561415714,clear
59.351609020873695,18.084594976092106,2.1453615005446394,Max Odenplan,0.7887000000000001,2.1453615005446394,1.5774000000000001,4.290723001089279,3.1548000000000003,2.574433800653567,6.3096000000000005,14.73031360348569,clear
59.30733017026639,18.077002874670605,0.955269027075214,Max Södermalm,0.96456,0.955269027075214,1.92912,1.910538054150428,3.85824,1.1463228324902568,7.71648,7.11372177328137,clear
59.31943110543237,18.0294156691364,1.6111998060058474,Max Kungsholmen,3.8450900000000003,,7.690180000000001,,15.380360000000001,,30.760720000000003,,nogo
59.339702992375834,18.096629386876877,1.5902327712491684,Max Hamngatan,3.3045999999999998,,6.6091999999999995,,13.218399999999999,,26.436799999999998,,nogo
59.342344527365405,18.115116470337632,2.6666392626878688,Max Hamngatan,1.54148,,3.08296,,6.16592,,12.33184,,nogo
59.31750435649404,18.083040658207658,0.6037866110933985,Max Södermalm,1.0233700000000001,0.6037866110933985,2.0467400000000002,1.207573222186797,4.0934800000000005,0.7245439333120781,8.186960000000001,4.86423431099775,clear
59.32960640178889,18.068280200058172,0.42653515936806874,Max Hamngatan,1.41645,,2.8329,,5.6658,,11.3316,,nogo
59.35134312618508,18.0596977520775,1.0854960978278168,Max Odenplan,1.10494,1.0854960978278168,2.20988,2.1709921956556335,4.41976,1.30259531739338,8.83952,7.9471750260980265,clear
59.314342448180895,18.1007770726956,1.5849615270508588,Max Södermalm,2.0040999999999998,1.5849615270508588,4.0081999999999995,3.1699230541017176,8.016399999999999,1.9019538324610306,16.032799999999998,11.143753773125496,clear
59.31815509502485,18.070722459024758,0.3077713837688078,Max Södermalm,1.78559,0.3077713837688078,3.57118,0.6155427675376156,7.14236,0.3693256605225693,14.28472,2.96973685612037,clear
59.336261210824304,18.00106231416901,1.8054297672651975,Max Kungsholmen,3.52117,,7.04234,,14.08468,,28.16936,,nogo
59.34734736075852,18.059525631037168,0.7073092627028711,Max Odenplan,3.8047,0.7073092627028711,7.6094,1.4146185254057422,15.218800000000002,0.8487711152434453,30.437600000000003,5.526779281298375,clear
59.336038309202465,18.086364108606958,0.8859366733763503,Max Hamngatan,2.90461,,5.80922,,11.61844,,23.23688,,nogo
59.31184301665596,18.043235882019296,1.7514719255407196,Max Södermalm,2.69014,1.7514719255407196,5.38028,3.5029438510814392,10.76056,2.1017663106488635,21.52112,12.209420323460606,clear
59.33770410441041,18.073559269464173,0.5403051233088282,Max Hamngatan,0.54402,,1.08804,,2.17608,,4.35216,,nogo
59.33508412188306,18.07811147084855,0.42122272546820205,Max Hamngatan,3.4323200000000003,,6.8646400000000005,,13.729280000000001,,27.458560000000002,,nogo
59.337421110464845,18.078050644069755,0.607119518441423,Max Hamngatan,2.27902,,4.55804,,9.11608,,18.23216,,nogo
59.330179262308526,18.01091945131353,1.2889795674262332,Max Kungsholmen,1.68475,,3.3695,,6.739,,13.478,,nogo
59.32912154298537,18.021025941058873,0.832868503601145,Max Kungsholmen,0.41702,,0.83404,,1.66808,,3.33616,,nogo
59.34585821785303,18.060993681212288,0.6617611547924159,Max Odenplan,3.53204,0.6617611547924159,7.06408,1.3235223095848319,14.12816,0.7941133857508991,28.25632,5.235271390671462,clear
59.34661806576759,18.072628525048408,1.2952305314870498,Max Odenplan,2.49729,1.2952305314870498,4.99458,2.5904610629740996,9.98916,1.55427663778446,19.97832,9.28947540151712,clear
59.341378265165964,18.084887726708818,1.192752388123382,Max Hamngatan,1.41434,,2.82868,,5.65736,,11.31472,,nogo
59.345871893827265,18.06704241298819,0.9687617099106142,Max Odenplan,1.98542,0.9687617099106142,3.97084,1.9375234198212283,7.94168,1.162514051892737,15.88336,7.20007494342793,clear
59.34343130013244,18.090422842888746,1.570262969423892,Max Hamngatan,0.45700999999999997,,0.9140199999999999,,1.8280399999999999,,3.6560799999999998,,nogo
59.3150216305628,18.052853522549,1.153352525929917,Max Södermalm,3.5216399999999997,1.153352525929917,7.043279999999999,2.306705051859834,14.086559999999999,1.3840230311159005,28.173119999999997,8.38145616595147,clear
59.3377510930941,18.095549165412095,1.4419324123670931,Max Hamngatan,0.95835,,1.9167,,3.8334,,7.6668,,nogo
59.316252445479485,18.049734027664154,1.3303522225551607,Max Södermalm,2.4353200000000004,1.3303522225551607,4.870640000000001,2.6607044451103214,9.741280000000001,1.5964226670661927,19.482560000000003,9.514254224353028,clear
59.341479384341866,18.103290647665776,2.01781508284192,Max Hamngatan,2.8630500000000003,,5.726100000000001,,11.452200000000001,,22.904400000000003,,nogo
59.33202346097703,18.066622656895017,0.3244532419681269,Max Hamngatan,0.81748,,1.63496,,3.26992,,6.53984,,nogo
59.33241650716692,18.028097672257662,0.291013154202666,Max Kungsholmen,0.9571900000000001,,1.9143800000000002,,3.8287600000000004,,7.657520000000001,,nogo
59.32905218429797,18.01291872016213,1.2301741132261472,Max Kungsholmen,2.4209699999999996,,4.841939999999999,,9.683879999999998,,19.367759999999997,,nogo
59.3587152576518,18.09014474489922,2.8485239035636742,Max Odenplan,1.3445799999999999,2.8485239035636742,2.6891599999999998,5.6970478071273485,5.3783199999999995,3.418228684276409,10.756639999999999,19.230552982807517,clear
59.31668116168266,18.08863730413547,0.8938929208620335,Max Södermalm,3.69854,0.8938929208620335,7.39708,1.787785841724067,14.79416,1.0726715050344402,29.58832,6.720914693517015,clear
59.338819082610705,18.086352301578163,1.0465243826346595,Max Hamngatan,2.92627,,5.85254,,11.70508,,23.41016,,nogo
59.334760723041335,18.00631690353173,1.489416064985989,Max Kungsholmen,1.3699400000000002,,2.7398800000000003,,5.479760000000001,,10.959520000000001,,nogo
59.316325628947084,18.03633015445385,1.9607374230101469,Max Kungsholmen,0.71435,,1.4287,,2.8574,,5.7148,,nogo
59.3519363408319,18.08447499432926,2.1566642607104245,Max Odenplan,3.4242399999999997,2.1566642607104245,6.8484799999999995,4.313328521420849,13.696959999999999,2.5879971128525097,27.393919999999998,14.802651268546718,clear
59.314844055449534,18.08375214142852,0.6153722339921383,Max Södermalm,1.2568199999999998,0.6153722339921383,2.5136399999999997,1.2307444679842765,5.027279999999999,0.7384466807905659,10.054559999999999,4.938382297549685,clear
59.345433675165644,18.095876428902336,1.9451005740778424,Max Hamngatan,2.8380799999999997,,5.676159999999999,,11.352319999999999,,22.704639999999998,,nogo
59.318376810340425,18.081058184964785,0.546179683763573,Max Södermalm,1.2270999999999999,0.546179683763573,2.4541999999999997,1.092359367527146,4.908399999999999,0.6554156205162875,9.816799999999999,4.495549976086867,clear
59.35094539981431,18.04827660748017,0.9448652847900687,Max Odenplan,0.9943,0.9448652847900687,1.9886,1.8897305695801374,3.9772,1.1338383417480824,7.9544,7.04713782265644,clear
59.34659100501576,18.04457349538125,0.5851990690931327,Max Odenplan,1.85411,0.5851990690931327,3.70822,1.1703981381862654,7.41644,0.7022388829117592,14.83288,4.7452740421960495,clear
59.318328609080936,18.028539422886602,1.7390039868549965,Max Kungsholmen,1.28292,,2.56584,,5.13168,,10.26336,,nogo
59.34910130469903,18.078782888489606,1.7249403973015505,Max Odenplan,1.12821,1.7249403973015505,2.25642,3.449880794603101,4.51284,2.0699284767618606,9.02568,12.039618542729922,clear
59.34137983755612,18.040674717375115,0.6178899777348521,Max Odenplan,0.6852699999999999,0.6178899777348521,1.3705399999999999,1.2357799554697042,2.7410799999999997,0.7414679732818226,5.4821599999999995,4.954495857503053,clear
59.33983769493961,18.064861636811585,0.5008648413744217,Max Hötorget,2.86179,,5.72358,,11.44716,,22.89432,,nogo
59.31820269563954,18.049912223529738,1.3485074730155997,Max Södermalm,3.3131500000000003,1.3485074730155997,6.6263000000000005,2.6970149460311994,13.252600000000001,1.6182089676187197,26.505200000000002,9.630447827299838,clear
59.30731050153661,18.072041108651266,0.9326122674638859,Max Södermalm,1.78223,0.9326122674638859,3.56446,1.8652245349277718,7.12892,1.119134720956663,14.25784,6.96871851176887,clear
59.31462883300571,18.059818238935776,0.7632812739062322,Max Södermalm,1.66083,0.7632812739062322,3.32166,1.5265625478124645,6.64332,0.9159375286874787,13.28664,5.885000152999886,clear
59.34512531619169,18.101269195402747,2.148328500479349,Max Hamngatan,1.22069,,2.44138,,4.88276,,9.76552,,nogo
59.330619028171135,18.01658605836786,0.9689052314802337,Max Kungsholmen,3.74486,,7.48972,,14.97944,,29.95888,,nogo
59.30855992046037,18.084462257322144,1.0236493002983795,Max Södermalm,3.63923,1.0236493002983795,7.27846,2.047298600596759,14.55692,1.2283791603580554,29.11384,7.551355521909629,clear
59.33215299812847,18.017305621784512,0.8798922486780651,Max Kungsholmen,0.23487,,0.46974,,0.9394799999999999,,1.8789599999999997,,nogo
59.35010993442886,18.053959244693704,0.8502790377829471,Max Odenplan,1.61609,0.8502790377829471,3.23218,1.7005580755658942,6.46436,1.0203348453395364,12.92872,6.441785841810861,clear
59.347751154777676,18.098172240718494,2.222916530164868,Max Hamngatan,3.03999,,6.07998,,12.15996,,24.31992,,nogo
59.35107750647639,18.048562478906447,0.9565954788802326,Max Odenplan,2.4802600000000004,0.9565954788802326,4.960520000000001,1.913190957760465,9.921040000000001,1.147914574656279,19.842080000000003,7.122211064833488,clear
59.31983877161123,18.032937947739136,1.556967145435939,Max Kungsholmen,2.2425,,4.485,,8.97,,17.94,,nogo
59.31394630356625,18.099554490814256,1.5205873112927417,Max Södermalm,0.12637,1.5205873112927417,0.25274,3.0411746225854834,0.50548,1.82470477355129,1.01096,10.731758792273547,clear
59.34978273055116,18.054370292616987,0.8191738529350162,Max Odenplan,1.15886,0.8191738529350162,2.31772,1.6383477058700324,4.63544,0.9830086235220193,9.27088,6.242712658784104,clear
59.332014715182694,18.024530841710927,0.4916396416991754,Max Kungsholmen,3.10616,,6.21232,,12.42464,,24.84928,,nogo
59.335704578742835,18.064493625019658,0.11509333614537522,Max Hötorget,2.22335,,4.4467,,8.8934,,17.7868,,nogo
59.309254182477346,18.08078509077638,0.8386890956256928,Max Södermalm,0.81143,0.8386890956256928,1.62286,1.6773781912513857,3.24572,1.0064269147508313,6.49144,6.3676102120044344,clear
59.32780850034912,18.01784344535504,1.065717260565468,Max Kungsholmen,2.9351700000000003,,5.870340000000001,,11.740680000000001,,23.481360000000002,,nogo
59.31034095139663,18.09795043149152,1.5363342351992597,Max Södermalm,1.69433,1.5363342351992597,3.38866,3.0726684703985194,6.77732,1.8436010822391116,13.55464,10.832539105275263,clear
59.3543196639545,18.084968273835077,2.319576507837045,Max Odenplan,3.62649,2.319576507837045,7.25298,4.63915301567409,14.50596,2.783491809404454,29.01192,15.845289650157088,clear
59.309770193625965,18.054321857843576,1.2534253260010861,Max Södermalm,2.81891,1.2534253260010861,5.63782,2.5068506520021723,11.27564,1.5041103912013034,22.55128,9.021922086406951,clear
59.330896115171456,18.02244396397718,0.6541712181886801,Max Kungsholmen,2.97333,,5.94666,,11.89332,,23.78664,,nogo
59.33512953847717,18.013749302697093,1.0727091481013113,Max Kungsholmen,2.6414899999999997,,5.282979999999999,,10.565959999999999,,21.131919999999997,,nogo
59.31467894366068,18.044717520245197,1.6182010574075698,Max Södermalm,2.43406,1.6182010574075698,4.86812,3.2364021148151396,9.73624,1.9418412688890836,19.47248,11.356486767408446,clear
59.35319761588684,18.08147868761962,2.0851601048360373,Max Odenplan,3.48915,2.0851601048360373,6.9783,4.170320209672075,13.9566,2.5021921258032447,27.9132,14.34502467095064,clear
59.31258359313808,18.04090859655179,1.863342141987829,Max Södermalm,1.81575,1.863342141987829,3.6315,3.726684283975658,7.263,2.236010570385395,14.526,12.925389708722108,clear
59.330361087208686,17.998157548383364,1.9877407112322134,Max Kungsholmen,2.10322,,4.20644,,8.41288,,16.82576,,nogo
59.303786977166325,18.077360903632552,1.3457176083603974,Max Södermalm,3.84451,1.3457176083603974,7.68902,2.691435216720795,15.37804,1.6148611300324769,30.75608,9.612592693506544,clear
59.34893366065896,18.09248126261472,2.129804209785844,Max Hamngatan,3.31115,,6.6223,,13.2446,,26.4892,,nogo
59.343570720122266,18.109439104927613,2.436576433176841,Max Hamngatan,3.04284,,6.08568,,12.17136,,24.34272,,nogo
59.321136396403375,18.069706521677656,0.6387627448258614,Max Södermalm,2.83463,0.6387627448258614,5.66926,1.2775254896517227,11.33852,0.7665152937910337,22.67704,5.088081566885513,clear
59.340363339728974,18.0870098601241,1.1888550323830112,Max Hamngatan,3.07765,,6.1553,,12.3106,,24.6212,,nogo
59.34059425909532,18.101884481460843,1.9013301946285124,Max Hamngatan,3.36844,,6.73688,,13.47376,,26.94752,,nogo
59.35113753881166,18.096121847793835,2.4488997977846156,Max Hamngatan,2.87091,,5.74182,,11.48364,,22.96728,,nogo
59.31078117311221,18.051392346403002,1.349020788207052,Max Södermalm,0.37385,1.349020788207052,0.7477,2.698041576414104,1.4954,1.6188249458484623,2.9908,9.633733044525133,clear
59.3466894733715,18.065408169657562,0.9245674779625901,Max Odenplan,2.97542,0.9245674779625901,5.95084,1.8491349559251802,11.90168,1.109480973555108,23.80336,6.917231858960577,clear
59.33476912452137,18.07168872252912,0.20747504187304838,Max Hamngatan,3.7384299999999997,,7.476859999999999,,14.953719999999999,,29.907439999999998,,nogo
59.32512364664446,18.0677152295844,0.9024242695909179,Max Hamngatan,2.89924,,5.79848,,11.59696,,23.19392,,nogo
59.34103856578553,18.035222597012798,0.6614216163646341,Max Karolinska,2.19409,0.6614216163646341,4.38818,1.3228432327292683,8.77636,0.793705939637561,17.55272,5.2330983447336585,clear
59.31396748528397,18.072386362413287,0.19311653712586554,Max Södermalm,2.1625799999999997,0.19311653712586554,4.3251599999999994,0.3862330742517311,8.650319999999999,0.23173984455103866,17.300639999999998,2.2359458376055397,clear
59.328837171342904,18.013073960330914,1.2327915556790252,Max Kungsholmen,3.02461,,6.04922,,12.09844,,24.19688,,nogo
59.337187101632395,18.004970669317053,1.6068287880956917,Max Kungsholmen,0.67602,,1.35204,,2.70408,,5.40816,,nogo
59.31702704747867,18.073808952006477,0.15742784477967034,Max Södermalm,2.74979,0.15742784477967034,5.49958,0.3148556895593407,10.99916,0.1889134137356044,21.99832,2.0075382065898904,clear
59.335588834458655,18.063411894696355,0.052201411362058844,Max Hötorget,2.69359,,5.38718,,10.77436,,21.54872,,nogo
59.3484565168475,18.091577153085172,2.057234406140259,Max Hamngatan,0.98907,,1.97814,,3.9562799999999996,,7.912559999999999,,nogo
59.34280763689027,18.033849062462384,0.4559274571026014,Max Karolinska,0.5729099999999999,0.4559274571026014,1.1458199999999998,0.9118549142052028,2.2916399999999997,0.5471129485231216,4.583279999999999,3.917935725456649,clear
59.348518519136015,18.084764985243687,1.882776958125183,Max Hamngatan,0.20016,,0.40032,,0.80064,,1.60128,,nogo
59.342047486689644,18.06807576303201,0.7946838124942396,Max Hötorget,0.82887,,1.65774,,3.31548,,6.63096,,nogo
59.332888244772555,18.084175926584148,0.6902853505323905,Max Hamngatan,0.64654,,1.29308,,2.58616,,5.17232,,nogo
59.338898762968086,18.039989465597174,0.7118189324092262,Max Kungsholmen,1.62445,,3.2489,,6.4978,,12.9956,,nogo
59.344306469019074,18.036912003513635,0.3557556725261345,Max Karolinska,3.46835,0.3557556725261345,6.9367,0.711511345052269,13.8734,0.42690680703136136,27.7468,3.2768363041672606,clear
59.31701291611135,18.021531675318265,1.9714661315769948,Max Kungsholmen,3.76383,,7.52766,,15.055319999999998,,30.110639999999997,,nogo
59.313641283346385,18.072723508177216,0.22637428132570753,Max Södermalm,3.13178,0.22637428132570753,6.26356,0.45274856265141505,12.52712,0.2716491375908491,25.05424,2.4487954004845283,clear
59.31363564766616,18.065650009161367,0.47911642126907156,Max Södermalm,2.68846,0.47911642126907156,5.37692,0.9582328425381431,10.75384,0.5749397055228859,21.50768,4.066345096122058,clear
59.31626991322239,18.068939840734426,0.2444625744236236,Max Södermalm,0.53211,0.2444625744236236,1.06422,0.4889251488472472,2.12844,0.2933550893083483,4.25688,2.564560476311191,clear
59.34315023832564,18.02747248367597,0.5298881089934012,Max Karolinska,3.23814,0.5298881089934012,6.47628,1.0597762179868024,12.95256,0.6358657307920815,25.90512,4.391283897557768,clear
59.334420316556596,18.053234250871483,0.5415651422171709,Max Hötorget,0.92471,,1.84942,,3.69884,,7.39768,,nogo
59.34508952842851,18.106970460013013,2.4060022179143647,Max Hamngatan,1.0772599999999999,,2.1545199999999998,,4.3090399999999995,,8.618079999999999,,nogo
59.309889051060935,18.06927701440848,0.6787598279335061,Max Södermalm,0.94104,0.6787598279335061,1.88208,1.3575196558670122,3.76416,0.8145117935202073,7.52832,5.344062898774439,clear
59.331180322582995,18.03286496663574,0.29432579110063606,Max Kungsholmen,2.6719,,5.3438,,10.6876,,21.3752,,nogo
59.34886912804417,18.055663895723242,0.7416194409602126,Max Odenplan,3.4794,0.7416194409602126,6.9588,1.4832388819204252,13.9176,0.889943329152255,27.8352,5.74636442214536,clear
59.332134425027554,18.057099130914875,0.48562885128232186,Max Hötorget,2.88229,,5.76458,,11.52916,,23.05832,,nogo
59.320373069130945,18.060178430803553,0.9020102183964676,Max Södermalm,1.1091600000000001,0.9020102183964676,2.2183200000000003,1.8040204367929351,4.436640000000001,1.082412262075761,8.873280000000001,6.772865397737393,clear
59.340996930112745,18.085884213570345,1.1960225849171189,Max Hamngatan,2.9573400000000003,,5.914680000000001,,11.829360000000001,,23.658720000000002,,nogo
59.339639436452956,18.116222768556945,2.623324222720549,Max Hamngatan,0.90338,,1.80676,,3.61352,,7.22704,,nogo
59.332477239006955,18.077610202674673,0.32031049718008,Max Hamngatan,2.3714,,4.7428,,9.4856,,18.9712,,nogo
59.33410102492363,18.02464738584943,0.4435159161206184,Max Kungsholmen,3.38774,,6.77548,,13.55096,,27.10192,,nogo
59.321085189650795,18.05798522034706,1.0497706747210316,Max Södermalm,0.39941000000000004,1.0497706747210316,0.7988200000000001,2.099541349442063,1.5976400000000002,1.2597248096652378,3.1952800000000003,7.718532318214602,clear
59.332659506232055,18.012620525499567,1.1342125209998184,Max Kungsholmen,3.7577,,7.5154,,15.0308,,30.0616,,nogo
59.332387271305535,17.999427115529414,1.8845789511579372,Max Kungsholmen,1.74164,,3.48328,,6.96656,,13.93312,,nogo
59.3041041824104,18.074091144598633,1.2892875027851922,Max Södermalm,2.8084499999999997,1.2892875027851922,5.616899999999999,2.5785750055703844,11.233799999999999,1.5471450033422307,22.467599999999997,9.25144001782523,clear
59.34135182894187,18.104430659626086,2.068722541964957,Max Hamngatan,3.0844899999999997,,6.1689799999999995,,12.337959999999999,,24.675919999999998,,nogo
59.31596837494275,18.057212220939345,0.9035115977633488,Max Södermalm,2.95277,0.9035115977633488,5.90554,1.8070231955266975,11.81108,1.0842139173160186,23.62216,6.782474225685432,clear
59.33034911379956,18.077953040920125,0.4412615452520195,Max Hamngatan,2.03013,,4.06026,,8.12052,,16.24104,,nogo
59.33890871069035,18.09688710840503,1.5633831547152692,Max Hamngatan,1.0551199999999998,,2.1102399999999997,,4.220479999999999,,8.440959999999999,,nogo
59.32434479957267,18.071874550483592,0.9548686664324879,Max Hamngatan,1.39381,,2.78762,,5.57524,,11.15048,,nogo
59.33352499167802,18.04531142659276,0.7345061809773681,Max Kungsholmen,1.0319800000000001,,2.0639600000000002,,4.1279200000000005,,8.255840000000001,,nogo
59.318253467047086,18.040372595241628,1.7914587764430092,Max Kungsholmen,1.37693,,2.75386,,5.50772,,11.01544,,nogo
59.34046421595616,18.08158827016706,1.0009421705606627,Max Hamngatan,0.9421900000000001,,1.8843800000000002,,3.7687600000000003,,7.537520000000001,,nogo
59.35315349170793,18.09506221605784,2.6072280350126418,Max Hamngatan,2.5720500000000004,,5.144100000000001,,10.288200000000002,,20.576400000000003,,nogo
59.330892704182546,18.014703395413708,1.0595497699519785,Max Kungsholmen,0.52334,,1.04668,,2.09336,,4.18672,,nogo
59.340028666105844,18.114273215394615,2.5304138880847327,Max Hamngatan,3.09954,,6.19908,,12.39816,,24.79632,,nogo
59.346244190592266,18.10520860992487,2.4011834638524596,Max Hamngatan,1.93926,,3.87852,,7.757040000000001,,15.514080000000002,,nogo
59.33888247885629,18.06283466683355,0.3766869582845271,Max Hötorget,0.75302,,1.50604,,3.01208,,6.02416,,nogo
59.35628391676271,18.09832498315458,3.0020341767191896,Max Hamngatan,2.87525,,5.7505,,11.501,,23.002,,nogo
59.31963953611678,18.068860851117037,0.5033158553230502,Max Södermalm,2.7954899999999996,0.5033158553230502,5.590979999999999,1.0066317106461005,11.181959999999998,0.6039790263876603,22.363919999999997,4.221221474067521,clear
59.326256060446134,18.06893087423992,0.7628346902112185,Max Hamngatan,3.33042,,6.66084,,13.32168,,26.64336,,nogo
59.33008483063347,18.046761481602157,0.9159309355552517,Max Kungsholmen,1.7148599999999998,,3.4297199999999997,,6.859439999999999,,13.718879999999999,,nogo
59.346435362572066,18.042095492894084,0.5068305815362606,Max Karolinska,3.56352,0.5068305815362606,7.12704,1.0136611630725212,14.25408,0.6081966978435127,28.50816,4.243715721832068,clear
59.31148544870266,18.063638610039835,0.7107598153616768,Max Södermalm,2.52619,0.7107598153616768,5.05238,1.4215196307233535,10.10476,0.8529117784340121,20.20952,5.548862818314731,clear
59.31000003636985,18.050869636029006,1.4129933474811138,Max Södermalm,3.02461,1.4129933474811138,6.04922,2.8259866949622277,12.09844,1.6955920169773366,24.19688,10.043157423879128,clear
59.3338763563297,18.030386552472145,0.1159080570502438,Max Kungsholmen,2.0326500000000003,,4.065300000000001,,8.130600000000001,,16.261200000000002,,nogo
59.31163219306259,18.062388448612197,0.7561408788487656,Max Södermalm,1.8017100000000001,0.7561408788487656,3.6034200000000003,1.5122817576975311,7.206840000000001,0.9073690546185187,14.413680000000001,5.8393016246321,clear
59.344875262611694,18.042398461178173,0.5645503026859677,Max Odenplan,3.28577,0.5645503026859677,6.57154,1.1291006053719355,13.14308,0.6774603632231613,26.28616,4.6131219371901935,clear
59.32991513671482,18.035533245765265,0.46896351106235445,Max Kungsholmen,3.7375,,7.475,,14.95,,29.9,,nogo
59.31127926489511,18.052676522848863,1.2598875925329152,Max Södermalm,3.06257,1.2598875925329152,6.12514,2.5197751850658303,12.25028,1.511865111039498,24.50056,9.063280592210656,clear
59.331941876846386,18.006093337122937,1.5128737887903585,Max Kungsholmen,3.48915,,6.9783,,13.9566,,27.9132,,nogo
59.34958251977505,18.095489716627096,2.2861875989545455,Max Hamngatan,0.94071,,1.88142,,3.76284,,7.52568,,nogo
59.31186519469238,18.097117497107792,1.433672062336695,Max Södermalm,2.4074400000000002,1.433672062336695,4.8148800000000005,2.86734412467339,9.629760000000001,1.720406474804034,19.259520000000002,10.175501198954848,clear
59.344159419076,18.095639330564413,1.8361138243212602,Max Hamngatan,1.7546400000000002,,3.5092800000000004,,7.018560000000001,,14.037120000000002,,nogo
59.34911918490004,18.080600331253265,1.8201105008075606,Max Odenplan,0.51834,1.8201105008075606,1.03668,3.6402210016151213,2.07336,2.1841326009690727,4.14672,12.648707205168389,clear
59.33254308682062,18.03352584696848,0.154812341561157,Max Kungsholmen,0.39722,,0.79444,,1.58888,,3.17776,,nogo
59.34414419491538,18.1006191240626,2.0514246097578095,Max Hamngatan,0.75762,,1.51524,,3.03048,,6.06096,,nogo
59.335668474113106,18.022568754438886,0.5975563740088611,Max Kungsholmen,3.41343,,6.82686,,13.65372,,27.30744,,nogo
59.33828262535879,18.00682759186437,1.5392977777451373,Max Kungsholmen,2.24224,,4.48448,,8.96896,,17.93792,,nogo
59.334671091808836,18.06793782899761,0.30493070447512977,Max Hamngatan,3.2705,,6.541,,13.082,,26.164,,nogo
59.34109467305923,18.085368945330323,1.1852717610439467,Max Hamngatan,1.80865,,3.6173,,7.2346,,14.4692,,nogo
59.335131419335994,18.08661664440306,0.8651317862197333,Max Hamngatan,3.16026,,6.32052,,12.64104,,25.28208,,nogo
59.325552154866685,18.066698795679343,0.8750241249490349,Max Hamngatan,3.27321,,6.54642,,13.09284,,26.18568,,nogo
59.328852527893574,18.0353330700895,0.5769068245646076,Max Kungsholmen,0.77961,,1.55922,,3.11844,,6.23688,,nogo
59.32827344950045,18.03859589390071,0.7101982217799784,Max Kungsholmen,2.4809,,4.9618,,9.9236,,19.8472,,nogo
59.34076601128943,18.09231925875798,1.4476587591542984,Max Hamngatan,0.90267,,1.80534,,3.61068,,7.22136,,nogo
59.35063663095107,18.081163806629753,1.9221728104646283,Max Odenplan,2.80229,1.9221728104646283,5.60458,3.8443456209292566,11.20916,2.3066073725575538,22.41832,13.30190598697362,clear
59.35296710924683,18.102381218494934,2.8228837313803132,Max Hamngatan,0.76616,,1.53232,,3.06464,,6.12928,,nogo
59.31296834041912,18.090849662593037,1.0563906242135346,Max Södermalm,3.12481,1.0563906242135346,6.24962,2.112781248427069,12.49924,1.2676687490562415,24.99848,7.760899994966621,clear
59.31095443390914,18.05479022259128,1.1657225744660549,Max Södermalm,1.6748800000000001,1.1657225744660549,3.3497600000000003,2.3314451489321097,6.699520000000001,1.3988670893592658,13.399040000000001,8.460624476582751,clear
59.34121559807707,18.106220891136946,2.1534288265651487,Max Hamngatan,3.8952,,7.7904,,15.580800000000002,,31.161600000000004,,nogo
59.31626997669862,18.05925623155737,0.7893514893985809,Max Södermalm,1.63734,0.7893514893985809,3.27468,1.5787029787971618,6.54936,0.9472217872782972,13.09872,6.051849532150918,clear
59.31587054658879,18.07126117958304,0.10532129648916704,Max Södermalm,0.40736,0.10532129648916704,0.81472,0.21064259297833407,1.62944,0.12638555578700045,3.25888,1.674056297530669,clear
59.313759390060554,18.04714867137981,1.4912302363545495,Max Södermalm,1.2006199999999998,1.4912302363545495,2.4012399999999996,2.982460472709099,4.802479999999999,1.7894762836254594,9.604959999999998,10.543873512669117,clear
59.32452514514985,18.072242056897988,0.9347914328594923,Max Hamngatan,0.61546,,1.23092,,2.46184,,4.92368,,nogo
59.31236093801161,18.06912764438192,0.4311234721164162,Max Södermalm,0.36838,0.4311234721164162,0.73676,0.8622469442328324,1.47352,0.5173481665396994,2.94704,3.7591902215450634,clear
59.35056489813928,18.06697608125847,1.2592862760999186,Max Odenplan,1.20481,1.2592862760999186,2.40962,2.5185725521998372,4.81924,1.5111435313199022,9.63848,9.059432167039478,clear
59.33057299633158,18.029344500039766,0.40108273068104655,Max Kungsholmen,1.95265,,3.9053,,7.8106,,15.6212,,nogo
59.33349026913132,18.065183451959797,0.27119803399127307,Max Hötorget,1.29029,,2.58058,,5.16116,,10.32232,,nogo
59.341247847510516,18.049862177502483,0.17073255907954443,Max Odenplan,0.63407,0.17073255907954443,1.26814,0.34146511815908887,2.53628,0.20487907089545332,5.07256,2.0926883781090844,clear
59.31769444237687,18.022462742253325,1.882911935642889,Max Kungsholmen,3.85028,,7.70056,,15.401119999999999,,30.802239999999998,,nogo
59.33656831467673,18.069749959458132,0.4274096486144064,Max Hamngatan,0.91935,,1.8387,,3.6774,,7.3548,,nogo
59.32803763496712,18.02322972294172,0.8291502851397426,Max Kungsholmen,2.25402,,4.50804,,9.01608,,18.03216,,nogo
59.34206028174226,18.043146180589872,0.4659826114588253,Max Odenplan,1.12635,0.4659826114588253,2.2527,0.9319652229176506,4.5054,0.5591791337505904,9.0108,3.982288713336482,clear
59.34194939610635,18.048398935576632,0.17863138190060907,Max Odenplan,1.5049100000000002,0.17863138190060907,3.0098200000000004,0.35726276380121813,6.019640000000001,0.2143576582807309,12.039280000000002,2.143240844163898,clear
59.33869531708974,18.02194013438338,0.8072003026717249,Max Kungsholmen,0.52838,,1.05676,,2.11352,,4.22704,,nogo
59.33722079749936,18.08123178466007,0.7093493857773739,Max Hamngatan,2.71691,,5.43382,,10.86764,,21.73528,,nogo
59.3331511785547,18.014894644209328,1.0001852973884173,Max Kungsholmen,0.52328,,1.04656,,2.09312,,4.18624,,nogo
59.35498324761098,18.092828416127293,2.727904653461314,Max Hamngatan,0.8389500000000001,,1.6779000000000002,,3.3558000000000003,,6.711600000000001,,nogo
59.31532601994997,18.099972679777043,1.5327263576354977,Max Södermalm,0.41038,1.5327263576354977,0.82076,3.0654527152709954,1.64152,1.8392716291625972,3.28304,10.809448688867185,clear
59.337019958404476,18.00633667708772,1.5268871922872667,Max Kungsholmen,0.50342,,1.00684,,2.01368,,4.02736,,nogo
59.30716426848593,18.088063173079888,1.2753370200274194,Max Södermalm,3.08196,1.2753370200274194,6.16392,2.550674040054839,12.32784,1.5304044240329033,24.65568,9.162156928175484,clear
59.32888713100126,18.052723887248284,0.9240131101796495,Max Hötorget,3.94958,,7.89916,,15.79832,,31.59664,,nogo
59.347441459555014,18.05384361345376,0.5586798624906223,Max Odenplan,4.10572,0.5586798624906223,8.21144,1.1173597249812446,16.42288,0.6704158349887467,32.84576,4.575551119939982,clear
59.30746523532661,18.060949915526624,1.1449102785667988,Max Södermalm,1.33773,1.1449102785667988,2.67546,2.2898205571335977,5.35092,1.3738923342801586,10.70184,8.327425782827513,clear
59.30655934551149,18.06829052306039,1.050300395452983,Max Södermalm,0.25835,1.050300395452983,0.5167,2.100600790905966,1.0334,1.2603604745435797,2.0668,7.721922530899091,clear
59.315643471355465,18.029138584008233,2.0326450160651137,Max Kungsholmen,0.99629,,1.99258,,3.9851599999999996,,7.970319999999999,,nogo
59.34294353840328,18.069992803370727,0.9316687432333696,Max Hötorget,2.3552600000000004,,4.710520000000001,,9.421040000000001,,18.842080000000003,,nogo
59.348003278603976,18.048869858019327,0.6169286480566049,Max Odenplan,1.3527,0.6169286480566049,2.7054,1.2338572961132097,5.4108,0.7403143776679257,10.8216,4.948343347562271,clear
59.30581631644457,18.07502754757231,1.1029032685206206,Max Södermalm,1.46296,1.1029032685206206,2.92592,2.205806537041241,5.85184,1.3234839222247445,11.70368,8.058580918531971,clear
59.317618423890515,18.059898123684412,0.7808193253302025,Max Södermalm,0.6433,0.7808193253302025,1.2866,1.561638650660405,2.5732,0.936983190396243,5.1464,5.997243682113296,clear
59.31425582483318,18.04566854057577,1.5681981598848518,Max Södermalm,1.47953,1.5681981598848518,2.95906,3.1363963197697036,5.91812,1.881837791861822,11.83624,11.036468223263052,clear
59.344555351953844,18.108606598099893,2.4514926108363944,Max Hamngatan,3.6776500000000003,,7.355300000000001,,14.710600000000001,,29.421200000000002,,nogo
59.344196995476246,18.03101322698546,0.3252883478202948,Max Karolinska,1.3891900000000001,0.3252883478202948,2.7783800000000003,0.6505766956405896,5.556760000000001,0.39034601738435376,11.113520000000001,3.081845426049887,clear
59.33216320226816,18.09675668095015,1.408881019277732,Max Hamngatan,1.3948699999999998,,2.7897399999999997,,5.579479999999999,,11.158959999999999,,nogo
59.332533437093616,18.08610471183248,0.8012013853824069,Max Hamngatan,1.05209,,2.10418,,4.20836,,8.41672,,nogo
59.34794503155932,18.072690690767335,1.3565730713202058,Max Odenplan,0.64576,1.3565730713202058,1.29152,2.7131461426404115,2.58304,1.627887685584247,5.16608,9.682067656449316,clear
59.31476477316625,18.06455207522657,0.49517951032186225,Max Södermalm,1.44858,0.49517951032186225,2.89716,0.9903590206437245,5.79432,0.5942154123862347,11.58864,4.169148866059919,clear
59.3415724480847,18.07101343591047,0.8312986600031597,Max Hötorget,1.10901,,2.21802,,4.43604,,8.87208,,nogo
59.3180969132041,18.076705137402378,0.3409975856681134,Max Södermalm,3.42767,0.3409975856681134,6.85534,0.6819951713362268,13.71068,0.4091971028017361,27.42136,3.182384548275926,clear
59.34083074681646,18.082842361142134,1.0746237925598654,Max Hamngatan,0.6916599999999999,,1.3833199999999999,,2.7666399999999998,,5.5332799999999995,,nogo
59.34310793089755,18.063049971476378,0.6728980739866545,Max Odenplan,3.01981,0.6728980739866545,6.03962,1.345796147973309,12.07924,0.8074776887839854,24.15848,5.306547673514588,clear
59.33223680684605,18.08383400583956,0.6750741220719072,Max Hamngatan,0.88746,,1.77492,,3.54984,,7.09968,,nogo
59.3111214292761,18.074995502461864,0.5180230690314733,Max Södermalm,3.71442,0.5180230690314733,7.42884,1.0360461380629467,14.85768,0.621627682837768,29.71536,4.315347641801429,clear
59.35190477445882,18.07069417668183,1.5151808401214706,Max Odenplan,1.12449,1.5151808401214706,2.24898,3.030361680242941,4.49796,1.8182170081457647,8.99592,10.697157376777412,clear
59.33624116677321,18.09313949993887,1.256281890017911,Max Hamngatan,0.9505399999999999,,1.9010799999999999,,3.8021599999999998,,7.6043199999999995,,nogo
59.315925715106594,18.073149672580662,0.029340988758374424,Max Södermalm,0.43209,0.029340988758374424,0.86418,0.05868197751674885,1.72836,0.03520918651004931,3.45672,1.1877823280535964,clear
59.34077159218846,18.08918877357008,1.3105199313235993,Max Hamngatan,2.2556599999999998,,4.5113199999999996,,9.022639999999999,,18.045279999999998,,nogo
59.3064608085383,18.06409716612385,1.145647885084873,Max Södermalm,1.54067,1.145647885084873,3.08134,2.291295770169746,6.16268,1.3747774621018478,12.32536,8.332146464543188,clear
59.31195888246076,18.050057077025272,1.373957015393565,Max Södermalm,3.43852,1.373957015393565,6.87704,2.74791403078713,13.75408,1.648748418472278,27.50816,9.793324898518815,clear
59.3457852201051,18.069085190004976,1.074130472087065,Max Odenplan,3.74294,1.074130472087065,7.48588,2.14826094417413,14.97176,1.288956566504478,29.94352,7.8744350213572165,clear
59.33632554647118,18.057440647087365,0.30261667964082056,Max Hötorget,2.1459,,4.2918,,8.5836,,17.1672,,nogo
59.3183166211815,18.05134716306317,1.2716085946826048,Max Södermalm,0.7959299999999999,1.2716085946826048,1.5918599999999998,2.5432171893652096,3.1837199999999997,1.5259303136191258,6.367439999999999,9.13829500596867,clear
59.34256272949684,18.06767899729583,0.8394558061481727,Max Hötorget,4.178439999999999,,8.356879999999999,,16.713759999999997,,33.427519999999994,,nogo
59.312589729564586,18.063662789659322,0.6358070106735816,Max Södermalm,2.04521,0.6358070106735816,4.09042,1.2716140213471632,8.18084,0.7629684128082979,16.36168,5.0691648683109225,clear
59.35062146492621,18.104212889553224,2.6908097956302326,Max Hamngatan,3.0834099999999998,,6.1668199999999995,,12.333639999999999,,24.667279999999998,,nogo
59.318238463023434,18.08311519417723,0.6399837280425079,Max Södermalm,0.99861,0.6399837280425079,1.99722,1.2799674560850158,3.9944399999999995,0.7679804736510095,7.988879999999999,5.0958958594720505,clear
59.33594588660236,18.01568050960197,0.9818942342306558,Max Kungsholmen,0.51671,,1.03342,,2.06684,,4.13368,,nogo
59.33664045420104,18.052769670094683,0.5685751451131933,Max Hötorget,2.37305,,4.7461,,9.4922,,18.9844,,nogo
59.34635990083018,18.05045307866175,0.42114825951033796,Max Odenplan,0.72553,0.42114825951033796,1.45106,0.8422965190206759,2.90212,0.5053779114124055,5.80424,3.695348860866163,clear
59.35129646405383,18.0635287106799,1.1936683302397944,Max Odenplan,0.98641,1.1936683302397944,1.97282,2.3873366604795887,3.9456399999999996,1.4324019962877532,7.891279999999999,8.639477313534684,clear
59.3197352342111,18.067310863302787,0.5594178423673323,Max Södermalm,0.52579,0.5594178423673323,1.05158,1.1188356847346645,2.10316,0.6713014108407988,4.20632,4.580274191150926,clear
59.33708159682775,18.005625712658535,1.5678364140036654,Max Kungsholmen,3.02054,,6.04108,,12.08216,,24.16432,,nogo
59.3550140369159,18.10273746578819,3.018210380550366,Max Hamngatan,1.53576,,3.07152,,6.14304,,12.28608,,nogo
59.3461251764914,18.076258464302676,1.4183892240665406,Max Hötorget,0.97254,,1.94508,,3.8901599999999994,,7.780319999999999,,nogo
59.33161055099861,18.045824614596146,0.80149919811046,Max Kungsholmen,2.0867600000000004,,4.173520000000001,,8.347040000000002,,16.694080000000003,,nogo
59.31291155392631,18.03787286621412,2.027660198949711,Max Södermalm,0.6597000000000001,2.027660198949711,1.3194000000000001,4.055320397899422,2.6388000000000003,2.4331922387396534,5.2776000000000005,13.977025273278151,clear
59.348393071815,18.052787371295157,0.6508785337480155,Max Odenplan,1.5014,0.6508785337480155,3.0028,1.301757067496031,6.0056,0.7810542404976186,12.0112,5.165622615987299,clear
59.34523778867619,18.09880026695702,2.049876412039346,Max Hamngatan,2.9942800000000003,,5.9885600000000005,,11.977120000000001,,23.954240000000002,,nogo
59.346545209274254,18.042359591979494,0.5207431310544478,Max Karolinska,0.60775,0.5207431310544478,1.2155,1.0414862621088956,2.431,0.6248917572653374,4.862,4.332756038748466,clear
59.34277342219655,18.069427534690924,0.9003302919452154,Max Hötorget,0.67287,,1.34574,,2.69148,,5.38296,,nogo
59.31578529694798,18.097374394802106,1.3843448917118697,Max Södermalm,2.51003,1.3843448917118697,5.02006,2.7686897834237394,10.04012,1.6612138700542436,20.08024,9.859807306955966,clear
59.31335068905307,18.06346615379287,0.6045270259674693,Max Södermalm,0.8711599999999999,0.6045270259674693,1.7423199999999999,1.2090540519349386,3.4846399999999997,0.7254324311609632,6.9692799999999995,4.868972966191803,clear
59.35010113893351,18.08576630567555,2.0674897729445303,Max Hamngatan,0.51376,,1.02752,,2.05504,,4.11008,,nogo
59.33553058882973,18.074585138112894,0.32510282817360076,Max Hamngatan,0.57532,,1.15064,,2.30128,,4.60256,,nogo
59.32021539073772,18.038842067525568,1.5582407013163584,Max Kungsholmen,3.35972,,6.71944,,13.43888,,26.87776,,nogo
59.34834463403333,18.040739666615774,0.456938609645281,Max Karolinska,0.78726,0.456938609645281,1.57452,0.913877219290562,3.14904,0.5483263315743372,6.29808,3.9244071017297983,clear
59.31827560020688,18.06972318766733,0.3475342227915888,Max Södermalm,3.1871,0.3475342227915888,6.3742,0.6950684455831776,12.7484,0.4170410673499066,25.4968,3.2242190258661685,clear
59.31872075212211,18.081175152888285,0.5736099472177074,Max Södermalm,1.94733,0.5736099472177074,3.89466,1.1472198944354148,7.78932,0.6883319366612489,15.57864,4.671103662193327,clear
59.31383766813944,18.0748226895408,0.22688026878310635,Max Södermalm,1.24022,0.22688026878310635,2.48044,0.4537605375662127,4.96088,0.27225632253972765,9.92176,2.4520337202118805,clear
59.35219437045705,18.095561608651344,2.530328703052837,Max Hamngatan,1.06694,,2.13388,,4.26776,,8.53552,,nogo
59.345273297442255,18.05526504636135,0.37458386520349524,Max Odenplan,1.6095599999999999,0.37458386520349524,3.2191199999999998,0.7491677304069905,6.4382399999999995,0.4495006382441943,12.876479999999999,3.3973367373023695,clear
59.348430643383146,18.08030470591857,1.760326683880841,Max Hötorget,2.41004,,4.82008,,9.64016,,19.28032,,nogo
59.34677660746292,18.07067936787683,1.198503879577284,Max Odenplan,3.27588,1.198503879577284,6.55176,2.397007759154568,13.10352,1.4382046554927408,26.20704,8.670424829294618,clear
59.31911447692062,18.071045563459663,0.4010576022637964,Max Södermalm,1.03896,0.4010576022637964,2.07792,0.8021152045275928,4.15584,0.48126912271655564,8.31168,3.566768654488297,clear
59.34453302780791,18.0675015538332,0.9485324258136896,Max Odenplan,1.43129,0.9485324258136896,2.86258,1.8970648516273791,5.72516,1.1382389109764275,11.45032,7.070607525207613,clear
59.342385228762204,18.094439333184162,1.65427682312355,Max Hamngatan,3.28967,,6.57934,,13.15868,,26.31736,,nogo
59.334061848820475,18.002447147720137,1.7061650137043585,Max Kungsholmen,1.04805,,2.0961,,4.1922,,8.3844,,nogo
59.338140605967325,18.088200461243417,1.0880527739505066,Max Hamngatan,0.45244,,0.90488,,1.80976,,3.61952,,nogo
59.31492124559516,18.035130984052802,2.110158392401937,Max Kungsholmen,2.88843,,5.77686,,11.55372,,23.10744,,nogo
59.31787014591227,18.04923567188579,1.379133068691588,Max Södermalm,3.0853099999999998,1.379133068691588,6.1706199999999995,2.758266137383176,12.341239999999999,1.6549596824299055,24.682479999999998,9.826451639626162,clear
59.32971068021392,18.0324786655378,0.4569616447048968,Max Kungsholmen,2.2694099999999997,,4.538819999999999,,9.077639999999999,,18.155279999999998,,nogo
59.3315763757535,18.06892273586307,0.232214706029752,Max Hamngatan,1.20379,,2.40758,,4.81516,,9.63032,,nogo
59.328665133866785,18.012741541909826,1.2583418219901428,Max Kungsholmen,3.5437,,7.0874,,14.1748,,28.3496,,nogo
59.31243601290639,18.08755003604142,0.8998982587946295,Max Södermalm,0.22331,0.8998982587946295,0.44662,1.799796517589259,0.89324,1.0798779105535554,1.78648,6.759348856285628,clear
59.33503503234136,18.03370841090006,0.1547005170322737,Max Kungsholmen,0.28304,,0.56608,,1.13216,,2.26432,,nogo
59.31501887117935,18.0843814815525,0.6483816515770021,Max Södermalm,3.61307,0.6483816515770021,7.22614,1.2967633031540042,14.45228,0.7780579818924025,28.90456,5.149642570092814,clear
59.31577764984887,18.063153317986025,0.5646874367368566,Max Södermalm,1.4770999999999999,0.5646874367368566,2.9541999999999997,1.1293748734737132,5.908399999999999,0.6776249240842279,11.816799999999999,4.6139995951158825,clear
59.32049763996288,18.060760678760797,0.8836287999650294,Max Södermalm,1.1164,0.8836287999650294,2.2328,1.7672575999300588,4.4656,1.0603545599580353,8.9312,6.655224319776188,clear
59.315438490184796,18.042382081688977,1.7476278143998853,Max Södermalm,1.7261099999999998,1.7476278143998853,3.4522199999999996,3.4952556287997707,6.904439999999999,2.097153377279862,13.808879999999998,12.184818012159266,clear
59.3333330218026,18.03458097752309,0.13414370983084298,Max Kungsholmen,0.36386,,0.72772,,1.45544,,2.91088,,nogo
59.350180870448824,18.043957079952552,0.7119654446377529,Max Karolinska,1.33369,0.7119654446377529,2.66738,1.4239308892755058,5.33476,0.8543585335653034,10.66952,5.556578845681619,clear
59.335416431522546,18.02273103644797,0.5796397761737262,Max Kungsholmen,0.9948400000000001,,1.9896800000000001,,3.9793600000000002,,7.9587200000000005,,nogo
59.35318279376674,18.086550929962094,2.3279570881095575,Max Odenplan,2.53095,2.3279570881095575,5.0619,4.655914176219115,10.1238,2.793548505731469,20.2476,15.898925363901167,clear
59.34466595113937,18.042792516950648,0.5341617203732845,Max Odenplan,0.20178000000000001,0.5341617203732845,0.40356000000000003,1.068323440746569,0.8071200000000001,0.6409940644479414,1.6142400000000001,4.41863501038902,clear
59.34338682945086,18.11334576958509,2.6238052437377593,Max Hamngatan,1.0928099999999998,,2.1856199999999997,,4.371239999999999,,8.742479999999999,,nogo
59.34565548634274,18.092229956228998,1.8257066227865402,Max Hamngatan,3.76415,,7.5283,,15.056600000000001,,30.113200000000003,,nogo
59.31631450323032,18.067613806678438,0.31882901107640393,Max Södermalm,0.7347,0.31882901107640393,1.4694,0.6376580221528079,2.9388,0.3825948132916847,5.8776,3.0405056708889853,clear
59.34065402963854,18.07906290434809,0.9499916934946071,Max Hamngatan,2.76046,,5.52092,,11.04184,,22.08368,,nogo
59.31317572548776,18.050992818270423,1.2873578566279353,Max Södermalm,3.70804,1.2873578566279353,7.41608,2.5747157132558707,14.83216,1.5448294279535224,29.66432,9.239090282418786,clear
59.34590387580751,18.06335473490702,0.7800084480562035,Max Odenplan,0.7938500000000001,0.7800084480562035,1.5877000000000001,1.560016896112407,3.1754000000000002,0.9360101376674442,6.3508000000000004,5.992054067559702,clear
59.33996750949137,18.091587713641708,1.3615224410110878,Max Hamngatan,0.319,,0.638,,1.276,,2.552,,nogo
59.339779191158044,18.047289174555118,0.38745979501955663,Max Odenplan,0.5775800000000001,0.38745979501955663,1.1551600000000002,0.7749195900391133,2.3103200000000004,0.46495175402346794,4.620640000000001,3.4797426881251625,clear
59.346160735563906,18.049225649484256,0.41306492896339275,Max Odenplan,0.816,0.41306492896339275,1.632,0.8261298579267855,3.264,0.49567791475607126,6.528,3.6436155453657135,clear
59.31638726609369,18.100915749742786,1.5879762121591834,Max Södermalm,0.52837,1.5879762121591834,1.05674,3.1759524243183668,2.11348,1.9055714545910198,4.22696,11.163047757818774,clear
59.31511034914819,18.072475301098308,0.07044661373796877,Max Södermalm,1.1365,0.07044661373796877,2.273,0.14089322747593755,4.546,0.08453593648556253,9.092,1.450858327923,clear
59.33264788637477,18.0340208163393,0.15856962054357066,Max Kungsholmen,2.96964,,5.93928,,11.87856,,23.75712,,nogo
59.33190449274132,18.025809514949565,0.4321098768998347,Max Kungsholmen,0.27718,,0.55436,,1.10872,,2.21744,,nogo
59.333088685256854,18.077298613066393,0.29944411309742613,Max Hamngatan,0.90151,,1.80302,,3.60604,,7.21208,,nogo
59.32100144974012,18.060294734030556,0.9392833450950734,Max Södermalm,0.8881699999999999,0.9392833450950734,1.7763399999999998,1.8785666901901468,3.5526799999999996,1.127140014114088,7.105359999999999,7.011413408608469,clear
59.34407389237589,18.11397727644228,2.69051791230524,Max Hamngatan,0.49739,,0.99478,,1.98956,,3.97912,,nogo
59.33649415099928,18.081617553933995,0.6749269316466701,Max Hamngatan,3.16534,,6.33068,,12.66136,,25.32272,,nogo
59.31612867482734,18.101304753772336,1.6089264499224805,Max Södermalm,2.31927,1.6089264499224805,4.63854,3.217852899844961,9.27708,1.9307117399069766,18.55416,11.297129279503874,clear
59.34628288864103,18.0900082534914,1.806107495693398,Max Hamngatan,1.6040999999999999,,3.2081999999999997,,6.416399999999999,,12.832799999999999,,nogo
59.345018883956925,18.066668967533687,0.9168566322911255,Max Odenplan,2.68982,0.9168566322911255,5.37964,1.833713264582251,10.75928,1.1002279587493506,21.51856,6.867882446663203,clear
59.3134310035712,18.04908107330096,1.3884877449347848,Max Södermalm,3.5375199999999998,1.3884877449347848,7.0750399999999996,2.7769754898695695,14.150079999999999,1.6661852939217416,28.300159999999998,9.886321567582623,clear
59.35028624204496,18.08730772523637,2.1209726786310132,Max Hamngatan,0.8045399999999999,,1.6090799999999998,,3.2181599999999997,,6.436319999999999,,nogo
59.336071805583295,18.01092902632592,1.248759350702155,Max Kungsholmen,0.3539,,0.7078,,1.4156,,2.8312,,nogo
59.329260386786935,18.049736240457293,1.0062691056036936,Max Hötorget,4.24441,,8.48882,,16.97764,,33.95528,,nogo
59.30672547492478,18.07039038151058,1.0075508070701165,Max Södermalm,0.39272,1.0075508070701165,0.78544,2.015101614140233,1.57088,1.2090609684841396,3.14176,7.448325165248745,clear
59.32700282475579,18.069497987879856,0.6745236819744034,Max Hamngatan,0.53104,,1.06208,,2.12416,,4.24832,,nogo
59.31687179515932,18.057475552320398,0.897981943891896,Max Södermalm,0.7167,0.897981943891896,1.4334,1.795963887783792,2.8668,1.0775783326702753,5.7336,6.747084440908134,clear
59.32600729707864,18.068820762399845,0.791245213935756,Max Hamngatan,0.6369,,1.2738,,2.5476,,5.0952,,nogo
59.33909884068094,18.0063147503784,1.598151749839508,Max Kungsholmen,0.79918,,1.59836,,3.19672,,6.39344,,nogo
59.34210944910822,18.04492450003488,0.36501354087378685,Max Odenplan,0.9153300000000001,0.36501354087378685,1.8306600000000002,0.7300270817475737,3.6613200000000004,0.4380162490485442,7.322640000000001,3.336086661592236,clear
59.340832293586516,18.03525027511696,0.6843349684626417,Max Karolinska,0.9770399999999999,0.6843349684626417,1.9540799999999998,1.3686699369252835,3.90816,0.82120196215517,7.81632,5.3797437981609075,clear
59.313686440208166,18.100995729110256,1.605769604607099,Max Södermalm,0.75805,1.605769604607099,1.5161,3.211539209214198,3.0322,1.9269235255285189,6.0644,11.276925469485434,clear
59.31397898334106,18.033587405189742,2.2104718830658054,Max Kungsholmen,0.4634,,0.9268,,1.8536,,3.7072,,nogo
59.338485171837355,18.098966018342583,1.6528620651658859,Max Hamngatan,1.33051,,2.66102,,5.32204,,10.64408,,nogo
59.33578563916685,18.087715534211775,0.9472919111364412,Max Hamngatan,2.15706,,4.31412,,8.62824,,17.25648,,nogo
59.34650979567656,18.048517255263327,0.4625455815642137,Max Odenplan,1.6603299999999999,0.4625455815642137,3.3206599999999997,0.9250911631284274,6.6413199999999994,0.5550546978770564,13.282639999999999,3.9602917220109677,clear
59.334222514847376,18.00007463097934,1.8415394858259855,Max Kungsholmen,0.9615,,1.923,,3.846,,7.692,,nogo
59.35413032161695,18.0953069007068,2.7086451468602597,Max Hamngatan,1.78468,,3.56936,,7.13872,,14.27744,,nogo
59.34612492872336,18.033790673975325,0.09077472690342135,Max Karolinska,0.70039,0.09077472690342135,1.40078,0.1815494538068427,2.80156,0.10892967228410562,5.60312,1.5809582521818966,clear
59.32631918346355,18.023470615547918,0.9779095911095739,Max Kungsholmen,1.1744100000000002,,2.3488200000000004,,4.697640000000001,,9.395280000000001,,nogo
59.3096548735887,18.052917232913774,1.3286562714946863,Max Södermalm,0.77613,1.3286562714946863,1.55226,2.6573125429893727,3.10452,1.5943875257936237,6.20904,9.503400137565993,clear
59.31049719895221,18.064385456958686,0.7589305700152564,Max Södermalm,1.5661500000000002,0.7589305700152564,3.1323000000000003,1.5178611400305129,6.264600000000001,0.9107166840183077,12.529200000000001,5.857155648097641,clear
59.34167870804951,18.108951672294484,2.316015573176361,Max Hamngatan,3.07652,,6.15304,,12.30608,,24.61216,,nogo
59.31473616777115,18.100644105878256,1.5739199586394403,Max Södermalm,1.23042,1.5739199586394403,2.46084,3.1478399172788807,4.92168,1.8887039503673284,9.84336,11.073087735292418,clear
59.34102752373187,18.078605583846155,0.9776738430479919,Max Hamngatan,0.6737799999999999,,1.3475599999999999,,2.6951199999999997,,5.3902399999999995,,nogo
59.33985284610524,18.015984206777304,1.1522537406747242,Max Kungsholmen,2.2662,,4.5324,,9.0648,,18.1296,,nogo
59.33393259252367,18.042286803132228,0.5618070126583372,Max Kungsholmen,0.92411,,1.84822,,3.69644,,7.39288,,nogo
59.33116607676654,18.034951551573574,0.32816927464538537,Max Kungsholmen,3.7166799999999998,,7.4333599999999995,,14.866719999999999,,29.733439999999998,,nogo
59.329140900152495,18.043939259870495,0.8371654453986982,Max Kungsholmen,0.85629,,1.71258,,3.42516,,6.85032,,nogo
59.345974041037564,18.035979140429752,0.18655962650127178,Max Karolinska,3.5608899999999997,0.18655962650127178,7.121779999999999,0.37311925300254356,14.243559999999999,0.22387155180152615,28.487119999999997,2.1939816096081395,clear
59.336496389233204,18.071439294561642,0.40038498705343084,Max Hamngatan,0.45837,,0.91674,,1.83348,,3.66696,,nogo
59.308481687377366,18.065136574197222,0.9189610566746715,Max Södermalm,0.84233,0.9189610566746715,1.68466,1.837922113349343,3.36932,1.1027532680096057,6.73864,6.881350762717897,clear
59.31075408369747,18.077705581557822,0.6076087495355296,Max Södermalm,1.90462,0.6076087495355296,3.80924,1.2152174990710591,7.618479999999999,0.7291304994426355,15.236959999999998,4.888695997027389,clear
59.3447556834564,18.06222530805618,0.6681450666811719,Max Odenplan,3.34624,0.6681450666811719,6.69248,1.3362901333623438,13.38496,0.8017740800174062,26.76992,5.276128426759501,clear
59.329946705085,18.060265036674163,0.6322621217639459,Max Hötorget,4.23222,,8.46444,,16.92888,,33.85776,,nogo
59.340342130111814,18.11705302859514,2.6916396176622075,Max Hamngatan,2.2718000000000003,,4.5436000000000005,,9.087200000000001,,18.174400000000002,,nogo
59.31595292004207,18.074046269210807,0.06430551893013835,Max Södermalm,3.2386,0.06430551893013835,6.4772,0.1286110378602767,12.9544,0.07716662271616602,25.9088,1.4115553211528855,clear
59.321226560256406,18.06145512310056,0.9060593616560875,Max Södermalm,0.33023,0.9060593616560875,0.66046,1.812118723312175,1.32092,1.087271233987305,2.64184,6.79877991459896,clear
59.3303595397268,18.040835576390652,0.6143921470646156,Max Kungsholmen,1.76238,,3.52476,,7.04952,,14.09904,,nogo
59.30635472762163,18.085678087525736,1.2616840305775043,Max Södermalm,1.01485,1.2616840305775043,2.0297,2.5233680611550087,4.0594,1.5140208366930052,8.1188,9.074777795696027,clear
59.317681155832965,18.037342364655768,1.8187737690354593,Max Kungsholmen,1.6336400000000002,,3.2672800000000004,,6.534560000000001,,13.069120000000002,,nogo
59.33873468823905,18.083790887588826,0.9310380044212176,Max Hamngatan,2.4864699999999997,,4.9729399999999995,,9.945879999999999,,19.891759999999998,,nogo
59.309850985373295,18.065210874632935,0.787264797948583,Max Södermalm,0.55703,0.787264797948583,1.11406,1.574529595897166,2.22812,0.9447177575382995,4.45624,6.038494706870931,clear
59.35654538434063,18.085216741387644,2.478585483872286,Max Odenplan,1.5719400000000001,2.478585483872286,3.1438800000000002,4.957170967744572,6.2877600000000005,2.9743025806467434,12.575520000000001,16.86294709678263,clear
59.33030226291315,18.00715637041148,1.4902023090785925,Max Kungsholmen,0.36310000000000003,,0.7262000000000001,,1.4524000000000001,,2.9048000000000003,,nogo
59.315648864103316,18.074209841882766,0.06512731701048238,Max Södermalm,1.19825,0.06512731701048238,2.3965,0.13025463402096477,4.793,0.07815278041257886,9.586,1.4168148288670872,clear
59.31184298353376,18.095967161016326,1.3719834890332558,Max Södermalm,0.7360399999999999,1.3719834890332558,1.4720799999999998,2.7439669780665117,2.9441599999999997,1.6463801868399068,5.888319999999999,9.780694329812837,clear
59.30954165874567,18.066454001088427,0.7792794618118174,Max Södermalm,1.2423,0.7792794618118174,2.4846,1.5585589236236348,4.9692,0.9351353541741809,9.9384,5.987388555595631,clear
59.346654899451345,18.096013974438275,2.05001954052316,Max Hamngatan,0.71387,,1.42774,,2.85548,,5.71096,,nogo
59.33429451070805,18.087397091743313,0.8870061348726033,Max Hamngatan,1.22112,,2.44224,,4.88448,,9.76896,,nogo
59.33488077076342,18.035943648186745,0.23324779763003398,Max Kungsholmen,0.39537,,0.79074,,1.58148,,3.16296,,nogo
59.3291157951649,18.008110854053964,1.4792944067479044,Max Kungsholmen,1.6677899999999999,,3.3355799999999998,,6.6711599999999995,,13.342319999999999,,nogo
59.34783333873673,18.06448088502294,0.9512903584628081,Max Odenplan,2.42686,0.9512903584628081,4.85372,1.9025807169256161,9.70744,1.1415484301553696,19.41488,7.088258294161971,clear
59.32505681970754,18.075223050725395,0.893952311719165,Max Hamngatan,1.02924,,2.05848,,4.11696,,8.23392,,nogo
59.33280708012707,18.004285214093816,1.6052621876890545,Max Kungsholmen,2.33673,,4.67346,,9.34692,,18.69384,,nogo
59.33679404382306,18.01003594390195,1.3165366083853969,Max Kungsholmen,1.22627,,2.45254,,4.90508,,9.81016,,nogo
59.33373245222036,18.100167926217644,1.603099287312338,Max Hamngatan,2.58914,,5.17828,,10.35656,,20.71312,,nogo
59.30924429644017,18.066382912979403,0.8103336186121545,Max Södermalm,1.10921,0.8103336186121545,2.21842,1.620667237224309,4.43684,0.9724003423345853,8.87368,6.186135159117788,clear
59.331115865638516,18.02564187794374,0.48893667227421433,Max Kungsholmen,0.88725,,1.7745,,3.549,,7.098,,nogo
59.33488733368031,18.040182184893393,0.45778681244039604,Max Kungsholmen,1.27147,,2.54294,,5.08588,,10.17176,,nogo
59.33582011921171,18.002112956013356,1.7393541658627656,Max Kungsholmen,1.19433,,2.38866,,4.77732,,9.55464,,nogo
59.33779220305699,18.084725527977547,0.9031501622118975,Max Hamngatan,1.16933,,2.33866,,4.67732,,9.35464,,nogo
59.3133066345316,18.06295236635731,0.6331361828018548,Max Södermalm,0.70433,0.6331361828018548,1.40866,1.2662723656037096,2.81732,0.7597634193622257,5.63464,5.05207156993187,clear
59.33988666293474,18.05196770829276,0.30514891645284814,Max Odenplan,0.8443999999999999,0.30514891645284814,1.6887999999999999,0.6102978329056963,3.3775999999999997,0.36617869974341777,6.755199999999999,2.952953065298228,clear
59.351236508380765,18.059996775962052,1.0825551735830399,Max Odenplan,1.4189500000000002,1.0825551735830399,2.8379000000000003,2.1651103471660798,5.675800000000001,1.299066208299648,11.351600000000001,7.928353110931456,clear
59.3391038366275,18.042493686968324,0.6333226634558855,Max Odenplan,1.44458,0.6333226634558855,2.88916,1.266645326911771,5.77832,0.7599871961470626,11.55664,5.053265046117668,clear
59.32471691737489,18.06869149243381,0.9331428144270217,Max Hamngatan,0.73272,,1.46544,,2.93088,,5.86176,,nogo
59.315331060342466,18.04252703138775,1.7395921193029487,Max Södermalm,1.56887,1.7395921193029487,3.13774,3.4791842386058973,6.27548,2.0875105431635386,12.55096,12.133389563538872,clear
59.35059330067741,18.072341786412704,1.493449615648528,Max Odenplan,0.8322,1.493449615648528,1.6644,2.986899231297056,3.3288,1.7921395387782335,6.6576,10.55807754015058,clear
59.350805544506215,18.069530883736192,1.3838571984666777,Max Odenplan,4.20889,1.3838571984666777,8.41778,2.7677143969333553,16.83556,1.660628638160013,33.67112,9.856686070186736,clear
59.35690681875942,18.091238568204776,2.7768401479196165,Max Odenplan,1.72306,2.7768401479196165,3.44612,5.553680295839233,6.89224,3.33220817750354,13.78448,18.771776946685545,clear
59.328737654139324,18.02915963359097,0.5950118339946654,Max Kungsholmen,2.84484,,5.68968,,11.37936,,22.75872,,nogo
59.34345759766975,18.057462590061075,0.3652431711312604,Max Odenplan,2.4395599999999997,0.3652431711312604,4.8791199999999995,0.7304863422625208,9.758239999999999,0.4382918053575125,19.516479999999998,3.337556295240067,clear
59.35399207518803,18.088688991565494,2.478534175827295,Max Odenplan,0.70725,2.478534175827295,1.4145,4.95706835165459,2.829,2.974241010992754,5.658,16.862618725294688,clear
59.31979058375763,18.067582457921016,0.555587561899849,Max Södermalm,0.91631,0.555587561899849,1.83262,1.111175123799698,3.66524,0.6667050742798188,7.33048,4.555760396159034,clear
59.33307296922339,18.010371761102896,1.2576071244498472,Max Kungsholmen,0.9119700000000001,,1.8239400000000001,,3.6478800000000002,,7.2957600000000005,,nogo
59.335419214176284,18.07677686940726,0.38755553409665966,Max Hamngatan,0.7107100000000001,,1.4214200000000001,,2.8428400000000003,,5.6856800000000005,,nogo
59.33410408959288,18.011891118307627,1.168859530304968,Max Kungsholmen,0.33008,,0.66016,,1.32032,,2.64064,,nogo
59.31464756053618,18.058171348004393,0.8558285811979636,Max Södermalm,0.31265,0.8558285811979636,0.6253,1.7116571623959271,1.2506,1.026994297437556,2.5012,6.4773029196669665,clear
59.34629616617005,18.040860103076085,0.4390073719814499,Max Karolinska,0.5484199999999999,0.4390073719814499,1.0968399999999998,0.8780147439628998,2.1936799999999996,0.52680884637774,4.387359999999999,3.8096471806812797,clear
59.34925001634444,18.093520439391817,2.1918218407658547,Max Hamngatan,0.7005800000000001,,1.4011600000000002,,2.8023200000000004,,5.604640000000001,,nogo
59.36049445487093,18.097179122840323,3.285571013683267,Max Odenplan,1.3965,3.285571013683267,2.793,6.571142027366534,5.586,3.94268521641992,11.172,22.02765448757291,clear
59.31820516424125,18.04677417523032,1.5237503045793332,Max Södermalm,0.79257,1.5237503045793332,1.58514,3.0475006091586665,3.17028,1.8285003654952,6.34056,10.752001949307733,clear
59.311107804134,18.070744975100187,0.5246943307334778,Max Södermalm,0.516,0.5246943307334778,1.032,1.0493886614669556,2.064,0.6296331968801734,4.128,4.358043716694258,clear
59.35314176575475,18.099688712325673,2.747826291305049,Max Hamngatan,0.33732999999999996,,0.6746599999999999,,1.3493199999999999,,2.6986399999999997,,nogo
59.31429965539027,18.04603863045831,1.5467401011614366,Max Södermalm,3.41962,1.5467401011614366,6.83924,3.093480202322873,13.67848,1.856088121393724,27.35696,10.899136647433194,clear
59.341504827085195,18.04071538615178,0.6127021498027176,Max Odenplan,0.9653099999999999,0.6127021498027176,1.9306199999999998,1.2254042996054353,3.8612399999999996,0.7352425797632612,7.722479999999999,4.921293758737393,clear
59.31644255447625,18.08950905789123,0.9403446718301188,Max Södermalm,0.36769,0.9403446718301188,0.73538,1.8806893436602377,1.47076,1.1284136061961427,2.94152,7.018205899712761,clear
59.33522513262044,18.01006540398863,1.2819977907529552,Max Kungsholmen,1.12428,,2.24856,,4.49712,,8.99424,,nogo
59.338167070911645,18.00611631441413,1.5736437131322827,Max Kungsholmen,0.81637,,1.63274,,3.26548,,6.53096,,nogo
59.329497245469106,18.001452590672802,1.8270428796407376,Max Kungsholmen,3.15632,,6.31264,,12.62528,,25.25056,,nogo
59.34468154068656,18.037125335266975,0.33091433649693935,Max Karolinska,0.6345,0.33091433649693935,1.269,0.6618286729938787,2.538,0.39709720379632724,5.076,3.1178517535804118,clear
59.313039466816925,18.0787274407829,0.4353487558422659,Max Södermalm,0.87667,0.4353487558422659,1.75334,0.8706975116845318,3.50668,0.5224185070107191,7.01336,3.786232037390502,clear
59.310938480932954,18.0713589354966,0.5355287612380866,Max Södermalm,1.62754,0.5355287612380866,3.25508,1.0710575224761731,6.51016,0.6426345134857039,13.02032,4.427384071923754,clear
59.35877006277209,18.090575110722597,2.8714004037586593,Max Odenplan,0.97487,2.8714004037586593,1.94974,5.742800807517319,3.89948,3.445680484510391,7.79896,19.37696258405542,clear
59.305408714201064,18.06766237484705,1.183375649061115,Max Södermalm,0.40418,1.183375649061115,0.80836,2.36675129812223,1.61672,1.420050778873338,3.23344,8.573604153991136,clear
59.31563478073605,18.080345637002246,0.41453807760168826,Max Södermalm,1.28856,0.41453807760168826,2.57712,0.8290761552033765,5.15424,0.4974456931220259,10.30848,3.653043696650805,clear
59.338272596478475,18.090225401008773,1.1943048798883003,Max Hamngatan,1.27394,,2.54788,,5.09576,,10.19152,,nogo
59.34308758224586,18.080959246151554,1.2414425942096161,Max Hamngatan,0.8352999999999999,,1.6705999999999999,,3.3411999999999997,,6.6823999999999995,,nogo
59.32055430317723,18.07767774541389,0.6045807396592211,Max Södermalm,0.6879400000000001,0.6045807396592211,1.3758800000000002,1.2091614793184422,2.7517600000000004,0.7254968875910652,5.503520000000001,4.869316733819015,clear
59.31813373830362,18.031633342662623,1.7472015476117173,Max Kungsholmen,3.44554,,6.89108,,13.78216,,27.56432,,nogo
59.33148389330493,18.058982489134632,0.4909009819485777,Max Hötorget,0.40755,,0.8151,,1.6302,,3.2604,,nogo
59.33577038630893,18.085118467108916,0.8090159971793603,Max Hamngatan,3.19932,,6.39864,,12.79728,,25.59456,,nogo
59.31283888095003,18.048065770977352,1.4582313500365767,Max Södermalm,2.0971100000000003,1.4582313500365767,4.1942200000000005,2.9164627000731533,8.388440000000001,1.7498776200438921,16.776880000000002,10.332680640234091,clear
59.35641594998052,18.09599129501876,2.951197380637171,Max Hamngatan,0.80579,,1.61158,,3.22316,,6.44632,,nogo
59.33384526540771,18.010702472657275,1.2360732924643791,Max Kungsholmen,0.79127,,1.58254,,3.16508,,6.33016,,nogo
59.34883710228485,18.109153613324587,2.757583786049249,Max Hamngatan,0.21765,,0.4353,,0.8706,,1.7412,,nogo
59.31408100069466,18.07057320387578,0.2265677374766325,Max Södermalm,2.35461,0.2265677374766325,4.70922,0.453135474953265,9.41844,0.271881284971959,18.83688,2.450033519850448,clear
59.304230316201085,18.07317006686427,1.2739286736832636,Max Södermalm,1.0623399999999998,1.2739286736832636,2.1246799999999997,2.547857347366527,4.249359999999999,1.5287144084199162,8.498719999999999,9.153143511572887,clear
59.3312983345534,18.073020117807975,0.1884817933309558,Max Hamngatan,2.40794,,4.81588,,9.63176,,19.26352,,nogo
59.33866702081646,18.088507474347356,1.1348930640029697,Max Hamngatan,3.8034899999999996,,7.606979999999999,,15.213959999999997,,30.427919999999993,,nogo
59.34150057511853,18.049680542039013,0.15232932414858727,Max Odenplan,2.20906,0.15232932414858727,4.41812,0.30465864829717454,8.83624,0.18279518897830474,17.67248,1.9749076745509586,clear
59.343083775631285,18.105984214411183,2.2389737372162455,Max Hamngatan,3.3641900000000002,,6.7283800000000005,,13.456760000000001,,26.913520000000002,,nogo
59.313918384262244,18.065411614421983,0.4774409025636238,Max Södermalm,3.34778,0.4774409025636238,6.69556,0.9548818051272476,13.39112,0.5729290830763486,26.78224,4.055621776407192,clear
59.33904520195526,18.10350610165585,1.916170093742037,Max Hamngatan,0.40047000000000005,,0.8009400000000001,,1.6018800000000002,,3.2037600000000004,,nogo
59.31764922808292,18.0729982144868,0.2209928071272788,Max Södermalm,0.81694,0.2209928071272788,1.63388,0.4419856142545576,3.26776,0.26519136855273456,6.53552,2.4143539656145845,clear
59.3414501874085,18.046469304362276,0.3016275555437081,Max Odenplan,0.95363,0.3016275555437081,1.90726,0.6032551110874163,3.81452,0.36195306665244975,7.62904,2.930416355479732,clear
59.30849709385761,18.07520344904141,0.8078137023527042,Max Södermalm,0.78099,0.8078137023527042,1.56198,1.6156274047054084,3.12396,0.9693764428232451,6.24792,6.170007695057307,clear
59.3438791583937,18.04774413514499,0.24575616652998308,Max Odenplan,0.85285,0.24575616652998308,1.7057,0.49151233305996617,3.4114,0.2949073998359797,6.8228,2.572839465791892,clear
59.34019162840491,18.093979050980476,1.488221146160859,Max Hamngatan,0.2552,,0.5104,,1.0208,,2.0416,,nogo
59.33411082626918,18.00982215762982,1.2865978748908624,Max Kungsholmen,2.6383400000000004,,5.276680000000001,,10.553360000000001,,21.106720000000003,,nogo
59.314181391968084,18.039259078146543,1.9324185382708352,Max Södermalm,1.7358399999999998,1.9324185382708352,3.4716799999999997,3.8648370765416704,6.943359999999999,2.318902245925002,13.886719999999999,13.367478644933346,clear
59.34959985615622,18.06032379395299,0.9344890732001742,Max Odenplan,2.38375,0.9344890732001742,4.7675,1.8689781464003483,9.535,1.1213868878402091,19.07,6.980730068481115,clear
59.316238464929384,18.09768931540141,1.40365632784414,Max Södermalm,1.0019500000000001,1.40365632784414,2.0039000000000002,2.80731265568828,4.0078000000000005,1.684387593412968,8.015600000000001,9.983400498202496,clear
59.3337299306251,18.071347326737918,0.09909043692705401,Max Hamngatan,0.96001,,1.92002,,3.8400399999999997,,7.680079999999999,,nogo
59.33729225841847,18.07737538356361,0.5741175683831433,Max Hamngatan,3.56076,,7.12152,,14.24304,,28.48608,,nogo
59.35018895936616,18.100919415366544,2.530181966555368,Max Hamngatan,0.5744600000000001,,1.1489200000000002,,2.2978400000000003,,4.595680000000001,,nogo
59.339961935910466,18.096418979333492,1.5937116802915197,Max Hamngatan,1.07775,,2.1555,,4.311,,8.622,,nogo
59.35014441192955,18.04897759198719,0.8502283042249373,Max Odenplan,0.6712899999999999,0.8502283042249373,1.3425799999999999,1.7004566084498747,2.6851599999999998,1.0202739650699248,5.3703199999999995,6.441461147039599,clear
59.34651798139942,18.065901847647524,0.9401026290432322,Max Odenplan,1.7241099999999998,0.9401026290432322,3.4482199999999996,1.8802052580864643,6.896439999999999,1.1281231548518786,13.792879999999998,7.0166568258766855,clear
59.314983760754366,18.045137969133712,1.5923248321936703,Max Södermalm,2.1498000000000004,1.5923248321936703,4.299600000000001,3.1846496643873405,8.599200000000002,1.9107897986324045,17.198400000000003,11.19087892603949,clear
59.309905152705014,18.073224598029633,0.6417988432670583,Max Södermalm,0.9880599999999999,0.6417988432670583,1.9761199999999999,1.2835976865341165,3.9522399999999998,0.77015861192047,7.9044799999999995,5.107512596909173,clear
59.34809749250804,18.056935819286736,0.6919697297824743,Max Odenplan,1.12775,0.6919697297824743,2.2555,1.3839394595649486,4.511,0.8303636757389692,9.022,5.428606270607835,clear
59.33688620002302,18.07009479588063,0.4560710517179802,Max Hamngatan,3.18257,,6.36514,,12.73028,,25.46056,,nogo
59.35843459841294,18.097461993682455,3.1650605170895463,Max Odenplan,3.1321,3.1650605170895463,6.2642,6.3301210341790926,12.5284,3.7980726205074555,25.0568,21.256387309373096,clear
59.32257885669856,18.070479389251993,0.7840879150634521,Max Södermalm,3.72837,,7.45674,,14.91348,,29.82696,,nogo
59.346286091673306,18.096076218393563,2.0219287216943647,Max Hamngatan,2.68958,,5.37916,,10.75832,,21.51664,,nogo
59.336769567806165,18.091316006505885,1.1776661959062869,Max Hamngatan,1.71184,,3.42368,,6.84736,,13.69472,,nogo
59.31798618132682,18.022300193437843,1.8547981062016219,Max Kungsholmen,1.10539,,2.21078,,4.42156,,8.84312,,nogo
59.35403770448215,18.103523179965844,2.957050637048834,Max Hamngatan,0.88335,,1.7667,,3.5334,,7.0668,,nogo
59.3511521630791,18.071262711064993,1.4837846939743469,Max Odenplan,1.74547,1.4837846939743469,3.49094,2.9675693879486937,6.98188,1.7805416327692163,13.96376,10.49622204143582,clear
59.338379555769606,18.046576638201717,0.5408414618745089,Max Odenplan,1.41791,0.5408414618745089,2.83582,1.0816829237490178,5.67164,0.6490097542494107,11.34328,4.461385355996857,clear
59.335494981997975,18.05608698452702,0.3655370881728271,Max Hötorget,3.77577,,7.55154,,15.10308,,30.20616,,nogo
59.31158847932089,18.07623490039359,0.4887387584335084,Max Södermalm,2.77504,0.4887387584335084,5.55008,0.9774775168670168,11.10016,0.58648651012021,22.20032,4.127928053974454,clear
59.3465053610507,18.09142647343525,1.8729473767610203,Max Hamngatan,1.3335299999999999,,2.6670599999999998,,5.3341199999999995,,10.668239999999999,,nogo
59.333053011129664,18.06554458229655,0.3232157592592206,Max Hötorget,0.79484,,1.58968,,3.17936,,6.35872,,nogo
59.3293523648381,18.01958186451589,0.8836435216991632,Max Kungsholmen,2.41099,,4.82198,,9.64396,,19.28792,,nogo
59.31167112920076,18.06238141545417,0.7538943641838537,Max Södermalm,1.18005,0.7538943641838537,2.3601,1.5077887283677074,4.7202,0.9046732370206244,9.4404,5.824923930776664,clear
59.32780232819962,18.01944302757873,0.9969314630117563,Max Kungsholmen,1.4595,,2.919,,5.838,,11.676,,nogo
59.32762692161583,18.0251070525712,0.8050326573501962,Max Kungsholmen,1.3861700000000001,,2.7723400000000002,,5.5446800000000005,,11.089360000000001,,nogo
59.34236509489676,18.10210379273608,2.008445890418649,Max Hamngatan,1.29351,,2.58702,,5.17404,,10.34808,,nogo
59.31985790946508,18.048054120833882,1.49894396976347,Max Södermalm,3.00267,1.49894396976347,6.00534,2.99788793952694,12.01068,1.798732763716164,24.02136,10.593241406486209,clear
59.34866163294976,18.054912593575168,0.7061822201259975,Max Odenplan,3.10828,0.7061822201259975,6.21656,1.412364440251995,12.43312,0.847418664151197,24.86624,5.519566208806384,clear
59.30561891454536,18.08533164422287,1.3193429847288771,Max Södermalm,1.23823,1.3193429847288771,2.47646,2.6386859694577542,4.95292,1.5832115816746526,9.90584,9.443795102264813,clear
59.34807417792,18.044569532718487,0.6584555458597261,Max Karolinska,1.15001,0.6584555458597261,2.30002,1.3169110917194522,4.60004,0.7901466550316713,9.20008,5.214115493502247,clear
59.348200297337094,18.083483168305623,1.8228066588558227,Max Hamngatan,1.04924,,2.09848,,4.19696,,8.39392,,nogo
59.31663200099382,18.082137165133535,0.527636666510552,Max Södermalm,2.36923,0.527636666510552,4.73846,1.055273333021104,9.47692,0.6331639998126624,18.95384,4.376874665667533,clear
59.3482955104402,18.09075138831111,2.016978252327418,Max Hamngatan,2.5514,,5.1028,,10.2056,,20.4112,,nogo
59.306125350117874,18.086123811119037,1.297161319738085,Max Södermalm,2.32393,1.297161319738085,4.64786,2.59432263947617,9.29572,1.5565935836857019,18.59144,9.301832446323743,clear
59.3526824907389,18.105535893115324,2.91203568738242,Max Hamngatan,0.43261,,0.86522,,1.73044,,3.46088,,nogo
59.30860052881134,18.060507201583842,1.0635600532842027,Max Södermalm,0.98123,1.0635600532842027,1.96246,2.1271201065684053,3.92492,1.2762720639410432,7.84984,7.806784341018897,clear
59.3187242091444,18.02228227852295,1.77715989294404,Max Kungsholmen,0.59214,,1.18428,,2.36856,,4.73712,,nogo
59.33491369560188,18.0956547703948,1.3619180923794283,Max Hamngatan,0.95165,,1.9033,,3.8066000000000004,,7.613200000000001,,nogo
59.33038529273725,18.02746972718669,0.47448611431280835,Max Kungsholmen,0.87363,,1.74726,,3.49452,,6.98904,,nogo
59.33795984585005,18.054441141615452,0.5344456711191818,Max Hötorget,1.9003599999999998,,3.8007199999999997,,7.601439999999998,,15.202879999999997,,nogo
59.33777903092054,18.095950859512946,1.4643129016989727,Max Hamngatan,1.20277,,2.40554,,4.81108,,9.62216,,nogo
59.35048461349336,18.054565485381097,0.8979396572279462,Max Odenplan,2.47804,0.8979396572279462,4.95608,1.7958793144558924,9.91216,1.0775275886735354,19.82432,6.746813806258856,clear
59.35528031580466,18.103618860900003,3.071509214233722,Max Hamngatan,1.46905,,2.9381,,5.8762,,11.7524,,nogo
59.34021848523322,18.116093129821028,2.635426395074124,Max Hamngatan,0.65155,,1.3031,,2.6062,,5.2124,,nogo
59.34717255532711,18.102469164503788,2.3493268268895195,Max Hamngatan,1.736,,3.472,,6.944,,13.888,,nogo
59.338498719601475,18.067906044389794,0.4533667722077878,Max Hötorget,1.08655,,2.1731,,4.3462,,8.6924,,nogo
59.32930436821537,18.01789496597837,0.9673251186931472,Max Kungsholmen,0.55211,,1.10422,,2.20844,,4.41688,,nogo
59.33804703223135,18.071238134067,0.5718110766358693,Max Hötorget,1.87483,,3.74966,,7.49932,,14.99864,,nogo
59.35070461856391,18.086611699945887,2.147988284642081,Max Hamngatan,1.41588,,2.83176,,5.66352,,11.32704,,nogo
59.32396044340815,18.069142885026075,0.9506603012054383,Max Södermalm,2.93892,,5.87784,,11.75568,,23.51136,,nogo
59.35120788061681,18.10054385904473,2.604169948806245,Max Hamngatan,0.84993,,1.69986,,3.39972,,6.79944,,nogo
59.33450351250343,18.03443998408452,0.1384034409250128,Max Kungsholmen,1.08377,,2.16754,,4.33508,,8.67016,,nogo
59.3330700556559,18.05410095984658,0.5501247762609901,Max Hötorget,0.57545,,1.1509,,2.3018,,4.6036,,nogo
59.35168797701161,18.103706566543526,2.7601672794636682,Max Hamngatan,0.71924,,1.43848,,2.87696,,5.75392,,nogo
59.35790179023567,18.091787744668547,2.8669334296959037,Max Odenplan,1.3343399999999999,2.8669334296959037,2.6686799999999997,5.733866859391807,5.337359999999999,3.4403201156350844,10.674719999999999,19.348373950053784,clear
59.33319658457158,18.05411987281764,0.5423636636331544,Max Hötorget,0.8415,,1.683,,3.366,,6.732,,nogo
59.317808661763266,18.049874548835348,1.342114248444294,Max Södermalm,0.61003,1.342114248444294,1.22006,2.684228496888588,2.44012,1.610537098133153,4.88024,9.589531190043482,clear
59.33108558157446,18.00100610195915,1.8136607949213435,Max Kungsholmen,1.0979700000000001,,2.1959400000000002,,4.3918800000000005,,8.783760000000001,,nogo
59.31495082966892,18.095641094855484,1.2880529079317153,Max Södermalm,3.2781100000000003,1.2880529079317153,6.556220000000001,2.5761058158634307,13.112440000000001,1.5456634895180583,26.224880000000002,9.243538610762979,clear
59.30795389761908,18.074262939449824,0.8618039164942652,Max Södermalm,1.2453599999999998,0.8618039164942652,2.4907199999999996,1.7236078329885305,4.981439999999999,1.0341646997931182,9.962879999999998,6.515545065563297,clear
59.33474006862022,18.03715390980511,0.28862140152695526,Max Kungsholmen,0.46044,,0.92088,,1.84176,,3.68352,,nogo
59.3195582416495,18.057076164894276,1.0085585116214255,Max Södermalm,1.9478,1.0085585116214255,3.8956,2.017117023242851,7.791199999999999,1.2102702139457104,15.582399999999998,7.454774474377123,clear
59.31737416299832,18.07699457281115,0.29368869244941254,Max Södermalm,0.90814,0.29368869244941254,1.81628,0.5873773848988251,3.63256,0.35242643093929504,7.26512,2.8796076316762402,clear
59.332226164838204,18.03955299794397,0.44284500272871974,Max Kungsholmen,2.36779,,4.73558,,9.47116,,18.94232,,nogo
59.35094671507445,18.088870617874694,2.2250927590262854,Max Hamngatan,2.3034899999999996,,4.606979999999999,,9.213959999999998,,18.427919999999997,,nogo
59.33381373692931,18.06910392125397,0.19519058711400136,Max Hamngatan,3.5008000000000004,,7.001600000000001,,14.003200000000001,,28.006400000000003,,nogo
59.33887848860719,18.022399224978496,0.8023106782187298,Max Kungsholmen,0.77147,,1.54294,,3.08588,,6.17176,,nogo
59.3351516674912,18.066395727236873,0.22466873824869774,Max Hötorget,3.1683499999999998,,6.3366999999999996,,12.673399999999999,,25.346799999999998,,nogo
59.34353377823123,18.106054277288088,2.268138623051592,Max Hamngatan,4.18504,,8.37008,,16.74016,,33.48032,,nogo
59.34513785089964,18.0384011594674,0.352886039980133,Max Karolinska,1.0983399999999999,0.352886039980133,2.1966799999999997,0.705772079960266,4.3933599999999995,0.4234632479761596,8.786719999999999,3.258470655872851,clear
59.313104831022244,18.087228569617082,0.8554962607528959,Max Södermalm,3.6843600000000003,0.8554962607528959,7.368720000000001,1.7109925215057917,14.737440000000001,1.026595512903475,29.474880000000002,6.475176068818533,clear
59.3363557526788,17.99757825672197,2.0031357108482895,Max Kungsholmen,0.45572,,0.91144,,1.82288,,3.64576,,nogo
59.33520397062443,18.0086637926686,1.3609348829024888,Max Kungsholmen,0.79664,,1.59328,,3.18656,,6.37312,,nogo
59.348124664103715,18.056981077278834,0.6958486131340572,Max Odenplan,0.42062,0.6958486131340572,0.84124,1.3916972262681144,1.68248,0.8350183357608686,3.36496,5.453431124057966,clear
59.354435439578246,18.09489481548625,2.7270945421750916,Max Hamngatan,1.41248,,2.82496,,5.64992,,11.29984,,nogo
59.328142833928055,18.05131317572064,1.0386745648281752,Max Hötorget,1.2687899999999999,,2.5375799999999997,,5.0751599999999994,,10.150319999999999,,nogo
59.34291347715808,18.103797787914157,2.1225580195337876,Max Hamngatan,1.25353,,2.50706,,5.01412,,10.02824,,nogo
59.34429048838781,18.08435696736857,1.4478683573552742,Max Hamngatan,1.02721,,2.05442,,4.10884,,8.21768,,nogo
59.34396058416226,18.083894574624523,1.4029844322187375,Max Hamngatan,3.92208,,7.84416,,15.68832,,31.37664,,nogo
59.33665996004092,18.001922579994634,1.7644768283369698,Max Kungsholmen,2.4511100000000003,,4.902220000000001,,9.804440000000001,,19.608880000000003,,nogo
59.319287983294686,18.054684740366923,1.121849507874868,Max Södermalm,0.74226,1.121849507874868,1.48452,2.243699015749736,2.96904,1.3462194094498416,5.93808,8.179836850399155,clear
59.349882919677434,18.100604819921095,2.4926487183254973,Max Hamngatan,1.0204600000000001,,2.0409200000000003,,4.081840000000001,,8.163680000000001,,nogo
59.30779538525755,18.08063039095209,0.9768809203358588,Max Södermalm,1.4168,0.9768809203358588,2.8336,1.9537618406717177,5.6672,1.1722571044030305,11.3344,7.252037890149497,clear
59.33280895585516,18.010298858032918,1.2640138542232786,Max Kungsholmen,3.64486,,7.28972,,14.57944,,29.15888,,nogo
59.31174640312107,18.06419245929072,0.667883506808842,Max Södermalm,1.02884,0.667883506808842,2.05768,1.335767013617684,4.11536,0.8014602081706105,8.23072,5.274454443576589,clear
59.33572827565808,17.999429295407854,1.8897520657551758,Max Kungsholmen,3.83713,,7.67426,,15.34852,,30.69704,,nogo
59.30888327935926,18.062153869429785,0.9783606987827475,Max Södermalm,1.84934,0.9783606987827475,3.69868,1.956721397565495,7.39736,1.1740328385392969,14.79472,7.2615084722095835,clear
59.331201294238994,18.069387524878366,0.24377198444076156,Max Hamngatan,1.00445,,2.0089,,4.0178,,8.0356,,nogo
59.35649054255378,18.094084652704495,2.8858126282011622,Max Odenplan,0.9209700000000001,2.8858126282011622,1.8419400000000001,5.7716252564023245,3.6838800000000003,3.462975153841395,7.3677600000000005,19.469200820487437,clear
59.313665625404845,18.045301477898178,1.5968520326802769,Max Södermalm,1.0316400000000001,1.5968520326802769,2.0632800000000002,3.1937040653605537,4.1265600000000004,1.9162224392163323,8.253120000000001,11.219853009153772,clear
59.31691163773169,18.044908115805878,1.6095508077899503,Max Södermalm,2.33471,1.6095508077899503,4.66942,3.2191016155799006,9.33884,1.9314609693479405,18.67768,11.301125169855682,clear
59.33157230128296,18.00144426300486,1.7806604886327335,Max Kungsholmen,0.82211,,1.64422,,3.28844,,6.57688,,nogo
59.346972703917835,18.06958933728171,1.1506627595315435,Max Odenplan,1.0636400000000001,1.1506627595315435,2.1272800000000003,2.301325519063087,4.254560000000001,1.3807953114378522,8.509120000000001,8.364241661001879,clear
59.33388359656432,18.00595993023163,1.506023822611967,Max Kungsholmen,3.47191,,6.94382,,13.88764,,27.77528,,nogo
59.315852103833706,18.051162178804958,1.247595756362226,Max Södermalm,0.46013,1.247595756362226,0.92026,2.495191512724452,1.84052,1.497114907634671,3.68104,8.984612840718246,clear
59.336148836298094,18.059057593605054,0.20913607723824887,Max Hötorget,2.16491,,4.32982,,8.65964,,17.31928,,nogo
59.35044064169456,18.09171467239916,2.250284619112885,Max Hamngatan,0.89511,,1.79022,,3.58044,,7.16088,,nogo
59.33992388759439,18.106464711368254,2.1085961976536054,Max Hamngatan,0.74184,,1.48368,,2.96736,,5.93472,,nogo
59.33695360963703,18.076794458322492,0.5246848313801958,Max Hamngatan,3.00563,,6.01126,,12.02252,,24.04504,,nogo
59.3470766725716,18.060788562199757,0.736223287255045,Max Odenplan,1.3662,0.736223287255045,2.7324,1.47244657451009,5.4648,0.883467944706054,10.9296,5.711829038432288,clear
59.315878984957635,18.082224393097558,0.5220545691908394,Max Södermalm,1.05575,0.5220545691908394,2.1115,1.0441091383816787,4.223,0.6264654830290072,8.446,4.341149242821372,clear
59.34049896793627,18.033995016016707,0.7130843764837437,Max Karolinska,0.70626,0.7130843764837437,1.41252,1.4261687529674874,2.82504,0.8557012517804924,5.65008,5.56374000949596,clear
59.31589801078764,18.102587255930924,1.6813404835367085,Max Södermalm,0.45988,1.6813404835367085,0.91976,3.362680967073417,1.83952,2.01760858024405,3.67904,11.760579094634934,clear
59.31725379709696,18.072240414672795,0.18305807811501518,Max Södermalm,0.59633,0.18305807811501518,1.19266,0.36611615623003035,2.38532,0.2196696937380182,4.77064,2.171571699936097,clear
59.33445976905278,18.04604040485462,0.7786345989341611,Max Kungsholmen,0.6573,,1.3146,,2.6292,,5.2584,,nogo
59.31662882708158,18.03444318001089,1.9177420454449707,Max Kungsholmen,1.30376,,2.60752,,5.21504,,10.43008,,nogo
59.33553309389932,18.022190019180133,0.612945128479871,Max Kungsholmen,1.1498,,2.2996,,4.5992,,9.1984,,nogo
59.33171022361159,18.064917766097892,0.4275363035904284,Max Hamngatan,1.59596,,3.19192,,6.38384,,12.76768,,nogo
59.337436381629615,18.04599375694806,0.6490069036984958,Max Odenplan,3.06372,0.6490069036984958,6.12744,1.2980138073969916,12.25488,0.7788082844381949,24.50976,5.153644183670373,clear
59.33589411144768,18.01651189745313,0.9346047440497327,Max Kungsholmen,0.93071,,1.86142,,3.72284,,7.44568,,nogo
59.34178522522473,18.072370139084114,0.8968583293306658,Max Hötorget,1.3888800000000001,,2.7777600000000002,,5.5555200000000005,,11.111040000000001,,nogo
59.33332781467163,18.07270574675459,0.0592068483831219,Max Hamngatan,2.20317,,4.40634,,8.81268,,17.62536,,nogo
59.34186160704524,18.07427904772134,0.9747104953460364,Max Hötorget,1.09071,,2.18142,,4.36284,,8.72568,,nogo
59.30681790843133,18.071757996347483,0.9884706274536407,Max Södermalm,0.62673,0.9884706274536407,1.25346,1.9769412549072813,2.50692,1.1861647529443688,5.01384,7.3262120157033,clear
59.328833141798405,18.07951976483947,0.6226677721836282,Max Hamngatan,1.20122,,2.40244,,4.80488,,9.60976,,nogo
59.32752745151016,18.07255160056219,0.6009497462203727,Max Hamngatan,1.3889,,2.7778,,5.5556,,11.1112,,nogo
59.31252555706655,18.047530149679076,1.4958126443511763,Max Södermalm,2.40078,1.4958126443511763,4.80156,2.9916252887023527,9.60312,1.7949751732214116,19.20624,10.573200923847528,clear
59.33732142368885,18.060141475023304,0.24310455169378478,Max Hötorget,0.67496,,1.34992,,2.69984,,5.39968,,nogo
59.338827294203064,18.08764680710491,1.1053519078147303,Max Hamngatan,2.70343,,5.40686,,10.81372,,21.62744,,nogo
59.33582272144937,18.036404106438116,0.31873366812073617,Max Kungsholmen,2.44147,,4.88294,,9.76588,,19.53176,,nogo
59.332022580270575,18.034732389603327,0.23895175380179184,Max Kungsholmen,0.6429900000000001,,1.2859800000000001,,2.5719600000000002,,5.1439200000000005,,nogo
59.31129153806221,18.062170172898295,0.789032194453934,Max Södermalm,0.6840599999999999,0.789032194453934,1.3681199999999998,1.578064388907868,2.7362399999999996,0.9468386333447207,5.472479999999999,6.049806044505178,clear
59.343255116896856,18.06967776573879,0.9548744870928538,Max Hötorget,0.35214,,0.70428,,1.40856,,2.81712,,nogo
59.31398171964898,18.03844628478731,1.9805298213942715,Max Södermalm,1.43422,1.9805298213942715,2.86844,3.961059642788543,5.73688,2.3766357856731255,11.47376,13.675390856923336,clear
59.34727934550516,18.060509382592684,0.7403236937582277,Max Odenplan,3.2443400000000002,0.7403236937582277,6.4886800000000004,1.4806473875164554,12.977360000000001,0.8883884325098732,25.954720000000002,5.738071640052658,clear
59.3421290227897,18.032010148239277,0.534708273364081,Max Karolinska,1.63677,0.534708273364081,3.27354,1.069416546728162,6.54708,0.6416499280368972,13.09416,4.422132949530118,clear
59.350942231814415,18.066751197443992,1.2804001565371972,Max Odenplan,1.21827,1.2804001565371972,2.43654,2.5608003130743944,4.87308,1.5364801878446366,9.74616,9.194561001838062,clear
59.34439635389961,18.11337682255312,2.677221993813908,Max Hamngatan,0.87318,,1.74636,,3.49272,,6.98544,,nogo
59.346438931087995,18.05889632655379,0.609236930346576,Max Odenplan,1.4322300000000001,0.609236930346576,2.8644600000000002,1.218473860693152,5.7289200000000005,0.7310843164158911,11.457840000000001,4.899116354218086,clear
59.34008479694998,18.014986849174377,1.2134798021523117,Max Kungsholmen,0.10956,,0.21912,,0.43824,,0.87648,,nogo
59.353675394169294,18.092084231738003,2.5783824430096325,Max Hamngatan,0.87674,,1.75348,,3.50696,,7.01392,,nogo
59.3400017480359,18.11133461742304,2.371158289951936,Max Hamngatan,1.05999,,2.11998,,4.23996,,8.47992,,nogo
59.33589085265761,18.063431265603597,0.0678111933898225,Max Hötorget,1.5892899999999999,,3.1785799999999997,,6.3571599999999995,,12.714319999999999,,nogo
59.343408666761256,18.10114208579606,2.026770312676833,Max Hamngatan,0.49511,,0.99022,,1.98044,,3.96088,,nogo
59.333265255562985,18.078814678122594,0.3870791440022323,Max Hamngatan,1.58455,,3.1691,,6.3382,,12.6764,,nogo
59.34837870915033,18.103900914831453,2.500564138432931,Max Hamngatan,2.12123,,4.24246,,8.48492,,16.96984,,nogo
59.30896919479039,18.07761498522095,0.7896975146160595,Max Södermalm,0.6750900000000001,0.7896975146160595,1.3501800000000002,1.579395029232119,2.7003600000000003,0.9476370175392713,5.400720000000001,6.054064093542781,clear
59.34789324872066,18.046341697327886,0.6526253345238847,Max Odenplan,2.07475,0.6526253345238847,4.1495,1.3052506690477694,8.299,0.7831504014286617,16.598,5.176802140952862,clear
59.35782307417284,18.087000033885396,2.647239746332643,Max Odenplan,1.48588,2.647239746332643,2.97176,5.294479492665286,5.94352,3.176687695599172,11.88704,17.942334376528915,clear
59.31657596767914,18.034163263363123,1.9227311528612583,Max Kungsholmen,1.3996,,2.7992,,5.5984,,11.1968,,nogo
59.343995953508674,18.047280861739967,0.2748228340629558,Max Odenplan,0.8478600000000001,0.2748228340629558,1.6957200000000001,0.5496456681259116,3.3914400000000002,0.329787400875547,6.7828800000000005,2.7588661380029174,clear
59.325889131459654,18.072877996743724,0.7841998836717969,Max Hamngatan,0.41552999999999995,,0.8310599999999999,,1.6621199999999998,,3.3242399999999996,,nogo
59.344338826892745,18.034670052016903,0.2955519249399327,Max Karolinska,0.63613,0.2955519249399327,1.27226,0.5911038498798654,2.54452,0.35466230992791925,5.08904,2.8915323196155693,clear
59.33779598736356,18.080001439363755,0.707419040033478,Max Hamngatan,0.41114,,0.82228,,1.64456,,3.28912,,nogo
59.34911178773892,18.071643980195397,1.3675541723676568,Max Odenplan,1.5854000000000001,1.3675541723676568,3.1708000000000003,2.7351083447353135,6.341600000000001,1.641065006841188,12.683200000000001,9.752346703153004,clear
59.336882719094426,18.048306260410097,0.6590558631354732,Max Odenplan,1.02088,,2.04176,,4.08352,,8.16704,,nogo
59.33002108633232,18.02394560598162,0.6411170866514269,Max Kungsholmen,1.62382,,3.24764,,6.49528,,12.99056,,nogo
59.344538800323726,18.057617489706452,0.42089399235339614,Max Odenplan,0.7453,0.42089399235339614,1.4906,0.8417879847067923,2.9812,0.5050727908240753,5.9624,3.693721551061735,clear
59.326563303258055,18.067468193789107,0.7541811968731826,Max Hamngatan,1.16395,,2.3279,,4.6558,,9.3116,,nogo
59.34777913742236,18.09401219312751,2.0745702284745513,Max Hamngatan,1.09057,,2.18114,,4.36228,,8.72456,,nogo
59.35446025014656,18.085309887840783,2.3444535520175758,Max Odenplan,0.67779,2.3444535520175758,1.35558,4.6889071040351515,2.71116,2.813344262421091,5.42232,16.004502732912485,clear
59.34286559833829,18.03445093041183,0.45345303389167724,Max Karolinska,1.48504,0.45345303389167724,2.97008,0.9069060677833545,5.94016,0.5441436406700126,11.88032,3.9020994169067342,clear
59.3096578008867,18.075948060404073,0.689115549902446,Max Södermalm,0.55006,0.689115549902446,1.10012,1.378231099804892,2.20024,0.8269386598829351,4.40048,5.410339519375654,clear
59.352863463982224,18.10177589725568,2.792761367138792,Max Hamngatan,0.8052999999999999,,1.6105999999999998,,3.2211999999999996,,6.442399999999999,,nogo
59.349860699285074,18.05932033947577,0.9294235759570625,Max Odenplan,0.6977899999999999,0.9294235759570625,1.3955799999999998,1.858847151914125,2.7911599999999996,1.115308291148475,5.582319999999999,6.9483108861252,clear
59.346010152709965,18.095796721783994,1.9885519231533475,Max Hamngatan,1.41482,,2.82964,,5.65928,,11.31856,,nogo
59.30684896006786,18.062092987147235,1.1641975092515469,Max Södermalm,0.8743500000000001,1.1641975092515469,1.7487000000000001,2.3283950185030937,3.4974000000000003,1.3970370111018562,6.994800000000001,8.4508640592099,clear
59.325334576067654,18.072721920062417,0.845424569890759,Max Hamngatan,0.9807100000000001,,1.9614200000000002,,3.9228400000000003,,7.845680000000001,,nogo
59.33426743424673,18.03669269121557,0.2484644152798497,Max Kungsholmen,1.13049,,2.26098,,4.52196,,9.04392,,nogo
59.347724939898,18.03861489925415,0.32014743815317487,Max Karolinska,1.00464,0.32014743815317487,2.00928,0.6402948763063497,4.01856,0.38417692578380985,8.03712,3.048943604180319,clear
59.33794952234859,18.026131379727836,0.5834924968134657,Max Kungsholmen,0.1539,,0.3078,,0.6156,,1.2312,,nogo
59.32735240922644,18.023040448863853,0.8960618942295661,Max Kungsholmen,1.28217,,2.56434,,5.12868,,10.25736,,nogo
59.347809159333394,18.037672961359533,0.2727192744583743,Max Karolinska,1.26427,0.2727192744583743,2.52854,0.5454385489167486,5.05708,0.32726312935004914,10.11416,2.7454033565335956,clear
59.34199865353552,18.069868581845576,0.8358668383576637,Max Hötorget,0.73223,,1.46446,,2.92892,,5.85784,,nogo
59.33163768862838,18.041424423867216,0.5669545517329481,Max Kungsholmen,0.82547,,1.65094,,3.30188,,6.60376,,nogo
59.34263434440748,18.10467613511553,2.149447510625471,Max Hamngatan,0.75195,,1.5039,,3.0078,,6.0156,,nogo
59.3272201822487,18.02130087616786,0.9694750311510738,Max Kungsholmen,0.64674,,1.29348,,2.58696,,5.17392,,nogo
59.330579944001926,17.99883663645449,1.945163874138398,Max Kungsholmen,0.72194,,1.44388,,2.88776,,5.77552,,nogo
59.31110196422881,18.071337357141363,0.5178623632175026,Max Södermalm,0.38414,0.5178623632175026,0.76828,1.0357247264350051,1.53656,0.621434835861003,3.07312,4.314319124592016,clear
59.30793784169508,18.083721409031703,1.0532766492704886,Max Södermalm,0.04547,1.0532766492704886,0.09094,2.106553298540977,0.18188,1.2639319791245864,0.36376,7.740970555331128,clear
59.33255044991272,18.023874485809923,0.5062670394221089,Max Kungsholmen,0.58257,,1.16514,,2.33028,,4.66056,,nogo
59.33101628271234,18.06376108336541,0.5051187311275215,Max Hötorget,0.38683,,0.77366,,1.54732,,3.09464,,nogo
59.34743433413607,18.05849827790886,0.6775663733613891,Max Odenplan,0.74852,0.6775663733613891,1.49704,1.3551327467227783,2.99408,0.813079648033667,5.98816,5.336424789512891,clear
59.342586018860565,18.073174158948444,0.9952761457682251,Max Hötorget,1.61608,,3.23216,,6.46432,,12.92864,,nogo
59.32397409463493,18.0696051348578,0.9463079924238332,Max Södermalm,0.17012,,0.34024,,0.68048,,1.36096,,nogo
59.330586089608595,18.058710916213393,0.5891037234718584,Max Hötorget,0.5359400000000001,,1.0718800000000002,,2.1437600000000003,,4.287520000000001,,nogo
59.318879898377524,18.062516358236778,0.6993998339098487,Max Södermalm,0.20768,0.6993998339098487,0.41536,1.3987996678196974,0.83072,0.8392798006918185,1.66144,5.4761589370230315,clear
59.32631814155593,18.07228763540895,0.7351113446625145,Max Hamngatan,0.76858,,1.53716,,3.07432,,6.14864,,nogo
59.34137193440997,18.097767398374494,1.7406515927317074,Max Hamngatan,0.90378,,1.80756,,3.61512,,7.23024,,nogo
59.32938310662944,18.02781240726187,0.5587884257867284,Max Kungsholmen,0.8105800000000001,,1.6211600000000002,,3.2423200000000003,,6.484640000000001,,nogo
59.33999732334041,18.11757576593812,2.708542057528324,Max Hamngatan,1.4866400000000002,,2.9732800000000004,,5.946560000000001,,11.893120000000001,,nogo
59.3206651415908,18.075321035493417,0.5715362174619879,Max Södermalm,0.72996,,1.45992,,2.91984,,5.83968,,nogo
59.33107754687241,18.013767516760804,1.1045091754869323,Max Kungsholmen,1.13904,,2.27808,,4.55616,,9.11232,,nogo
59.316484237543285,18.079085235598857,0.35466207808668415,Max Södermalm,0.8924500000000001,0.35466207808668415,1.7849000000000002,0.7093241561733683,3.5698000000000003,0.42559449370402097,7.139600000000001,3.2698372997547787,clear
59.339947755032156,18.01307594911636,1.2957851123132555,Max Kungsholmen,1.92517,,3.85034,,7.70068,,15.40136,,nogo
59.317468976796725,18.077064520372,0.3036159718521479,Max Södermalm,2.028,0.3036159718521479,4.056,0.6072319437042958,8.112,0.36433916622257745,16.224,2.9431422198537467,clear
59.3381525237692,18.053248456496448,0.5083847493778805,Max Odenplan,0.56159,0.5083847493778805,1.12318,1.016769498755761,2.24636,0.6100616992534567,4.49272,4.253662396018435,clear
59.333167480615636,18.073637150239307,0.09466300908275721,Max Hamngatan,0.56374,,1.12748,,2.25496,,4.50992,,nogo
59.33508967766768,18.017892824258336,0.8389447216109382,Max Kungsholmen,0.60642,,1.21284,,2.42568,,4.85136,,nogo
59.310430877238474,18.063574128808877,0.7952141736406669,Max Södermalm,1.00603,0.7952141736406669,2.01206,1.5904283472813339,4.02412,0.9542570083688003,8.04824,6.089370711300268,clear
59.35642384172663,18.097098413567835,2.9815730302749026,Max Hamngatan,1.8143699999999998,,3.6287399999999996,,7.257479999999999,,14.514959999999999,,nogo
59.31947574880649,18.03923848828131,1.6436354322514906,Max Kungsholmen,0.53655,,1.0731,,2.1462,,4.2924,,nogo
59.33251592375748,18.034339614129642,0.1811433479396262,Max Kungsholmen,0.6949,,1.3898,,2.7796,,5.5592,,nogo
59.34229765545032,18.081243117653756,1.1688222331635123,Max Hamngatan,1.4128,,2.8256,,5.6512,,11.3024,,nogo
59.34308651337053,18.029406715369518,0.4761570885114006,Max Karolinska,0.99127,0.4761570885114006,1.98254,0.9523141770228012,3.96508,0.5713885062136808,7.93016,4.0474053664729635,clear
59.334334464457086,18.059470266959465,0.21663587009954327,Max Hötorget,0.72294,,1.44588,,2.89176,,5.78352,,nogo
59.34372720088399,18.053078105110067,0.16227999283042982,Max Odenplan,0.47172000000000003,0.16227999283042982,0.9434400000000001,0.32455998566085964,1.8868800000000001,0.1947359913965158,3.7737600000000002,2.038591954114751,clear
59.319233944744816,18.05174051411938,1.277825547702395,Max Södermalm,1.42103,1.277825547702395,2.84206,2.55565109540479,5.68412,1.5333906572428742,11.36824,9.178083505295328,clear
59.30697772233415,18.070878780367828,0.9758421915014709,Max Södermalm,0.9963200000000001,0.9758421915014709,1.9926400000000002,1.9516843830029418,3.985280000000001,1.171010629801765,7.970560000000002,7.245390025609414,clear
59.32929462267981,18.021565265432844,0.7968762985996286,Max Kungsholmen,0.06313,,0.12626,,0.25252,,0.50504,,nogo
59.35053837551025,18.085412518254685,2.1053160176761487,Max Hamngatan,1.3244200000000002,,2.6488400000000003,,5.297680000000001,,10.595360000000001,,nogo
59.31686626610688,18.083478588667468,0.6078245732828739,Max Södermalm,0.33732,0.6078245732828739,0.67464,1.2156491465657477,1.34928,0.7293894879394487,2.69856,4.890077269010392,clear
59.33582860201946,18.011156802263923,1.230837476773053,Max Kungsholmen,0.75207,,1.50414,,3.00828,,6.01656,,nogo
59.31070714170179,18.086440615342095,0.9408997273746565,Max Södermalm,0.61836,0.9408997273746565,1.23672,1.881799454749313,2.47344,1.129079672849588,4.94688,7.021758255197803,clear
59.34120813311185,18.064295719988323,0.643393999981392,Max Hötorget,0.32032,,0.64064,,1.28128,,2.56256,,nogo
59.320230238935174,18.038013530281138,1.5462328840485342,Max Kungsholmen,0.7577699999999999,,1.5155399999999999,,3.0310799999999998,,6.0621599999999995,,nogo
59.34420476508658,18.106660635323916,2.3369967654777373,Max Hamngatan,1.13912,,2.27824,,4.55648,,9.11296,,nogo
59.350684292104376,18.097501051614064,2.452728749927769,Max Hamngatan,1.5892899999999999,,3.1785799999999997,,6.3571599999999995,,12.714319999999999,,nogo
59.33630105920454,18.052349844513703,0.5849860403436071,Max Hötorget,1.10376,,2.20752,,4.41504,,8.83008,,nogo
59.33014252608639,18.05604262071342,0.7017011117436269,Max Hötorget,2.0965,,4.193,,8.386,,16.772,,nogo
59.34616321835065,18.084653718650312,1.6408775656972099,Max Hamngatan,0.78522,,1.57044,,3.14088,,6.28176,,nogo
59.32498195377494,18.07414567763069,0.891863040427086,Max Hamngatan,1.4641,,2.9282,,5.8564,,11.7128,,nogo
59.34222128828193,18.07762997065505,1.0842129807756264,Max Hamngatan,1.0991300000000002,,2.1982600000000003,,4.396520000000001,,8.793040000000001,,nogo
59.30674268413532,18.088344137914365,1.321079067665397,Max Södermalm,0.8850399999999999,1.321079067665397,1.7700799999999999,2.642158135330794,3.5401599999999998,1.5852948811984762,7.0803199999999995,9.45490603305854,clear
59.333284381653904,18.042196162845457,0.5595955878633706,Max Kungsholmen,0.87297,,1.74594,,3.49188,,6.98376,,nogo
59.34113303127405,18.03454393876582,0.6454582081822692,Max Karolinska,0.47257,0.6454582081822692,0.94514,1.2909164163645384,1.89028,0.774549849818723,3.78056,5.130932532366523,clear
59.333870851537846,18.016624901360252,0.8989983582256769,Max Kungsholmen,0.56365,,1.1273,,2.2546,,4.5092,,nogo
59.33708239515422,18.079733957292397,0.6377925973091034,Max Hamngatan,1.60282,,3.20564,,6.41128,,12.82256,,nogo
59.34283955180587,18.043290394979277,0.45461120011961775,Max Odenplan,0.9936799999999999,0.45461120011961775,1.9873599999999998,0.9092224002392355,3.9747199999999996,0.5455334401435413,7.949439999999999,3.9095116807655534,clear
59.319058351731314,18.079915327971054,0.5430785723791022,Max Södermalm,1.0463,0.5430785723791022,2.0926,1.0861571447582044,4.1852,0.6516942868549226,8.3704,4.475702863226254,clear
59.31949886925376,18.06952141184147,0.4723298927939421,Max Södermalm,0.45677999999999996,0.4723298927939421,0.9135599999999999,0.9446597855878842,1.8271199999999999,0.5667958713527306,3.6542399999999997,4.022911313881229,clear
59.33052304064074,18.02505966131514,0.5565689659842991,Max Kungsholmen,1.06247,,2.12494,,4.24988,,8.49976,,nogo
59.339435165467265,18.079575292175296,0.843183972460471,Max Hamngatan,0.60537,,1.21074,,2.42148,,4.84296,,nogo
59.31742540357454,18.061504548728884,0.6869887702398393,Max Södermalm,1.4758900000000001,0.6869887702398393,2.9517800000000003,1.3739775404796786,5.903560000000001,0.8243865242878071,11.807120000000001,5.396728129534972,clear
59.33866637120687,18.04861585356237,0.4636801328598329,Max Odenplan,0.7399199999999999,0.4636801328598329,1.4798399999999998,0.9273602657196658,2.9596799999999996,0.5564161594317995,5.919359999999999,3.9675528503029307,clear
59.31672981660207,18.065265220738773,0.45981566637362026,Max Södermalm,0.48663999999999996,0.45981566637362026,0.9732799999999999,0.9196313327472405,1.9465599999999996,0.5517787996483443,3.8931199999999992,3.9428202647911696,clear
59.31414465777749,18.05211715716264,1.2050423593013315,Max Södermalm,1.5121600000000002,1.2050423593013315,3.0243200000000003,2.410084718602663,6.048640000000001,1.4460508311615978,12.097280000000001,8.712271099528522,clear
59.327776341457515,18.010785284734016,1.403094508201093,Max Kungsholmen,0.37335,,0.7467,,1.4934,,2.9868,,nogo
59.33062239703461,18.013856342123947,1.1147705876746412,Max Kungsholmen,0.6271100000000001,,1.2542200000000001,,2.5084400000000002,,5.0168800000000005,,nogo
59.30738235604747,18.067099323647717,0.9833771397546284,Max Södermalm,0.23868,0.9833771397546284,0.47736,1.9667542795092567,0.9547199999999999,1.180052567705554,1.9094399999999998,7.293613694429622,clear
59.34737061933412,18.079482913732285,1.637110621367113,Max Hötorget,1.24093,,2.48186,,4.96372,,9.92744,,nogo
59.34559126078011,18.065560812657505,0.8788965034085825,Max Odenplan,1.01137,0.8788965034085825,2.02274,1.757793006817165,4.04548,1.054675804090299,8.09096,6.624937621814928,clear
59.337566057274316,18.071688257577847,0.5184479607073912,Max Hamngatan,0.50052,,1.00104,,2.00208,,4.00416,,nogo
59.32119119526764,18.05258783880684,1.3186256236294462,Max Södermalm,0.34773000000000004,1.3186256236294462,0.6954600000000001,2.6372512472588925,1.3909200000000002,1.5823507483553354,2.7818400000000003,9.439203991228457,clear
59.32838503202464,18.02586966460432,0.7103259151139522,Max Kungsholmen,1.15778,,2.31556,,4.63112,,9.26224,,nogo
59.34809534767658,18.038285155129405,0.3174104742827076,Max Karolinska,0.64719,0.3174104742827076,1.29438,0.6348209485654152,2.58876,0.3808925691392491,5.17752,3.0314270354093287,clear
59.340043818806045,18.09864687201351,1.709423696158027,Max Hamngatan,0.22941999999999999,,0.45883999999999997,,0.9176799999999999,,1.8353599999999999,,nogo
59.34998770847898,18.051038157366456,0.8228439035305255,Max Odenplan,0.71505,0.8228439035305255,1.4301,1.645687807061051,2.8602,0.9874126842366306,5.7204,6.266200982595363,clear
59.336093309122425,18.056489216570437,0.34884657094166444,Max Hötorget,0.96457,,1.92914,,3.8582799999999997,,7.716559999999999,,nogo
59.33367043685754,18.077412244561106,0.31665241821837203,Max Hamngatan,0.81879,,1.63758,,3.27516,,6.55032,,nogo
59.34559718039726,18.100569382114664,2.1517828627600517,Max Hamngatan,0.14046,,0.28092,,0.56184,,1.12368,,nogo
59.31094775841354,18.063891944416063,0.7411306136402898,Max Södermalm,0.08608,0.7411306136402898,0.17216,1.4822612272805795,0.34432,0.8893567363683478,0.68864,5.743235927297855,clear
59.32805941995077,18.046381740332777,1.0210031973910907,Max Kungsholmen,1.35969,,2.71938,,5.43876,,10.87752,,nogo
59.30782941334601,18.083403468814705,1.052941867200776,Max Södermalm,0.90334,1.052941867200776,1.80668,2.105883734401552,3.61336,1.2635302406409312,7.22672,7.738827950084966,clear
59.320680157053516,18.05934942488549,0.9603056638451419,Max Södermalm,0.7106399999999999,0.9603056638451419,1.4212799999999999,1.9206113276902839,2.8425599999999998,1.1523667966141702,5.6851199999999995,7.145956248608908,clear
59.335800427807605,18.095163476617792,1.354305559331393,Max Hamngatan,0.75364,,1.50728,,3.01456,,6.02912,,nogo
59.33545363280758,18.078144768500767,0.44757097478930896,Max Hamngatan,0.47789,,0.95578,,1.9115599999999997,,3.8231199999999994,,nogo
59.341850731974326,18.069527509932566,0.8119258111680815,Max Hötorget,1.28776,,2.57552,,5.15104,,10.30208,,nogo
59.344172863859896,18.104663168996538,2.24002732479969,Max Hamngatan,1.48571,,2.97142,,5.94284,,11.88568,,nogo
59.330625538825906,18.034851739743928,0.3810792221715569,Max Kungsholmen,1.25739,,2.51478,,5.02956,,10.05912,,nogo
59.34534778729676,18.06790635904061,0.9950197899383925,Max Odenplan,0.7855,0.9950197899383925,1.571,1.990039579876785,3.142,1.194023747926071,6.284,7.368126655605712,clear
59.31653407108383,18.08956692045439,0.9446141002654141,Max Södermalm,1.43263,0.9446141002654141,2.86526,1.8892282005308283,5.73052,1.1335369203184968,11.46104,7.04553024169865,clear
59.35364559159605,18.087428223308653,2.397168071043208,Max Odenplan,0.81994,2.397168071043208,1.63988,4.794336142086416,3.27976,2.8766016852518494,6.55952,16.34187565467653,clear
59.334482674533795,17.998359410628662,1.9400288980309852,Max Kungsholmen,1.9661199999999999,,3.9322399999999997,,7.864479999999999,,15.728959999999997,,nogo
59.30590978823441,18.08238294815448,1.2094374818551707,Max Södermalm,1.4496,1.2094374818551707,2.8992,2.4188749637103415,5.7984,1.4513249782262048,11.5968,8.740399883873092,clear
59.33567461065624,18.034831746180508,0.24877046447057624,Max Kungsholmen,2.19681,,4.39362,,8.78724,,17.57448,,nogo
59.34498025803001,18.09916690973286,2.0464698654996845,Max Hamngatan,1.3339100000000002,,2.6678200000000003,,5.335640000000001,,10.671280000000001,,nogo
59.33459296205792,18.051841923962346,0.615597906739793,Max Hötorget,0.9302699999999999,,1.8605399999999999,,3.7210799999999997,,7.442159999999999,,nogo
59.34217318498104,18.112138780155878,2.503844504741089,Max Hamngatan,0.96092,,1.92184,,3.84368,,7.68736,,nogo
59.328854009231144,18.058419875337567,0.7766542147535738,Max Hötorget,0.75319,,1.50638,,3.01276,,6.02552,,nogo
59.31912000558419,18.0422602015189,1.7299892687515475,Max Kungsholmen,0.59173,,1.18346,,2.36692,,4.73384,,nogo
59.34389947950894,18.08099916766311,1.3253833089814289,Max Hamngatan,0.92075,,1.8415,,3.683,,7.366,,nogo
59.31699650776233,18.05134550293137,1.2458139077087165,Max Södermalm,1.00737,1.2458139077087165,2.01474,2.491627815417433,4.02948,1.4949766892504597,8.05896,8.973209009335786,clear
59.3370733925625,18.04737037976966,0.654610929691912,Max Odenplan,0.87099,,1.74198,,3.48396,,6.96792,,nogo
59.31885105418292,18.065108584070057,0.5755742709300757,Max Södermalm,1.16822,0.5755742709300757,2.33644,1.1511485418601515,4.67288,0.6906891251160909,9.34576,4.683675333952484,clear
59.34607754134204,18.067358616745828,0.9941498961321966,Max Odenplan,0.5612699999999999,0.9941498961321966,1.1225399999999999,1.9882997922643932,2.2450799999999997,1.192979875358636,4.4901599999999995,7.3625593352460585,clear
59.354886578148125,18.097238342713233,2.836370240248506,Max Hamngatan,0.57848,,1.15696,,2.31392,,4.62784,,nogo
59.338928474744385,18.100759173953833,1.7659996511212883,Max Hamngatan,1.50752,,3.01504,,6.03008,,12.06016,,nogo
59.34856579714908,18.07876936418602,1.7000665523050602,Max Odenplan,0.30163999999999996,1.7000665523050602,0.6032799999999999,3.4001331046101204,1.2065599999999999,2.0400798627660723,2.4131199999999997,11.880425934752385,clear
59.31391830201733,18.041199054401883,1.82526721479826,Max Södermalm,1.42693,1.82526721479826,2.85386,3.65053442959652,5.70772,2.190320657757912,11.41544,12.681710174708865,clear
59.350020360761704,18.099837407891705,2.4761629468922153,Max Hamngatan,1.49268,,2.98536,,5.97072,,11.94144,,nogo
59.34509490398427,18.08367174413202,1.509416601306788,Max Hamngatan,0.30091,,0.60182,,1.20364,,2.40728,,nogo
59.307356826127915,18.061771648848254,1.1272200947732032,Max Södermalm,1.6576,1.1272200947732032,3.3152,2.2544401895464063,6.6304,1.3526641137278437,13.2608,8.2142086065485,clear
59.32910541091841,18.059975327018215,0.7273875359069535,Max Hötorget,0.1259,,0.2518,,0.5036,,1.0072,,nogo
59.347461554206674,18.05939415113139,0.7119837248812245,Max Odenplan,1.33527,0.7119837248812245,2.67054,1.423967449762449,5.34108,0.8543804698574695,10.68216,5.556695839239837,clear
59.34055563416546,18.04729373624249,0.3210640870692529,Max Odenplan,0.892,0.3210640870692529,1.784,0.6421281741385058,3.568,0.3852769044831035,7.136,3.0548101572432182,clear
59.32988742259315,18.035587619492517,0.47299478391259225,Max Kungsholmen,1.5169000000000001,,3.0338000000000003,,6.0676000000000005,,12.135200000000001,,nogo
59.306846494391344,18.064368844333565,1.1003020895164204,Max Södermalm,0.8174600000000001,1.1003020895164204,1.6349200000000002,2.200604179032841,3.2698400000000003,1.3203625074197045,6.539680000000001,8.04193337290509,clear
59.32088363199866,18.072005801134384,0.5844039334329798,Max Södermalm,0.24728999999999998,,0.49457999999999996,,0.9891599999999998,,1.9783199999999996,,nogo
59.318437537032786,18.03168780769322,1.7132913339180236,Max Kungsholmen,0.9113600000000001,,1.8227200000000001,,3.6454400000000002,,7.2908800000000005,,nogo
59.30867411691184,18.068591149592013,0.8195237137742581,Max Södermalm,0.80347,0.8195237137742581,1.60694,1.6390474275485163,3.21388,0.9834284565291098,6.42776,6.244951768155252,clear
59.333599729871956,18.03745799172835,0.2877813356876872,Max Kungsholmen,1.03777,,2.07554,,4.15108,,8.30216,,nogo
59.31541535399715,18.071526040471074,0.09206645069905324,Max Södermalm,2.21903,0.09206645069905324,4.43806,0.18413290139810648,8.87612,0.11047974083886389,17.75224,1.5892252844739407,clear
59.34070422766364,18.08931882635171,1.311061078588477,Max Hamngatan,0.72566,,1.45132,,2.90264,,5.80528,,nogo
59.33055322884584,18.008493941160022,1.4094106913810864,Max Kungsholmen,1.3977,,2.7954,,5.5908,,11.1816,,nogo
59.315480703481875,18.034411452735913,2.045326151326808,Max Kungsholmen,0.85762,,1.71524,,3.43048,,6.86096,,nogo
59.34734708090454,18.066016689758186,0.9918729335314438,Max Odenplan,1.1661700000000002,0.9918729335314438,2.3323400000000003,1.9837458670628876,4.664680000000001,1.1902475202377325,9.329360000000001,7.347986774601241,clear
59.34853859891028,18.097554683159622,2.26620868358058,Max Hamngatan,0.9893,,1.9786,,3.9572000000000003,,7.9144000000000005,,nogo
59.31997018988685,18.054511401061458,1.1603427259168493,Max Södermalm,0.91424,1.1603427259168493,1.82848,2.3206854518336986,3.65696,1.3924112711002192,7.31392,8.426193445867835,clear
59.33499742882907,18.014416916714158,1.0330993916641495,Max Kungsholmen,1.04905,,2.0981,,4.1962,,8.3924,,nogo
59.35416445402606,18.100363970189004,2.8634244954607024,Max Hamngatan,0.36543000000000003,,0.7308600000000001,,1.4617200000000001,,2.9234400000000003,,nogo
59.31293643943726,18.091137166448934,1.0730998281970243,Max Södermalm,1.0911199999999999,1.0730998281970243,2.1822399999999997,2.1461996563940486,4.3644799999999995,1.287719793836429,8.728959999999999,7.8678389004609555,clear
59.319411532197094,18.070551023440828,0.44118585382307207,Max Södermalm,1.4758900000000001,0.44118585382307207,2.9517800000000003,0.8823717076461441,5.903560000000001,0.5294230245876865,11.807120000000001,3.8235894644676613,clear
59.33851070114036,18.07112488948783,0.593736592066175,Max Hötorget,0.82757,,1.65514,,3.31028,,6.62056,,nogo
59.34889122722327,18.05858912039944,0.8151319103304809,Max Odenplan,0.5718,0.8151319103304809,1.1436,1.6302638206609619,2.2872,0.9781582923965771,4.5744,6.216844226115078,clear
59.33616490510581,18.01297127883473,1.1374924269896642,Max Kungsholmen,0.26818000000000003,,0.5363600000000001,,1.0727200000000001,,2.1454400000000002,,nogo
59.346216099344375,18.099722439331714,2.162301894467042,Max Hamngatan,0.5709099999999999,,1.1418199999999998,,2.2836399999999997,,4.567279999999999,,nogo
59.352640570543315,18.105425383191275,2.9043907607096973,Max Hamngatan,1.02406,,2.04812,,4.09624,,8.19248,,nogo
59.33626170564229,18.08187374683401,0.6720490907287195,Max Hamngatan,0.48160000000000003,,0.9632000000000001,,1.9264,,3.8528,,nogo
59.34991425295433,18.080514076544357,1.8527891343931002,Max Odenplan,0.37456,1.8527891343931002,0.74912,3.7055782687862004,1.49824,2.2233469612717203,2.99648,12.857850460115841,clear
59.339512693758905,18.05566323189528,0.4255298476406245,Max Odenplan,0.52938,0.4255298476406245,1.05876,0.851059695281249,2.11752,0.5106358171687495,4.23504,3.723391024899997,clear
59.31888582321903,18.04005599228816,1.7187444519371888,Max Kungsholmen,0.81511,,1.63022,,3.26044,,6.52088,,nogo
59.337552587998424,18.010982975909737,1.2892174104828307,Max Kungsholmen,0.86087,,1.72174,,3.44348,,6.88696,,nogo
59.351806900614676,18.081606959219037,2.007841863625655,Max Odenplan,0.67696,2.007841863625655,1.35392,4.01568372725131,2.70784,2.409410236350786,5.41568,13.850187927204193,clear
59.349168884195144,18.08561033991187,1.9682195645042322,Max Hamngatan,1.00402,,2.00804,,4.01608,,8.03216,,nogo
59.342079824124056,18.085739221783257,1.2842426792674755,Max Hamngatan,0.57774,,1.15548,,2.31096,,4.62192,,nogo
59.333682711492294,18.077518224771744,0.32283132057446845,Max Hamngatan,0.65423,,1.30846,,2.61692,,5.23384,,nogo
59.33012459982177,18.072202407600038,0.31106611977005316,Max Hamngatan,1.03253,,2.06506,,4.13012,,8.26024,,nogo
59.35017709091082,18.080673081163074,1.8739148555371383,Max Odenplan,0.47591,1.8739148555371383,0.95182,3.7478297110742766,1.9036400000000002,2.248697826644566,3.8072800000000004,12.993055075437685,clear
59.3098246000332,18.099400224295177,1.6348582276552386,Max Södermalm,1.02939,1.6348582276552386,2.05878,3.269716455310477,4.11756,1.9618298731862862,8.23512,11.463092656993528,clear
59.33244066521891,18.037515717997547,0.327887797988669,Max Kungsholmen,0.74417,,1.48834,,2.97668,,5.95336,,nogo
59.33519477513717,18.07828301696298,0.4363134003769025,Max Hamngatan,0.14316,,0.28632,,0.57264,,1.14528,,nogo
59.333889094965926,18.030498017169204,0.10967756798066618,Max Kungsholmen,0.71729,,1.43458,,2.86916,,5.73832,,nogo
59.3470449426562,18.10664946962038,2.520841621272889,Max Hamngatan,0.5742999999999999,,1.1485999999999998,,2.2971999999999997,,4.594399999999999,,nogo
59.34477552564306,18.03657268076133,0.3025274109209357,Max Karolinska,0.6604800000000001,0.3025274109209357,1.3209600000000001,0.6050548218418714,2.6419200000000003,0.3630328931051228,5.2838400000000005,2.9361754298939884,clear
59.329630642919994,18.014070233684507,1.143634022735472,Max Kungsholmen,0.46970999999999996,,0.9394199999999999,,1.8788399999999996,,3.7576799999999992,,nogo
59.32702402467178,18.024379826743218,0.8839275103465424,Max Kungsholmen,0.95985,,1.9197,,3.8394000000000004,,7.678800000000001,,nogo
59.334890461683855,18.008604140381866,1.3607886693253444,Max Kungsholmen,0.67891,,1.35782,,2.71564,,5.43128,,nogo
59.34755051004237,18.087693177250205,1.8575671306713408,Max Hamngatan,0.5231699999999999,,1.0463399999999998,,2.0926799999999997,,4.185359999999999,,nogo
59.33099550449695,18.048945429299984,0.9211134649304844,Max Hötorget,0.70947,,1.41894,,2.83788,,5.67576,,nogo
59.34828941111563,18.10376851519109,2.488252264178748,Max Hamngatan,0.72511,,1.45022,,2.90044,,5.80088,,nogo
59.33466794180104,18.04082215928341,0.4876791420716687,Max Kungsholmen,0.7296900000000001,,1.4593800000000001,,2.9187600000000002,,5.8375200000000005,,nogo
59.34694538301122,18.047403132834358,0.5314108860441449,Max Odenplan,0.7953600000000001,0.5314108860441449,1.5907200000000001,1.0628217720882898,3.1814400000000003,0.6376930632529738,6.3628800000000005,4.401029670682528,clear
59.347493896563385,18.0371421043124,0.2324894118561886,Max Karolinska,0.9412200000000001,0.2324894118561886,1.8824400000000001,0.4649788237123772,3.76488,0.27898729422742635,7.52976,2.487932235879607,clear
59.34348858889867,18.084993194018992,1.3892285576206387,Max Hamngatan,0.79769,,1.59538,,3.19076,,6.38152,,nogo
59.35112347656455,18.09870232159722,2.532709663438657,Max Hamngatan,0.87397,,1.74794,,3.49588,,6.99176,,nogo
59.31614851716147,18.05500923709425,1.02974078503057,Max Södermalm,0.75436,1.02974078503057,1.50872,2.05948157006114,3.01744,1.2356889420366841,6.03488,7.590341024195649,clear
59.328834774783836,18.01416254530828,1.1778980181425414,Max Kungsholmen,0.53276,,1.06552,,2.13104,,4.26208,,nogo
59.343530323900204,18.110979654670125,2.511385652359742,Max Hamngatan,0.78463,,1.56926,,3.13852,,6.27704,,nogo
59.326748759142035,18.073991960169955,0.6958634127294437,Max Hamngatan,0.96981,,1.93962,,3.8792400000000002,,7.7584800000000005,,nogo
59.317692789142235,18.03088362796666,1.7978772764510609,Max Kungsholmen,1.08447,,2.16894,,4.33788,,8.67576,,nogo
59.33990438167323,18.045639594390263,0.43914261127738324,Max Odenplan,0.45529000000000003,0.43914261127738324,0.9105800000000001,0.8782852225547665,1.8211600000000001,0.5269711335328598,3.6423200000000002,3.8105127121752527,clear
59.34055929824185,18.05033884191554,0.2336300261827161,Max Odenplan,0.7205,0.2336300261827161,1.441,0.4672600523654322,2.882,0.2803560314192593,5.764,2.495232167569383,clear
59.34179110891479,18.09806804651954,1.780556803569781,Max Hamngatan,0.55844,,1.11688,,2.23376,,4.46752,,nogo
59.33141169400653,18.0858485994919,0.8031760017538518,Max Hamngatan,1.02405,,2.0481,,4.0962,,8.1924,,nogo
59.345914896366686,18.068160953338342,1.0297225248299013,Max Odenplan,0.53323,1.0297225248299013,1.06646,2.0594450496598027,2.13292,1.2356670297958816,4.26584,7.590224158911369,clear
59.34420268907851,18.09688682620736,1.891845399330948,Max Hamngatan,0.7883600000000001,,1.5767200000000001,,3.1534400000000002,,6.3068800000000005,,nogo
59.35482458219108,18.088134917396623,2.500746509044102,Max Odenplan,0.6276799999999999,2.500746509044102,1.2553599999999998,5.001493018088204,2.5107199999999996,3.0008958108529225,5.021439999999999,17.00477765788225,clear
59.31165734867147,18.08297789867704,0.7197312220216405,Max Södermalm,0.62061,0.7197312220216405,1.24122,1.439462444043281,2.48244,0.8636774664259685,4.96488,5.606279820938499,clear
59.332414805340896,18.016638115090213,0.9116377711685086,Max Kungsholmen,0.7074,,1.4148,,2.8296,,5.6592,,nogo
59.345175324747515,18.07124992860624,1.1726739090246312,Max Odenplan,0.83278,1.1726739090246312,1.66556,2.3453478180492624,3.33112,1.4072086908295574,6.66224,8.50511301775764,clear
59.31209566481015,18.09611540929316,1.3715821272411985,Max Södermalm,0.46253,1.3715821272411985,0.92506,2.743164254482397,1.85012,1.645898552689438,3.70024,9.77812561434367,clear
59.33352364717125,18.079738331826295,0.4428955638477993,Max Hamngatan,0.96005,,1.9201,,3.8402,,7.6804,,nogo
59.31046741780971,18.09892029282792,1.5822173932397499,Max Södermalm,0.66395,1.5822173932397499,1.3279,3.1644347864794997,2.6558,1.8986608718876998,5.3116,11.126191316734399,clear
59.34654659347801,18.098862226799298,2.1527170690166835,Max Hamngatan,0.93901,,1.87802,,3.75604,,7.51208,,nogo
59.34142416799286,18.039694289748557,0.6714378669567063,Max Odenplan,0.80943,0.6714378669567063,1.61886,1.3428757339134125,3.23772,0.8057254403480475,6.47544,5.29720234852292,clear
59.309949513782186,18.081345207913138,0.7923424606470332,Max Södermalm,0.20921,0.7923424606470332,0.41842,1.5846849212940664,0.83684,0.9508109527764399,1.67368,6.0709917481410125,clear
59.31824495909829,18.07773795681464,0.39155602244254445,Max Södermalm,0.27403,0.39155602244254445,0.54806,0.7831120448850889,1.09612,0.46986722693105337,2.19224,3.5059585436322847,clear
59.30987193120673,18.066144531292437,0.7563157219708776,Max Södermalm,0.76298,0.7563157219708776,1.52596,1.5126314439417552,3.05192,0.9075788663650531,6.10384,5.840420620613616,clear
59.31991674022254,18.067948038395663,0.5560764194900204,Max Södermalm,0.46538,0.5560764194900204,0.93076,1.1121528389800408,1.86152,0.6672917033880245,3.72304,4.558889084736131,clear
59.33294385650598,18.097208137914503,1.4320681444865349,Max Hamngatan,1.07738,,2.15476,,4.30952,,8.61904,,nogo
59.35658747399917,18.099586175548826,3.067430714544147,Max Hamngatan,0.44013,,0.88026,,1.76052,,3.52104,,nogo
59.33479456720591,17.99729040773613,2.002418427195274,Max Kungsholmen,0.86829,,1.73658,,3.47316,,6.94632,,nogo
59.319618534273424,18.075746832841336,0.4660392445245825,Max Södermalm,0.67986,0.4660392445245825,1.35972,0.932078489049165,2.71944,0.559247093429499,5.43888,3.982651164957328,clear
59.343738421179005,18.034841766742776,0.36264312573732205,Max Karolinska,0.38853,0.36264312573732205,0.77706,0.7252862514746441,1.55412,0.4351717508847865,3.10824,3.3209160047188613,clear
59.33448350636018,18.05734179971383,0.31537599662842897,Max Hötorget,0.66831,,1.33662,,2.67324,,5.34648,,nogo
59.339583482799135,18.069481428307803,0.6032010833014116,Max Hötorget,0.46082999999999996,,0.9216599999999999,,1.8433199999999998,,3.6866399999999997,,nogo
59.31639677260048,18.086893955825563,0.7916307124464943,Max Södermalm,0.50057,0.7916307124464943,1.00114,1.5832614248929886,2.00228,0.9499568549357931,4.00456,6.066436559657563,clear
59.3324785548185,18.095556443672958,1.3389466212232097,Max Hamngatan,0.7754800000000001,,1.5509600000000001,,3.1019200000000002,,6.2038400000000005,,nogo
59.31692658445283,18.05415953812183,1.0858343127929349,Max Södermalm,0.80868,1.0858343127929349,1.61736,2.1716686255858697,3.23472,1.3030011753515218,6.46944,7.949339601874783,clear
59.31130861905552,18.08961894485485,1.0603087111564162,Max Södermalm,0.4595,1.0603087111564162,0.919,2.1206174223128325,1.838,1.2723704533876996,3.676,7.785975751401065,clear
59.33113151875829,18.068832462620083,0.27023012806832036,Max Hamngatan,0.44672,,0.89344,,1.78688,,3.57376,,nogo
59.336119518432724,18.037162495417995,0.37274072011341713,Max Kungsholmen,0.35542,,0.71084,,1.42168,,2.84336,,nogo
59.32728553988104,18.055064192646462,1.0089946881153673,Max Hötorget,0.46033999999999997,,0.9206799999999999,,1.8413599999999999,,3.6827199999999998,,nogo
