latitude,longitude,geodisc_distant,restaurant,moped_delivery_distance,drone_delivery_distance,moped_travel_distance,drone_travel_distance,moped_delivery_time,drone_delivery_time,moped_unavailability_time,drone_unavailability_time,penalized_distance,penalized_drone_unavailability_time,no_fly_status
59.3484329289637,18.04472442413387,0.6761392624497794,Max Karolinska,1.0251199999999998,0.6761392624497794,2.0502399999999996,1.3522785248995588,4.100479999999999,0.8113671149397353,8.200959999999998,5.3272912796785885,1.3522785248995588,5.3272912796785885,clear
59.35072314444629,18.10485082876758,2.7238691564035244,Max Hamngatan,0.76302,2.7238691564035244,1.52604,5.447738312807049,3.05208,3.2686429876842293,6.10416,18.432762600982556,,,nogo
59.33816822868978,18.069010946074414,0.47426162544444883,Max Hötorget,0.6867000000000001,0.47426162544444883,1.3734000000000002,0.9485232508888977,2.7468000000000004,0.5691139505333386,5.493600000000001,4.035274402844473,,,nogo
59.34222462485758,18.069357465112695,0.8439240533281851,Max Hötorget,0.68447,0.8439240533281851,1.36894,1.6878481066563702,2.73788,1.0127088639938222,5.47576,6.401113941300385,,,nogo
59.31563800927102,18.09136385347688,1.0419978483818073,Max Södermalm,0.72592,1.0419978483818073,1.45184,2.0839956967636146,2.90368,1.2503974180581687,5.80736,7.668786229643567,2.0839956967636146,7.668786229643567,clear
59.332505616106666,18.006219379080342,1.4983559961678594,Max Kungsholmen,1.01582,1.4983559961678594,2.03164,2.996711992335719,4.06328,1.7980271954014313,8.12656,10.5894783754743,,,nogo
59.33246113479535,18.065385727774732,0.3765611304780748,Max Hötorget,0.6347,0.3765611304780748,1.2694,0.7531222609561496,2.5388,0.45187335657368977,5.0776,3.409991235059679,,,nogo
59.33550655735316,17.9982245108618,1.9553688414098829,Max Kungsholmen,0.4126,1.9553688414098829,0.8252,3.9107376828197657,1.6504,2.3464426096918594,3.3008,13.514360585023251,,,nogo
59.33290327247786,18.060368468471896,0.3144307371389838,Max Hötorget,0.4858,0.3144307371389838,0.9716,0.6288614742779676,1.9432,0.3773168845667806,3.8864,3.0123567176894963,,,nogo
59.318363855668224,18.04279805076149,1.7496912170716286,Max Södermalm,0.43015,1.7496912170716286,0.8603,3.499382434143257,1.7206,2.099629460485954,3.4412,12.198023789258421,3.499382434143257,12.198023789258421,clear
59.31223129030276,18.040399015147056,1.8993983441966815,Max Södermalm,0.41487,1.8993983441966815,0.82974,3.798796688393363,1.65948,2.279278013036018,3.31896,13.156149402858762,3.798796688393363,13.156149402858762,clear
59.335246537205094,18.078296528053016,0.4403143236706506,Max Hamngatan,0.32729,0.4403143236706506,0.65458,0.8806286473413012,1.30916,0.5283771884047808,2.61832,3.818011671492164,,,nogo
59.3338891432194,18.077070116016497,0.3056915179866576,Max Hamngatan,0.71368,0.3056915179866576,1.42736,0.6113830359733152,2.85472,0.36682982158398914,5.70944,2.9564257151146087,,,nogo
59.31411930496,18.056676196814053,0.9491982481567905,Max Södermalm,0.7327899999999999,0.9491982481567905,1.4655799999999999,1.898396496313581,2.9311599999999998,1.1390378977881486,5.8623199999999995,7.074868788203459,1.898396496313581,7.074868788203459,clear
59.310246175292754,18.094470507354355,1.3603275363544882,Max Södermalm,0.49497,1.3603275363544882,0.98994,2.7206550727089764,1.97988,1.6323930436253857,3.95976,9.706096232668724,2.7206550727089764,9.706096232668724,clear
59.34989226521422,18.055169273182255,0.8419268313881515,Max Odenplan,0.5892999999999999,0.8419268313881515,1.1785999999999999,1.683853662776303,2.3571999999999997,1.0103121976657818,4.7143999999999995,6.388331720884169,1.683853662776303,6.388331720884169,clear
59.31514858644039,18.101976293133514,1.6473741276015728,Max Södermalm,0.32925,1.6473741276015728,0.6585,3.2947482552031455,1.317,1.9768489531218874,2.634,11.543194416650065,3.2947482552031455,11.543194416650065,clear
59.32870091190666,18.07930617941989,0.6254109861500066,Max Hamngatan,1.16407,0.6254109861500066,2.32814,1.2508219723000131,4.65628,0.7504931833800079,9.31256,5.002630311360042,,,nogo
59.32951098754748,18.00959882066135,1.3845383325693934,Max Kungsholmen,0.79922,1.3845383325693934,1.59844,2.769076665138787,3.19688,1.6614459990832722,6.39376,9.861045328444117,,,nogo
59.34526083160863,18.096750951922797,1.9666074404638794,Max Hamngatan,0.6582899999999999,1.9666074404638794,1.3165799999999999,3.9332148809277587,2.6331599999999997,2.359928928556655,5.2663199999999994,13.586287618968829,,,nogo
59.337850027324684,18.019939325208266,0.8407172108737689,Max Kungsholmen,0.5522100000000001,0.8407172108737689,1.1044200000000002,1.6814344217475379,2.2088400000000004,1.0088606530485227,4.417680000000001,6.380590149592122,,,nogo
59.33246549378023,17.998452717761268,1.939153335046544,Max Kungsholmen,0.63112,1.939153335046544,1.26224,3.878306670093088,2.52448,2.3269840020558528,5.04896,13.410581344297881,,,nogo
59.33879707649738,18.08286294380626,0.8989371586961524,Max Hamngatan,0.225,0.8989371586961524,0.45,1.7978743173923049,0.9,1.0787245904353828,1.8,6.753197815655375,,,nogo
59.33246100632718,18.016301197213725,0.929690846320135,Max Kungsholmen,0.5804900000000001,0.929690846320135,1.1609800000000001,1.85938169264027,2.3219600000000002,1.115629015584162,4.6439200000000005,6.950021416448864,,,nogo
59.33683218240239,18.029071589601127,0.3866009300761302,Max Kungsholmen,0.66515,0.3866009300761302,1.3303,0.7732018601522604,2.6606,0.4639211160913563,5.3212,3.4742459524872333,,,nogo
59.34561595499116,18.08183435699935,1.5204651637000668,Max Hamngatan,0.89193,1.5204651637000668,1.78386,3.0409303274001336,3.56772,1.82455819644008,7.13544,10.730977047680428,,,nogo
59.332511641429036,18.069734123248054,0.1392242941713485,Max Hamngatan,0.54242,0.1392242941713485,1.08484,0.278448588342697,2.16968,0.1670691530056182,4.33936,1.8910354826966302,,,nogo
59.310719462687594,18.096801475164803,1.459748256555302,Max Södermalm,0.86898,1.459748256555302,1.73796,2.919496513110604,3.47592,1.7516979078663624,6.95184,10.342388841953932,2.919496513110604,10.342388841953932,clear
59.341724957665114,18.10119294474015,1.927228332230393,Max Hamngatan,0.75298,1.927228332230393,1.50596,3.854456664460786,3.01192,2.3126739986764715,6.02384,13.334261326274515,,,nogo
59.315519084128795,18.10117724547933,1.600936221726074,Max Södermalm,0.80843,1.600936221726074,1.61686,3.201872443452148,3.23372,1.9211234660712888,6.46744,11.245991819046875,3.201872443452148,11.245991819046875,clear
59.318903174593004,18.069636040237995,0.41016282394406733,Max Södermalm,0.35231999999999997,0.41016282394406733,0.7046399999999999,0.8203256478881347,1.4092799999999999,0.4921953887328808,2.8185599999999997,3.6250420732420308,0.8203256478881347,3.6250420732420308,clear
59.35642251971305,18.08685103351877,2.543400601905748,Max Odenplan,1.06433,2.543400601905748,2.12866,5.086801203811496,4.25732,3.0520807222868975,8.51464,17.277763852196788,5.086801203811496,17.277763852196788,clear
59.31455368577438,18.095428565623955,1.2795040396091315,Max Södermalm,0.5373300000000001,1.2795040396091315,1.0746600000000002,2.559008079218263,2.1493200000000003,1.5354048475309579,4.298640000000001,9.188825853498441,2.559008079218263,9.188825853498441,clear
59.336318087883676,18.019216537368155,0.8016027387120291,Max Kungsholmen,0.54506,0.8016027387120291,1.09012,1.6032054774240583,2.18024,0.9619232864544349,4.36048,6.130257527756987,,,nogo
59.320363286243804,18.04527752137859,1.6667220019543347,Max Södermalm,0.8885700000000001,1.6667220019543347,1.7771400000000002,3.3334440039086695,3.5542800000000003,2.0000664023452015,7.108560000000001,11.667020812507742,3.3334440039086695,11.667020812507742,clear
59.345969102843156,18.0989361742296,2.1108889704292997,Max Hamngatan,0.8297,2.1108889704292997,1.6594,4.221777940858599,3.3188,2.53306676451516,6.6376,14.50968941074752,,,nogo
59.35373257814627,18.088597840886585,2.4593873506612547,Max Odenplan,0.66901,2.4593873506612547,1.33802,4.918774701322509,2.67604,2.9512648207935053,5.35208,16.74007904423203,4.918774701322509,16.74007904423203,clear
59.33625656179353,18.096889877217002,1.4620409979510536,Max Hamngatan,1.10658,1.4620409979510536,2.21316,2.924081995902107,4.42632,1.7544491975412644,8.85264,10.357062386886742,,,nogo
59.33926033933875,18.005991774904643,1.621896703371862,Max Kungsholmen,0.45896,1.621896703371862,0.91792,3.243793406743724,1.83584,1.9462760440462348,3.67168,11.380138901579919,,,nogo
59.31147017028801,18.09645532706556,1.4116474202847773,Max Södermalm,0.23704,1.4116474202847773,0.47408,2.8232948405695546,0.94816,1.6939769043417328,1.89632,10.034543489822575,2.8232948405695546,10.034543489822575,clear
59.33211230159983,18.039544673465286,0.4476291053248316,Max Kungsholmen,0.71838,0.4476291053248316,1.43676,0.8952582106496632,2.87352,0.5371549263897979,5.74704,3.864826274078922,,,nogo
59.33747642838854,18.05994641115499,0.26363045332056406,Max Hötorget,1.13451,0.26363045332056406,2.26902,0.5272609066411281,4.53804,0.3163565439846769,9.07608,2.68723490125161,,,nogo
59.347277708503334,18.087826257883314,1.8346486325752396,Max Hamngatan,0.34508999999999995,1.8346486325752396,0.6901799999999999,3.669297265150479,1.3803599999999998,2.2015783590902873,2.7607199999999996,12.741751248481533,,,nogo
59.32579787499973,18.073787194428927,0.7990957039297502,Max Hamngatan,0.7203999999999999,0.7990957039297502,1.4407999999999999,1.5981914078595003,2.8815999999999997,0.9589148447157001,5.763199999999999,6.114212505150401,,,nogo
59.345325511282674,18.083810204275995,1.5359661268794411,Max Hamngatan,0.6212300000000001,1.5359661268794411,1.2424600000000001,3.0719322537588822,2.4849200000000002,1.8431593522553293,4.9698400000000005,10.830183212028423,,,nogo
59.31084167144639,18.085627262386147,0.8947278447745934,Max Södermalm,1.15145,0.8947278447745934,2.3029,1.7894556895491869,4.6058,1.073673413729512,9.2116,6.726258206557398,1.7894556895491869,6.726258206557398,clear
59.32567167671299,18.073168387961857,0.8095155310931574,Max Hamngatan,0.28802999999999995,0.8095155310931574,0.5760599999999999,1.6190310621863149,1.1521199999999998,0.9714186373117888,2.3042399999999996,6.180899398996207,,,nogo
59.34802168116628,18.101114428914673,2.359598177082133,Max Hamngatan,0.36760000000000004,2.359598177082133,0.7352000000000001,4.719196354164266,1.4704000000000002,2.8315178124985594,2.9408000000000003,16.10142833332565,,,nogo
59.33862639667506,18.095719661304134,1.4898763360061023,Max Hamngatan,0.73568,1.4898763360061023,1.47136,2.9797526720122045,2.94272,1.7878516032073228,5.88544,10.535208550439055,,,nogo
59.31658107433398,18.094031302056482,1.198229946635684,Max Södermalm,0.74409,1.198229946635684,1.48818,2.396459893271368,2.97636,1.4378759359628208,5.95272,8.668671658468378,2.396459893271368,8.668671658468378,clear
59.333254133075194,18.094735685036362,1.2918780050113645,Max Hamngatan,0.65767,1.2918780050113645,1.31534,2.583756010022729,2.63068,1.5502536060136374,5.26136,9.268019232072733,,,nogo
59.32833853745652,18.0370398518738,0.6641129434211777,Max Kungsholmen,0.6145,0.6641129434211777,1.229,1.3282258868423553,2.458,0.7969355321054132,4.916,5.250322837895537,,,nogo
59.30414751934936,18.072843602393682,1.2832015888083887,Max Södermalm,0.98909,1.2832015888083887,1.97818,2.5664031776167775,3.95636,1.5398419065700666,7.91272,9.212490168373687,2.5664031776167775,9.212490168373687,clear
59.32807519496278,18.020151659240167,0.9466388352378287,Max Kungsholmen,0.66796,0.9466388352378287,1.33592,1.8932776704756573,2.67184,1.1359666022853945,5.34368,7.058488545522104,,,nogo
59.32982171799161,18.07140709924111,0.3466134277174208,Max Hamngatan,0.85011,0.3466134277174208,1.70022,0.6932268554348416,3.40044,0.41593611326090496,6.80088,3.2183259373914934,,,nogo
59.34711451339808,18.05171436123614,0.5033111596166546,Max Odenplan,0.25933,0.5033111596166546,0.51866,1.0066223192333092,1.03732,0.6039733915399856,2.07464,4.22119142154659,1.0066223192333092,4.22119142154659,clear
59.33253740961972,18.072102066622474,0.04226340141933664,Max Hamngatan,1.04386,0.04226340141933664,2.08772,0.08452680283867328,4.17544,0.050716081703203963,8.35088,1.2704857690837545,,,nogo
59.335915197519995,18.064731208509,0.13444740095055854,Max Hötorget,0.8299099999999999,0.13444740095055854,1.6598199999999999,0.2688948019011171,3.3196399999999997,0.16133688114067024,6.639279999999999,1.8604633660835748,,,nogo
59.33508170071584,18.06162497969355,0.06899181027550849,Max Hötorget,0.83827,0.06899181027550849,1.67654,0.13798362055101698,3.35308,0.08279017233061019,6.70616,1.4415475857632543,,,nogo
59.34272120646423,18.08216153610628,1.2346779438501716,Max Hamngatan,0.74605,1.2346779438501716,1.4921,2.469355887700343,2.9842,1.481613532620206,5.9684,8.901938840641098,,,nogo
59.31309026419618,18.041540471232103,1.8182147841982097,Max Södermalm,0.57541,1.8182147841982097,1.15082,3.6364295683964194,2.30164,2.181857741037852,4.60328,12.636574618868543,3.6364295683964194,12.636574618868543,clear
59.31459528321847,18.043389117947033,1.694318024142465,Max Södermalm,0.26452,1.694318024142465,0.52904,3.38863604828493,1.05808,2.033181628970958,2.11616,11.843635354511775,3.38863604828493,11.843635354511775,clear
59.33254891628233,18.05853734948441,0.3994661569885714,Max Hötorget,1.02449,0.3994661569885714,2.04898,0.7989323139771428,4.09796,0.4793593883862857,8.19592,3.556583404726857,,,nogo
59.3411546450263,18.102166574040737,1.944347195259205,Max Hamngatan,0.26579,1.944347195259205,0.53158,3.88869439051841,1.06316,2.333216634311046,2.12632,13.443822049658912,,,nogo
59.306490161375265,18.073082658759663,1.0221678132066567,Max Södermalm,0.8297,1.0221678132066567,1.6594,2.0443356264133135,3.3188,1.2266013758479881,6.6376,7.541874004522603,2.0443356264133135,7.541874004522603,clear
59.33483562717469,18.066889562917133,0.26021775108754813,Max Hötorget,1.37231,0.26021775108754813,2.74462,0.5204355021750963,5.48924,0.3122613013050578,10.97848,2.665393606960308,,,nogo
59.31316124222352,18.102109158230014,1.677348404632606,Max Södermalm,0.77163,1.677348404632606,1.54326,3.354696809265212,3.08652,2.012818085559127,6.17304,11.735029789648678,3.354696809265212,11.735029789648678,clear
59.34740985583206,18.109376264916623,2.6682195651489597,Max Hamngatan,0.62974,2.6682195651489597,1.25948,5.3364391302979195,2.51896,3.2018634781787516,5.03792,18.076605216953343,,,nogo
59.333357422175766,17.998043160771026,1.9572811550707758,Max Kungsholmen,0.85621,1.9572811550707758,1.71242,3.9145623101415516,3.42484,2.348737386084931,6.84968,13.526599392452965,,,nogo
59.342947775151515,18.070819034679047,0.9544887303969728,Max Hötorget,0.30189,0.9544887303969728,0.60378,1.9089774607939456,1.20756,1.1453864764763673,2.41512,7.108727874540626,,,nogo
59.33975327672886,18.081935051969438,0.9469886627056052,Max Hamngatan,0.4599,0.9469886627056052,0.9198,1.8939773254112104,1.8396,1.1363863952467261,3.6792,7.060727441315873,,,nogo
59.31909912290789,18.055199379807686,1.0869776951290693,Max Södermalm,0.71041,1.0869776951290693,1.42082,2.1739553902581386,2.84164,1.3043732341548833,5.68328,7.956657248826044,2.1739553902581386,7.956657248826044,clear
59.31011388485647,18.069089283307132,0.658661616858174,Max Södermalm,3.28192,0.658661616858174,6.56384,1.317323233716348,13.12768,0.7903939402298089,26.25536,5.215434347892314,1.317323233716348,5.215434347892314,clear
59.353823977630526,18.097745223079496,2.7501137686938923,Max Hamngatan,0.76328,2.7501137686938923,1.52656,5.500227537387785,3.05312,3.300136522432671,6.10624,18.600728119640912,,,nogo
59.35193935105636,18.09634725334798,2.5304122069149253,Max Hamngatan,0.42767,2.5304122069149253,0.85534,5.060824413829851,1.71068,3.0364946482979107,3.42136,17.194638124255523,,,nogo
59.34723989871029,18.08616551037099,1.7865317329459611,Max Hamngatan,0.8747699999999999,1.7865317329459611,1.7495399999999999,3.5730634658919223,3.4990799999999997,2.1438380795351533,6.9981599999999995,12.433803090854152,,,nogo
59.34908907848471,18.0682512622804,1.2067171655846125,Max Odenplan,2.93217,1.2067171655846125,5.86434,2.413434331169225,11.72868,1.4480605987015351,23.45736,8.72298985974152,2.413434331169225,8.72298985974152,clear
59.34995602415076,18.095711377632153,2.3273773046439854,Max Hamngatan,1.21874,2.3273773046439854,2.43748,4.654754609287971,4.87496,2.7928527655727824,9.74992,15.895214749721507,,,nogo
59.34153068202525,18.110831679335583,2.4068451448926167,Max Hamngatan,1.9903199999999999,2.4068451448926167,3.9806399999999997,4.813690289785233,7.96128,2.88821417387114,15.92256,16.403808927312745,,,nogo
59.33375471066596,18.083334153081655,0.6491195902918256,Max Hamngatan,0.15556,0.6491195902918256,0.31112,1.2982391805836513,0.62224,0.7789435083501908,1.24448,5.154365377867684,,,nogo
59.35632402595107,18.09286319422029,2.817295252357417,Max Odenplan,2.7295,2.817295252357417,5.459,5.634590504714834,10.918,3.3807543028289,21.836,19.030689615087468,5.634590504714834,19.030689615087468,clear
59.32884552838699,18.050664428326037,1.0024907476324285,Max Hötorget,2.99879,1.0024907476324285,5.99758,2.004981495264857,11.99516,1.2029888971589142,23.99032,7.4159407848475425,,,nogo
59.342753919571706,18.028815292870245,0.524654504134184,Max Karolinska,2.1637,0.524654504134184,4.3274,1.049309008268368,8.6548,0.6295854049610209,17.3096,4.357788826458778,1.049309008268368,4.357788826458778,clear
59.31509470830489,18.036302535098418,2.094642572744717,Max Södermalm,2.2239,2.094642572744717,4.4478,4.189285145489434,8.8956,2.5135710872936605,17.7912,14.40571246556619,4.189285145489434,14.40571246556619,clear
59.31302072648081,18.090247026487138,1.0218356752675986,Max Södermalm,0.9167799999999999,1.0218356752675986,1.8335599999999999,2.043671350535197,3.6671199999999997,1.2262028103211182,7.334239999999999,7.539748321712631,2.043671350535197,7.539748321712631,clear
59.305254295466526,18.081155329445043,1.247992532123634,Max Södermalm,2.02224,1.247992532123634,4.04448,2.495985064247268,8.08896,1.4975910385483608,16.17792,8.987152205591258,2.495985064247268,8.987152205591258,clear
59.32500894171318,18.076292904600333,0.9133665624358152,Max Hamngatan,0.9477899999999999,0.9133665624358152,1.8955799999999998,1.8267331248716303,3.7911599999999996,1.096039874922978,7.582319999999999,6.845545999589216,,,nogo
59.318879718090855,18.080963998538135,0.5748347109945303,Max Södermalm,3.22303,0.5748347109945303,6.44606,1.1496694219890606,12.89212,0.6898016531934363,25.78424,4.678942150364994,1.1496694219890606,4.678942150364994,clear
59.347033913270096,18.04795099985866,0.5284939266458948,Max Odenplan,2.1833899999999997,0.5284939266458948,4.366779999999999,1.0569878532917896,8.733559999999999,0.6341927119750737,17.467119999999998,4.3823611305337264,1.0569878532917896,4.3823611305337264,clear
59.34889720875173,18.06165737357832,0.91724176580515,Max Odenplan,1.72281,0.91724176580515,3.44562,1.8344835316103,6.89124,1.1006901189661802,13.78248,6.870347301152961,1.8344835316103,6.870347301152961,clear
59.34426477095547,18.05264075189841,0.20104102431290477,Max Odenplan,0.44959,0.20104102431290477,0.89918,0.40208204862580954,1.79836,0.2412492291754857,3.59672,2.2866625556025904,0.40208204862580954,2.2866625556025904,clear
59.351365487417766,18.08498806261657,2.1527230764906857,Max Odenplan,0.08378000000000001,2.1527230764906857,0.16756000000000001,4.3054461529813715,0.33512000000000003,2.583267691788823,0.6702400000000001,14.777427689540389,4.3054461529813715,14.777427689540389,clear
59.34333900866035,18.087201309677273,1.4463494223419224,Max Hamngatan,1.74295,1.4463494223419224,3.4859,2.892698844683845,6.9718,1.735619306810307,13.9436,10.256636302988303,,,nogo
59.33277344407609,18.039196381216144,0.4027471358332451,Max Kungsholmen,2.87029,0.4027471358332451,5.74058,0.8054942716664902,11.48116,0.4832965629998941,22.96232,3.5775816693327687,,,nogo
59.30955782898217,18.096238078605605,1.484777580150176,Max Södermalm,3.6670700000000003,1.484777580150176,7.3341400000000005,2.969555160300352,14.668280000000001,1.7817330961802111,29.336560000000002,10.502576512961125,2.969555160300352,10.502576512961125,clear
59.3420887897423,18.088837443467714,1.3989924592901186,Max Hamngatan,1.31602,1.3989924592901186,2.63204,2.7979849185802372,5.26408,1.6787909511481423,10.52816,9.95355173945676,,,nogo
59.3356369909012,18.009319854968425,1.3303465800035206,Max Kungsholmen,3.61597,1.3303465800035206,7.23194,2.660693160007041,14.46388,1.5964158960042245,28.92776,9.514218112022531,,,nogo
59.31876252847583,18.036015160259414,1.6890341750737587,Max Kungsholmen,3.4034899999999997,1.6890341750737587,6.806979999999999,3.3780683501475175,13.613959999999999,2.0268410100885106,27.227919999999997,11.809818720472055,,,nogo
59.35419845716093,18.10482922758245,3.0166946438698727,Max Hamngatan,2.18466,3.0166946438698727,4.36932,6.0333892877397455,8.73864,3.6200335726438473,17.47728,20.306845720767186,,,nogo
59.319298681124884,18.085313382948502,0.8063148074557396,Max Södermalm,2.82266,0.8063148074557396,5.64532,1.6126296149114792,11.29064,0.9675777689468875,22.58128,6.160414767716733,1.6126296149114792,6.160414767716733,clear
59.331146821165824,18.01582537234682,0.9901034152053881,Max Kungsholmen,3.19777,0.9901034152053881,6.39554,1.9802068304107763,12.79108,1.1881240982464658,25.58216,7.336661857314484,,,nogo
59.31864228945851,18.02335520244444,1.7670003032679904,Max Kungsholmen,0.90183,1.7670003032679904,1.80366,3.534000606535981,3.60732,2.1204003639215885,7.21464,12.308801940915139,,,nogo
59.319028995101796,18.075777965108845,0.40523048071668755,Max Södermalm,1.17096,0.40523048071668755,2.34192,0.8104609614333751,4.68384,0.48627657686002507,9.36768,3.5934750765868,0.8104609614333751,3.5934750765868,clear
59.33554592486203,18.007365376829227,1.4389883972311213,Max Kungsholmen,1.77843,1.4389883972311213,3.55686,2.8779767944622425,7.11372,1.7267860766773455,14.22744,10.209525742279176,,,nogo
59.33600788325385,18.005869328856818,1.530775469727625,Max Kungsholmen,1.91603,1.530775469727625,3.83206,3.06155093945525,7.6641200000000005,1.83693056367315,15.328240000000001,10.7969630062568,,,nogo
59.33704306709611,18.08949898610806,1.0944643100794365,Max Hamngatan,3.75229,1.0944643100794365,7.50458,2.188928620158873,15.009159999999998,1.3133571720953237,30.018319999999996,8.004571584508394,,,nogo
59.320259976514805,18.04989648050542,1.4152023126577928,Max Södermalm,1.5667,1.4152023126577928,3.1334,2.8304046253155857,6.2668,1.6982427751893514,12.5336,10.057294801009874,2.8304046253155857,10.057294801009874,clear
59.35399221239596,18.093500281251398,2.646270845281198,Max Hamngatan,3.72852,2.646270845281198,7.45704,5.292541690562396,14.91408,3.1755250143374374,29.82816,17.936133409799666,,,nogo
59.34036090023028,18.10843617595436,2.2308412038805594,Max Hamngatan,2.81611,2.2308412038805594,5.63222,4.461682407761119,11.26444,2.6770094446566715,22.52888,15.27738370483558,,,nogo
59.343424462955355,18.067473933275874,0.9263474216044182,Max Hötorget,3.19693,0.9263474216044182,6.39386,1.8526948432088364,12.78772,1.1116169059253018,25.57544,6.928623498268276,,,nogo
59.341059252398615,18.062019948171866,0.6193534770818772,Max Hötorget,3.4501399999999998,0.6193534770818772,6.9002799999999995,1.2387069541637543,13.800559999999999,0.7432241724982526,27.601119999999998,4.963862253324014,,,nogo
59.340570876541705,18.045335343738973,0.4063404717385617,Max Odenplan,3.1009,0.4063404717385617,6.2018,0.8126809434771234,12.4036,0.487608566086274,24.8072,3.600579019126795,0.8126809434771234,3.600579019126795,clear
59.349682583969475,18.053205146776676,0.7964290945398868,Max Odenplan,2.1791300000000002,0.7964290945398868,4.3582600000000005,1.5928581890797735,8.716520000000001,0.9557149134478641,17.433040000000002,6.097146205055275,1.5928581890797735,6.097146205055275,clear
59.347512549279266,18.104239024360275,2.4494714568328946,Max Hamngatan,3.3762600000000003,2.4494714568328946,6.7525200000000005,4.898942913665789,13.505040000000001,2.9393657481994735,27.010080000000002,16.676617323730525,,,nogo
59.31632352375801,18.060810025692145,0.7018262809351137,Max Södermalm,3.2591900000000003,0.7018262809351137,6.5183800000000005,1.4036525618702274,13.036760000000001,0.8421915371221363,26.073520000000002,5.491688197984727,1.4036525618702274,5.491688197984727,clear
59.33045019739005,18.01042861554747,1.306559283441152,Max Kungsholmen,2.82102,1.306559283441152,5.64204,2.613118566882304,11.28408,1.5678711401293823,22.56816,9.361979414023372,,,nogo
59.33448454491727,18.058931106674542,0.2332539827185385,Max Hötorget,2.00591,0.2332539827185385,4.01182,0.466507965437077,8.02364,0.2799047792622462,16.04728,2.4928254893986463,,,nogo
59.354056680441545,18.098416343536716,2.7924322823841705,Max Hamngatan,2.34843,2.7924322823841705,4.69686,5.584864564768341,9.39372,3.3509187388610044,18.78744,18.871566607258693,,,nogo
59.3504606473556,18.101568770746002,2.5772028717843782,Max Hamngatan,1.83334,2.5772028717843782,3.66668,5.1544057435687565,7.33336,3.092643446141254,14.66672,17.49409837942002,,,nogo
59.34459687695639,18.05054835637525,0.22591916384179034,Max Odenplan,3.7522699999999998,0.22591916384179034,7.5045399999999995,0.4518383276835807,15.00908,0.2711029966101484,30.01816,2.445882648587458,0.4518383276835807,2.445882648587458,clear
59.33781626524848,18.096560326541088,1.49810036503663,Max Hamngatan,0.91031,1.49810036503663,1.82062,2.99620073007326,3.64124,1.797720438043956,7.28248,10.587842336234432,,,nogo
59.31890646859076,18.024939679431707,1.7142712866512027,Max Kungsholmen,2.49016,1.7142712866512027,4.98032,3.4285425733024053,9.96064,2.057125543981443,19.92128,11.971336234567698,,,nogo
59.34867663676721,18.10649501513038,2.6315740676862376,Max Hamngatan,4.11842,2.6315740676862376,8.23684,5.263148135372475,16.47368,3.157888881223485,32.94736,17.84207403319192,,,nogo
59.313466742332174,18.080061478826728,0.4676512308252892,Max Södermalm,3.24785,0.4676512308252892,6.4957,0.9353024616505784,12.9914,0.561181476990347,25.9828,3.992967877281851,0.9353024616505784,3.992967877281851,clear
59.31233405168047,18.042302108324407,1.7909594322561146,Max Södermalm,3.4894499999999997,1.7909594322561146,6.978899999999999,3.5819188645122293,13.957799999999999,2.1491513187073377,27.915599999999998,12.462140366439133,3.5819188645122293,12.462140366439133,clear
59.30963997736917,18.071558108480772,0.6767527442456381,Max Södermalm,0.59551,0.6767527442456381,1.19102,1.3535054884912763,2.38204,0.8121032930947657,4.76408,5.331217563172084,1.3535054884912763,5.331217563172084,clear
59.33998419374435,18.06547255274566,0.526690496182043,Max Hötorget,2.4328000000000003,0.526690496182043,4.865600000000001,1.053380992364086,9.731200000000001,0.6320285954184516,19.462400000000002,4.370819175565075,,,nogo
59.31660353001454,18.056205457073148,0.96587294121975,Max Södermalm,1.08441,0.96587294121975,2.16882,1.9317458824395,4.33764,1.1590475294637,8.67528,7.1815868238064,1.9317458824395,7.1815868238064,clear
59.33767390960611,18.067230284372194,0.3613269370320672,Max Hötorget,2.37059,0.3613269370320672,4.74118,0.7226538740641344,9.48236,0.4335923244384806,18.96472,3.3124923970052302,,,nogo
59.3205574855829,18.06791339444594,0.6189291979784012,Max Södermalm,0.8489,0.6189291979784012,1.6978,1.2378583959568024,3.3956,0.7427150375740814,6.7912,4.9611468670617676,1.2378583959568024,4.9611468670617676,clear
59.34239675039058,18.030185898448032,0.5295114160689228,Max Karolinska,1.72696,0.5295114160689228,3.45392,1.0590228321378456,6.90784,0.6354136992827074,13.81568,4.388873062841106,1.0590228321378456,4.388873062841106,clear
59.3505827572444,18.06939762371797,1.3618448677016086,Max Odenplan,3.7774099999999997,1.3618448677016086,7.554819999999999,2.7236897354032172,15.109639999999997,1.6342138412419303,30.219279999999994,9.715807153290296,2.7236897354032172,9.715807153290296,clear
59.31574413614143,18.034381997352128,2.0159317383986797,Max Kungsholmen,2.45517,2.0159317383986797,4.91034,4.031863476797359,9.82068,2.4191180860784156,19.64136,13.90196312575155,,,nogo
59.35196463721294,18.101777228682252,2.713826935362856,Max Hamngatan,2.24234,2.713826935362856,4.48468,5.427653870725712,8.96936,3.256592322435427,17.93872,18.36849238632228,,,nogo
59.31468000900102,18.07990488036577,0.40461583079722657,Max Södermalm,1.0805,0.40461583079722657,2.161,0.8092316615944531,4.322,0.4855389969566719,8.644,3.58954131710225,0.8092316615944531,3.58954131710225,clear
59.34111711646088,18.103510474694577,2.0101956824595932,Max Hamngatan,1.69619,2.0101956824595932,3.39238,4.0203913649191865,6.78476,2.412234818951512,13.56952,13.865252367741398,,,nogo
59.318874618078084,18.076117976002244,0.3974601540734829,Max Södermalm,1.2281900000000001,0.3974601540734829,2.4563800000000002,0.7949203081469658,4.9127600000000005,0.4769521848881795,9.825520000000001,3.5437449860702905,0.7949203081469658,3.5437449860702905,clear
59.337381283591895,18.06697576078117,0.3290815619105476,Max Hötorget,1.83137,0.3290815619105476,3.66274,0.6581631238210952,7.32548,0.3948978742926571,14.65096,3.106121996227505,,,nogo
59.33904495276069,18.070276272739296,0.5923562400411606,Max Hötorget,2.83734,0.5923562400411606,5.67468,1.1847124800823212,11.34936,0.7108274880493928,22.69872,4.7910799362634275,,,nogo
59.344294380091775,18.0885815508774,1.578618809290795,Max Hamngatan,0.97172,1.578618809290795,1.94344,3.15723761858159,3.8868799999999997,1.8943425711489539,7.773759999999999,11.103160379461087,,,nogo
59.3458384885274,18.0887745995988,1.725823847176363,Max Hamngatan,3.67393,1.725823847176363,7.34786,3.451647694352726,14.69572,2.070988616611636,29.39144,12.045272621928724,,,nogo
59.33147469991882,18.01287538643325,1.1425080326818209,Max Kungsholmen,3.76776,1.1425080326818209,7.53552,2.2850160653636418,15.071040000000002,1.371009639218185,30.142080000000004,8.312051409163654,,,nogo
59.343272392630745,18.026488583767694,0.5562899526395254,Max Karolinska,0.41887,0.5562899526395254,0.83774,1.1125799052790508,1.67548,0.6675479431674305,3.35096,4.560255696892963,1.1125799052790508,4.560255696892963,clear
59.316924541735126,18.040119939617853,1.8814621267773237,Max Södermalm,0.2899,1.8814621267773237,0.5798,3.7629242535546474,1.1596,2.2577545521327886,2.3192,13.041357611374872,3.7629242535546474,13.041357611374872,clear
59.33906564969386,18.09132857136824,1.2936134295982173,Max Hamngatan,3.0378499999999997,1.2936134295982173,6.075699999999999,2.5872268591964347,12.151399999999999,1.5523361155178608,24.302799999999998,9.279125949428591,,,nogo
59.348909978984395,18.060762816857384,0.8864160720341632,Max Odenplan,1.7723,0.8864160720341632,3.5446,1.7728321440683263,7.0892,1.0636992864409958,14.1784,6.673062861018645,1.7728321440683263,6.673062861018645,clear
59.33683166367238,18.066006532945792,0.24789141513735274,Max Hötorget,1.39548,0.24789141513735274,2.79096,0.4957828302747055,5.58192,0.29746969816482327,11.16384,2.5865050568790577,,,nogo
59.34618113075511,18.07188381234072,1.2390483720660852,Max Odenplan,1.4430699999999999,1.2390483720660852,2.8861399999999997,2.4780967441321704,5.772279999999999,1.4868580464793022,11.544559999999999,8.929909581222946,2.4780967441321704,8.929909581222946,clear
59.33739990932703,18.06678017375984,0.32191769805387516,Max Hötorget,3.63944,0.32191769805387516,7.27888,0.6438353961077503,14.55776,0.3863012376646502,29.11552,3.060273267544801,,,nogo
59.35497517733668,18.100033168620786,2.9282368610670138,Max Hamngatan,2.1671300000000002,2.9282368610670138,4.3342600000000004,5.8564737221340275,8.668520000000001,3.5138842332804168,17.337040000000002,19.74071591082889,,,nogo
59.31352931530362,18.061358915278436,0.7079646746181785,Max Södermalm,2.21226,0.7079646746181785,4.42452,1.415929349236357,8.84904,0.8495576095418143,17.69808,5.530973917556342,1.415929349236357,5.530973917556342,clear
59.312739453523946,18.050079234984388,1.349132070832842,Max Södermalm,3.98998,1.349132070832842,7.97996,2.698264141665684,15.95992,1.6189584849994103,31.91984,9.634445253330188,2.698264141665684,9.634445253330188,clear
59.31630332602131,18.064019703908524,0.5200792184013557,Max Södermalm,3.53714,0.5200792184013557,7.07428,1.0401584368027115,14.14856,0.6240950620816268,28.29712,4.3285069977686765,1.0401584368027115,4.3285069977686765,clear
59.33998671126173,18.06064427443092,0.5104045042223098,Max Hötorget,3.31429,0.5104045042223098,6.62858,1.0208090084446195,13.25716,0.6124854050667717,26.51432,4.266588827022782,,,nogo
59.32605239416109,18.072772498551792,0.7656994099269528,Max Hamngatan,4.10505,0.7656994099269528,8.2101,1.5313988198539057,16.4202,0.9188392919123435,32.8404,5.900476223532499,,,nogo
59.34611889581193,18.093576037046223,1.9142120140278747,Max Hamngatan,3.2351900000000002,1.9142120140278747,6.4703800000000005,3.8284240280557493,12.940760000000001,2.2970544168334497,25.881520000000002,13.250956889778397,,,nogo
59.31866395991025,18.07087843333378,0.35648902118134185,Max Södermalm,3.23331,0.35648902118134185,6.46662,0.7129780423626837,12.93324,0.42778682541761026,25.86648,3.281529735560588,0.7129780423626837,3.281529735560588,clear
59.358808633153096,18.09935733281936,3.2763680681974607,Max Hamngatan,3.19379,3.2763680681974607,6.38758,6.5527361363949215,12.77516,3.9316416818369526,25.55032,21.968755636463747,,,nogo
59.34286351411704,18.112098692097447,2.5344147866322997,Max Hamngatan,1.6005,2.5344147866322997,3.201,5.068829573264599,6.402,3.0412977439587596,12.804,17.220254634446718,,,nogo
59.31612140230524,18.046070242822456,1.5382312356641645,Max Södermalm,1.72604,1.5382312356641645,3.45208,3.076462471328329,6.90416,1.8458774827969975,13.80832,10.844679908250653,3.076462471328329,10.844679908250653,clear
59.31970727680783,18.07520011376475,0.4663291536862952,Max Södermalm,0.90927,0.4663291536862952,1.81854,0.9326583073725904,3.63708,0.5595949844235542,7.27416,3.984506583592289,0.9326583073725904,3.984506583592289,clear
59.32076428816606,18.064470607281816,0.7498040518118342,Max Södermalm,2.4355599999999997,0.7498040518118342,4.8711199999999995,1.4996081036236684,9.742239999999999,0.899764862174201,19.484479999999998,5.798745931595739,1.4996081036236684,5.798745931595739,clear
59.32867865808834,18.033903632313667,0.5781261103953217,Max Kungsholmen,1.56396,0.5781261103953217,3.12792,1.1562522207906434,6.25584,0.693751332474386,12.51168,4.700007106530059,,,nogo
59.319121405190984,18.07364974424578,0.386388969527399,Max Södermalm,2.1855599999999997,0.386388969527399,4.3711199999999995,0.772777939054798,8.742239999999999,0.4636667634328788,17.484479999999998,3.4728894049753536,0.772777939054798,3.4728894049753536,clear
59.35267139814343,18.097691778037202,2.64058122008823,Max Hamngatan,0.41417000000000004,2.64058122008823,0.8283400000000001,5.28116244017646,1.6566800000000002,3.168697464105876,3.3133600000000003,17.899719808564672,,,nogo
59.3145125231006,18.070792643935953,0.18241968261266908,Max Södermalm,3.0701,0.18241968261266908,6.1402,0.36483936522533816,12.2804,0.2189036191352029,24.5608,2.167485968721082,0.36483936522533816,2.167485968721082,clear
59.33044439371675,18.004577499602725,1.628580629198791,Max Kungsholmen,3.67216,1.628580629198791,7.34432,3.257161258397582,14.68864,1.954296755038549,29.37728,11.422916026872262,,,nogo
59.33479759625926,18.020270693416723,0.7001082617548612,Max Kungsholmen,3.1358200000000003,0.7001082617548612,6.2716400000000005,1.4002165235097224,12.543280000000001,0.8401299141058334,25.086560000000002,5.480692875231112,,,nogo
59.335695121897764,18.07345113831715,0.31974273568853334,Max Hamngatan,3.11475,0.31974273568853334,6.2295,0.6394854713770667,12.459,0.38369128282624,24.918,3.0463535084066136,,,nogo
59.34157475212718,18.096150051523438,1.6768858948930876,Max Hamngatan,3.48183,1.6768858948930876,6.96366,3.353771789786175,13.92732,2.012263073871705,27.85464,11.73206972731576,,,nogo
59.337844436361934,18.066461922925402,0.34425358882633234,Max Hötorget,3.3693299999999997,0.34425358882633234,6.738659999999999,0.6885071776526647,13.477319999999999,0.4131043065915988,26.954639999999998,3.203222968488527,,,nogo
59.32871635541266,18.062040143780433,0.7371790339859042,Max Hamngatan,3.04712,0.7371790339859042,6.09424,1.4743580679718085,12.18848,0.884614840783085,24.37696,5.717945817509787,,,nogo
59.34658485650272,18.04053091498727,0.4166665481274195,Max Karolinska,0.65822,0.4166665481274195,1.31644,0.833333096254839,2.63288,0.4999998577529034,5.26576,3.6666659080154846,0.833333096254839,3.6666659080154846,clear
59.33977317764885,18.05352640353489,0.3404043453758434,Max Odenplan,2.8312,0.3404043453758434,5.6624,0.6808086907516868,11.3248,0.4084852144510121,22.6496,3.1785878104053977,0.6808086907516868,3.1785878104053977,clear
59.3436068990756,18.09473645321902,1.7565904071330705,Max Hamngatan,1.59925,1.7565904071330705,3.1985,3.513180814266141,6.397,2.107908488559685,12.794,12.242178605651652,,,nogo
59.33791425708926,18.059821583556943,0.3089081248836118,Max Hötorget,0.99697,0.3089081248836118,1.99394,0.6178162497672236,3.9878800000000005,0.37068974986033415,7.975760000000001,2.9770119992551156,,,nogo
59.3498483766673,18.04201973875736,0.5989406094062576,Max Karolinska,1.14137,0.5989406094062576,2.28274,1.1978812188125152,4.56548,0.7187287312875091,9.13096,4.833219900200048,1.1978812188125152,4.833219900200048,clear
59.31412181611349,18.067434951172434,0.36393450200432803,Max Södermalm,1.00009,0.36393450200432803,2.00018,0.7278690040086561,4.00036,0.43672140240519364,8.00072,3.3291808128276994,0.7278690040086561,3.3291808128276994,clear
59.35749185521355,18.08445962423598,2.5134465815989806,Max Odenplan,0.94049,2.5134465815989806,1.88098,5.026893163197961,3.7619600000000006,3.0161358979187765,7.523920000000001,17.086058122233474,5.026893163197961,17.086058122233474,clear
59.313522182741785,18.0807887063284,0.5004209000140806,Max Södermalm,3.49293,0.5004209000140806,6.98586,1.0008418000281611,13.97172,0.6005050800168967,27.94344,4.202693760090115,1.0008418000281611,4.202693760090115,clear
59.35014798105726,18.0525385145458,0.8437080813295061,Max Odenplan,3.1491700000000002,0.8437080813295061,6.2983400000000005,1.6874161626590123,12.596680000000001,1.0124496975954074,25.193360000000002,6.399731720508839,1.6874161626590123,6.399731720508839,clear
59.3210841864856,18.055229147015318,1.1815564917328065,Max Södermalm,3.43668,1.1815564917328065,6.87336,2.363112983465613,13.74672,1.4178677900793677,27.49344,8.561961547089961,2.363112983465613,8.561961547089961,clear
59.33642426921352,18.018321403056927,0.8535053156230663,Max Kungsholmen,0.36374,0.8535053156230663,0.72748,1.7070106312461326,1.45496,1.0242063787476796,2.90992,6.462434019987624,,,nogo
59.31973330073536,18.051808323093617,1.2925833272378755,Max Södermalm,3.1244899999999998,1.2925833272378755,6.2489799999999995,2.585166654475751,12.497959999999999,1.5510999926854505,24.995919999999998,9.272533294322404,2.585166654475751,9.272533294322404,clear
59.319066980810504,18.07341236289404,0.37940788508272594,Max Södermalm,0.8465900000000001,0.37940788508272594,1.6931800000000001,0.7588157701654519,3.3863600000000003,0.4552894620992711,6.7727200000000005,3.428210464529446,0.7588157701654519,3.428210464529446,clear
59.30807975940893,18.084150683328765,1.05484130283986,Max Södermalm,1.20039,1.05484130283986,2.40078,2.10968260567972,4.80156,1.2658095634078321,9.60312,7.750984338175105,2.10968260567972,7.750984338175105,clear
59.30940056679902,18.085173042117173,0.981091123093114,Max Södermalm,1.7274800000000001,0.981091123093114,3.4549600000000003,1.962182246186228,6.9099200000000005,1.1773093477117367,13.819840000000001,7.278983187795929,1.962182246186228,7.278983187795929,clear
59.35241651823161,18.08201401198287,2.062948315749378,Max Odenplan,3.18853,2.062948315749378,6.37706,4.125896631498756,12.75412,2.4755379788992538,25.50824,14.202869220796021,4.125896631498756,14.202869220796021,clear
59.33154208014268,18.084628185934477,0.7322061032984256,Max Hamngatan,2.8596500000000002,0.7322061032984256,5.7193000000000005,1.4644122065968512,11.438600000000001,0.8786473239581107,22.877200000000002,5.686119061109924,,,nogo
59.345248999521054,18.039809648647744,0.4164341106794938,Max Karolinska,1.32002,0.4164341106794938,2.64004,0.8328682213589876,5.28008,0.49972093281539265,10.56016,3.665178308348761,0.8328682213589876,3.665178308348761,clear
59.317572166494664,18.076948953780246,0.3065611565111294,Max Södermalm,2.86377,0.3065611565111294,5.72754,0.6131223130222588,11.45508,0.3678733878133553,22.91016,2.961991401671228,0.6131223130222588,2.961991401671228,clear
59.34448578811281,18.029988276273478,0.32508685572264323,Max Karolinska,1.06354,0.32508685572264323,2.12708,0.6501737114452865,4.25416,0.39010422686717183,8.50832,3.0805558766249166,0.6501737114452865,3.0805558766249166,clear
59.33589428134594,18.091398081773782,1.1502093298354776,Max Hamngatan,3.33277,1.1502093298354776,6.66554,2.3004186596709553,13.33108,1.3802511958025732,26.66216,8.361339710947057,,,nogo
59.312954198051465,18.082414358101257,0.6120853606964642,Max Södermalm,1.29643,0.6120853606964642,2.59286,1.2241707213929285,5.18572,0.7345024328357571,10.37144,4.917346308457371,1.2241707213929285,4.917346308457371,clear
59.335264335336575,18.058912531015174,0.20647049585184957,Max Hötorget,3.4017600000000003,0.20647049585184957,6.803520000000001,0.41294099170369913,13.607040000000001,0.24776459502221948,27.214080000000003,2.3214111734518372,,,nogo
59.31950090661212,18.072934165499007,0.4273032000390973,Max Södermalm,0.56092,0.4273032000390973,1.12184,0.8546064000781946,2.24368,0.5127638400469167,4.48736,3.734740480250222,0.8546064000781946,3.734740480250222,clear
59.31318127955042,18.092175456630667,1.1228962748712716,Max Södermalm,1.69837,1.1228962748712716,3.39674,2.2457925497425433,6.79348,1.347475529845526,13.58696,8.18653615917614,2.2457925497425433,8.18653615917614,clear
59.31507044041589,18.089042033431635,0.91219101727264,Max Södermalm,1.73014,0.91219101727264,3.46028,1.82438203454528,6.92056,1.094629220727168,13.84112,6.838022510544896,1.82438203454528,6.838022510544896,clear
59.32869002341467,18.04956728792577,1.0578778312282584,Max Hötorget,0.63828,1.0578778312282584,1.27656,2.115755662456517,2.55312,1.2694533974739102,5.10624,7.770418119860854,,,nogo
59.34552365867915,18.1102902666395,2.5901614059342846,Max Hamngatan,2.33232,2.5901614059342846,4.66464,5.180322811868569,9.32928,3.1081936871211417,18.65856,17.577032997979423,,,nogo
59.306013365537865,18.085020871647867,1.272718565136782,Max Södermalm,0.40224,1.272718565136782,0.80448,2.545437130273564,1.60896,1.5272622781641385,3.21792,9.145398816875405,2.545437130273564,9.145398816875405,clear
59.31241237547851,18.050714981227824,1.3235439045041393,Max Södermalm,1.56433,1.3235439045041393,3.12866,2.6470878090082786,6.25732,1.588252685404967,12.51464,9.47068098882649,2.6470878090082786,9.47068098882649,clear
59.33400962778146,18.012341797827855,1.1429689990304017,Max Kungsholmen,3.66683,1.1429689990304017,7.33366,2.2859379980608034,14.66732,1.371562798836482,29.33464,8.315001593794571,,,nogo
59.34574941438166,18.075943542876555,1.3736145811084954,Max Hötorget,2.66528,1.3736145811084954,5.33056,2.747229162216991,10.66112,1.6483374973301945,21.32224,9.79113331909437,,,nogo
59.330700611322804,18.022925051938373,0.642044535234578,Max Kungsholmen,1.722,0.642044535234578,3.444,1.284089070469156,6.888,0.7704534422814937,13.776,5.109085025501299,,,nogo
59.31495824717797,18.069018060963742,0.24366555738433246,Max Södermalm,2.6686799999999997,0.24366555738433246,5.337359999999999,0.4873311147686649,10.674719999999999,0.292398668861199,21.349439999999998,2.5594595672597276,0.4873311147686649,2.5594595672597276,clear
59.34804362405276,18.091720272493856,2.023177869903945,Max Hamngatan,1.84619,2.023177869903945,3.69238,4.04635573980789,7.38476,2.427813443884734,14.76952,13.948338367385247,,,nogo
59.314067679798995,18.04737242603854,1.4740709913611714,Max Södermalm,2.67894,1.4740709913611714,5.35788,2.9481419827223427,10.71576,1.7688851896334057,21.43152,10.434054344711496,2.9481419827223427,10.434054344711496,clear
59.318897097486285,18.043547416285424,1.7191054818791007,Max Södermalm,0.44131,1.7191054818791007,0.88262,3.4382109637582015,1.76524,2.062926578254921,3.53048,12.002275084026245,3.4382109637582015,12.002275084026245,clear
59.347282250710414,18.082957947663736,1.7166285489629745,Max Hamngatan,3.51128,1.7166285489629745,7.02256,3.433257097925949,14.04512,2.0599542587555693,28.09024,11.986422713363037,,,nogo
59.33952015755942,18.067390362531867,0.5265105369934084,Max Hötorget,0.29214,0.5265105369934084,0.58428,1.0530210739868169,1.16856,0.6318126443920901,2.33712,4.369667436757814,,,nogo
59.34216820810826,18.049770493609067,0.09788536237153875,Max Odenplan,1.81883,0.09788536237153875,3.63766,0.1957707247430775,7.27532,0.11746243484584651,14.55064,1.626466319177848,0.1957707247430775,1.626466319177848,clear
59.33750787914443,18.082450158828507,0.7824120200096967,Max Hamngatan,1.04105,0.7824120200096967,2.0821,1.5648240400193933,4.1642,0.938894424011636,8.3284,6.0074369280620585,,,nogo
59.3364963578493,18.0066718670979,1.4956134594412447,Max Kungsholmen,3.88702,1.4956134594412447,7.77404,2.9912269188824894,15.54808,1.7947361513294937,31.09616,10.571926140423965,,,nogo
59.333446211461116,18.095443678825728,1.3329330857723158,Max Hamngatan,2.83001,1.3329330857723158,5.66002,2.6658661715446317,11.32004,1.599519702926779,22.64008,9.530771748942822,,,nogo
59.33491341504066,18.023948631310862,0.4974697463472771,Max Kungsholmen,1.68872,0.4974697463472771,3.37744,0.9949394926945542,6.75488,0.5969636956167325,13.50976,4.183806376622574,,,nogo
59.3262689829141,18.064719511700027,0.8499115078636055,Max Hamngatan,2.04479,0.8499115078636055,4.08958,1.699823015727211,8.17916,1.0198938094363266,16.35832,6.439433650327075,,,nogo
59.3342396875984,18.034847205685608,0.14616398925661472,Max Kungsholmen,2.35486,0.14616398925661472,4.70972,0.29232797851322945,9.41944,0.17539678710793769,18.83888,1.9354495312423343,,,nogo
59.31444929759169,18.088642008232902,0.8972963395329874,Max Södermalm,0.96094,0.8972963395329874,1.92188,1.7945926790659747,3.84376,1.0767556074395848,7.68752,6.742696573011119,1.7945926790659747,6.742696573011119,clear
59.34694200968817,18.062316972517564,0.7931581026728238,Max Odenplan,0.26142000000000004,0.7931581026728238,0.5228400000000001,1.5863162053456477,1.0456800000000002,0.9517897232073885,2.0913600000000003,6.076211857106072,1.5863162053456477,6.076211857106072,clear
59.312294124475834,18.056294553657064,1.026387965615529,Max Södermalm,1.2688199999999998,1.026387965615529,2.5376399999999997,2.052775931231058,5.075279999999999,1.2316655587386347,10.150559999999999,7.568882979939385,2.052775931231058,7.568882979939385,clear
59.333552970322614,18.044841901818486,0.7076735438669881,Max Kungsholmen,3.54525,0.7076735438669881,7.0905,1.4153470877339762,14.181,0.8492082526403858,28.362,5.529110680748724,,,nogo
59.34433664888372,18.049184835052326,0.22661463575124685,Max Odenplan,2.31791,0.22661463575124685,4.63582,0.4532292715024937,9.27164,0.27193756290149623,18.54328,2.4503336688079798,0.4532292715024937,2.4503336688079798,clear
59.33576359491244,18.093010399115055,1.234540442989407,Max Hamngatan,0.7569400000000001,1.234540442989407,1.5138800000000001,2.469080885978814,3.0277600000000002,1.4814485315872883,6.0555200000000005,8.901058835132204,,,nogo
59.33589565863385,18.02241287513354,0.6149831334155935,Max Kungsholmen,1.8562,0.6149831334155935,3.7124,1.229966266831187,7.4248,0.7379797600987122,14.8496,4.935892053859798,,,nogo
59.309624470002525,18.053646306230466,1.2947191928841302,Max Södermalm,4.07371,1.2947191928841302,8.14742,2.5894383857682604,16.29484,1.553663031460956,32.58968,9.286202834458432,2.5894383857682604,9.286202834458432,clear
59.34696341086063,18.056554236922416,0.5714621773938877,Max Odenplan,0.49723,0.5714621773938877,0.99446,1.1429243547877754,1.98892,0.6857546128726653,3.97784,4.657357935320881,1.1429243547877754,4.657357935320881,clear
59.344756846943014,18.102558609118596,2.180551267637699,Max Hamngatan,2.4399699999999998,2.180551267637699,4.8799399999999995,4.361102535275398,9.759879999999999,2.616661521165239,19.519759999999998,14.955528112881275,,,nogo
59.33271563605361,18.084572354159597,0.7131935021227509,Max Hamngatan,0.30298,0.7131935021227509,0.60596,1.4263870042455018,1.21192,0.8558322025473011,2.42384,5.564438413585606,,,nogo
59.315613609254044,18.02797148022964,2.043124932682169,Max Kungsholmen,2.64446,2.043124932682169,5.28892,4.086249865364338,10.57784,2.451749919218603,21.15568,14.075999569165882,,,nogo
59.35442849822081,18.096880022789122,2.782048417916759,Max Hamngatan,0.88259,2.782048417916759,1.76518,5.564096835833518,3.53036,3.3384581015001107,7.06072,18.80510987466726,,,nogo
59.353633623344116,18.092104612247702,2.574723668246473,Max Hamngatan,0.54346,2.574723668246473,1.08692,5.149447336492946,2.17384,3.089668401895768,4.34768,17.478231476777427,,,nogo
59.3272158543553,18.024522541090516,0.8614477137748355,Max Kungsholmen,1.8594600000000001,0.8614477137748355,3.7189200000000002,1.722895427549671,7.4378400000000005,1.0337372565298026,14.875680000000001,6.513265368158947,,,nogo
59.319920901849464,18.071738722722603,0.48001835179821667,Max Södermalm,2.28961,0.48001835179821667,4.57922,0.9600367035964333,9.15844,0.57602202215786,18.31688,4.0721174515085865,0.9600367035964333,4.0721174515085865,clear
59.334302170485415,18.0759079889335,0.26852529797844,Max Hamngatan,0.98275,0.26852529797844,1.9655,0.53705059595688,3.931,0.322230357574128,7.862,2.718561907062016,,,nogo
59.33159565354165,18.071351504892924,0.15232597277346266,Max Hamngatan,2.7809299999999997,0.15232597277346266,5.561859999999999,0.3046519455469253,11.123719999999999,0.1827911673281552,22.247439999999997,1.974886225750161,,,nogo
59.32743448678854,18.05089124992193,1.1161137993253425,Max Hötorget,0.31991,1.1161137993253425,0.63982,2.232227598650685,1.27964,1.3393365591904112,2.55928,8.143128315682192,,,nogo
59.34694085336611,18.1016386425446,2.297090960895479,Max Hamngatan,3.45031,2.297090960895479,6.90062,4.594181921790958,13.80124,2.7565091530745747,27.60248,15.701382149731065,,,nogo
59.33654204093732,18.0119148814545,1.2059768280358474,Max Kungsholmen,1.19408,1.2059768280358474,2.38816,2.4119536560716948,4.77632,1.4471721936430169,9.55264,8.718251699429423,,,nogo
59.34074880708915,18.0390562021328,0.7248346039849218,Max Odenplan,0.69498,0.7248346039849218,1.38996,1.4496692079698437,2.77992,0.8698015247819062,5.55984,5.6389414655035,1.4496692079698437,5.6389414655035,clear
59.33321999770987,18.099508073042124,1.5633368320062264,Max Hamngatan,2.77331,1.5633368320062264,5.54662,3.126673664012453,11.09324,1.8760041984074716,22.18648,11.005355724839848,,,nogo
59.34047421997838,18.079049421850435,0.9315251104670448,Max Hamngatan,1.64855,0.9315251104670448,3.2971,1.8630502209340896,6.5942,1.1178301325604538,13.1884,6.961760706989087,,,nogo
59.31743132446004,18.02802084644815,1.8419774353551985,Max Kungsholmen,2.84474,1.8419774353551985,5.68948,3.683954870710397,11.37896,2.2103729224262385,22.75792,12.788655586273272,,,nogo
59.313194584841874,18.04671621345769,1.5257128841755463,Max Södermalm,0.94736,1.5257128841755463,1.89472,3.0514257683510926,3.78944,1.8308554610106555,7.57888,10.764562458723496,3.0514257683510926,10.764562458723496,clear
59.306003578101475,18.08588255107909,1.300537883722212,Max Södermalm,2.01683,1.300537883722212,4.03366,2.601075767444424,8.06732,1.5606454604666544,16.13464,9.323442455822157,2.601075767444424,9.323442455822157,clear
59.32925463160104,18.008067882013115,1.4761888863598644,Max Kungsholmen,1.55345,1.4761888863598644,3.1069,2.952377772719729,6.2138,1.7714266636318374,12.4276,10.447608872703132,,,nogo
59.33657454323591,18.062827223223877,0.12049085766654828,Max Hötorget,1.20795,0.12049085766654828,2.4159,0.24098171533309656,4.8318,0.14458902919985794,9.6636,1.771141489065909,,,nogo
59.31244470061106,18.099446803580722,1.544631870615457,Max Södermalm,2.6510599999999998,1.544631870615457,5.3021199999999995,3.089263741230914,10.604239999999999,1.8535582447385484,21.208479999999998,10.885643971938924,3.089263741230914,10.885643971938924,clear
59.335106538482634,18.088457054461834,0.9652882300668197,Max Hamngatan,3.7243600000000003,0.9652882300668197,7.448720000000001,1.9305764601336395,14.897440000000001,1.1583458760801837,29.794880000000003,7.177844672427646,,,nogo
59.31713028541648,18.053618402071702,1.1194768276042497,Max Södermalm,3.9162199999999996,1.1194768276042497,7.832439999999999,2.2389536552084994,15.66488,1.3433721931250997,31.32976,8.164651696667198,2.2389536552084994,8.164651696667198,clear
59.33208294454645,18.06456928741832,0.3988628709306561,Max Hötorget,2.7073400000000003,0.3988628709306561,5.414680000000001,0.7977257418613122,10.829360000000001,0.4786354451167873,21.658720000000002,3.552722373956199,,,nogo
59.3208261978899,18.058902519740357,0.9904692226334231,Max Södermalm,2.7809899999999996,0.9904692226334231,5.561979999999999,1.9809384452668461,11.123959999999999,1.1885630671601077,22.247919999999997,7.339003024853907,1.9809384452668461,7.339003024853907,clear
59.351789219248076,18.069693370576832,1.4651352664285076,Max Odenplan,1.26179,1.4651352664285076,2.52358,2.930270532857015,5.04716,1.758162319714209,10.09432,10.376865705142448,2.930270532857015,10.376865705142448,clear
59.30904432577151,18.060666417945843,1.0212162050546183,Max Södermalm,2.8129,1.0212162050546183,5.6258,2.0424324101092366,11.2516,1.225459446065542,22.5032,7.5357837123495575,2.0424324101092366,7.5357837123495575,clear
59.31231989752244,18.060485106593486,0.8076839634582874,Max Södermalm,2.9981999999999998,0.8076839634582874,5.9963999999999995,1.6153679269165748,11.992799999999999,0.969220756149945,23.985599999999998,6.16917736613304,1.6153679269165748,6.16917736613304,clear
59.346698869171206,18.11085105940562,2.68953446365296,Max Hamngatan,3.05745,2.68953446365296,6.1149,5.37906892730592,12.2298,3.2274413563835522,24.4596,18.213020567378944,,,nogo
59.32849763462832,18.008638007967072,1.4775014827246098,Max Kungsholmen,1.92262,1.4775014827246098,3.84524,2.9550029654492196,7.690479999999999,1.7730017792695316,15.380959999999998,10.456009489437502,,,nogo
59.341201656233224,18.043377914880974,0.4752195183130806,Max Odenplan,2.59864,0.4752195183130806,5.19728,0.9504390366261612,10.39456,0.5702634219756968,20.78912,4.041404917203716,0.9504390366261612,4.041404917203716,clear
59.334278398588644,18.099747923531673,1.5838875662759269,Max Hamngatan,3.67733,1.5838875662759269,7.35466,3.1677751325518537,14.70932,1.9006650795311124,29.41864,11.136880424165932,,,nogo
59.34709767516164,18.08780314563491,1.8165367745307317,Max Hamngatan,3.2133499999999997,1.8165367745307317,6.426699999999999,3.6330735490614634,12.853399999999999,2.179844129436878,25.706799999999998,12.625835356996683,,,nogo
59.35699998689107,18.100911564108333,3.145726556574237,Max Hamngatan,1.8328499999999999,3.145726556574237,3.6656999999999997,6.291453113148474,7.3313999999999995,3.774871867889085,14.662799999999999,21.13264996207512,,,nogo
59.33790312898011,18.018579220727787,0.9100104321908193,Max Kungsholmen,0.8274,0.9100104321908193,1.6548,1.8200208643816387,3.3096,1.0920125186289833,6.6192,6.824066766021244,,,nogo
59.342720198903656,18.05981946905275,0.48689144385002275,Max Odenplan,2.8610700000000002,0.48689144385002275,5.7221400000000004,0.9737828877000455,11.444280000000001,0.5842697326200273,22.888560000000002,4.116105240640145,0.9737828877000455,4.116105240640145,clear
59.31692261017384,18.08060009328384,0.4512760877212528,Max Södermalm,1.4198,0.4512760877212528,2.8396,0.9025521754425057,5.6792,0.5415313052655034,11.3584,3.888166961416018,0.9025521754425057,3.888166961416018,clear
59.347493197897876,18.03870802475745,0.318781949247777,Max Karolinska,2.61279,0.318781949247777,5.22558,0.637563898495554,10.45116,0.38253833909733237,20.90232,3.0402044751857726,0.637563898495554,3.0402044751857726,clear
59.348540725600266,18.107251380957962,2.6538379906197367,Max Hamngatan,1.9771800000000002,2.6538379906197367,3.9543600000000003,5.307675981239473,7.908720000000001,3.1846055887436844,15.817440000000001,17.984563139966316,,,nogo
59.34777159043629,18.063913032922837,0.9216506160419146,Max Odenplan,3.63898,0.9216506160419146,7.27796,1.8433012320838291,14.55592,1.1059807392502976,29.11184,6.898563942668254,1.8433012320838291,6.898563942668254,clear
59.3498654699572,18.056671956382743,0.8656133141343868,Max Odenplan,2.87359,0.8656133141343868,5.74718,1.7312266282687736,11.49436,1.0387359769612643,22.98872,6.539925210460076,1.7312266282687736,6.539925210460076,clear
59.338542355719056,18.042436320170882,0.6760469424164407,Max Odenplan,3.3377,0.6760469424164407,6.6754,1.3520938848328814,13.3508,0.8112563308997288,26.7016,5.326700431465221,1.3520938848328814,5.326700431465221,clear
59.31100442401544,18.070024889887353,0.5474115801557305,Max Södermalm,3.4813899999999998,0.5474115801557305,6.9627799999999995,1.094823160311461,13.925559999999999,0.6568938961868767,27.851119999999998,4.5034341129966755,1.094823160311461,4.5034341129966755,clear
59.31006844900575,18.075748843017987,0.6419830709699245,Max Södermalm,2.88875,0.6419830709699245,5.7775,1.283966141939849,11.555,0.7703796851639093,23.11,5.108691654207517,1.283966141939849,5.108691654207517,clear
59.35116851168657,18.10501096259746,2.7663741125525414,Max Hamngatan,1.4029,2.7663741125525414,2.8058,5.532748225105083,5.6116,3.31964893506305,11.2232,18.704794320336266,,,nogo
59.357839794546386,18.100593940555516,3.2167172007766713,Max Hamngatan,3.4206,3.2167172007766713,6.8412,6.433434401553343,13.6824,3.8600606409320055,27.3648,21.586990084970697,,,nogo
59.33443047314963,18.004044496239846,1.6164790973928256,Max Kungsholmen,1.72636,1.6164790973928256,3.45272,3.232958194785651,6.90544,1.9397749168713907,13.81088,11.345466223314084,,,nogo
59.34139903104417,18.112563823434176,2.491964325140906,Max Hamngatan,2.51685,2.491964325140906,5.0337,4.983928650281812,10.0674,2.9903571901690875,20.1348,16.9485716809018,,,nogo
59.35198847548479,18.0990405644513,2.621738327042133,Max Hamngatan,3.04171,2.621738327042133,6.08342,5.243476654084266,12.16684,3.1460859924505598,24.33368,17.77912529306965,,,nogo
59.31391956700854,18.04902571526251,1.3828800250338644,Max Södermalm,3.4997399999999996,1.3828800250338644,6.999479999999999,2.765760050067729,13.998959999999999,1.6594560300406374,27.997919999999997,9.850432160216732,2.765760050067729,9.850432160216732,clear
59.33689247268629,18.02402277608813,0.5882981179807895,Max Kungsholmen,1.19727,0.5882981179807895,2.39454,1.176596235961579,4.78908,0.7059577415769474,9.57816,4.7651079550770525,,,nogo
59.3475633730656,18.038256337248637,0.2956059203855614,Max Karolinska,3.69936,0.2956059203855614,7.39872,0.5912118407711228,14.79744,0.35472710446267364,29.59488,2.891877890467593,0.5912118407711228,2.891877890467593,clear
59.31099597553174,18.09197370680333,1.1958752957304521,Max Södermalm,3.3933299999999997,1.1958752957304521,6.7866599999999995,2.3917505914609043,13.573319999999999,1.4350503548765425,27.146639999999998,8.653601892674894,2.3917505914609043,8.653601892674894,clear
59.31679236319659,18.09746173321811,1.3948915277814404,Max Södermalm,2.96223,1.3948915277814404,5.92446,2.789783055562881,11.84892,1.6738698333377284,23.69784,9.92730577780122,2.789783055562881,9.92730577780122,clear
59.30754206753689,18.087415051341477,1.219357778017676,Max Södermalm,3.33173,1.219357778017676,6.66346,2.438715556035352,13.32692,1.4632293336212112,26.65384,8.803889779313128,2.438715556035352,8.803889779313128,clear
59.30806592488357,18.082203131039034,0.9937575932690358,Max Södermalm,1.09514,0.9937575932690358,2.19028,1.9875151865380716,4.38056,1.192509111922843,8.76112,7.360048596921829,1.9875151865380716,7.360048596921829,clear
59.35224297678804,18.089365636162466,2.367846657533094,Max Hamngatan,3.12214,2.367846657533094,6.24428,4.735693315066188,12.48856,2.8414159890397124,24.97712,16.1542186082118,,,nogo
59.34246066290225,18.085153910966522,1.2988059619172383,Max Hamngatan,2.9674699999999996,1.2988059619172383,5.934939999999999,2.5976119238344766,11.869879999999998,1.558567154300686,23.739759999999997,9.312358156270324,,,nogo
59.34055836834008,18.052776201706678,0.24337285451551968,Max Odenplan,3.85085,0.24337285451551968,7.7017,0.48674570903103936,15.403399999999998,0.2920474254186236,30.806799999999996,2.557586268899326,0.48674570903103936,2.557586268899326,clear
59.31913409020516,18.03656235866135,1.6521138305307501,Max Kungsholmen,1.19141,1.6521138305307501,2.38282,3.3042276610615002,4.76564,1.9825365966369004,9.53128,11.573528515396802,,,nogo
59.31385077256422,18.09166543246006,1.0783211853763919,Max Södermalm,1.0947799999999999,1.0783211853763919,2.1895599999999997,2.1566423707527838,4.3791199999999995,1.2939854224516703,8.758239999999999,7.901255586408908,2.1566423707527838,7.901255586408908,clear
59.31361728203486,18.056958162719543,0.9453395025985374,Max Södermalm,3.91843,0.9453395025985374,7.83686,1.8906790051970748,15.67372,1.1344074031182447,31.34744,7.0501728166306386,1.8906790051970748,7.0501728166306386,clear
59.33474272527928,18.09309392045698,1.215020378538335,Max Hamngatan,3.56712,1.215020378538335,7.13424,2.43004075707667,14.26848,1.4580244542460021,28.53696,8.776130422645345,,,nogo
59.331916152254,18.084103880489824,0.6951653648969847,Max Hamngatan,1.32398,0.6951653648969847,2.64796,1.3903307297939693,5.29592,0.8341984378763816,10.59184,5.449058335340702,,,nogo
59.30835187994535,18.083332060366637,1.0028345882637681,Max Södermalm,1.93394,1.0028345882637681,3.86788,2.0056691765275363,7.735760000000001,1.2034015059165217,15.471520000000002,7.4181413648881165,2.0056691765275363,7.4181413648881165,clear
59.32023877514093,18.05349038097083,1.2256525352607162,Max Södermalm,1.57741,1.2256525352607162,3.15482,2.4513050705214323,6.30964,1.4707830423128594,12.61928,8.844176225668583,2.4513050705214323,8.844176225668583,clear
59.34130288411304,18.099739023089118,1.8320801879278292,Max Hamngatan,3.50542,1.8320801879278292,7.01084,3.6641603758556585,14.02168,2.198496225513395,28.04336,12.725313202738107,,,nogo
59.31594315370775,18.070174505153112,0.1675786669660873,Max Södermalm,1.87274,0.1675786669660873,3.74548,0.3351573339321746,7.49096,0.20109440035930476,14.98192,2.072503468582959,0.3351573339321746,2.072503468582959,clear
59.34174612738685,18.080642491396762,1.0985853519087967,Max Hamngatan,2.3895999999999997,1.0985853519087967,4.7791999999999994,2.1971707038175934,9.558399999999999,1.3183024222905562,19.116799999999998,8.0309462522163,,,nogo
59.330176861364755,18.019157712659144,0.856645596701713,Max Kungsholmen,2.18379,0.856645596701713,4.36758,1.713291193403426,8.73516,1.0279747160420556,17.47032,6.482531818890964,,,nogo
59.31229311397013,18.070190575061996,0.40986868661663756,Max Södermalm,3.86597,0.40986868661663756,7.73194,0.8197373732332751,15.46388,0.491842423939965,30.92776,3.6231595943464803,0.8197373732332751,3.6231595943464803,clear
59.315638483611764,18.058135491161874,0.8503135693859047,Max Södermalm,1.46504,0.8503135693859047,2.93008,1.7006271387718095,5.86016,1.0203762832630856,11.72032,6.44200684406979,1.7006271387718095,6.44200684406979,clear
59.341732781760776,18.052717195735703,0.12728479130688408,Max Odenplan,3.6960100000000002,0.12728479130688408,7.3920200000000005,0.25456958261376816,14.784040000000001,0.1527417495682609,29.568080000000002,1.8146226643640582,0.25456958261376816,1.8146226643640582,clear
59.3428148229847,18.050680389087603,0.040881197355302,Max Odenplan,2.25629,0.040881197355302,4.51258,0.081762394710604,9.02516,0.0490574368263624,18.05032,1.2616396630739328,0.081762394710604,1.2616396630739328,clear
59.31639087146066,18.093882315332664,1.1881514685476982,Max Södermalm,3.20747,1.1881514685476982,6.41494,2.3763029370953963,12.82988,1.4257817622572377,25.65976,8.604169398705269,2.3763029370953963,8.604169398705269,clear
59.31286583779484,18.060506145203767,0.7803785759766909,Max Södermalm,2.64397,0.7803785759766909,5.28794,1.5607571519533818,10.57588,0.936454291172029,21.15176,5.994422886250822,1.5607571519533818,5.994422886250822,clear
59.33756908763735,18.058684866467104,0.31661144649015566,Max Hötorget,2.35743,0.31661144649015566,4.71486,0.6332228929803113,9.42972,0.3799337357881868,18.85944,3.026313257536996,,,nogo
59.3123253310754,18.052691928664114,1.218576646240087,Max Södermalm,2.87206,1.218576646240087,5.74412,2.437153292480174,11.48824,1.4622919754881045,22.97648,8.798890535936557,2.437153292480174,8.798890535936557,clear
59.34726845973455,18.080959817021213,1.6773916777714113,Max Hamngatan,2.9854600000000002,1.6773916777714113,5.9709200000000004,3.3547833555428226,11.941840000000001,2.0128700133256934,23.883680000000002,11.735306737737032,,,nogo
59.33061865510288,18.02939528019137,0.3952449739733149,Max Kungsholmen,3.4137199999999996,0.3952449739733149,6.827439999999999,0.7904899479466297,13.654879999999999,0.4742939687679779,27.309759999999997,3.5295678334292155,,,nogo
59.31951068125839,18.081374562680445,0.6381842511845326,Max Södermalm,0.87393,0.6381842511845326,1.74786,1.2763685023690652,3.49572,0.7658211014214391,6.99144,5.084379207581009,1.2763685023690652,5.084379207581009,clear
59.351748565839706,18.07271732471719,1.589886641326302,Max Odenplan,1.76602,1.589886641326302,3.53204,3.179773282652604,7.06408,1.9078639695915622,14.12816,11.175274504488332,3.179773282652604,11.175274504488332,clear
59.31433223584109,18.08008984367011,0.4266620407209867,Max Södermalm,0.88424,0.4266620407209867,1.76848,0.8533240814419734,3.53696,0.5119944488651841,7.07392,3.730637060614315,0.8533240814419734,3.730637060614315,clear
59.304739036735334,18.07058869058526,1.2253988496187445,Max Södermalm,3.99647,1.2253988496187445,7.99294,2.450797699237489,15.985880000000002,1.4704786195424933,31.971760000000003,8.842552637559965,2.450797699237489,8.842552637559965,clear
59.33177134516768,18.031265875341123,0.23667449939361201,Max Kungsholmen,3.12952,0.23667449939361201,6.25904,0.47334899878722403,12.51808,0.28400939927233443,25.03616,2.514716796119117,,,nogo
59.3300560566655,18.02624573414924,0.5464428407446469,Max Kungsholmen,2.34265,0.5464428407446469,4.6853,1.0928856814892938,9.3706,0.6557314088935763,18.7412,4.49723418076574,,,nogo
59.32819114909143,18.03586023344413,0.6561455887863372,Max Kungsholmen,0.34756,0.6561455887863372,0.69512,1.3122911775726744,1.39024,0.7873747065436046,2.78048,5.199331768232558,,,nogo
59.31259019985846,18.07431610923788,0.3499309400048152,Max Södermalm,1.97478,0.3499309400048152,3.94956,0.6998618800096305,7.89912,0.41991712800577824,15.79824,3.2395580160308173,0.6998618800096305,3.2395580160308173,clear
59.309074926772645,18.0529527490826,1.3606646731077334,Max Södermalm,2.85088,1.3606646731077334,5.70176,2.721329346215467,11.40352,1.63279760772928,22.80704,9.708253907889494,2.721329346215467,9.708253907889494,clear
59.33268645052803,18.077348360835455,0.30273770317774107,Max Hamngatan,3.05745,0.30273770317774107,6.1149,0.6054754063554821,12.2298,0.36328524381328925,24.4596,2.9375213003375427,,,nogo
59.33249743476464,18.00907236943931,1.3369276083194015,Max Kungsholmen,1.47425,1.3369276083194015,2.9485,2.673855216638803,5.897,1.6043131299832818,11.794,9.55633669324417,,,nogo
59.34534186773087,18.099087128443642,2.0697645057610914,Max Hamngatan,2.65455,2.0697645057610914,5.3091,4.139529011522183,10.6182,2.4837174069133097,21.2364,14.246492836870985,,,nogo
59.34136494713812,18.05041700274719,0.14606624003951765,Max Odenplan,1.47523,0.14606624003951765,2.95046,0.2921324800790353,5.90092,0.1752794880474212,11.80184,1.934823936252913,0.2921324800790353,1.934823936252913,clear
59.349204797186346,18.109152439154172,2.7840472170663366,Max Hamngatan,3.44438,2.7840472170663366,6.88876,5.568094434132673,13.77752,3.340856660479604,27.55504,18.817902189224554,,,nogo
59.352552432192375,18.08962031034251,2.4052226136756616,Max Hamngatan,3.16925,2.4052226136756616,6.3385,4.810445227351323,12.677,2.886267136410794,25.354,16.393424727524234,,,nogo
59.30368335516022,18.07830005866194,1.3677242571197812,Max Södermalm,3.10913,1.3677242571197812,6.21826,2.7354485142395624,12.43652,1.6412691085437374,24.87304,9.7534352455666,2.7354485142395624,9.7534352455666,clear
59.3446463440723,18.072058916397296,1.154263776929452,Max Hötorget,3.57083,1.154263776929452,7.14166,2.308527553858904,14.28332,1.3851165323153423,28.56664,8.387288172348493,,,nogo
59.34750939104439,18.0987755548553,2.226283017813585,Max Hamngatan,1.25054,2.226283017813585,2.50108,4.45256603562717,5.00216,2.6715396213763016,10.00432,15.248211314006943,,,nogo
59.341934689949866,18.115684878985327,2.678961969382259,Max Hamngatan,2.5024699999999998,2.678961969382259,5.0049399999999995,5.357923938764518,10.009879999999999,3.214754363258711,20.019759999999998,18.14535660404646,,,nogo
59.35099333036417,18.064630069768075,1.204965305174503,Max Odenplan,3.75139,1.204965305174503,7.50278,2.409930610349006,15.005559999999997,1.4459583662094038,30.011119999999995,8.711777953116819,2.409930610349006,8.711777953116819,clear
59.351895520268705,18.103711600875627,2.7779077830833963,Max Hamngatan,1.23906,2.7779077830833963,2.47812,5.5558155661667925,4.95624,3.3334893397000758,9.91248,18.778609811733737,,,nogo
59.3309162057398,18.01199167399922,1.206676057875472,Max Kungsholmen,2.2565999999999997,1.206676057875472,4.513199999999999,2.413352115750944,9.026399999999999,1.4480112694505665,18.052799999999998,8.722726770403021,,,nogo
59.33950357513734,18.112842310655942,2.4349569078353968,Max Hamngatan,0.31801999999999997,2.4349569078353968,0.6360399999999999,4.8699138156707935,1.2720799999999999,2.921948289402476,2.5441599999999998,16.58372421014654,,,nogo
59.316254726394234,18.05540573192701,1.0078921549494118,Max Södermalm,0.88114,1.0078921549494118,1.76228,2.0157843098988235,3.52456,1.2094705859392942,7.04912,7.450509791676236,2.0157843098988235,7.450509791676236,clear
59.32756512419255,18.072266187600903,0.5961992334198618,Max Hamngatan,3.02243,0.5961992334198618,6.04486,1.1923984668397236,12.08972,0.7154390801038342,24.17944,4.815675093887116,,,nogo
59.3495810759389,18.059228270490685,0.8998058300823426,Max Odenplan,3.5639499999999997,0.8998058300823426,7.1278999999999995,1.7996116601646852,14.255799999999999,1.0797669960988112,28.511599999999998,6.758757312526993,1.7996116601646852,6.758757312526993,clear
59.340494639574054,18.10229094161241,1.9171070387156948,Max Hamngatan,3.36916,1.9171070387156948,6.73832,3.8342140774313895,13.47664,2.300528446458834,26.95328,13.269485047780446,,,nogo
59.341725194336256,18.08538191054032,1.240527652982612,Max Hamngatan,2.62738,1.240527652982612,5.25476,2.481055305965224,10.50952,1.4886331835791342,21.01904,8.939376979088717,,,nogo
59.34782789845334,18.06899731020534,1.1647901516752275,Max Odenplan,1.29045,1.1647901516752275,2.5809,2.329580303350455,5.1618,1.397748182010273,10.3236,8.454656970721455,2.329580303350455,8.454656970721455,clear
59.32909387492158,18.043917291533898,0.8394570917751988,Max Kungsholmen,1.4741099999999998,0.8394570917751988,2.9482199999999996,1.6789141835503976,5.896439999999999,1.0073485101302386,11.792879999999998,6.372525387361272,,,nogo
59.334687329916406,18.081665650245352,0.5818692789063372,Max Hamngatan,1.77296,0.5818692789063372,3.54592,1.1637385578126744,7.09184,0.6982431346876047,14.18368,4.723963385000558,,,nogo
59.33942538132404,18.07390960277239,0.732866263457247,Max Hamngatan,1.16952,0.732866263457247,2.33904,1.465732526914494,4.67808,0.8794395161486965,9.35616,5.690344086126381,,,nogo
59.35122208801679,18.050838707465193,0.960560871810294,Max Odenplan,2.74639,0.960560871810294,5.49278,1.921121743620588,10.98556,1.1526730461723527,21.97112,7.1475895795858815,1.921121743620588,7.1475895795858815,clear
59.345677854593426,18.038418374172114,0.32444389705466387,Max Karolinska,0.25515,0.32444389705466387,0.5103,0.6488877941093277,1.0206,0.38933267646559666,2.0412,3.0764409411498486,0.6488877941093277,3.0764409411498486,clear
59.325244864884894,18.074734086646266,0.8681151382277602,Max Hamngatan,3.45539,0.8681151382277602,6.91078,1.7362302764555204,13.82156,1.0417381658733122,27.64312,6.555936884657665,,,nogo
59.33840058764381,18.074878011445563,0.6318734641569123,Max Hamngatan,3.20033,0.6318734641569123,6.40066,1.2637469283138245,12.80132,0.7582481569882947,25.60264,5.043990170604238,,,nogo
59.3424480258568,18.055150091862505,0.22167990266975152,Max Odenplan,3.17285,0.22167990266975152,6.3457,0.44335980533950303,12.6914,0.2660158832037018,25.3828,2.4187513770864095,0.44335980533950303,2.4187513770864095,clear
59.33577906375037,18.0281923831392,0.32537319663687736,Max Kungsholmen,1.33084,0.32537319663687736,2.66168,0.6507463932737547,5.32336,0.39044783596425287,10.64672,3.0823884584760153,,,nogo
59.350262110440866,18.10394695963482,2.6512274012049533,Max Hamngatan,3.1631799999999997,2.6512274012049533,6.326359999999999,5.3024548024099065,12.652719999999999,3.181472881445944,25.305439999999997,17.9678553677117,,,nogo
59.33028250725349,18.001680087194963,1.7933425420978644,Max Kungsholmen,1.79552,1.7933425420978644,3.59104,3.5866850841957287,7.18208,2.1520110505174372,14.36416,12.477392269426332,,,nogo
59.34805534644422,18.103302334572,2.451064661998584,Max Hamngatan,3.50164,2.451064661998584,7.00328,4.902129323997168,14.00656,2.9412775943983007,28.01312,16.68681383679094,,,nogo
59.351208742323166,18.1063480831168,2.8217533350503947,Max Hamngatan,2.6938299999999997,2.8217533350503947,5.3876599999999994,5.643506670100789,10.775319999999999,3.386104002060474,21.550639999999998,19.059221344322527,,,nogo
59.32033798001024,18.042716370305897,1.6114817642976185,Max Kungsholmen,0.36201,1.6114817642976185,0.72402,3.222963528595237,1.44804,1.9337781171571424,2.89608,11.31348329150476,,,nogo
59.3184452069384,18.033000581112663,1.712250971560614,Max Kungsholmen,2.32164,1.712250971560614,4.64328,3.424501943121228,9.28656,2.054701165872737,18.57312,11.95840621798793,,,nogo
59.31535733994391,18.05762837343047,0.8798624324226242,Max Södermalm,2.23833,0.8798624324226242,4.47666,1.7597248648452484,8.95332,1.055834918907149,17.90664,6.631119567504795,1.7597248648452484,6.631119567504795,clear
59.3377158665717,18.054923804123888,0.49702565287603756,Max Hötorget,3.1539099999999998,0.49702565287603756,6.3078199999999995,0.9940513057520751,12.615639999999999,0.5964307834512451,25.231279999999998,4.18096417840664,,,nogo
59.333353375822675,18.075923068548786,0.22585127116323128,Max Hamngatan,3.20986,0.22585127116323128,6.41972,0.45170254232646256,12.83944,0.27102152539587754,25.67888,2.44544813544468,,,nogo
59.31554469407826,18.09670519508033,1.3462434204171905,Max Södermalm,1.67776,1.3462434204171905,3.35552,2.692486840834381,6.71104,1.6154921045006285,13.42208,9.61595789067002,2.692486840834381,9.61595789067002,clear
59.34070753153874,18.111064858974476,2.3841521910682797,Max Hamngatan,0.9676,2.3841521910682797,1.9352,4.768304382136559,3.8704,2.860982629281936,7.7408,16.25857402283699,,,nogo
59.32771506771416,18.02027142347107,0.9693028259079093,Max Kungsholmen,0.88435,0.9693028259079093,1.7687,1.9386056518158186,3.5374,1.1631633910894912,7.0748,7.203538085810619,,,nogo
59.31883753377949,18.064829726021404,0.5872513488683969,Max Södermalm,3.30921,0.5872513488683969,6.61842,1.1745026977367938,13.23684,0.7047016186420764,26.47368,4.758408632757741,1.1745026977367938,4.758408632757741,clear
59.34495858109684,18.049838285793957,0.2747768264565291,Max Odenplan,1.81948,0.2747768264565291,3.63896,0.5495536529130582,7.27792,0.32973219174783497,14.55584,2.758571689321786,0.5495536529130582,2.758571689321786,clear
59.35108496112264,18.0501326212775,0.9471749710906445,Max Odenplan,2.82167,0.9471749710906445,5.64334,1.894349942181289,11.28668,1.1366099653087733,22.57336,7.061919814980125,1.894349942181289,7.061919814980125,clear
59.3324660634211,18.031741052095537,0.15488287716043075,Max Kungsholmen,2.9509000000000003,0.15488287716043075,5.901800000000001,0.3097657543208615,11.803600000000001,0.1858594525925169,23.607200000000002,1.9912504138267568,,,nogo
59.33564703076523,18.016659065825696,0.9199927459098168,Max Kungsholmen,1.47649,0.9199927459098168,2.95298,1.8399854918196337,5.90596,1.10399129509178,11.81192,6.887953573822827,,,nogo
59.31502914168071,18.06375236819457,0.5351609462059398,Max Södermalm,2.85898,0.5351609462059398,5.71796,1.0703218924118796,11.43592,0.6421931354471277,22.87184,4.425030055718015,1.0703218924118796,4.425030055718015,clear
59.34623249474123,18.068353602550197,1.0530338544448599,Max Odenplan,0.86554,1.0530338544448599,1.73108,2.1060677088897197,3.46216,1.263640625333832,6.92432,7.739416668447103,2.1060677088897197,7.739416668447103,clear
59.335481591536286,18.070222231116684,0.30414771976020033,Max Hamngatan,2.88578,0.30414771976020033,5.77156,0.6082954395204007,11.54312,0.3649772637122404,23.08624,2.9465454064652823,,,nogo
59.33213095067456,18.06377642136953,0.38274942168509235,Max Hötorget,3.30878,0.38274942168509235,6.61756,0.7654988433701847,13.23512,0.4592993060221108,26.47024,3.449596298784591,,,nogo
59.35774626967888,18.091314096508018,2.8349713189538135,Max Odenplan,3.89028,2.8349713189538135,7.78056,5.669942637907627,15.561120000000003,3.401965582744576,31.122240000000005,19.143816441304406,5.669942637907627,19.143816441304406,clear
59.34942860973247,18.058897268003896,0.8756831922564342,Max Odenplan,1.9461199999999999,0.8756831922564342,3.8922399999999997,1.7513663845128684,7.784479999999999,1.050819830707721,15.568959999999999,6.604372430441179,1.7513663845128684,6.604372430441179,clear
59.34645604210849,18.046604506901602,0.5046404454721519,Max Odenplan,0.63864,0.5046404454721519,1.27728,1.0092808909443038,2.55456,0.6055685345665823,5.10912,4.229698851021772,1.0092808909443038,4.229698851021772,clear
59.314863991226474,18.09840931586726,1.4459985439493699,Max Södermalm,2.71266,1.4459985439493699,5.42532,2.8919970878987398,10.85064,1.7351982527392438,21.70128,10.254390681275968,2.8919970878987398,10.254390681275968,clear
59.338434050611575,18.08327821375713,0.8867851485367878,Max Hamngatan,1.80921,0.8867851485367878,3.61842,1.7735702970735756,7.23684,1.0641421782441454,14.47368,6.675424950635442,,,nogo
59.33273257774644,18.02463076604852,0.4593396794095372,Max Kungsholmen,2.70888,0.4593396794095372,5.41776,0.9186793588190744,10.83552,0.5512076152914446,21.67104,3.939773948221038,,,nogo
59.33386243521901,18.095576618924532,1.3433271040683508,Max Hamngatan,3.0212800000000004,1.3433271040683508,6.042560000000001,2.6866542081367015,12.085120000000002,1.6119925248820208,24.170240000000003,9.597293466037446,,,nogo
59.339615962009084,18.063826288989787,0.4640346089621161,Max Hötorget,2.1372600000000004,0.4640346089621161,4.274520000000001,0.9280692179242322,8.549040000000002,0.5568415307545393,17.098080000000003,3.969821497357543,,,nogo
59.308531896080346,18.08363247028521,0.9968441157562581,Max Södermalm,1.04812,0.9968441157562581,2.09624,1.9936882315125162,4.19248,1.1962129389075098,8.38496,7.379802340840052,1.9936882315125162,7.379802340840052,clear
59.352710845022436,18.090610910996507,2.4450994344596966,Max Hamngatan,3.5918,2.4450994344596966,7.1836,4.890198868919393,14.3672,2.934119321351636,28.7344,16.648636380542058,,,nogo
59.34435572559321,18.1040797043854,2.2241967322482314,Max Hamngatan,2.6630100000000003,2.2241967322482314,5.326020000000001,4.448393464496463,10.652040000000001,2.6690360786978777,21.304080000000003,15.234859086388681,,,nogo
59.331500763773015,18.033009011465236,0.25971185594758045,Max Kungsholmen,0.67255,0.25971185594758045,1.3451,0.5194237118951609,2.6902,0.31165422713709656,5.3804,2.6621558780645147,,,nogo
59.31003308096167,18.060695800664323,0.9434736691951519,Max Södermalm,0.68856,0.9434736691951519,1.37712,1.8869473383903037,2.75424,1.132168403034182,5.50848,7.038231482848971,1.8869473383903037,7.038231482848971,clear
59.340732044452466,18.077636764287732,0.9269995289162021,Max Hamngatan,1.03903,0.9269995289162021,2.07806,1.8539990578324042,4.15612,1.1123994346994424,8.31224,6.932796985063693,,,nogo
59.349872785142225,18.088136619113076,2.0991753526351533,Max Hamngatan,0.871,2.0991753526351533,1.742,4.198350705270307,3.484,2.519010423162184,6.968,14.434722256864982,,,nogo
59.33201886260421,18.022682763264225,0.5891107777511495,Max Kungsholmen,3.53664,0.5891107777511495,7.07328,1.178221555502299,14.14656,0.7069329333013794,28.29312,4.770308977607357,,,nogo
59.3189635681847,18.087124123089424,0.8807833640713945,Max Södermalm,2.43113,0.8807833640713945,4.86226,1.761566728142789,9.72452,1.0569400368856734,19.44904,6.637013530056924,1.761566728142789,6.637013530056924,clear
59.33436050315502,18.020958708373104,0.6551489446060178,Max Kungsholmen,1.27343,0.6551489446060178,2.54686,1.3102978892120356,5.09372,0.7861787335272213,10.18744,5.192953245478514,,,nogo
59.3137754340975,18.04039381820409,1.87259694179039,Max Södermalm,1.0723099999999999,1.87259694179039,2.1446199999999997,3.74519388358078,4.2892399999999995,2.2471163301484682,8.578479999999999,12.984620427458497,3.74519388358078,12.984620427458497,clear
59.30891503342318,18.078318957955233,0.8093457504293652,Max Södermalm,1.1021800000000002,0.8093457504293652,2.2043600000000003,1.6186915008587304,4.408720000000001,0.9712149005152383,8.817440000000001,6.1798128027479375,1.6186915008587304,6.1798128027479375,clear
59.32818065865697,18.012987056308567,1.27166779501987,Max Kungsholmen,2.69492,1.27166779501987,5.38984,2.54333559003974,10.77968,1.526001354023844,21.55936,9.138673888127169,,,nogo
59.335102752702895,18.042358167842718,0.5836741230932756,Max Kungsholmen,0.80859,0.5836741230932756,1.61718,1.1673482461865512,3.23436,0.7004089477119307,6.46872,4.735514387796964,,,nogo
59.31609438650462,18.08502526376774,0.6826881126291786,Max Södermalm,0.38665,0.6826881126291786,0.7733,1.3653762252583572,1.5466,0.8192257351550143,3.0932,5.3692039208267435,1.3653762252583572,5.3692039208267435,clear
59.33028460155472,18.032952200382255,0.3941833775914515,Max Kungsholmen,1.98066,0.3941833775914515,3.96132,0.788366755182903,7.9226399999999995,0.4730200531097418,15.845279999999999,3.5227736165852894,,,nogo
59.327503630396215,18.023474357606332,0.8678709676419271,Max Kungsholmen,3.40823,0.8678709676419271,6.81646,1.7357419352838541,13.63292,1.0414451611703126,27.26584,6.554374192908334,,,nogo
59.31126220225689,18.054409543372785,1.1703372466965754,Max Södermalm,1.8514300000000001,1.1703372466965754,3.7028600000000003,2.3406744933931507,7.4057200000000005,1.4044046960358905,14.811440000000001,8.490158378858082,2.3406744933931507,8.490158378858082,clear
59.335192235784824,18.08318239276983,0.6825640969704403,Max Hamngatan,2.67761,0.6825640969704403,5.35522,1.3651281939408806,10.71044,0.8190769163645283,21.42088,5.3684102206108175,,,nogo
59.3363075106983,18.054837173306584,0.4457166204650467,Max Hötorget,3.08059,0.4457166204650467,6.16118,0.8914332409300934,12.32236,0.5348599445580561,24.64472,3.852586370976299,,,nogo
59.34984834526265,18.103848618646122,2.6139516740822937,Max Hamngatan,2.05464,2.6139516740822937,4.10928,5.227903348164587,8.21856,3.1367420088987523,16.43712,17.72929071412668,,,nogo
59.354192912965026,18.08676177986,2.396978185745416,Max Odenplan,2.51965,2.396978185745416,5.0393,4.793956371490832,10.0786,2.8763738228944993,20.1572,16.340660388770665,4.793956371490832,16.340660388770665,clear
59.337320069220226,18.064075797781932,0.22095960515399038,Max Hötorget,2.30884,0.22095960515399038,4.61768,0.44191921030798076,9.23536,0.26515152618478843,18.47072,2.4141414729855386,,,nogo
59.33784509714296,18.08513424488278,0.9253243344582643,Max Hamngatan,0.49744,0.9253243344582643,0.99488,1.8506486689165287,1.98976,1.1103892013499173,3.97952,6.922075740532891,,,nogo
59.315136083078215,18.068637320458603,0.2590576188206488,Max Södermalm,3.20613,0.2590576188206488,6.41226,0.5181152376412976,12.82452,0.31086914258477855,25.64904,2.6579687604521522,0.5181152376412976,2.6579687604521522,clear
59.353459934496705,18.100317968712556,2.7973954510153014,Max Hamngatan,0.78126,2.7973954510153014,1.56252,5.594790902030603,3.12504,3.3568745412183616,6.25008,18.90333088649793,,,nogo
59.33499331235009,18.013559301048204,1.0814744131537903,Max Kungsholmen,2.98937,1.0814744131537903,5.97874,2.1629488263075807,11.95748,1.2977692957845484,23.91496,7.9214362441842585,,,nogo
59.338718814943796,18.0656267273866,0.3995484131112298,Max Hötorget,3.1075100000000004,0.3995484131112298,6.215020000000001,0.7990968262224596,12.430040000000002,0.47945809573347575,24.860080000000004,3.5571098439118707,,,nogo
59.345687618627124,18.04926936828425,0.3619983757743524,Max Odenplan,2.60531,0.3619983757743524,5.21062,0.7239967515487048,10.42124,0.4343980509292229,20.84248,3.316789604955855,0.7239967515487048,3.316789604955855,clear
59.33073795813182,18.00697942372714,1.487998539947356,Max Kungsholmen,3.36594,1.487998539947356,6.73188,2.975997079894712,13.46376,1.7855982479368273,26.92752,10.523190655663079,,,nogo
59.33776955444424,18.011247198481197,1.2830936285555528,Max Kungsholmen,2.01076,1.2830936285555528,4.02152,2.5661872571111055,8.04304,1.5397123542666633,16.08608,9.211799222755538,,,nogo
59.34320255512841,18.065745542045608,0.826630031089209,Max Odenplan,1.9959200000000001,0.826630031089209,3.9918400000000003,1.653260062178418,7.9836800000000006,0.9919560373070506,15.967360000000001,6.290432198970937,1.653260062178418,6.290432198970937,clear
59.31335980322648,18.079250383791415,0.4359000955702908,Max Södermalm,1.17326,0.4359000955702908,2.34652,0.8718001911405816,4.69304,0.523080114684349,9.38608,3.789760611649861,0.8718001911405816,3.789760611649861,clear
59.313892922724484,18.082141474595325,0.5532577967504196,Max Södermalm,1.10796,0.5532577967504196,2.21592,1.1065155935008393,4.43184,0.6639093561005035,8.86368,4.540849899202685,1.1065155935008393,4.540849899202685,clear
59.31579259522649,18.09616242396719,1.3153369674553277,Max Södermalm,3.71962,1.3153369674553277,7.43924,2.6306739349106554,14.87848,1.5784043609463934,29.75696,9.418156591714098,2.6306739349106554,9.418156591714098,clear
59.32955442908902,18.075857181292157,0.43268760466342326,Max Hamngatan,1.47301,0.43268760466342326,2.94602,0.8653752093268465,5.89204,0.5192251255961079,11.78408,3.769200669845909,,,nogo
59.3124131059126,18.098593553149232,1.498258291781212,Max Södermalm,2.9649099999999997,1.498258291781212,5.929819999999999,2.996516583562424,11.859639999999999,1.7979099501374542,23.719279999999998,10.588853067399757,2.996516583562424,10.588853067399757,clear
59.33273927972868,18.097098137605766,1.4259434706633762,Max Hamngatan,1.54767,1.4259434706633762,3.09534,2.8518869413267525,6.19068,1.7111321647960513,12.38136,10.126038212245607,,,nogo
59.33852701037629,18.090484993133302,1.221381753345108,Max Hamngatan,2.1539,1.221381753345108,4.3078,2.442763506690216,8.6156,1.4656581040141294,17.2312,8.816843221408691,,,nogo
59.316045111424145,18.05818516844105,0.8485269892271365,Max Södermalm,1.29671,0.8485269892271365,2.59342,1.697053978454273,5.18684,1.0182323870725638,10.37368,6.430572731053674,1.697053978454273,6.430572731053674,clear
59.32965914658737,18.009476873839212,1.3854510627337664,Max Kungsholmen,1.73881,1.3854510627337664,3.47762,2.770902125467533,6.95524,1.6625412752805195,13.91048,9.866886801496104,,,nogo
59.30430974189673,18.080620736442892,1.3362333897895224,Max Södermalm,2.83828,1.3362333897895224,5.67656,2.672466779579045,11.35312,1.6034800677474268,22.70624,9.551893694652943,2.672466779579045,9.551893694652943,clear
59.32767779126843,18.072769640210936,0.584960938923429,Max Hamngatan,0.91004,0.584960938923429,1.82008,1.169921877846858,3.64016,0.7019531267081148,7.28032,4.743750009109946,,,nogo
59.3465387586858,18.06374439142392,0.8345210843471247,Max Odenplan,0.42792,0.8345210843471247,0.85584,1.6690421686942494,1.71168,1.0014253012165495,3.42336,6.340934939821597,1.6690421686942494,6.340934939821597,clear
59.317874372187326,18.024576751957717,1.8307978627049863,Max Kungsholmen,3.5411599999999996,1.8307978627049863,7.082319999999999,3.6615957254099727,14.164639999999999,2.1969574352459835,28.329279999999997,12.717106321311913,,,nogo
59.338090230604855,18.064269841978223,0.30490558607482887,Max Hötorget,1.17903,0.30490558607482887,2.35806,0.6098111721496577,4.71612,0.36588670328979467,9.43224,2.9513957508789046,,,nogo
59.33764960397216,18.004197404031196,1.6621381089057095,Max Kungsholmen,2.17949,1.6621381089057095,4.35898,3.324276217811419,8.71796,1.9945657306868516,17.43592,11.637683896996542,,,nogo
59.31301323774315,18.042220466818048,1.7813895820273242,Max Södermalm,1.23786,1.7813895820273242,2.47572,3.5627791640546485,4.95144,2.137667498432789,9.90288,12.400893324974874,3.5627791640546485,12.400893324974874,clear
59.34824399631855,18.088757393803768,1.954458780490104,Max Hamngatan,3.35632,1.954458780490104,6.71264,3.908917560980208,13.42528,2.345350536588125,26.85056,13.508536195136665,,,nogo
59.3097471316455,18.08622295603546,0.9980818746982284,Max Södermalm,1.4128399999999999,0.9980818746982284,2.8256799999999997,1.9961637493964568,5.6513599999999995,1.197698249637874,11.302719999999999,7.387723998068662,1.9961637493964568,7.387723998068662,clear
59.340665189559644,18.04540881268963,0.39706783975917903,Max Odenplan,2.7285399999999997,0.39706783975917903,5.4570799999999995,0.7941356795183581,10.914159999999999,0.4764814077110148,21.828319999999998,3.541234174458746,0.7941356795183581,3.541234174458746,clear
59.3325261006936,18.015365991425355,0.9811708368010356,Max Kungsholmen,1.67165,0.9811708368010356,3.3433,1.9623416736020711,6.6866,1.1774050041612427,13.3732,7.279493355526627,,,nogo
59.3448766559732,18.032261321032003,0.23078452139181238,Max Karolinska,1.32257,0.23078452139181238,2.64514,0.46156904278362476,5.29028,0.2769414256701749,10.58056,2.477020936907599,0.46156904278362476,2.477020936907599,clear
59.33375010555087,18.07330902183294,0.11740751320439083,Max Hamngatan,0.78251,0.11740751320439083,1.56502,0.23481502640878166,3.13004,0.140889015845269,6.26008,1.7514080845081013,,,nogo
59.33819252505432,18.087878811728157,1.0757792636510104,Max Hamngatan,2.81512,1.0757792636510104,5.63024,2.151558527302021,11.26048,1.2909351163812124,22.52096,7.884987287366466,,,nogo
59.33052704830705,18.060467576263942,0.5666180511446341,Max Hötorget,2.83178,0.5666180511446341,5.66356,1.1332361022892683,11.32712,0.679941661373561,22.65424,4.626355527325659,,,nogo
59.33872274138309,18.042503281440222,0.6598861375886826,Max Odenplan,3.43513,0.6598861375886826,6.87026,1.3197722751773653,13.74052,0.7918633651064191,27.48104,5.223271280567569,1.3197722751773653,5.223271280567569,clear
59.35517409766235,18.095501281284527,2.8158882452395053,Max Hamngatan,3.59533,2.8158882452395053,7.19066,5.631776490479011,14.38132,3.379065894287406,28.76264,19.021684769532833,,,nogo
59.34722404889674,18.092651962282456,1.978737361022427,Max Hamngatan,3.05376,1.978737361022427,6.10752,3.957474722044854,12.21504,2.3744848332269126,24.43008,13.663919110543533,,,nogo
59.34244089994076,18.081474544417965,1.188996326353356,Max Hamngatan,2.44954,1.188996326353356,4.89908,2.377992652706712,9.79816,1.4267955916240274,19.59632,8.609576488661478,,,nogo
59.33961494050863,18.072737758895073,0.7405815132969451,Max Hötorget,2.19447,0.7405815132969451,4.38894,1.4811630265938902,8.77788,0.8886978159563341,17.55576,5.739721685100449,,,nogo
59.357177735414496,18.08758049683376,2.6276765163057343,Max Odenplan,3.37088,2.6276765163057343,6.74176,5.255353032611469,13.48352,3.1532118195668812,26.96704,17.8171297043567,5.255353032611469,17.8171297043567,clear
59.31449143045358,18.06829654655484,0.30151615278616706,Max Södermalm,2.81512,0.30151615278616706,5.63024,0.6030323055723341,11.26048,0.36181938334340047,22.52096,2.929703377831469,0.6030323055723341,2.929703377831469,clear
59.34787899389471,18.084896923684227,1.8202174391788668,Max Hamngatan,0.46049,1.8202174391788668,0.92098,3.6404348783577336,1.84196,2.1842609270146403,3.68392,12.649391610744747,,,nogo
59.34450898882234,18.08222045113516,1.4152903709897389,Max Hamngatan,1.85205,1.4152903709897389,3.7041,2.8305807419794777,7.4082,1.6983484451876867,14.8164,10.057858374334328,,,nogo
59.347077233757425,18.093113922509673,1.9813818112312809,Max Hamngatan,2.28336,1.9813818112312809,4.56672,3.9627636224625618,9.13344,2.377658173477537,18.26688,13.680843591880198,,,nogo
59.33406010080469,18.07665859857952,0.2917174548336864,Max Hamngatan,2.21331,0.2917174548336864,4.42662,0.5834349096673728,8.85324,0.3500609458004237,17.70648,2.8669917109355927,,,nogo
59.318843791742275,18.085008503947563,0.7666723651040709,Max Södermalm,1.37354,0.7666723651040709,2.74708,1.5333447302081418,5.49416,0.920006838124885,10.98832,5.906703136666054,1.5333447302081418,5.906703136666054,clear
59.31637648017434,18.09851601399613,1.4514424897642075,Max Södermalm,1.21652,1.4514424897642075,2.43304,2.902884979528415,4.86608,1.741730987717049,9.73216,10.289231934490928,2.902884979528415,10.289231934490928,clear
59.315413378969026,18.037556259748786,2.0224641297327723,Max Södermalm,3.67635,2.0224641297327723,7.3527,4.044928259465545,14.7054,2.426956955679327,29.4108,13.943770430289742,4.044928259465545,13.943770430289742,clear
59.34016681152587,18.03821070303756,0.78085245607873,Max Kungsholmen,2.1951300000000002,0.78085245607873,4.3902600000000005,1.56170491215746,8.780520000000001,0.937022947294476,17.561040000000002,5.997455718903872,,,nogo
59.3500725535445,18.107660373349614,2.7856150018400343,Max Hamngatan,1.27956,2.7856150018400343,2.55912,5.571230003680069,5.11824,3.342738002208041,10.23648,18.82793601177622,,,nogo
59.32939791640069,18.044947037903796,0.8662475777525863,Max Kungsholmen,2.78261,0.8662475777525863,5.56522,1.7324951555051726,11.13044,1.0394970933031036,22.26088,6.543984497616552,,,nogo
59.317565118865964,18.073863769730064,0.21640246529767404,Max Södermalm,2.10748,0.21640246529767404,4.21496,0.4328049305953481,8.42992,0.25968295835720884,16.85984,2.384975777905114,0.4328049305953481,2.384975777905114,clear
59.33182734494727,18.07375764055161,0.15545283938064042,Max Hamngatan,2.50642,0.15545283938064042,5.01284,0.31090567876128083,10.02568,0.18654340725676852,20.05136,1.9948981720360988,,,nogo
59.3576250818388,18.08971599131565,2.7542134677487065,Max Odenplan,2.15747,2.7542134677487065,4.31494,5.508426935497413,8.62988,3.305056161298448,17.25976,18.62696619359172,5.508426935497413,18.62696619359172,clear
59.342748913489444,18.03786252736299,0.5310859297592191,Max Karolinska,3.51756,0.5310859297592191,7.03512,1.0621718595184382,14.07024,0.6373031157110629,28.14048,4.398949950459002,1.0621718595184382,4.398949950459002,clear
59.33910544332622,18.08933289474574,1.201315914471955,Max Hamngatan,2.9472899999999997,1.201315914471955,5.8945799999999995,2.40263182894391,11.789159999999999,1.441579097366346,23.578319999999998,8.688421852620511,,,nogo
59.333988466688325,18.084660734965826,0.7277395905831996,Max Hamngatan,2.5273499999999998,0.7277395905831996,5.0546999999999995,1.4554791811663992,10.109399999999999,0.8732875086998395,20.218799999999998,5.657533379732477,,,nogo
59.35634996474511,18.101602869366555,3.1053289574064387,Max Hamngatan,2.79541,3.1053289574064387,5.59082,6.210657914812877,11.18164,3.7263947488877265,22.36328,20.874105327401207,,,nogo
59.33681244884843,18.056532403552502,0.37003851753546974,Max Hötorget,2.04046,0.37003851753546974,4.08092,0.7400770350709395,8.16184,0.4440462210425637,16.32368,3.368246512227006,,,nogo
59.33281353813513,18.055308205900886,0.5078487960259784,Max Hötorget,2.97991,0.5078487960259784,5.95982,1.0156975920519569,11.91964,0.6094185552311742,23.83928,4.250232294566262,,,nogo
59.334193736304684,18.00974915500026,1.2910208774853162,Max Kungsholmen,4.09542,1.2910208774853162,8.19084,2.5820417549706325,16.38168,1.5492250529823794,32.76336,9.262533615906024,,,nogo
59.338054638552066,18.017560973833014,0.9687313703249144,Max Kungsholmen,0.5156900000000001,0.9687313703249144,1.0313800000000002,1.9374627406498288,2.0627600000000004,1.1624776443898972,4.125520000000001,7.199880770079452,,,nogo
59.34028718717956,18.10885226922731,2.249834060677159,Max Hamngatan,3.24458,2.249834060677159,6.48916,4.499668121354318,12.97832,2.6998008728125913,25.95664,15.39893798833382,,,nogo
59.319360703309854,18.084610763989843,0.7756142416197338,Max Södermalm,3.0249200000000003,0.7756142416197338,6.0498400000000006,1.5512284832394676,12.099680000000001,0.9307370899436805,24.199360000000002,5.9639311463662965,1.5512284832394676,5.9639311463662965,clear
59.35662179890103,18.09178429626276,2.784397814366871,Max Odenplan,2.33195,2.784397814366871,4.6639,5.568795628733742,9.3278,3.341277377240245,18.6556,18.820146011947976,5.568795628733742,18.820146011947976,clear
59.34578808933217,18.041866319396966,0.5063336123469006,Max Karolinska,0.8871100000000001,0.5063336123469006,1.7742200000000001,1.012667224693801,3.5484400000000003,0.6076003348162807,7.0968800000000005,4.240535119020164,1.012667224693801,4.240535119020164,clear
59.34290574999179,18.086218668686133,1.374355986542588,Max Hamngatan,3.5282600000000004,1.374355986542588,7.056520000000001,2.748711973085176,14.113040000000002,1.6492271838511057,28.226080000000003,9.795878313872564,,,nogo
59.34402341654299,18.049659101026432,0.18282376002842457,Max Odenplan,2.8097800000000004,0.18282376002842457,5.619560000000001,0.36564752005684914,11.239120000000002,0.21938851203410947,22.478240000000003,2.1700720641819173,0.36564752005684914,2.1700720641819173,clear
59.32031270132629,18.069808743869316,0.5499108074915431,Max Södermalm,0.41074,0.5499108074915431,0.82148,1.0998216149830862,1.64296,0.6598929689898516,3.28592,4.519429167945876,1.0998216149830862,4.519429167945876,clear
59.304839339906344,18.076370315122126,1.2206596843268422,Max Södermalm,1.3865399999999999,1.2206596843268422,2.7730799999999998,2.4413193686536845,5.5461599999999995,1.4647916211922107,11.092319999999999,8.81222197969179,2.4413193686536845,8.81222197969179,clear
59.343083023634314,18.046751876884958,0.26239514198643016,Max Odenplan,1.5338399999999999,0.26239514198643016,3.0676799999999997,0.5247902839728603,6.1353599999999995,0.3148741703837162,12.270719999999999,2.679328908713153,0.5247902839728603,2.679328908713153,clear
59.34069342050266,18.092130534080418,1.4342150667931646,Max Hamngatan,0.9546699999999999,1.4342150667931646,1.9093399999999998,2.868430133586329,3.818679999999999,1.7210580801517974,7.637359999999998,10.178976427476254,,,nogo
59.34766415881382,18.052198042641674,0.5663833278414402,Max Odenplan,1.2278399999999998,0.5663833278414402,2.4556799999999996,1.1327666556828804,4.911359999999999,0.6796599934097283,9.822719999999999,4.624853298185217,1.1327666556828804,4.624853298185217,clear
59.344355314891764,18.059262395289714,0.4951420101058129,Max Odenplan,3.64472,0.4951420101058129,7.28944,0.9902840202116258,14.57888,0.5941704121269754,29.15776,4.168908864677203,0.9902840202116258,4.168908864677203,clear
59.33611071033438,18.02552027707623,0.46874765616619557,Max Kungsholmen,2.60373,0.46874765616619557,5.20746,0.9374953123323911,10.41492,0.5624971873994347,20.82984,3.999984999463652,,,nogo
59.31711920360463,18.02798322631589,1.8767182290097582,Max Kungsholmen,3.19065,1.8767182290097582,6.3813,3.7534364580195163,12.7626,2.2520618748117096,25.5252,13.010996665662452,,,nogo
59.34491327837527,18.056309422312587,0.38552644844347184,Max Odenplan,3.8275799999999998,0.38552644844347184,7.6551599999999995,0.7710528968869437,15.31032,0.4626317381321662,30.62064,3.46736927003822,0.7710528968869437,3.46736927003822,clear
59.313261078744226,18.06984638246406,0.32464864203041854,Max Södermalm,3.67714,0.32464864203041854,7.35428,0.6492972840608371,14.70856,0.38957837043650223,29.41712,3.077751308994679,0.6492972840608371,3.077751308994679,clear
59.335051358606755,18.0575099166273,0.2890073933041281,Max Hötorget,3.80994,0.2890073933041281,7.61988,0.5780147866082562,15.23976,0.34680887196495375,30.47952,2.84964731714642,,,nogo
59.33073557582359,18.01033340163367,1.3030256186634215,Max Kungsholmen,2.8734499999999996,1.3030256186634215,5.746899999999999,2.606051237326843,11.493799999999998,1.5636307423961058,22.987599999999997,9.339363959445897,,,nogo
59.338457270235075,18.02446099128245,0.6876614863738153,Max Kungsholmen,2.9215,0.6876614863738153,5.843,1.3753229727476306,11.686,0.8251937836485783,23.372,5.401033512792418,,,nogo
59.34140060437159,18.074244691325383,0.9366733795515326,Max Hötorget,3.73104,0.9366733795515326,7.46208,1.8733467591030653,14.92416,1.124008055461839,29.84832,6.994709629129808,,,nogo
59.308526128558135,18.064069151663436,0.9461508525633234,Max Södermalm,3.5470300000000003,0.9461508525633234,7.094060000000001,1.8923017051266469,14.188120000000001,1.135381023075988,28.376240000000003,7.055365456405269,1.8923017051266469,7.055365456405269,clear
59.32866984194514,18.035592367528277,0.600699797402039,Max Kungsholmen,2.17874,0.600699797402039,4.35748,1.201399594804078,8.71496,0.7208397568824468,17.42992,4.84447870337305,,,nogo
59.327717038259856,18.022391343498523,0.8870881002069158,Max Kungsholmen,2.53459,0.8870881002069158,5.06918,1.7741762004138315,10.13836,1.064505720248299,20.27672,6.6773638413242615,,,nogo
59.337738728865915,18.101052289768038,1.7359900474090475,Max Hamngatan,2.24835,1.7359900474090475,4.4967,3.471980094818095,8.9934,2.083188056890857,17.9868,12.110336303417904,,,nogo
59.352010935215944,18.086320552674177,2.253079064223229,Max Odenplan,3.5073600000000003,2.253079064223229,7.0147200000000005,4.506158128446458,14.029440000000001,2.703694877067875,28.058880000000002,15.419706011028666,4.506158128446458,15.419706011028666,clear
59.33619061894538,18.076492694803907,0.4439258346645755,Max Hamngatan,2.32823,0.4439258346645755,4.65646,0.887851669329151,9.31292,0.5327110015974906,18.62584,3.8411253418532834,,,nogo
59.3345608761548,18.02712293956642,0.3127603913283473,Max Kungsholmen,3.13989,0.3127603913283473,6.27978,0.6255207826566946,12.55956,0.37531246959401676,25.11912,3.001666504501423,,,nogo
59.33241107712216,18.0678517637899,0.24541490041577102,Max Hamngatan,3.54205,0.24541490041577102,7.0841,0.49082980083154204,14.1682,0.2944978804989252,28.3364,2.5706553626609345,,,nogo
59.315629495188254,18.067327713929572,0.32685097064637786,Max Södermalm,2.97639,0.32685097064637786,5.95278,0.6537019412927557,11.90556,0.39222116477565344,23.81112,3.091846212136818,0.6537019412927557,3.091846212136818,clear
59.317857285306026,18.081184753146978,0.5227992254097832,Max Södermalm,0.89798,0.5227992254097832,1.79596,1.0455984508195664,3.59192,0.6273590704917399,7.18384,4.345915042622613,1.0455984508195664,4.345915042622613,clear
59.3080458210187,18.076799139372604,0.8750795382348476,Max Södermalm,1.37945,0.8750795382348476,2.7589,1.7501590764696953,5.5178,1.0500954458818172,11.0356,6.600509044703025,1.7501590764696953,6.600509044703025,clear
59.30801536075817,18.09042736510349,1.3053800822434944,Max Södermalm,2.23376,1.3053800822434944,4.46752,2.610760164486989,8.93504,1.5664560986921932,17.87008,9.354432526358364,2.610760164486989,9.354432526358364,clear
59.332312469984544,18.01706027738811,0.8900423253603728,Max Kungsholmen,2.59505,0.8900423253603728,5.1901,1.7800846507207455,10.3802,1.0680507904324472,20.7604,6.6962708823063855,,,nogo
59.33930701470886,18.081300707713435,0.8855526164925647,Max Hamngatan,2.9928000000000003,0.8855526164925647,5.985600000000001,1.7711052329851293,11.971200000000001,1.0626631397910775,23.942400000000003,6.667536745552414,,,nogo
59.320261800151016,18.050041528013942,1.407578713416557,Max Södermalm,2.5407100000000002,1.407578713416557,5.0814200000000005,2.815157426833114,10.162840000000001,1.6890944560998682,20.325680000000002,10.008503765865964,2.815157426833114,10.008503765865964,clear
59.33914937134828,18.008335660011966,1.4940603166689888,Max Kungsholmen,3.60426,1.4940603166689888,7.20852,2.9881206333379775,14.41704,1.7928723800027866,28.83408,10.561986026681527,,,nogo
59.33355703746578,18.020820969370188,0.6607595441015978,Max Kungsholmen,0.22811,0.6607595441015978,0.45622,1.3215190882031955,0.91244,0.7929114529219173,1.82488,5.2288610822502255,,,nogo
59.344515762823896,18.037419482941154,0.35583788414932166,Max Karolinska,3.09983,0.35583788414932166,6.19966,0.7116757682986433,12.39932,0.427005460979186,24.79864,3.2773624585556584,0.7116757682986433,3.2773624585556584,clear
59.35174163202345,18.084123019996177,2.1286869992545245,Max Odenplan,1.7627000000000002,2.1286869992545245,3.5254000000000003,4.257373998509049,7.050800000000001,2.554424399105429,14.101600000000001,14.623596795228956,4.257373998509049,14.623596795228956,clear
59.31286484485601,18.07542684388035,0.3397439039477568,Max Södermalm,3.22567,0.3397439039477568,6.45134,0.6794878078955136,12.90268,0.40769268473730813,25.80536,3.1743609852656434,0.6794878078955136,3.1743609852656434,clear
59.31657204581085,18.09736311525661,1.3873010235883483,Max Södermalm,1.0875599999999999,1.3873010235883483,2.1751199999999997,2.7746020471766966,4.350239999999999,1.664761228306018,8.700479999999999,9.878726550965428,2.7746020471766966,9.878726550965428,clear
59.339317278014974,18.015463233441533,1.1433788935989384,Max Kungsholmen,3.07058,1.1433788935989384,6.14116,2.286757787197877,12.28232,1.372054672318726,24.56464,8.317624919033205,,,nogo
59.30607012976974,18.068652315832534,1.0981298954620269,Max Södermalm,2.6208400000000003,1.0981298954620269,5.241680000000001,2.1962597909240538,10.483360000000001,1.3177558745544322,20.966720000000002,8.028031330956972,2.1962597909240538,8.028031330956972,clear
59.314366944379884,18.069051054815922,0.2706172905866835,Max Södermalm,1.64544,0.2706172905866835,3.29088,0.541234581173367,6.58176,0.3247407487040202,13.16352,2.7319506597547742,0.541234581173367,2.7319506597547742,clear
59.34203297590219,18.11506564108801,2.6504983443564036,Max Hamngatan,1.9309100000000001,2.6504983443564036,3.8618200000000003,5.300996688712807,7.72364,3.180598013227684,15.44728,17.963189403880982,,,nogo
59.31490730368703,18.101886412968977,1.6434270469552186,Max Södermalm,1.71302,1.6434270469552186,3.42604,3.286854093910437,6.85208,1.9721124563462624,13.70416,11.5179331005134,3.286854093910437,11.5179331005134,clear
59.31161264800471,18.08701969514947,0.9139665604183144,Max Södermalm,2.53841,0.9139665604183144,5.07682,1.8279331208366287,10.15364,1.0967598725019774,20.30728,6.849385986677213,1.8279331208366287,6.849385986677213,clear
59.33509195344794,18.05922991438926,0.19224927323364818,Max Hötorget,1.53867,0.19224927323364818,3.07734,0.38449854646729636,6.15468,0.23069912788037783,12.30936,2.2303953486953483,,,nogo
59.34413907931948,18.091441753414035,1.667717473713936,Max Hamngatan,3.18504,1.667717473713936,6.37008,3.335434947427872,12.74016,2.001260968456723,25.48032,11.673391831769191,,,nogo
59.337349283943375,18.058271226971687,0.3168372462907044,Max Hötorget,0.79059,0.3168372462907044,1.58118,0.6336744925814088,3.16236,0.38020469554884534,6.32472,3.0277583762605085,,,nogo
59.317919732589814,18.033474445547707,1.7714882519049624,Max Kungsholmen,0.2102,1.7714882519049624,0.4204,3.542976503809925,0.8408,2.125785902285955,1.6816,12.33752481219176,,,nogo
59.33202580895915,18.0428296955038,0.6251004037330163,Max Kungsholmen,0.87775,0.6251004037330163,1.7555,1.2502008074660327,3.511,0.7501204844796197,7.022,5.000642583891304,,,nogo
59.32723396085055,18.070625677590748,0.6381244703472744,Max Hamngatan,2.77908,0.6381244703472744,5.55816,1.2762489406945488,11.11632,0.7657493644167293,22.23264,5.083996610222556,,,nogo
59.32581071732417,18.021195780048732,1.0967145559482725,Max Kungsholmen,1.48375,1.0967145559482725,2.9675,2.193429111896545,5.935,1.316057467137927,11.87,8.018973158068944,,,nogo
59.31142810238986,18.058518016138496,0.9536219964964923,Max Södermalm,2.00873,0.9536219964964923,4.01746,1.9072439929929845,8.03492,1.1443463957957907,16.06984,7.103180777577551,1.9072439929929845,7.103180777577551,clear
59.33341128263923,18.059041560913,0.30556764155915556,Max Hötorget,1.38924,0.30556764155915556,2.77848,0.6111352831183111,5.55696,0.3666811698709867,11.11392,2.9556329059785957,,,nogo
59.33900499679618,18.091723573190627,1.3092243779175319,Max Hamngatan,1.86158,1.3092243779175319,3.72316,2.6184487558350638,7.44632,1.5710692535010382,14.89264,9.379036018672204,,,nogo
59.32925730231458,18.058455818769346,0.7332692678354287,Max Hötorget,2.76994,0.7332692678354287,5.53988,1.4665385356708573,11.07976,0.8799231214025144,22.15952,5.692923314146744,,,nogo
59.334078217724354,18.044615016283203,0.6947940426339907,Max Kungsholmen,2.8404000000000003,0.6947940426339907,5.6808000000000005,1.3895880852679814,11.361600000000001,0.8337528511607888,22.723200000000002,5.446681872857541,,,nogo
59.33996156541445,18.041617674040406,0.6228941184795765,Max Odenplan,3.49721,0.6228941184795765,6.99442,1.245788236959153,13.98884,0.7474729421754919,27.97768,4.98652235826929,1.245788236959153,4.98652235826929,clear
59.35749353598096,18.099741018167283,3.1590013701275232,Max Hamngatan,1.47544,3.1590013701275232,2.95088,6.3180027402550465,5.90176,3.790801644153028,11.80352,21.21760876881615,,,nogo
59.31737834698988,18.033610834666007,1.832036524082229,Max Kungsholmen,3.62909,1.832036524082229,7.25818,3.664073048164458,14.51636,2.1984438288986747,29.03272,12.725033754126265,,,nogo
59.31565738873277,18.03517384399839,2.028567380565796,Max Kungsholmen,3.57868,2.028567380565796,7.15736,4.057134761131592,14.31472,2.4342808566789556,28.62944,13.982831235621095,,,nogo
59.33453148779121,18.068634936196624,0.2648570937160737,Max Hamngatan,2.5885,0.2648570937160737,5.177,0.5297141874321474,10.354,0.31782851245928845,20.708,2.6950853997828714,,,nogo
59.333771994970746,18.064959227313896,0.23816359990914557,Max Hötorget,0.19312,0.23816359990914557,0.38624,0.47632719981829114,0.77248,0.2857963198909747,1.54496,2.5242470394185315,,,nogo
59.31090022175265,18.088143483163574,1.0095208076391,Max Södermalm,2.43976,1.0095208076391,4.87952,2.0190416152782,9.75904,1.21142496916692,19.51808,7.46093316889024,2.0190416152782,7.46093316889024,clear
59.33407924781935,18.02924496998271,0.1830928102659555,Max Kungsholmen,3.19467,0.1830928102659555,6.38934,0.366185620531911,12.77868,0.21971137231914661,25.55736,2.171793985702115,,,nogo
59.30908069085764,18.07490002564482,0.74097501913801,Max Södermalm,1.6684700000000001,0.74097501913801,3.3369400000000002,1.48195003827602,6.6738800000000005,0.889170022965612,13.347760000000001,5.742240122483264,1.48195003827602,5.742240122483264,clear
59.30984796709433,18.075094752112488,0.658318334602544,Max Södermalm,0.59262,0.658318334602544,1.18524,1.316636669205088,2.37048,0.7899820015230528,4.74096,5.213237341456281,1.316636669205088,5.213237341456281,clear
59.342607834857944,18.036364254378956,0.5090539602603705,Max Karolinska,1.1458499999999998,0.5090539602603705,2.2916999999999996,1.018107920520741,4.583399999999999,0.6108647523124446,9.166799999999999,4.257945345666371,1.018107920520741,4.257945345666371,clear
59.34145880267359,18.100120066040077,1.859593284290038,Max Hamngatan,1.61866,1.859593284290038,3.23732,3.719186568580076,6.47464,2.2315119411480455,12.94928,12.901397019456244,,,nogo
59.3345518379333,18.062048757101024,0.10939433121312653,Max Hötorget,3.54525,0.10939433121312653,7.0905,0.21878866242625306,14.181,0.13127319745575183,28.362,1.7001237197640098,,,nogo
59.33360101564034,18.04320596725864,0.6144196219404754,Max Kungsholmen,2.3828899999999997,0.6144196219404754,4.7657799999999995,1.2288392438809508,9.531559999999999,0.7373035463285705,19.063119999999998,4.932285580419043,,,nogo
59.31383879414019,18.10153342571346,1.633902353897868,Max Södermalm,3.23253,1.633902353897868,6.46506,3.267804707795736,12.93012,1.960682824677442,25.86024,11.456975064946356,3.267804707795736,11.456975064946356,clear
59.316113154303764,18.088915089819118,0.9039088700419914,Max Södermalm,1.20591,0.9039088700419914,2.41182,1.8078177400839828,4.82364,1.0846906440503896,9.64728,6.785016768268745,1.8078177400839828,6.785016768268745,clear
59.351008178873165,18.052231362559617,0.9380324046139753,Max Odenplan,3.8391599999999997,0.9380324046139753,7.678319999999999,1.8760648092279506,15.35664,1.1256388855367703,30.71328,7.003407389529442,1.8760648092279506,7.003407389529442,clear
59.33274169908569,18.076008651087506,0.22623446795878052,Max Hamngatan,3.3326599999999997,0.22623446795878052,6.6653199999999995,0.45246893591756104,13.330639999999999,0.27148136155053665,26.661279999999998,2.447900594936195,,,nogo
59.34903435316157,18.09038071076959,2.0766643334220927,Max Hamngatan,2.3904,2.0766643334220927,4.7808,4.153328666844185,9.5616,2.4919972001065114,19.1232,14.290651733901393,,,nogo
59.33328443779788,18.083270595904548,0.6400625248522182,Max Hamngatan,1.8515899999999998,0.6400625248522182,3.7031799999999997,1.2801250497044363,7.406359999999999,0.7680750298226617,14.812719999999999,5.0964001590541965,,,nogo
59.3124334945285,18.049197571842168,1.4062532435573483,Max Södermalm,3.3762600000000003,1.4062532435573483,6.7525200000000005,2.8125064871146965,13.505040000000001,1.687503892268818,27.010080000000002,10.000020758767029,2.8125064871146965,10.000020758767029,clear
59.31140097016299,18.06476406047624,0.6703053900150904,Max Södermalm,1.532,0.6703053900150904,3.064,1.3406107800301807,6.128,0.8043664680181085,12.256,5.289954496096579,1.3406107800301807,5.289954496096579,clear
59.333888113178915,18.077941042869966,0.35244384806637014,Max Hamngatan,0.7484500000000001,0.35244384806637014,1.4969000000000001,0.7048876961327403,2.9938000000000002,0.4229326176796442,5.9876000000000005,3.2556406276247687,,,nogo
59.3151637269986,18.07877316573643,0.32975368961894647,Max Södermalm,3.36083,0.32975368961894647,6.72166,0.6595073792378929,13.44332,0.39570442754273577,26.88664,3.1104236135612573,0.6595073792378929,3.1104236135612573,clear
59.34271874462662,18.087704185694857,1.4094065884410771,Max Hamngatan,1.13377,1.4094065884410771,2.26754,2.8188131768821543,4.53508,1.6912879061292925,9.07016,10.020202166022894,,,nogo
59.347766545328874,18.08569275825071,1.8275297522158882,Max Hamngatan,0.95065,1.8275297522158882,1.9013,3.6550595044317764,3.8026,2.1930357026590657,7.6052,12.696190414181684,,,nogo
59.33279687245116,18.005778749008716,1.5205550783019826,Max Kungsholmen,2.03802,1.5205550783019826,4.07604,3.041110156603965,8.15208,1.824666093962379,16.30416,10.731552501132688,,,nogo
59.34553656834704,18.03662992679911,0.24505657731506314,Max Karolinska,2.70186,0.24505657731506314,5.40372,0.4901131546301263,10.80744,0.29406789277807577,21.61488,2.568362094816404,0.4901131546301263,2.568362094816404,clear
59.33594251130702,18.076532719561968,0.42287767691184464,Max Hamngatan,2.02389,0.42287767691184464,4.04778,0.8457553538236893,8.09556,0.5074532122942135,16.19112,3.7064171322358055,,,nogo
59.317169361385105,18.096820237573688,1.3630262449510153,Max Södermalm,3.8589499999999997,1.3630262449510153,7.717899999999999,2.7260524899020306,15.435799999999997,1.6356314939412184,30.871599999999994,9.723367967686498,2.7260524899020306,9.723367967686498,clear
59.34976884676574,18.096130872580584,2.324397080291703,Max Hamngatan,3.44575,2.324397080291703,6.8915,4.648794160583406,13.783,2.7892764963500434,27.566,15.8761413138669,,,nogo
59.33185266146333,18.06882747847232,0.21827612127007606,Max Hamngatan,3.31021,0.21827612127007606,6.62042,0.4365522425401521,13.24084,0.2619313455240913,26.48168,2.396967176128487,,,nogo
59.33304981419133,18.03003101205076,0.1602989963261456,Max Kungsholmen,3.47416,0.1602989963261456,6.94832,0.3205979926522912,13.89664,0.19235879559137473,27.79328,2.0259135764873317,,,nogo
59.30840752268731,18.081534342679635,0.9414741691491549,Max Södermalm,2.79861,0.9414741691491549,5.59722,1.8829483382983099,11.19444,1.129769002978986,22.38888,7.025434682554591,1.8829483382983099,7.025434682554591,clear
59.34830929436243,18.04867925611626,0.6525799266299471,Max Odenplan,0.87946,0.6525799266299471,1.75892,1.3051598532598943,3.51784,0.7830959119559365,7.03568,5.176511530431662,1.3051598532598943,5.176511530431662,clear
59.33550985545395,18.04103159224126,0.5253964309933566,Max Kungsholmen,3.24165,0.5253964309933566,6.4833,1.0507928619867133,12.9666,0.630475717192028,25.9332,4.362537158357482,,,nogo
59.34908260055098,18.072796596573124,1.421928010220954,Max Odenplan,2.43528,1.421928010220954,4.87056,2.843856020441908,9.74112,1.7063136122651448,19.48224,10.100339265414105,2.843856020441908,10.100339265414105,clear
59.31089871336761,18.07719457879657,0.5807627656239401,Max Södermalm,2.29424,0.5807627656239401,4.58848,1.1615255312478803,9.17696,0.6969153187487281,18.35392,4.716881699993217,1.1615255312478803,4.716881699993217,clear
59.332388931289145,18.001682180406355,1.7566953433087875,Max Kungsholmen,3.38652,1.7566953433087875,6.77304,3.513390686617575,13.54608,2.1080344119705448,27.09216,12.242850197176239,,,nogo
59.31924018339133,18.067128664807687,0.5223962140713763,Max Södermalm,2.31606,0.5223962140713763,4.63212,1.0447924281427525,9.26424,0.6268754568856515,18.52848,4.343335770056808,1.0447924281427525,4.343335770056808,clear
59.34504112467255,18.110797094145322,2.5859752559936955,Max Hamngatan,1.68474,2.5859752559936955,3.36948,5.171950511987391,6.73896,3.1031703071924346,13.47792,17.55024163835965,,,nogo
59.31356594936951,18.09429307849644,1.23126947378214,Max Södermalm,1.3179100000000001,1.23126947378214,2.6358200000000003,2.46253894756428,5.2716400000000005,1.4775233685385678,10.543280000000001,8.880124632205696,2.46253894756428,8.880124632205696,clear
59.316695119504914,18.06043073530655,0.7286659202915795,Max Södermalm,2.74534,0.7286659202915795,5.49068,1.457331840583159,10.98136,0.8743991043498954,21.96272,5.663461889866109,1.457331840583159,5.663461889866109,clear
59.31691933073889,18.02919307025666,1.8908557289771064,Max Kungsholmen,3.7570799999999998,1.8908557289771064,7.5141599999999995,3.781711457954213,15.028319999999999,2.2690268747725275,30.056639999999998,13.10147666545348,,,nogo
59.338870232972994,18.04486001200087,0.5529455394718674,Max Odenplan,1.58408,0.5529455394718674,3.16816,1.1058910789437348,6.33632,0.6635346473662409,12.67264,4.5388514526199515,1.1058910789437348,4.5388514526199515,clear
59.3341389324724,18.019277651026698,0.7488661471213999,Max Kungsholmen,0.6705,0.7488661471213999,1.341,1.4977322942427997,2.682,0.8986393765456799,5.364,5.792743341576959,,,nogo
59.32491660991152,18.07265766096775,0.891791252605635,Max Hamngatan,1.90449,0.891791252605635,3.80898,1.78358250521127,7.61796,1.070149503126762,15.23592,6.707464016676064,,,nogo
59.31906490250388,18.07979712125474,0.5387776219456892,Max Södermalm,3.6347899999999997,0.5387776219456892,7.2695799999999995,1.0775552438913785,14.539159999999999,0.6465331463348271,29.078319999999998,4.448176780452411,1.0775552438913785,4.448176780452411,clear
59.33755678498027,18.06665289690186,0.3283971449881528,Max Hötorget,0.85029,0.3283971449881528,1.70058,0.6567942899763056,3.40116,0.39407657398578333,6.80232,3.101741727924178,,,nogo
59.30474869378417,18.073302023911097,1.2162414636216932,Max Södermalm,1.02065,1.2162414636216932,2.0413,2.4324829272433863,4.0826,1.4594897563460318,8.1652,8.783945367178836,2.4324829272433863,8.783945367178836,clear
59.327062944929466,18.072816918762708,0.653478801194027,Max Hamngatan,2.97506,0.653478801194027,5.95012,1.306957602388054,11.90024,0.7841745614328325,23.80048,5.182264327641773,,,nogo
59.34707776717713,18.047759112561035,0.5370209735364183,Max Odenplan,2.3139499999999997,0.5370209735364183,4.6278999999999995,1.0740419470728366,9.255799999999999,0.644425168243702,18.511599999999998,4.436934230633077,1.0740419470728366,4.436934230633077,clear
59.34216906146745,18.05685651131059,0.32175553186225514,Max Odenplan,2.56123,0.32175553186225514,5.12246,0.6435110637245103,10.24492,0.3861066382347062,20.48984,3.059235403918433,0.6435110637245103,3.059235403918433,clear
59.31551905432665,18.07418051773144,0.06550213009757723,Max Södermalm,1.49372,0.06550213009757723,2.98744,0.13100426019515446,5.97488,0.07860255611709267,11.94976,1.4192136326244942,0.13100426019515446,1.4192136326244942,clear
59.3454910000461,18.056429190233192,0.4357369963586682,Max Odenplan,2.27595,0.4357369963586682,4.5519,0.8714739927173364,9.1038,0.5228843956304018,18.2076,3.7887167766954764,0.8714739927173364,3.7887167766954764,clear
59.33857578129945,18.015503282420408,1.0992971593886094,Max Kungsholmen,0.74195,1.0992971593886094,1.4839,2.198594318777219,2.9678,1.3191565912663312,5.9356,8.0355018200871,,,nogo
59.34656122478964,18.092277100181818,1.9068083100182436,Max Hamngatan,2.6504499999999998,1.9068083100182436,5.3008999999999995,3.813616620036487,10.601799999999999,2.288169972021892,21.203599999999998,13.20357318411676,,,nogo
59.310576125306724,18.073428826999276,0.567364137650513,Max Södermalm,2.1475,0.567364137650513,4.295,1.134728275301026,8.59,0.6808369651806155,17.18,4.631130480963283,1.134728275301026,4.631130480963283,clear
59.30579742624023,18.0773141229464,1.125641864412695,Max Södermalm,3.04379,1.125641864412695,6.08758,2.25128372882539,12.17516,1.350770237295234,24.35032,8.204107932241248,2.25128372882539,8.204107932241248,clear
59.338967379922245,18.088369436712767,1.1477423316263298,Max Hamngatan,1.18925,1.1477423316263298,2.3785,2.2954846632526595,4.757,1.3772907979515956,9.514,8.34555092240851,,,nogo
59.34622036615065,18.095136387267907,1.9806657025546133,Max Hamngatan,1.67269,1.9806657025546133,3.34538,3.9613314051092265,6.69076,2.376798843065536,13.38152,13.676260496349524,,,nogo
59.33070653962421,18.059984038908855,0.5535637764856102,Max Hötorget,0.97623,0.5535637764856102,1.95246,1.1071275529712203,3.90492,0.6642765317827322,7.80984,4.5428081695079054,,,nogo
59.317507638438194,18.077940009849453,0.3451348205933438,Max Södermalm,2.83415,0.3451348205933438,5.6683,0.6902696411866877,11.3366,0.4141617847120126,22.6732,3.2088628517974005,0.6902696411866877,3.2088628517974005,clear
59.334264460013166,18.063381790763707,0.1468669241923954,Max Hötorget,3.10325,0.1468669241923954,6.2065,0.2937338483847908,12.413,0.17624030903087445,24.826,1.9399483148313306,,,nogo
59.31379637469659,18.103856331032794,1.765790286821926,Max Södermalm,2.9272,1.765790286821926,5.8544,3.531580573643852,11.7088,2.118948344186311,23.4176,12.301057835660327,3.531580573643852,12.301057835660327,clear
59.338776185332804,18.05893980184166,0.4171969854174766,Max Hötorget,2.42462,0.4171969854174766,4.84924,0.8343939708349531,9.69848,0.5006363825009719,19.39696,3.6700607066718502,,,nogo
59.32978633055585,18.048101694885613,0.9990184156474572,Max Kungsholmen,3.33479,0.9990184156474572,6.66958,1.9980368312949144,13.33916,1.1988220987769487,26.67832,7.393717860143726,,,nogo
59.32737779535706,18.05004218558063,1.150377106649442,Max Hötorget,0.37927,1.150377106649442,0.75854,2.300754213298884,1.51708,1.3804525279793303,3.03416,8.362413482556429,,,nogo
59.33522070718322,18.068483271757636,0.32727903237465367,Max Hamngatan,3.55661,0.32727903237465367,7.11322,0.6545580647493073,14.22644,0.39273483884958443,28.45288,3.0945858071977836,,,nogo
59.30951519685902,18.07553302882555,0.699427180017579,Max Södermalm,3.05539,0.699427180017579,6.11078,1.398854360035158,12.22156,0.8393126160210949,24.44312,5.476333952112506,1.398854360035158,5.476333952112506,clear
59.31373107568743,18.073681298472483,0.21834966714155793,Max Södermalm,1.00099,0.21834966714155793,2.00198,0.43669933428311586,4.00396,0.2620196005698695,8.00792,2.397437869705971,0.43669933428311586,2.397437869705971,clear
59.335235412207744,18.035596091145084,0.2404633801129747,Max Kungsholmen,1.8932200000000001,0.2404633801129747,3.7864400000000002,0.4809267602259494,7.5728800000000005,0.2885560561355696,15.145760000000001,2.538965632723038,,,nogo
59.3083291259779,18.078476765433138,0.8734595522755791,Max Södermalm,3.43354,0.8734595522755791,6.86708,1.7469191045511583,13.73416,1.048151462730695,27.46832,6.590141134563707,1.7469191045511583,6.590141134563707,clear
59.3397207796867,18.09132944196248,1.3337344132864448,Max Hamngatan,0.7563500000000001,1.3337344132864448,1.5127000000000002,2.6674688265728896,3.0254000000000003,1.6004812959437338,6.050800000000001,9.535900245033247,,,nogo
59.31505039876201,18.053794052883628,1.099694284565975,Max Södermalm,1.7050699999999999,1.099694284565975,3.4101399999999997,2.19938856913195,6.8202799999999995,1.31963314147917,13.640559999999999,8.03804342122224,2.19938856913195,8.03804342122224,clear
59.33933852854467,18.086844873153684,1.1050302420415052,Max Hamngatan,2.23798,1.1050302420415052,4.47596,2.2100604840830105,8.95192,1.3260362904498064,17.90384,8.072193549065634,,,nogo
59.32524554162046,18.067492238727304,0.8929741102546719,Max Hamngatan,0.5689,0.8929741102546719,1.1378,1.7859482205093438,2.2756,1.0715689323056063,4.5512,6.7150343056299,,,nogo
59.30818015798625,18.0652329686949,0.9457568795037348,Max Södermalm,1.1491099999999999,0.9457568795037348,2.2982199999999997,1.8915137590074695,4.596439999999999,1.1349082554044818,9.192879999999999,7.052844028823903,1.8915137590074695,7.052844028823903,clear
59.35051967976521,18.052221951725272,0.8836790307812432,Max Odenplan,1.2811,0.8836790307812432,2.5622,1.7673580615624864,5.1244,1.060414836937492,10.2488,6.655545796999957,1.7673580615624864,6.655545796999957,clear
59.33492269315956,18.018441969103574,0.8050944952884145,Max Kungsholmen,1.2518,0.8050944952884145,2.5036,1.610188990576829,5.0072,0.9661133943460973,10.0144,6.152604769845853,,,nogo
59.34806050270804,18.090384226032967,1.9837202039503001,Max Hamngatan,1.71251,1.9837202039503001,3.42502,3.9674404079006003,6.85004,2.38046424474036,13.70008,13.69580930528192,,,nogo
59.31046212952541,18.070213606544023,0.6020315875050148,Max Södermalm,2.7650900000000003,0.6020315875050148,5.5301800000000005,1.2040631750100297,11.060360000000001,0.7224379050060179,22.120720000000002,4.853002160032095,1.2040631750100297,4.853002160032095,clear
59.31421037853231,18.092281759312105,1.1062350535168306,Max Södermalm,1.9596099999999999,1.1062350535168306,3.9192199999999997,2.212470107033661,7.838439999999999,1.3274820642201968,15.676879999999999,8.079904342507715,2.212470107033661,8.079904342507715,clear
59.328884595047256,18.01820332203788,0.9778387525522756,Max Kungsholmen,1.3606099999999999,0.9778387525522756,2.7212199999999998,1.9556775051045512,5.4424399999999995,1.1734065030627308,10.884879999999999,7.258168016334563,,,nogo
59.315603502718055,18.091454642346118,1.047187043129835,Max Södermalm,1.05054,1.047187043129835,2.10108,2.09437408625967,4.20216,1.2566244517558018,8.40432,7.701997076030944,2.09437408625967,7.701997076030944,clear
59.34077102054864,18.0607443086525,0.576648941700135,Max Odenplan,2.54355,0.576648941700135,5.0871,1.15329788340027,10.1742,0.6919787300401621,20.3484,4.690553226880864,1.15329788340027,4.690553226880864,clear
59.340985746961536,18.06117852684308,0.5921137948536261,Max Odenplan,4.1674,0.5921137948536261,8.3348,1.1842275897072523,16.6696,0.7105365538243514,33.3392,4.789528287063208,1.1842275897072523,4.789528287063208,clear
59.30567265017394,18.083190761382173,1.2537168132128462,Max Södermalm,0.46176999999999996,1.2537168132128462,0.9235399999999999,2.5074336264256925,1.8470799999999998,1.5044601758554155,3.6941599999999997,9.023787604562216,2.5074336264256925,9.023787604562216,clear
59.352626235582555,18.08219842673683,2.084271768976312,Max Odenplan,1.48296,2.084271768976312,2.96592,4.168543537952624,5.93184,2.5011261227715744,11.86368,14.339339321448398,4.168543537952624,14.339339321448398,clear
59.355546633245226,18.094708133263588,2.831665016359335,Max Hamngatan,3.13183,2.831665016359335,6.26366,5.66333003271867,12.52732,3.397998019631202,25.05464,19.122656104699743,,,nogo
59.317700468119675,18.068471047125502,0.3462200322831751,Max Södermalm,1.78609,0.3462200322831751,3.57218,0.6924400645663502,7.14436,0.41546403873981014,14.28872,3.2158082066123206,0.6924400645663502,3.2158082066123206,clear
59.350820849868,18.06312314774412,1.1372588332650495,Max Odenplan,2.5974,1.1372588332650495,5.1948,2.274517666530099,10.3896,1.3647105999180593,20.7792,8.278456532896318,2.274517666530099,8.278456532896318,clear
59.35595287951364,18.102248512400532,3.0885274889881833,Max Hamngatan,2.38659,3.0885274889881833,4.77318,6.177054977976367,9.54636,3.7062329867858197,19.09272,20.76657592952437,,,nogo
59.31882887554297,18.05215556046148,1.2418413316020727,Max Södermalm,3.28065,1.2418413316020727,6.5613,2.4836826632041453,13.1226,1.4902095979224872,26.2452,8.947784522253265,2.4836826632041453,8.947784522253265,clear
59.337041479999336,18.05792630688993,0.3119767382502917,Max Hötorget,0.21896000000000002,0.3119767382502917,0.43792000000000003,0.6239534765005834,0.8758400000000001,0.3743720859003501,1.7516800000000001,2.996651124801867,,,nogo
59.34804200494036,18.094688513011715,2.1211676847665717,Max Hamngatan,0.25868,2.1211676847665717,0.51736,4.242335369533143,1.03472,2.545401221719886,2.06944,14.575473182506059,,,nogo
59.341647659607624,18.070158620447245,0.8110072118301257,Max Hötorget,3.4802,0.8110072118301257,6.9604,1.6220144236602514,13.9208,0.9732086541961509,27.8416,6.190446155712804,,,nogo
59.35718113044403,18.087749540473528,2.6354774583149276,Max Odenplan,1.72777,2.6354774583149276,3.45554,5.270954916629855,6.91108,3.162572949977913,13.82216,17.867055733215537,5.270954916629855,17.867055733215537,clear
59.34004622328949,18.100821331176864,1.8200423591379995,Max Hamngatan,2.60147,1.8200423591379995,5.20294,3.640084718275999,10.40588,2.1840508309655995,20.81176,12.648271098483196,,,nogo
59.33934533828552,18.080739019811414,0.8704342203435755,Max Hamngatan,3.4285799999999997,0.8704342203435755,6.8571599999999995,1.740868440687151,13.714319999999999,1.0445210644122906,27.428639999999998,6.570779010198883,,,nogo
59.31251040095785,18.10288590320599,1.734230515083903,Max Södermalm,2.82459,1.734230515083903,5.64918,3.468461030167806,11.29836,2.081076618100684,22.59672,12.09907529653698,3.468461030167806,12.09907529653698,clear
59.33852142154502,18.02017144745282,0.8723984591719862,Max Kungsholmen,3.62612,0.8723984591719862,7.25224,1.7447969183439724,14.50448,1.0468781510063836,29.00896,6.5833501387007125,,,nogo
59.32858199275325,18.04978934158636,1.0578578204149303,Max Hötorget,2.70554,1.0578578204149303,5.41108,2.1157156408298605,10.82216,1.2694293844979163,21.64432,7.770290050655554,,,nogo
59.34587627136489,18.093256263492744,1.8818029543748116,Max Hamngatan,2.81962,1.8818029543748116,5.63924,3.763605908749623,11.27848,2.258163545249774,22.55696,13.043538907998794,,,nogo
59.33999408491093,18.05611044323952,0.4005225183204687,Max Odenplan,3.75995,0.4005225183204687,7.5199,0.8010450366409374,15.039800000000001,0.4806270219845624,30.079600000000003,3.563344117251,0.8010450366409374,3.563344117251,clear
59.31383715050661,18.03812291447473,2.000443648899921,Max Södermalm,3.16785,2.000443648899921,6.3357,4.000887297799842,12.6714,2.4005323786799053,25.3428,13.802839352959495,4.000887297799842,13.802839352959495,clear
59.3061282456535,18.088418227988043,1.3760056117565649,Max Södermalm,2.8236999999999997,1.3760056117565649,5.647399999999999,2.7520112235131298,11.294799999999999,1.651206734107878,22.589599999999997,9.806435915242016,2.7520112235131298,9.806435915242016,clear
59.351383551348654,18.060267849273277,1.1042034450733522,Max Odenplan,0.8521299999999999,1.1042034450733522,1.7042599999999999,2.2084068901467044,3.4085199999999998,1.3250441340880228,6.8170399999999995,8.066902048469455,2.2084068901467044,8.066902048469455,clear
59.31219173615729,18.069728038098123,0.4311957731790535,Max Södermalm,2.1543099999999997,0.4311957731790535,4.3086199999999995,0.862391546358107,8.617239999999999,0.5174349278148642,17.234479999999998,3.759652948345942,0.862391546358107,3.759652948345942,clear
59.33303549139788,18.031638518736653,0.09729920719828261,Max Kungsholmen,3.82593,0.09729920719828261,7.65186,0.19459841439656522,15.30372,0.11675904863793914,30.60744,1.6227149260690088,,,nogo
59.33943282368522,18.111843708766134,2.3784114604822197,Max Hamngatan,3.59137,2.3784114604822197,7.18274,4.7568229209644395,14.36548,2.8540937525786636,28.73096,16.221833347086207,,,nogo
59.328466971224664,18.027380997585944,0.6609565897241483,Max Kungsholmen,3.62571,0.6609565897241483,7.25142,1.3219131794482966,14.50284,0.7931479076689779,29.00568,5.230122174234549,,,nogo
59.35829772340253,18.094788227739695,3.0311211246271816,Max Odenplan,3.023,3.0311211246271816,6.046,6.062242249254363,12.092,3.637345349552618,24.184,20.399175197613964,6.062242249254363,20.399175197613964,clear
59.31516510727658,18.07447585453935,0.09772798262499173,Max Södermalm,2.24924,0.09772798262499173,4.49848,0.19545596524998346,8.99696,0.11727357914999009,17.99392,1.6254590887999472,0.19545596524998346,1.6254590887999472,clear
59.319564534443884,18.078008646358057,0.5175277521273635,Max Södermalm,2.8264099999999996,0.5175277521273635,5.652819999999999,1.035055504254727,11.305639999999999,0.6210333025528361,22.611279999999997,4.312177613615126,1.035055504254727,4.312177613615126,clear
59.351018841855144,18.095762986086054,2.426536167847376,Max Hamngatan,1.76715,2.426536167847376,3.5343,4.853072335694752,7.0686,2.911843401416851,14.1372,16.529831474223208,,,nogo
59.343466943855,18.089144252851867,1.5258303835145839,Max Hamngatan,1.20968,1.5258303835145839,2.41936,3.0516607670291678,4.83872,1.8309964602175006,9.67744,10.765314454493337,,,nogo
59.31642303446768,18.07369544026766,0.09164375896446483,Max Södermalm,2.6199,0.09164375896446483,5.2398,0.18328751792892967,10.4796,0.1099725107573578,20.9592,1.5865200573725748,0.18328751792892967,1.5865200573725748,clear
59.33913415137616,18.101449974026785,1.811075083754627,Max Hamngatan,3.38016,1.811075083754627,6.76032,3.622150167509254,13.52064,2.1732901005055525,27.04128,12.590880536029612,,,nogo
59.328515611091845,18.02552104308821,0.7087832059904314,Max Kungsholmen,3.5316,0.7087832059904314,7.0632,1.4175664119808629,14.1264,0.8505398471885177,28.2528,5.536212518338761,,,nogo
59.3341930068125,18.057533539498642,0.31871032682718275,Max Hötorget,3.38887,0.31871032682718275,6.77774,0.6374206536543655,13.55548,0.38245239219261934,27.11096,3.03974609169397,,,nogo
59.34011190192024,18.04389721114868,0.5027988604716883,Max Odenplan,3.48466,0.5027988604716883,6.96932,1.0055977209433766,13.93864,0.603358632566026,27.87728,4.217912707018805,1.0055977209433766,4.217912707018805,clear
59.3393978160939,18.071822354351273,0.6848074950869989,Max Hötorget,3.18704,0.6848074950869989,6.37408,1.3696149901739978,12.74816,0.8217689941043986,25.49632,5.382767968556793,,,nogo
59.339919625071886,18.06080669613801,0.5012279758242572,Max Hötorget,3.89579,0.5012279758242572,7.79158,1.0024559516485143,15.583159999999998,0.6014735709891086,31.166319999999995,4.207859045275246,,,nogo
59.35309050119242,18.09194557359569,2.516549760524033,Max Hamngatan,3.0357800000000004,2.516549760524033,6.071560000000001,5.033099521048066,12.143120000000001,3.0198597126288393,24.286240000000003,17.10591846735381,,,nogo
59.34371129705704,18.108883443913914,2.4167595378811475,Max Hamngatan,3.40936,2.4167595378811475,6.81872,4.833519075762295,13.63744,2.900111445457377,27.27488,16.467261042439343,,,nogo
59.33798584264433,18.092126998656454,1.274722129093872,Max Hamngatan,0.41299,1.274722129093872,0.82598,2.549444258187744,1.65196,1.5296665549126462,3.30392,9.158221626200781,,,nogo
59.306854328828564,18.084262257622814,1.1705278761186884,Max Södermalm,2.53121,1.1705278761186884,5.06242,2.3410557522373767,10.12484,1.4046334513424261,20.24968,8.491378407159605,2.3410557522373767,8.491378407159605,clear
59.33827126083687,18.05834445650485,0.3887670364543214,Max Hötorget,0.73602,0.3887670364543214,1.47204,0.7775340729086428,2.94408,0.46652044374518575,5.88816,3.488109033307657,,,nogo
59.30660770401612,18.078639783797694,1.0578204520774916,Max Södermalm,2.4052,1.0578204520774916,4.8104,2.1156409041549833,9.6208,1.2693845424929902,19.2416,7.770050893295947,2.1156409041549833,7.770050893295947,clear
59.317875788413744,18.086588958199613,0.8084448470285325,Max Södermalm,0.8139299999999999,0.8084448470285325,1.6278599999999999,1.616889694057065,3.2557199999999997,0.970133816434239,6.5114399999999995,6.1740470209826075,1.616889694057065,6.1740470209826075,clear
59.31861594868919,18.018989805515634,1.857543369395148,Max Kungsholmen,0.39826999999999996,1.857543369395148,0.7965399999999999,3.715086738790296,1.5930799999999998,2.2290520432741774,3.1861599999999997,12.888277564128947,,,nogo
59.32696461821546,18.069339230175583,0.6806714287659612,Max Hamngatan,3.08418,0.6806714287659612,6.16836,1.3613428575319224,12.33672,0.8168057145191535,24.67344,5.356297144102152,,,nogo
59.30824789894015,18.094225896274267,1.4612181981265147,Max Södermalm,2.4962,1.4612181981265147,4.9924,2.9224363962530293,9.9848,1.7534618377518176,19.9696,10.351796468009693,2.9224363962530293,10.351796468009693,clear
59.335078266321574,18.031558495536625,0.1492708108205592,Max Kungsholmen,3.4475599999999997,0.1492708108205592,6.8951199999999995,0.2985416216411184,13.790239999999999,0.17912497298467103,27.580479999999998,1.9553331892515788,,,nogo
59.338030860592234,18.061458278729148,0.287650711359311,Max Hötorget,2.98556,0.287650711359311,5.97112,0.575301422718622,11.94224,0.3451808536311732,23.88448,2.84096455269959,,,nogo
59.3502038672717,18.079607266549452,1.8213588461765133,Max Odenplan,2.63081,1.8213588461765133,5.26162,3.6427176923530267,10.52324,2.185630615411816,21.04648,12.656696615529686,3.6427176923530267,12.656696615529686,clear
59.34469745088536,18.10310515158233,2.2014483198701846,Max Hamngatan,2.94927,2.2014483198701846,5.89854,4.402896639740369,11.79708,2.6417379838442216,23.59416,15.089269247169181,,,nogo
59.33993576052598,18.08022932720302,0.9101348391469617,Max Hamngatan,3.04632,0.9101348391469617,6.09264,1.8202696782939234,12.18528,1.0921618069763541,24.37056,6.824862970540555,,,nogo
59.31425354546167,18.037812903894125,2.0138418263604794,Max Södermalm,2.66295,2.0138418263604794,5.3259,4.027683652720959,10.6518,2.416610191632575,21.3036,13.888587688707068,4.027683652720959,13.888587688707068,clear
59.34990636321404,18.086779342694786,2.070079718876331,Max Hamngatan,2.5828699999999998,2.070079718876331,5.1657399999999996,4.140159437752662,10.331479999999999,2.484095662651597,20.662959999999998,14.248510200808518,,,nogo
59.334844739487174,18.067444791854808,0.29037518310480875,Max Hötorget,0.71605,0.29037518310480875,1.4321,0.5807503662096175,2.8642,0.3484502197257705,5.7284,2.858401171870776,,,nogo
59.32734881811574,18.02025596060101,0.9989315811083506,Max Kungsholmen,2.2105900000000003,0.9989315811083506,4.4211800000000006,1.9978631622167011,8.842360000000001,1.1987178973300208,17.684720000000002,7.393162119093444,,,nogo
59.351413233016544,18.081822176091265,1.9964655881368614,Max Odenplan,2.68797,1.9964655881368614,5.37594,3.9929311762737227,10.75188,2.3957587057642336,21.50376,13.777379764075913,3.9929311762737227,13.777379764075913,clear
59.30941118557749,18.084797527253983,0.9653261863625396,Max Södermalm,0.89886,0.9653261863625396,1.79772,1.9306523727250793,3.59544,1.1583914236350477,7.19088,7.178087592720254,1.9306523727250793,7.178087592720254,clear
59.33559566714264,18.097041091102604,1.4534905323905016,Max Hamngatan,2.2896,1.4534905323905016,4.5792,2.9069810647810033,9.1584,1.7441886388686019,18.3168,10.302339407299211,,,nogo
59.34643006475968,18.110645813075056,2.6629166713943397,Max Hamngatan,2.88474,2.6629166713943397,5.76948,5.3258333427886795,11.53896,3.1955000056732077,23.07792,18.042666696923774,,,nogo
59.316922242722136,18.07838457379314,0.3336215178736838,Max Södermalm,2.27054,0.3336215178736838,4.54108,0.6672430357473677,9.08216,0.40034582144842057,18.16432,3.1351777143915767,0.6672430357473677,3.1351777143915767,clear
59.3306607921036,17.997838895915567,1.999398324657774,Max Kungsholmen,1.7258399999999998,1.999398324657774,3.4516799999999996,3.998796649315548,6.903359999999999,2.399277989589329,13.806719999999999,13.796149277809754,,,nogo
59.358040122349536,18.09322911275955,2.942251759765165,Max Odenplan,0.37312,2.942251759765165,0.74624,5.88450351953033,1.49248,3.5307021117181985,2.98496,19.83041126249706,5.88450351953033,19.83041126249706,clear
59.334901121154225,18.013180916756877,1.1016778410440677,Max Kungsholmen,2.3763,1.1016778410440677,4.7526,2.2033556820881355,9.5052,1.3220134092528812,19.0104,8.050738182682034,,,nogo
59.31589414775588,18.03666330307075,2.0106924041120386,Max Kungsholmen,0.92575,2.0106924041120386,1.8515,4.021384808224077,3.703,2.412830884934446,7.406,13.868431386317047,,,nogo
59.33434136880123,17.99736273147903,1.9961940681231063,Max Kungsholmen,3.76775,1.9961940681231063,7.5355,3.9923881362462126,15.070999999999998,2.3954328817477273,30.141999999999996,13.775642035987879,,,nogo
59.34090491967007,18.042689315878615,0.5234094041664504,Max Odenplan,3.21307,0.5234094041664504,6.42614,1.0468188083329009,12.85228,0.6280912849997405,25.70456,4.349820186665283,1.0468188083329009,4.349820186665283,clear
59.31674688331373,18.040147933516067,1.8785046306499202,Max Södermalm,0.08418,1.8785046306499202,0.16836,3.7570092612998405,0.33672,2.254205556779904,0.67344,13.02242963615949,3.7570092612998405,13.02242963615949,clear
59.33907243339272,18.067623586323734,0.4925805155223979,Max Hötorget,3.4664800000000002,0.4925805155223979,6.9329600000000005,0.9851610310447958,13.865920000000001,0.5910966186268775,27.731840000000002,4.152515299343347,,,nogo
59.30565162151237,18.077223770496783,1.1404309300088216,Max Södermalm,0.53808,1.1404309300088216,1.07616,2.280861860017643,2.15232,1.368517116010586,4.30464,8.298757952056459,2.280861860017643,8.298757952056459,clear
59.31971445149925,18.039736655514243,1.6248470369841566,Max Kungsholmen,1.8436700000000001,1.6248470369841566,3.6873400000000003,3.249694073968313,7.374680000000001,1.9498164443809878,14.749360000000001,11.399021036698603,,,nogo
59.31913715096608,18.063323518886044,0.6763015922092065,Max Södermalm,2.7173499999999997,0.6763015922092065,5.434699999999999,1.352603184418413,10.869399999999999,0.8115619106510478,21.738799999999998,5.328330190138922,1.352603184418413,5.328330190138922,clear
59.331478013146466,18.037653301789984,0.3954700468098792,Max Kungsholmen,1.78088,0.3954700468098792,3.56176,0.7909400936197584,7.12352,0.474564056171855,14.24704,3.5310082995832266,,,nogo
59.32280351314634,18.069587831915882,0.8194533523106754,Max Södermalm,1.8305,0.8194533523106754,3.661,1.6389067046213508,7.322,0.9833440227728105,14.644,6.244501454788322,,,nogo
59.316273993595566,18.03226034312991,1.9538263509337337,Max Kungsholmen,1.10043,1.9538263509337337,2.20086,3.9076527018674674,4.40172,2.3445916211204803,8.80344,13.504488645975895,,,nogo
59.33119876152944,18.018293379858974,0.8551395252478847,Max Kungsholmen,2.14838,0.8551395252478847,4.29676,1.7102790504957694,8.59352,1.0261674302974617,17.18704,6.472892961586462,,,nogo
59.33432592853175,18.044414965454113,0.6851656353002761,Max Kungsholmen,0.34035000000000004,0.6851656353002761,0.6807000000000001,1.3703312706005522,1.3614000000000002,0.8221987623603313,2.7228000000000003,5.385060065921767,,,nogo
59.34098698571914,18.105481982240917,2.104525950644728,Max Hamngatan,1.22833,2.104525950644728,2.45666,4.209051901289456,4.91332,2.525431140773674,9.82664,14.46896608412626,,,nogo
59.315608778760186,18.083255536278564,0.5802727144739435,Max Södermalm,2.45757,0.5802727144739435,4.91514,1.160545428947887,9.83028,0.6963272573687321,19.66056,4.713745372633238,1.160545428947887,4.713745372633238,clear
59.3404490236808,18.068800756168457,0.6569004917570667,Max Hötorget,3.08448,0.6569004917570667,6.16896,1.3138009835141333,12.33792,0.7882805901084801,24.67584,5.204163147245227,,,nogo
59.34596234826083,18.050196514908034,0.3792273517313577,Max Odenplan,1.03518,0.3792273517313577,2.07036,0.7584547034627154,4.14072,0.4550728220776292,8.28144,3.427055051080689,0.7584547034627154,3.427055051080689,clear
59.352201657595025,18.10313615015161,2.783019719703368,Max Hamngatan,0.23103,2.783019719703368,0.46206,5.566039439406736,0.92412,3.3396236636440415,1.84824,18.811326206101555,,,nogo
59.352178660414516,18.106448974369563,2.9045965640213045,Max Hamngatan,0.9967699999999999,2.9045965640213045,1.9935399999999999,5.809193128042609,3.98708,3.4855158768255654,7.97416,19.58941800973635,,,nogo
59.32992744929208,18.06036533422533,0.6332381448041418,Max Hötorget,3.3234,0.6332381448041418,6.6468,1.2664762896082835,13.2936,0.7598857737649701,26.5872,5.052724126746507,,,nogo
59.35131591873,18.089437864727284,2.276134801948906,Max Hamngatan,2.8345,2.276134801948906,5.669,4.552269603897812,11.338,2.731361762338687,22.676,15.567262732472997,,,nogo
59.340251447336975,18.080048642272835,0.9354757079839204,Max Hamngatan,3.2354600000000002,0.9354757079839204,6.4709200000000004,1.8709514159678409,12.941840000000001,1.1225708495807045,25.883680000000002,6.987044531097091,,,nogo
59.351056002781746,18.04771092555198,0.9455974070351496,Max Karolinska,0.8071200000000001,0.9455974070351496,1.6142400000000001,1.8911948140702992,3.2284800000000002,1.1347168884421794,6.4569600000000005,7.051823405024957,1.8911948140702992,7.051823405024957,clear
59.33250277135487,18.008145225719346,1.3893313671594536,Max Kungsholmen,3.4124,1.3893313671594536,6.8248,2.778662734318907,13.6496,1.6671976405913442,27.2992,9.891720749820504,,,nogo
59.31581040593664,18.10205066010988,1.6506640384634363,Max Södermalm,1.69008,1.6506640384634363,3.38016,3.3013280769268727,6.76032,1.9807968461561234,13.52064,11.564249846165993,3.3013280769268727,11.564249846165993,clear
59.318689768067195,18.082664320024023,0.6420247006938765,Max Södermalm,3.40773,0.6420247006938765,6.81546,1.284049401387753,13.63092,0.7704296408326519,27.26184,5.108958084440809,1.284049401387753,5.108958084440809,clear
59.33938668100658,18.049772138581893,0.36817410553964036,Max Odenplan,1.50156,0.36817410553964036,3.00312,0.7363482110792807,6.00624,0.44180892664756843,12.01248,3.3563142754536983,0.7363482110792807,3.3563142754536983,clear
59.34040295819068,18.11749474866372,2.717643299622919,Max Hamngatan,2.37424,2.717643299622919,4.74848,5.435286599245838,9.49696,3.2611719595475033,18.99392,18.392917117586684,,,nogo
59.35124258081815,18.059653516672334,1.0743398281641638,Max Odenplan,2.7462199999999997,1.0743398281641638,5.492439999999999,2.1486796563283277,10.984879999999999,1.2892077937969966,21.969759999999997,7.875774900250649,2.1486796563283277,7.875774900250649,clear
59.33807659762489,18.04505339948151,0.6157770369082459,Max Odenplan,1.2568599999999999,0.6157770369082459,2.5137199999999997,1.2315540738164918,5.0274399999999995,0.738932444289895,10.054879999999999,4.940973036212774,1.2315540738164918,4.940973036212774,clear
59.34306829541092,18.083047039010697,1.292648904225318,Max Hamngatan,1.91479,1.292648904225318,3.82958,2.585297808450636,7.65916,1.5511786850703815,15.31832,9.272952987042036,,,nogo
59.330614833265884,18.047285503527966,0.918127954430506,Max Kungsholmen,1.05422,0.918127954430506,2.10844,1.836255908861012,4.21688,1.1017535453166072,8.43376,6.876018908355238,,,nogo
59.342644348758036,18.09707459859536,1.789713203991755,Max Hamngatan,1.0887200000000001,1.789713203991755,2.1774400000000003,3.57942640798351,4.3548800000000005,2.1476558447901057,8.709760000000001,12.454164505547231,,,nogo
59.34463286115071,18.106186512485777,2.3405472813159234,Max Hamngatan,3.69577,2.3405472813159234,7.39154,4.681094562631847,14.78308,2.808656737579108,29.56616,15.97950260042191,,,nogo
59.33286872960945,18.02973358387984,0.18552577032778023,Max Kungsholmen,2.15781,0.18552577032778023,4.31562,0.37105154065556045,8.63124,0.22263092439333626,17.26248,2.1873649300977935,,,nogo
59.31310831381903,18.086087696935216,0.7943984499916117,Max Södermalm,2.0653099999999998,0.7943984499916117,4.1306199999999995,1.5887968999832234,8.261239999999999,0.9532781399899339,16.522479999999998,6.084150079946315,1.5887968999832234,6.084150079946315,clear
59.360208295973706,18.098476822969957,3.3256679339086324,Max Odenplan,2.4500100000000002,3.3256679339086324,4.9000200000000005,6.651335867817265,9.800040000000001,3.990801520690359,19.600080000000002,22.28427477701525,6.651335867817265,22.28427477701525,clear
59.30729859170854,18.079749308504148,1.0068214361085397,Max Södermalm,2.54401,1.0068214361085397,5.08802,2.0136428722170794,10.17604,1.2081857233302475,20.35208,7.443657191094654,2.0136428722170794,7.443657191094654,clear
59.32930185854264,18.00253093363943,1.77394546790009,Max Kungsholmen,2.51091,1.77394546790009,5.02182,3.54789093580018,10.04364,2.128734561480108,20.08728,12.353250994560575,,,nogo
59.32940533425289,18.05075330629296,0.953698114392062,Max Hötorget,3.0572,0.953698114392062,6.1144,1.907396228784124,12.2288,1.1444377372704744,24.4576,7.103667932109197,,,nogo
59.34766062464473,18.058582455036902,0.7005962110998789,Max Odenplan,1.98397,0.7005962110998789,3.96794,1.4011924221997578,7.93588,0.8407154533198548,15.87176,5.483815751039225,1.4011924221997578,5.483815751039225,clear
59.34199400340475,18.115216934261177,2.656799147563069,Max Hamngatan,3.52468,2.656799147563069,7.04936,5.313598295126138,14.09872,3.188158977075682,28.19744,18.00351454440364,,,nogo
59.31853386143503,18.02599568185685,1.740896544050234,Max Kungsholmen,1.77952,1.740896544050234,3.55904,3.481793088100468,7.11808,2.089075852860281,14.23616,12.141737881921497,,,nogo
59.33538059079861,18.085376264823733,0.8067386740330756,Max Hamngatan,0.41875,0.8067386740330756,0.8375,1.6134773480661513,1.675,0.9680864088396908,3.35,6.163127513811684,,,nogo
59.31823710649564,18.04953821874971,1.3701355664942487,Max Södermalm,3.42655,1.3701355664942487,6.8531,2.7402711329884974,13.7062,1.6441626797930984,27.4124,9.768867625563193,2.7402711329884974,9.768867625563193,clear
59.34936588353136,18.109706524279545,2.8196612950547406,Max Hamngatan,2.99758,2.8196612950547406,5.99516,5.639322590109481,11.99032,3.3835935540656887,23.98064,19.04583228835034,,,nogo
59.3455264045095,18.077095101319674,1.3911237665277867,Max Hötorget,1.68463,1.3911237665277867,3.36926,2.7822475330555734,6.73852,1.6693485198333442,13.47704,9.903192105777835,,,nogo
59.3296451425568,18.04886992391058,1.0143504460860064,Max Hötorget,3.24617,1.0143504460860064,6.49234,2.028700892172013,12.98468,1.2172205353032077,25.96936,7.491842854950441,,,nogo
59.334384760273,18.018163126314693,0.8139163727630111,Max Kungsholmen,1.0875299999999999,0.8139163727630111,2.1750599999999998,1.6278327455260222,4.3501199999999995,0.9766996473156132,8.700239999999999,6.209064785683271,,,nogo
59.34560989076166,18.04502582856025,0.4881969105714203,Max Odenplan,2.32198,0.4881969105714203,4.64396,0.9763938211428406,9.28792,0.5858362926857044,18.57584,4.12446022765709,0.9763938211428406,4.12446022765709,clear
59.340287065881746,18.117901777564505,2.735801252027088,Max Hamngatan,2.21204,2.735801252027088,4.42408,5.471602504054176,8.84816,3.2829615024325056,17.69632,18.509128012973363,,,nogo
59.3475630718724,18.04504993103247,0.6561285642493909,Max Odenplan,2.7785,0.6561285642493909,5.557,1.3122571284987818,11.114,0.7873542770992691,22.228,5.199222811196102,1.3122571284987818,5.199222811196102,clear
59.34456045134995,18.10490233936521,2.275643466951872,Max Hamngatan,1.4623,2.275643466951872,2.9246,4.551286933903744,5.8492,2.7307721603422466,11.6984,15.564118188491982,,,nogo
59.33204641994309,18.000605378086366,1.8214788628963028,Max Kungsholmen,2.84304,1.8214788628963028,5.68608,3.6429577257926056,11.37216,2.185774635475563,22.74432,12.657464722536337,,,nogo
59.33246121378566,18.0485882244375,0.8618767095094803,Max Hötorget,1.9998900000000002,0.8618767095094803,3.9997800000000003,1.7237534190189605,7.99956,1.0342520514113764,15.99912,6.516010940860674,,,nogo
59.340022498679424,18.116413531829565,2.6461699897682576,Max Hamngatan,3.92002,2.6461699897682576,7.84004,5.292339979536515,15.68008,3.175403987721909,31.36016,17.93548793451685,,,nogo
59.3455541349607,18.045920066760242,0.44795902408770205,Max Odenplan,3.02963,0.44795902408770205,6.05926,0.8959180481754041,12.11852,0.5375508289052425,24.23704,3.8669377541612935,0.8959180481754041,3.8669377541612935,clear
59.33870868124989,18.076830881579525,0.7003812570364479,Max Hamngatan,1.99575,0.7003812570364479,3.9915,1.4007625140728959,7.9830000000000005,0.8404575084437376,15.966000000000001,5.482440045033266,,,nogo
59.33387742907476,18.044721712838832,0.7002756337259027,Max Kungsholmen,1.6244,0.7002756337259027,3.2488,1.4005512674518055,6.4976,0.8403307604710833,12.9952,5.481764055845778,,,nogo
59.30628952199317,18.079579380281807,1.1084286111749808,Max Södermalm,2.03931,1.1084286111749808,4.07862,2.2168572223499616,8.15724,1.330114333409977,16.31448,8.093943111519877,2.2168572223499616,8.093943111519877,clear
59.34432157498231,18.053710303710705,0.2366985766202379,Max Odenplan,1.4323,0.2366985766202379,2.8646,0.4733971532404758,5.7292,0.2840382919442855,11.4584,2.5148708903695227,0.4733971532404758,2.5148708903695227,clear
59.34058585668198,18.073132811473958,0.8281719089127502,Max Hötorget,2.67592,0.8281719089127502,5.35184,1.6563438178255003,10.70368,0.9938062906953002,21.40736,6.300300217041601,,,nogo
59.35114906270156,18.09465821595992,2.4043868080346247,Max Hamngatan,1.85208,2.4043868080346247,3.70416,4.808773616069249,7.40832,2.8852641696415495,14.81664,16.3880755714216,,,nogo
59.332227799668686,18.064440411035818,0.38128926386259027,Max Hötorget,0.5414,0.38128926386259027,1.0828,0.7625785277251805,2.1656,0.45754711663510833,4.3312,3.4402512887205776,,,nogo
59.331940733744716,18.033685600187017,0.22062833630606593,Max Kungsholmen,2.4743600000000003,0.22062833630606593,4.948720000000001,0.44125667261213186,9.897440000000001,0.26475400356727913,19.794880000000003,2.412021352358822,,,nogo
59.34595396122271,18.09861867517405,2.0966599082688124,Max Hamngatan,0.9402999999999999,2.0966599082688124,1.8805999999999998,4.193319816537625,3.761199999999999,2.515991889922575,7.522399999999998,14.4186234129204,,,nogo
59.33230896671001,18.012943092013884,1.1211440020014605,Max Kungsholmen,2.26752,1.1211440020014605,4.53504,2.242288004002921,9.07008,1.3453728024017524,18.14016,8.175321612809347,,,nogo
59.31038739175129,18.094670875805004,1.3637038788521207,Max Södermalm,1.68325,1.3637038788521207,3.3665,2.7274077577042415,6.733,1.6364446546225448,13.466,9.727704824653573,2.7274077577042415,9.727704824653573,clear
59.315571887666266,18.0883149422374,0.8684265265232194,Max Södermalm,3.0262,0.8684265265232194,6.0524,1.7368530530464388,12.1048,1.0421118318278633,24.2096,6.557929769748604,1.7368530530464388,6.557929769748604,clear
59.314012742762436,18.069944049251127,0.25599909026641643,Max Södermalm,0.44038,0.25599909026641643,0.88076,0.5119981805328329,1.76152,0.3071989083196997,3.52304,2.6383941777050652,0.5119981805328329,2.6383941777050652,clear
59.31342663790109,18.075152663819136,0.27628450600221155,Max Södermalm,0.84404,0.27628450600221155,1.68808,0.5525690120044231,3.37616,0.3315414072026539,6.75232,2.768220838414154,0.5525690120044231,2.768220838414154,clear
59.33311379096812,18.0078343602403,1.401493418002756,Max Kungsholmen,2.72859,1.401493418002756,5.45718,2.802986836005512,10.91436,1.6817921016033073,21.82872,9.969557875217639,,,nogo
59.35448701443472,18.103249136525612,2.987733802994355,Max Hamngatan,2.07992,2.987733802994355,4.15984,5.97546760598871,8.31968,3.5852805635932263,16.63936,20.121496339163873,,,nogo
59.34010749977196,18.075668995769224,0.8272328992862714,Max Hamngatan,0.33947000000000005,0.8272328992862714,0.6789400000000001,1.6544657985725428,1.3578800000000002,0.9926794791435257,2.7157600000000004,6.294290555432137,,,nogo
59.33901455464484,18.04951249299055,0.4119489533499297,Max Odenplan,2.2016799999999996,0.4119489533499297,4.403359999999999,0.8238979066998594,8.806719999999999,0.4943387440199157,17.613439999999997,3.6364733014395503,0.8238979066998594,3.6364733014395503,clear
59.33861953494202,18.07706825193053,0.6966720137730532,Max Hamngatan,0.52234,0.6966720137730532,1.04468,1.3933440275461064,2.08936,0.8360064165276638,4.17872,5.458700888147541,,,nogo
59.330532419328,18.002941398447376,1.7172219296175022,Max Kungsholmen,0.42086,1.7172219296175022,0.84172,3.4344438592350044,1.68344,2.0606663155410025,3.36688,11.990220349552015,,,nogo
59.33455100625658,18.05599281498749,0.3858318504907285,Max Hötorget,3.33957,0.3858318504907285,6.67914,0.771663700981457,13.35828,0.4629982205888742,26.71656,3.4693238431406623,,,nogo
59.32065337110422,18.05373261174314,1.2332222749571478,Max Södermalm,2.9415999999999998,1.2332222749571478,5.8831999999999995,2.4664445499142955,11.766399999999999,1.4798667299485775,23.532799999999998,8.892622559725746,2.4664445499142955,8.892622559725746,clear
59.34630280752119,18.06667478539695,0.9688371310390096,Max Odenplan,0.2404,0.9688371310390096,0.4808,1.9376742620780192,0.9616000000000001,1.1626045572468116,1.9232000000000002,7.200557638649661,1.9376742620780192,7.200557638649661,clear
59.31491280647317,18.09780191522085,1.4111406463802885,Max Södermalm,1.1671099999999999,1.4111406463802885,2.3342199999999997,2.822281292760577,4.6684399999999995,1.6933687756563462,9.336879999999999,10.031300136833845,2.822281292760577,10.031300136833845,clear
59.335897933196144,18.025743209445842,0.445361187455333,Max Kungsholmen,0.48286,0.445361187455333,0.96572,0.890722374910666,1.93144,0.5344334249463996,3.86288,3.8503115997141313,,,nogo
59.30708117141222,18.081262529645247,1.064173251000658,Max Södermalm,1.06816,1.064173251000658,2.13632,2.128346502001316,4.27264,1.2770079012007898,8.54528,7.810708806404212,2.128346502001316,7.810708806404212,clear
59.35907788889133,18.090713545025224,2.899117847142911,Max Odenplan,0.95765,2.899117847142911,1.9153,5.798235694285822,3.8306,3.478941416571493,7.6612,19.55435422171463,5.798235694285822,19.55435422171463,clear
59.35612753451189,18.09826355879594,2.985193684400141,Max Hamngatan,0.88181,2.985193684400141,1.76362,5.970387368800282,3.52724,3.5822324212801697,7.05448,20.105239580160905,,,nogo
59.335499702091774,18.009417997824702,1.3225691186807154,Max Kungsholmen,1.37351,1.3225691186807154,2.74702,2.6451382373614307,5.49404,1.5870829424168584,10.98808,9.464442359556578,,,nogo
59.34185564542889,18.040554829667894,0.6151627651455892,Max Odenplan,0.48342,0.6151627651455892,0.96684,1.2303255302911784,1.93368,0.7381953181747071,3.86736,4.937041696931771,1.2303255302911784,4.937041696931771,clear
59.34068510434945,18.067330941566425,0.6389642555619536,Max Hötorget,0.8105800000000001,0.6389642555619536,1.6211600000000002,1.2779285111239072,3.2423200000000003,0.7667571066743443,6.484640000000001,5.089371235596503,,,nogo
59.32105169533275,18.070261635492173,0.6208933575280728,Max Södermalm,0.40329000000000004,0.6208933575280728,0.8065800000000001,1.2417867150561457,1.6131600000000001,0.7450720290336874,3.2263200000000003,4.973717488179666,1.2417867150561457,4.973717488179666,clear
59.315065346686,18.06902651686295,0.23960905452446724,Max Södermalm,0.22166999999999998,0.23960905452446724,0.44333999999999996,0.47921810904893447,0.8866799999999999,0.2875308654293607,1.7733599999999998,2.5334979489565903,0.47921810904893447,2.5334979489565903,clear
59.314681807512564,18.089555697800083,0.9454109066082358,Max Södermalm,0.08566,0.9454109066082358,0.17132,1.8908218132164716,0.34264,1.134493087929883,0.68528,7.050629802292709,1.8908218132164716,7.050629802292709,clear
59.316704935028966,18.034318294793845,1.9088630249837129,Max Kungsholmen,0.7456900000000001,1.9088630249837129,1.4913800000000001,3.8177260499674257,2.9827600000000003,2.2906356299804553,5.965520000000001,13.216723359895763,,,nogo
59.3321264387291,18.0348573553918,0.23354090944403968,Max Kungsholmen,0.6483099999999999,0.23354090944403968,1.2966199999999999,0.46708181888807937,2.5932399999999998,0.28024909133284764,5.1864799999999995,2.494661820441854,,,nogo
59.30789964211235,18.0698716961279,0.8840809154333377,Max Södermalm,1.57351,0.8840809154333377,3.14702,1.7681618308666753,6.29404,1.0608970985200052,12.58808,6.658117858773361,1.7681618308666753,6.658117858773361,clear
59.353294700999946,18.09537581507181,2.6298028915271012,Max Hamngatan,1.32546,2.6298028915271012,2.65092,5.2596057830542025,5.30184,3.1557634698325217,10.60368,17.830738505773446,,,nogo
59.33979682351456,18.082260721297395,0.9619785741166493,Max Hamngatan,1.2661,0.9619785741166493,2.5322,1.9239571482332987,5.0644,1.1543742889399793,10.1288,7.156662874346556,,,nogo
59.31696347586102,18.04643427938787,1.5235180111473952,Max Södermalm,0.8237599999999999,1.5235180111473952,1.6475199999999999,3.0470360222947903,3.2950399999999997,1.828221613376874,6.5900799999999995,10.750515271343328,3.0470360222947903,10.750515271343328,clear
59.33599138082663,18.09520834999512,1.3619783150689035,Max Hamngatan,0.25919,1.3619783150689035,0.51838,2.723956630137807,1.03676,1.6343739780826843,2.07352,9.716661216440983,,,nogo
59.341624519556504,18.032043627492914,0.5902575745625623,Max Karolinska,0.94021,0.5902575745625623,1.88042,1.1805151491251247,3.76084,0.7083090894750748,7.52168,4.777648477200399,1.1805151491251247,4.777648477200399,clear
59.31667592226298,18.09684556224432,1.358814775375311,Max Södermalm,0.61939,1.358814775375311,1.23878,2.717629550750622,2.47756,1.6305777304503732,4.95512,9.69641456240199,2.717629550750622,9.69641456240199,clear
59.314275483733454,18.04349871426387,1.6909901942062247,Max Södermalm,0.42861,1.6909901942062247,0.85722,3.3819803884124493,1.71444,2.0291882330474693,3.42888,11.822337242919836,3.3819803884124493,11.822337242919836,clear
59.31871880735976,18.082866538081493,0.6535331200032446,Max Södermalm,0.96029,0.6535331200032446,1.92058,1.3070662400064892,3.84116,0.7842397440038935,7.68232,5.182611968020765,1.3070662400064892,5.182611968020765,clear
59.34143088708642,18.08080256251671,1.0714606207036774,Max Hamngatan,0.43288,1.0714606207036774,0.86576,2.142921241407355,1.73152,1.285752744844413,3.46304,7.857347972503536,,,nogo
59.32074692785418,18.046519055137995,1.6142302931985784,Max Södermalm,0.41762,1.6142302931985784,0.83524,3.2284605863971567,1.67048,1.937076351838294,3.34096,11.331073876470901,3.2284605863971567,11.331073876470901,clear
59.33139813530444,18.036558416752907,0.35756642407891437,Max Kungsholmen,0.63154,0.35756642407891437,1.26308,0.7151328481578287,2.52616,0.4290797088946972,5.05232,3.288425114105052,,,nogo
59.35665871219864,18.085009272352423,2.477356664070479,Max Odenplan,0.5732,2.477356664070479,1.1464,4.954713328140958,2.2928,2.9728279968845746,4.5856,16.855082650051067,4.954713328140958,16.855082650051067,clear
59.34578004773384,18.108581162860297,2.5250871748570853,Max Hamngatan,0.36516000000000004,2.5250871748570853,0.7303200000000001,5.050174349714171,1.4606400000000002,3.030104609828502,2.9212800000000003,17.160557919085345,,,nogo
59.32968730840477,18.040788410327707,0.6619200242466028,Max Kungsholmen,0.357,0.6619200242466028,0.714,1.3238400484932056,1.428,0.7943040290959233,2.856,5.236288155178258,,,nogo
59.340434587802115,18.090388908886013,1.3383185941350428,Max Hamngatan,1.4319600000000001,1.3383185941350428,2.8639200000000002,2.6766371882700857,5.7278400000000005,1.6059823129620514,11.455680000000001,9.565239002464274,,,nogo
59.34451742387322,18.090309903038182,1.6584350449688625,Max Hamngatan,1.92685,1.6584350449688625,3.8537,3.316870089937725,7.7074,1.990122053962635,15.4148,11.61398428780072,,,nogo
59.33618391592568,18.099550327483634,1.6070878518917018,Max Hamngatan,1.25214,1.6070878518917018,2.50428,3.2141757037834036,5.00856,1.928505422270042,10.01712,11.285362252106891,,,nogo
59.3570785653199,18.09760000026368,3.059288760980912,Max Hamngatan,1.56222,3.059288760980912,3.12444,6.118577521961824,6.24888,3.6711465131770944,12.49776,20.579448070277838,,,nogo
59.308967774455645,18.059413750249387,1.0776829230937202,Max Södermalm,0.17968,1.0776829230937202,0.35936,2.1553658461874403,0.71872,1.2932195077124642,1.43744,7.897170707799809,2.1553658461874403,7.897170707799809,clear
59.34030973073512,18.08064180789452,0.9579402266213827,Max Hamngatan,0.5126000000000001,0.9579402266213827,1.0252000000000001,1.9158804532427653,2.0504000000000002,1.1495282719456592,4.1008000000000004,7.130817450376849,,,nogo
59.32885174425297,18.050865436539944,0.9943154269118252,Max Hötorget,0.39546,0.9943154269118252,0.79092,1.9886308538236503,1.58184,1.1931785122941903,3.16368,7.363618732235681,,,nogo
59.35276802274538,18.091201493236515,2.4655149596492785,Max Hamngatan,1.70394,2.4655149596492785,3.40788,4.931029919298557,6.81576,2.958617951579134,13.63152,16.779295741755384,,,nogo
59.32893952715689,18.034340300824375,0.5537615571082142,Max Kungsholmen,0.92547,0.5537615571082142,1.85094,1.1075231142164284,3.70188,0.664513868529857,7.40376,4.54407396549257,,,nogo
59.314510582717816,18.06651381313014,0.3947478771613798,Max Södermalm,0.61986,0.3947478771613798,1.23972,0.7894957543227596,2.47944,0.47369745259365575,4.95888,3.5263864138328307,0.7894957543227596,3.5263864138328307,clear
59.33464869158925,18.04001382801568,0.4421927239113832,Max Kungsholmen,0.90337,0.4421927239113832,1.80674,0.8843854478227664,3.61348,0.5306312686936598,7.22696,3.8300334330328525,,,nogo
59.31605775964005,18.089453247407498,0.9342027398552228,Max Södermalm,0.70212,0.9342027398552228,1.40424,1.8684054797104457,2.80848,1.1210432878262675,5.61696,6.978897535073426,1.8684054797104457,6.978897535073426,clear
59.31810435813382,18.08078134687397,0.5165287605521565,Max Södermalm,0.28166,0.5165287605521565,0.56332,1.033057521104313,1.12664,0.6198345126625877,2.25328,4.305784067533802,1.033057521104313,4.305784067533802,clear
59.32073759125394,18.049214297556315,1.4710823803132032,Max Södermalm,0.69829,1.4710823803132032,1.39658,2.9421647606264063,2.79316,1.7652988563758436,5.58632,10.4149272340045,2.9421647606264063,10.4149272340045,clear
59.34391609968611,18.093060229157654,1.7121883710265395,Max Hamngatan,0.55955,1.7121883710265395,1.1191,3.424376742053079,2.2382,2.0546260452318474,4.4764,11.958005574569853,,,nogo
59.34451770982631,18.068368305044647,0.996263443859557,Max Odenplan,0.93071,0.996263443859557,1.86142,1.992526887719114,3.72284,1.1955161326314683,7.44568,7.376086040701164,1.992526887719114,7.376086040701164,clear
59.343100265557794,18.026854319617737,0.5565415015310551,Max Karolinska,1.15273,0.5565415015310551,2.30546,1.1130830030621102,4.61092,0.6678498018372662,9.22184,4.561865609798753,1.1130830030621102,4.561865609798753,clear
59.341082316449366,18.05962442114014,0.504869437503822,Max Odenplan,0.83138,0.504869437503822,1.66276,1.009738875007644,3.32552,0.6058433250045864,6.65104,4.23116440002446,1.009738875007644,4.23116440002446,clear
59.31693302021466,18.065150625424085,0.4723869404921859,Max Södermalm,0.59542,0.4723869404921859,1.19084,0.9447738809843718,2.38168,0.566864328590623,4.76336,4.0232764191499895,0.9447738809843718,4.0232764191499895,clear
59.31670058095519,18.040089131575286,1.8815245750079526,Max Södermalm,0.4109,1.8815245750079526,0.8218,3.763049150015905,1.6436,2.257829490009543,3.2872,13.041757280050895,3.763049150015905,13.041757280050895,clear
59.3321123934313,18.01303515635001,1.1194621651180776,Max Kungsholmen,1.3060699999999998,1.1194621651180776,2.6121399999999997,2.2389243302361552,5.224279999999999,1.3433545981416932,10.448559999999999,8.164557856755696,,,nogo
59.31316611764096,18.07754434334998,0.3775823175757161,Max Södermalm,0.30388,0.3775823175757161,0.60776,0.7551646351514322,1.21552,0.45309878109085927,2.43104,3.4165268324845828,0.7551646351514322,3.4165268324845828,clear
59.31680167339285,18.083835166615035,0.6261558590237555,Max Södermalm,0.42663,0.6261558590237555,0.85326,1.252311718047511,1.70652,0.7513870308285066,3.41304,5.007397497752035,1.252311718047511,5.007397497752035,clear
59.33115758170117,18.036749656595713,0.38501372086516134,Max Kungsholmen,0.40804,0.38501372086516134,0.81608,0.7700274417303227,1.63216,0.4620164650381936,3.26432,3.4640878135370325,,,nogo
59.308458200582,18.063560640309156,0.9684102498736245,Max Södermalm,1.06985,0.9684102498736245,2.1397,1.936820499747249,4.2794,1.1620922998483494,8.5588,7.197825599191196,1.936820499747249,7.197825599191196,clear
59.34672717412679,18.05734714325362,0.5752189852025044,Max Odenplan,0.51157,0.5752189852025044,1.02314,1.1504379704050087,2.04628,0.6902627822430053,4.09256,4.681401505296028,1.1504379704050087,4.681401505296028,clear
59.3478330930198,18.099329905480765,2.274163914661423,Max Hamngatan,0.2367,2.274163914661423,0.4734,4.548327829322846,0.9468,2.7289966975937077,1.8936,15.554649053833108,,,nogo
59.33406018774432,18.06553222120036,0.23561186180676258,Max Hötorget,0.5404,0.23561186180676258,1.0808,0.47122372361352516,2.1616,0.28273423416811505,4.3232,2.5079159155632804,,,nogo
59.33849937403987,18.006138559740446,1.5842442323117347,Max Kungsholmen,0.84282,1.5842442323117347,1.68564,3.1684884646234694,3.37128,1.9010930787740816,6.74256,11.139163086795103,,,nogo
59.34724138418187,18.060512537214812,0.7374818145128856,Max Odenplan,0.26030000000000003,0.7374818145128856,0.5206000000000001,1.4749636290257713,1.0412000000000001,0.8849781774154627,2.0824000000000003,5.719883612882468,1.4749636290257713,5.719883612882468,clear
59.308352007740766,18.08754811484894,1.1593502790091808,Max Södermalm,0.58809,1.1593502790091808,1.17618,2.3187005580183615,2.35236,1.391220334811017,4.70472,8.419841785658758,2.3187005580183615,8.419841785658758,clear
59.33337267607227,18.044150663795364,0.6695357260069783,Max Kungsholmen,1.52145,0.6695357260069783,3.0429,1.3390714520139566,6.0858,0.803442871208374,12.1716,5.285028646444661,,,nogo
59.33372961634789,18.036759101258674,0.24719587113397945,Max Kungsholmen,0.94711,0.24719587113397945,1.89422,0.4943917422679589,3.78844,0.29663504536077534,7.57688,2.5820535752574685,,,nogo
59.34913794430257,18.094066741854473,2.1990326423109368,Max Hamngatan,1.27927,2.1990326423109368,2.55854,4.3980652846218735,5.11708,2.638839170773124,10.23416,15.073808910789996,,,nogo
59.341868071972,18.096983559069628,1.734480177462085,Max Hamngatan,1.43727,1.734480177462085,2.87454,3.46896035492417,5.74908,2.081376212954502,11.49816,12.100673135757344,,,nogo
59.348575499211236,18.082008269811336,1.8306292178221601,Max Hötorget,0.34282,1.8306292178221601,0.68564,3.6612584356443203,1.37128,2.1967550613865923,2.74256,12.716026994061824,,,nogo
59.34293320614042,18.045170570270308,0.3488073029215666,Max Odenplan,1.08906,0.3488073029215666,2.17812,0.6976146058431332,4.35624,0.4185687635058799,8.71248,3.232366738698026,0.6976146058431332,3.232366738698026,clear
59.33339189489382,18.040747408635312,0.4763427964338135,Max Kungsholmen,0.6218899999999999,0.4763427964338135,1.2437799999999999,0.952685592867627,2.4875599999999998,0.5716113557205762,4.9751199999999995,4.048593897176406,,,nogo
59.343498890172306,18.103152016491638,2.1267954270063507,Max Hamngatan,0.44165,2.1267954270063507,0.8833,4.253590854012701,1.7666,2.552154512407621,3.5332,14.611490732840645,,,nogo
59.343413547756086,18.052067870650326,0.1012359209817311,Max Odenplan,0.35104,0.1012359209817311,0.70208,0.2024718419634622,1.40416,0.12148310517807734,2.80832,1.647909894283079,0.2024718419634622,1.647909894283079,clear
59.34579374562868,18.097971023122927,2.0577565975722263,Max Hamngatan,0.6855399999999999,2.0577565975722263,1.3710799999999999,4.115513195144453,2.7421599999999997,2.4693079170866716,5.484319999999999,14.169642224462248,,,nogo
59.34439390384466,18.05616453054126,0.3428186788032364,Max Odenplan,1.11686,0.3428186788032364,2.23372,0.6856373576064728,4.46744,0.4113824145638837,8.93488,3.194039544340713,0.6856373576064728,3.194039544340713,clear
59.3484480571674,18.10677403933701,2.62658339709908,Max Hamngatan,1.23089,2.62658339709908,2.46178,5.25316679419816,4.92356,3.151900076518896,9.84712,17.81013374143411,,,nogo
59.3339795723183,18.04164544342699,0.5254721672065337,Max Kungsholmen,0.9275800000000001,0.5254721672065337,1.8551600000000001,1.0509443344130673,3.7103200000000003,0.6305666006478404,7.420640000000001,4.363021870121815,,,nogo
59.32865303371093,18.06093089387975,0.768607426881178,Max Hötorget,1.25148,0.768607426881178,2.50296,1.537214853762356,5.00592,0.9223289122574136,10.01184,5.919087532039539,,,nogo
59.33544818472924,18.081161436304733,0.5904319745481669,Max Hamngatan,1.8896199999999999,0.5904319745481669,3.7792399999999997,1.1808639490963337,7.558479999999999,0.7085183694578002,15.116959999999999,4.778764637108268,,,nogo
59.34251421076059,18.08746595904707,1.383188183152954,Max Hamngatan,1.4874,1.383188183152954,2.9748,2.766376366305908,5.9496,1.659825819783545,11.8992,9.852404372178906,,,nogo
59.33761341246395,18.059217540267717,0.30043125294402895,Max Hötorget,0.9061699999999999,0.30043125294402895,1.8123399999999998,0.6008625058880579,3.6246799999999997,0.36051750353283474,7.249359999999999,2.9227600188417853,,,nogo
59.33354324769082,18.083508491406857,0.65601648833161,Max Hamngatan,1.40023,0.65601648833161,2.80046,1.31203297666322,5.60092,0.787219785997932,11.20184,5.198505525322304,,,nogo
59.33095565602984,18.03052356639873,0.33604983396255195,Max Kungsholmen,0.50861,0.33604983396255195,1.01722,0.6720996679251039,2.03444,0.40325980075506235,4.06888,3.1507189373603324,,,nogo
59.345824130060464,18.068317135258187,1.034473645166784,Max Odenplan,0.5408200000000001,1.034473645166784,1.0816400000000002,2.068947290333568,2.1632800000000003,1.241368374200141,4.326560000000001,7.620631329067418,2.068947290333568,7.620631329067418,clear
59.34124236250543,18.058828520451165,0.45622439562455186,Max Odenplan,1.2453599999999998,0.45622439562455186,2.4907199999999996,0.9124487912491037,4.981439999999999,0.5474692747494622,9.962879999999998,3.9198361319971315,0.9124487912491037,3.9198361319971315,clear
59.340091205847614,18.041543572480478,0.6199641373961483,Max Odenplan,1.32298,0.6199641373961483,2.64596,1.2399282747922966,5.29192,0.743956964875378,10.58384,4.967770479335349,1.2399282747922966,4.967770479335349,clear
59.34379261439637,18.036710683003452,0.3976183910995933,Max Karolinska,0.64316,0.3976183910995933,1.28632,0.7952367821991866,2.57264,0.4771420693195119,5.14528,3.544757703037397,0.7952367821991866,3.544757703037397,clear
59.35847008318786,18.098805663580553,3.2282964269887082,Max Hamngatan,2.2259,3.2282964269887082,4.4518,6.4565928539774164,8.9036,3.87395571238645,17.8072,21.661097132727733,,,nogo
59.314195402949316,18.09641521207691,1.339739083466245,Max Södermalm,1.04635,1.339739083466245,2.0927,2.67947816693249,4.1854,1.607686900159494,8.3708,9.574330134183969,2.67947816693249,9.574330134183969,clear
59.34358789704089,18.062982956562653,0.6756985073227558,Max Odenplan,0.36548,0.6756985073227558,0.73096,1.3513970146455117,1.46192,0.8108382087873071,2.92384,5.324470446865638,1.3513970146455117,5.324470446865638,clear
59.308355149001166,18.074565091263192,0.8188660745050242,Max Södermalm,0.87171,0.8188660745050242,1.74342,1.6377321490100485,3.48684,0.9826392894060291,6.97368,6.240742876832155,1.6377321490100485,6.240742876832155,clear
59.33643603790936,18.022464543477728,0.6375122351534083,Max Kungsholmen,1.5405499999999999,0.6375122351534083,3.0810999999999997,1.2750244703068165,6.1621999999999995,0.76501468218409,12.324399999999999,5.080078304981813,,,nogo
59.35296350526106,18.089889893858796,2.453251930632373,Max Hamngatan,1.99398,2.453251930632373,3.98796,4.906503861264746,7.9759199999999995,2.9439023167588476,15.951839999999999,16.700812356047187,,,nogo
59.31616260313209,18.02647075354392,1.9951660850594441,Max Kungsholmen,0.51206,1.9951660850594441,1.02412,3.9903321701188883,2.04824,2.394199302071333,4.09648,13.769062944380442,,,nogo
59.33158734300867,18.013865638996027,1.0847648690175065,Max Kungsholmen,0.52839,1.0847648690175065,1.05678,2.169529738035013,2.11356,1.3017178428210077,4.22712,7.942495161712041,,,nogo
59.3354034502125,18.02742644240078,0.3349050465539938,Max Kungsholmen,0.8845,0.3349050465539938,1.769,0.6698100931079876,3.538,0.40188605586479254,7.076,3.14339229794556,,,nogo
59.3147858316688,18.07779495402187,0.286557581339921,Max Södermalm,1.48542,0.286557581339921,2.97084,0.573115162679842,5.94168,0.3438690976079052,11.88336,2.8339685205754943,0.573115162679842,2.8339685205754943,clear
59.31293559198812,18.079359105532365,0.4700240322960439,Max Södermalm,1.04252,0.4700240322960439,2.08504,0.9400480645920878,4.17008,0.5640288387552527,8.34016,4.008153806694681,0.9400480645920878,4.008153806694681,clear
59.34066993960539,18.045063209396083,0.41343870454822573,Max Odenplan,1.59178,0.41343870454822573,3.18356,0.8268774090964515,6.36712,0.4961264454578709,12.73424,3.6460077091086447,0.8268774090964515,3.6460077091086447,clear
59.33791556027305,18.06394284140498,0.28063530844036105,Max Hötorget,1.11295,0.28063530844036105,2.2259,0.5612706168807221,4.4518,0.33676237012843324,8.9036,2.796065974018311,,,nogo
59.3392811936481,18.016819492280472,1.0767461241507734,Max Kungsholmen,1.3579,1.0767461241507734,2.7158,2.153492248301547,5.4316,1.2920953489809281,10.8632,7.8911751945649495,,,nogo
59.30628824298854,18.085242354036456,1.2538859919192293,Max Södermalm,0.34506,1.2538859919192293,0.69012,2.5077719838384587,1.38024,1.5046631903030752,2.76048,9.024870348283068,2.5077719838384587,9.024870348283068,clear
59.311499432849885,18.04325980506486,1.7598636730030595,Max Södermalm,0.90637,1.7598636730030595,1.81274,3.519727346006119,3.62548,2.1118364076036715,7.25096,12.263127507219581,3.519727346006119,12.263127507219581,clear
59.31207026351498,18.041564024208018,1.8382875266982566,Max Södermalm,0.9071699999999999,1.8382875266982566,1.8143399999999998,3.676575053396513,3.6286799999999997,2.2059450320379077,7.257359999999999,12.765040170868842,3.676575053396513,12.765040170868842,clear
59.3464538728186,18.08370604712651,1.647613072122934,Max Hamngatan,0.93525,1.647613072122934,1.8705,3.295226144245868,3.741,1.9771356865475211,7.482,11.54472366158678,,,nogo
59.332531365944334,18.06913060314044,0.1715277388135234,Max Hamngatan,1.4630699999999999,0.1715277388135234,2.9261399999999997,0.3430554776270468,5.8522799999999995,0.2058332865762281,11.704559999999999,2.09777752840655,,,nogo
59.33552143778301,18.097026172222627,1.450984170382626,Max Hamngatan,0.4684,1.450984170382626,0.9368,2.901968340765252,1.8736,1.7411810044591511,3.7472,10.286298690448806,,,nogo
59.341158451791856,18.102734662973837,1.9731060679539918,Max Hamngatan,1.22095,1.9731060679539918,2.4419,3.9462121359079836,4.8838,2.3677272815447905,9.7676,13.627878834905548,,,nogo
59.35087847386391,18.095703672087335,2.4116718176567367,Max Hamngatan,0.28714999999999996,2.4116718176567367,0.5742999999999999,4.823343635313473,1.1485999999999998,2.894006181188084,2.2971999999999997,16.434699633003113,,,nogo
59.31159821674591,18.09833926770252,1.5089594201378893,Max Södermalm,1.41186,1.5089594201378893,2.82372,3.0179188402757786,5.64744,1.810751304165467,11.29488,10.65734028888249,3.0179188402757786,10.65734028888249,clear
59.340485268720634,18.08096979881953,0.98430305238023,Max Hamngatan,0.42878,0.98430305238023,0.85756,1.96860610476046,1.71512,1.1811636628562758,3.43024,7.299539535233471,,,nogo
59.329063601229876,18.019375916792452,0.9116479225217025,Max Kungsholmen,0.49256,0.9116479225217025,0.98512,1.823295845043405,1.9702400000000002,1.093977507026043,3.9404800000000004,6.834546704138896,,,nogo
59.331978553607335,18.040055512258093,0.48028131259019413,Max Kungsholmen,1.07662,0.48028131259019413,2.15324,0.9605626251803883,4.30648,0.5763375751082329,8.61296,4.073800400577243,,,nogo
59.3483999353268,18.078819871817732,1.695591944457948,Max Odenplan,1.15424,1.695591944457948,2.30848,3.391183888915896,4.61696,2.0347103333495378,9.23392,11.851788444530868,3.391183888915896,11.851788444530868,clear
59.33786748177416,18.025368677620385,0.6042156969867813,Max Kungsholmen,0.8381799999999999,0.6042156969867813,1.6763599999999999,1.2084313939735627,3.3527199999999997,0.7250588363841376,6.705439999999999,4.866980460715401,,,nogo
59.35250586243018,18.0848889666999,2.2083178552181484,Max Odenplan,0.11258,2.2083178552181484,0.22516,4.416635710436297,0.45032,2.649981426261778,0.90064,15.133234273396148,4.416635710436297,15.133234273396148,clear
59.350467795592586,18.084846410869776,2.0865255523238613,Max Hamngatan,0.50587,2.0865255523238613,1.01174,4.1730511046477226,2.02348,2.5038306627886335,4.04696,14.353763534872712,,,nogo
59.30896262023504,18.07010477177353,0.765551938066525,Max Södermalm,1.0101,0.765551938066525,2.0202,1.53110387613305,4.0404,0.91866232567983,8.0808,5.89953240362576,1.53110387613305,5.89953240362576,clear
59.315953235751806,18.045755647031623,1.5556426536544044,Max Södermalm,1.3873499999999999,1.5556426536544044,2.7746999999999997,3.1112853073088087,5.5493999999999994,1.8667711843852852,11.098799999999999,10.956112983388188,3.1112853073088087,10.956112983388188,clear
59.33429121598428,18.09091465483944,1.0846980336637462,Max Hamngatan,1.1738499999999998,1.0846980336637462,2.3476999999999997,2.1693960673274924,4.695399999999999,1.3016376403964953,9.390799999999999,7.942067415447975,,,nogo
59.3334480789717,18.018678275074393,0.7831589576559876,Max Kungsholmen,0.75337,0.7831589576559876,1.50674,1.5663179153119753,3.01348,0.9397907491871851,6.02696,6.012217328998321,,,nogo
59.33738203443453,18.028877842872856,0.44580940464109703,Max Kungsholmen,1.0815299999999999,0.44580940464109703,2.1630599999999998,0.8916188092821941,4.3261199999999995,0.5349712855693165,8.652239999999999,3.8531801897030213,,,nogo
59.328897812509084,18.02232437707515,0.7936884529934635,Max Kungsholmen,0.89773,0.7936884529934635,1.79546,1.587376905986927,3.59092,0.9524261435921562,7.18184,6.079606099158166,,,nogo
59.338487487905155,18.041845823514034,0.7053402931124847,Max Odenplan,1.0778599999999998,0.7053402931124847,2.1557199999999996,1.4106805862249694,4.311439999999999,0.8464083517349816,8.622879999999999,5.514177875919902,1.4106805862249694,5.514177875919902,clear
59.35195929668773,18.106253554281054,2.8790642703699256,Max Hamngatan,1.39312,2.8790642703699256,2.78624,5.758128540739851,5.57248,3.454877124443911,11.14496,19.426011330367523,,,nogo
59.330667922269136,17.99739212572588,2.024300708754448,Max Kungsholmen,0.61241,2.024300708754448,1.22482,4.048601417508896,2.44964,2.4291608505053377,4.89928,13.955524536028467,,,nogo
59.31634606206487,18.076018244998735,0.1843788879895314,Max Södermalm,1.22755,0.1843788879895314,2.4551,0.3687577759790628,4.9102,0.22125466558743767,9.8204,2.180024883133001,0.3687577759790628,2.180024883133001,clear
59.30680258589733,18.0774943890625,1.0190593895637727,Max Södermalm,0.80135,1.0190593895637727,1.6027,2.0381187791275455,3.2054,1.2228712674765272,6.4108,7.521980093208145,2.0381187791275455,7.521980093208145,clear
59.33903463079808,18.03913805908121,0.6961746799150184,Max Kungsholmen,0.98005,0.6961746799150184,1.9601,1.3923493598300367,3.9202,0.8354096158980221,7.8404,5.455517951456118,,,nogo
59.314974183686644,18.08000770624544,0.40272103949227483,Max Södermalm,1.04311,0.40272103949227483,2.08622,0.8054420789845497,4.17244,0.48326524739072974,8.34488,3.5774146527505586,0.8054420789845497,3.5774146527505586,clear
59.316812757709236,18.083861743373973,0.6278882022131463,Max Södermalm,1.0686600000000002,0.6278882022131463,2.1373200000000003,1.2557764044262927,4.274640000000001,0.7534658426557757,8.549280000000001,5.018484494164136,1.2557764044262927,5.018484494164136,clear
59.32842990613502,18.05194717517422,0.9913173468804428,Max Hötorget,0.90638,0.9913173468804428,1.81276,1.9826346937608856,3.62552,1.1895808162565313,7.25104,7.344431020034834,,,nogo
59.342430816899586,18.108261734867977,2.3175512583353846,Max Hamngatan,0.20233,2.3175512583353846,0.40466,4.635102516670769,0.80932,2.781061510002462,1.61864,15.832328053346462,,,nogo
59.31551500707482,18.04356446789278,1.680191278524633,Max Södermalm,0.8745499999999999,1.680191278524633,1.7490999999999999,3.360382557049266,3.4981999999999998,2.0162295342295593,6.9963999999999995,11.75322418255765,3.360382557049266,11.75322418255765,clear
59.34668611384209,18.079533883691425,1.577969067487889,Max Hötorget,1.5633,1.577969067487889,3.1266,3.155938134975778,6.2532,1.893562880985467,12.5064,11.09900203192249,,,nogo
59.31707820512345,18.085510950343995,0.7259227005826807,Max Södermalm,1.6781300000000001,0.7259227005826807,3.3562600000000002,1.4518454011653614,6.7125200000000005,0.8711072406992169,13.425040000000001,5.645905283729157,1.4518454011653614,5.645905283729157,clear
59.347654373896184,18.098943140918276,2.244594327116946,Max Hamngatan,1.11642,2.244594327116946,2.23284,4.489188654233892,4.46568,2.6935131925403355,8.93136,15.365403693548455,,,nogo
59.33433576049789,17.999962809303202,1.8482539330509962,Max Kungsholmen,0.5767,1.8482539330509962,1.1534,3.6965078661019923,2.3068,2.2179047196611954,4.6136,12.828825171526375,,,nogo
59.35037092040807,18.063030936229904,1.0940952711612633,Max Odenplan,1.49153,1.0940952711612633,2.98306,2.1881905423225265,5.96612,1.3129143253935158,11.93224,8.002209735432086,2.1881905423225265,8.002209735432086,clear
59.34682532607393,18.109725277453993,2.645412215064557,Max Hamngatan,2.1404099999999997,2.645412215064557,4.280819999999999,5.290824430129114,8.561639999999999,3.1744946580774687,17.123279999999998,17.930638176413165,,,nogo
59.33194649327173,18.009862791701043,1.300616687578786,Max Kungsholmen,1.01635,1.300616687578786,2.0327,2.601233375157572,4.0654,1.560740025094543,8.1308,9.32394680050423,,,nogo
59.33297600715844,18.024019930699033,0.4870689938606397,Max Kungsholmen,1.0939100000000002,0.4870689938606397,2.1878200000000003,0.9741379877212794,4.375640000000001,0.5844827926327676,8.751280000000001,4.117241560708094,,,nogo
59.31012211146133,18.097199591412807,1.5068094497449933,Max Södermalm,1.72586,1.5068094497449933,3.45172,3.0136188994899866,6.90344,1.8081713396939918,13.80688,10.643580478367957,3.0136188994899866,10.643580478367957,clear
59.34481732209208,18.04117189520695,0.5072670193152485,Max Karolinska,0.7524400000000001,0.5072670193152485,1.5048800000000002,1.014534038630497,3.0097600000000004,0.6087204231782982,6.019520000000001,4.246508923617591,1.014534038630497,4.246508923617591,clear
59.33413827699342,18.045396942204114,0.7395590103435505,Max Kungsholmen,1.00045,0.7395590103435505,2.0009,1.479118020687101,4.0018,0.8874708124122607,8.0036,5.733177666198723,,,nogo
59.344475339267824,18.056237933643686,0.35153073696633924,Max Odenplan,1.48436,0.35153073696633924,2.96872,0.7030614739326785,5.93744,0.4218368843596071,11.87488,3.249796716584571,0.7030614739326785,3.249796716584571,clear
59.34158074075481,18.052549304580968,0.13521532170352693,Max Odenplan,1.48075,0.13521532170352693,2.9615,0.27043064340705386,5.923,0.16225838604423232,11.846,1.8653780589025724,0.27043064340705386,1.8653780589025724,clear
59.308696656643605,18.096834085260536,1.5604848825747106,Max Södermalm,0.39957,1.5604848825747106,0.79914,3.1209697651494213,1.59828,1.8725818590896528,3.19656,10.987103248478148,3.1209697651494213,10.987103248478148,clear
59.314891301315704,18.063044737983848,0.5772249082713652,Max Södermalm,1.07644,0.5772249082713652,2.15288,1.1544498165427304,4.30576,0.6926698899256383,8.61152,4.694239412936737,1.1544498165427304,4.694239412936737,clear
59.33977577200905,18.082343779885584,0.9629799585776396,Max Hamngatan,0.88873,0.9629799585776396,1.77746,1.9259599171552793,3.55492,1.1555759502931675,7.10984,7.163071734896894,,,nogo
59.33584775372291,18.002623799391433,1.7109288235090558,Max Kungsholmen,0.20525,1.7109288235090558,0.4105,3.4218576470181117,0.821,2.053114588210867,1.642,11.949944470457957,,,nogo
59.342063143538866,18.099417177091805,1.8613174911984163,Max Hamngatan,1.19346,1.8613174911984163,2.38692,3.7226349823968325,4.77384,2.2335809894380994,9.54768,12.912431943669864,,,nogo
59.35466622166524,18.100196337194493,2.9045263015600176,Max Hamngatan,0.31627999999999995,2.9045263015600176,0.6325599999999999,5.809052603120035,1.2651199999999998,3.485431561872021,2.5302399999999996,19.588968329984112,,,nogo
59.33367652966168,18.08684453723618,0.8464179487061796,Max Hamngatan,0.31077,0.8464179487061796,0.62154,1.6928358974123592,1.24308,1.0157015384474155,2.48616,6.417074871719549,,,nogo
59.34758812140081,18.086331741988765,1.8254549787795484,Max Hamngatan,1.1723299999999999,1.8254549787795484,2.3446599999999997,3.650909957559097,4.6893199999999995,2.190545974535458,9.378639999999999,12.682911864189109,,,nogo
59.31478975864209,18.098683404767428,1.4621083977655684,Max Södermalm,0.93738,1.4621083977655684,1.87476,2.924216795531137,3.74952,1.754530077318682,7.49904,10.357493745699639,2.924216795531137,10.357493745699639,clear
59.31857124746682,18.036921605645013,1.7171299475337998,Max Kungsholmen,0.41551,1.7171299475337998,0.83102,3.4342598950675995,1.66204,2.0605559370405597,3.32408,11.989631664216319,,,nogo
59.33177367067586,18.071440830288005,0.1318551379595795,Max Hamngatan,1.08372,0.1318551379595795,2.16744,0.263710275919159,4.33488,0.15822616555149543,8.66976,1.843872882941309,,,nogo
59.35058839118479,18.05001858867486,0.8924853986673847,Max Odenplan,0.27592,0.8924853986673847,0.55184,1.7849707973347695,1.10368,1.0709824784008617,2.20736,6.711906551471262,1.7849707973347695,6.711906551471262,clear
59.35591316240437,18.087307533132638,2.5304699841799,Max Odenplan,1.45681,2.5304699841799,2.91362,5.0609399683598,5.82724,3.0365639810158798,11.65448,17.19500789875136,5.0609399683598,17.19500789875136,clear
59.33956142995167,18.00875085772601,1.4915303965520297,Max Kungsholmen,1.67999,1.4915303965520297,3.35998,2.9830607931040594,6.71996,1.7898364758624357,13.43992,10.54579453793299,,,nogo
59.314463417189096,18.100431697941907,1.5641646352786671,Max Södermalm,0.63767,1.5641646352786671,1.27534,3.1283292705573342,2.55068,1.8769975623344004,5.10136,11.010653665783469,3.1283292705573342,11.010653665783469,clear
59.33159153668316,18.08524968482553,0.7657555677925489,Max Hamngatan,0.6132000000000001,0.7657555677925489,1.2264000000000002,1.5315111355850979,2.4528000000000003,0.9189066813510587,4.905600000000001,5.900835633872314,,,nogo
59.34522350263595,18.105257106305487,2.334840984919059,Max Hamngatan,1.18738,2.334840984919059,2.37476,4.669681969838118,4.74952,2.801809181902871,9.49904,15.942982303481978,,,nogo
59.3456878246637,18.10789103277093,2.4869606978115186,Max Hamngatan,0.47302,2.4869606978115186,0.94604,4.973921395623037,1.8920800000000002,2.984352837373822,3.7841600000000004,16.91654846599372,,,nogo
59.35124144661121,18.10275531670993,2.6871713871784024,Max Hamngatan,1.0359200000000002,2.6871713871784024,2.0718400000000003,5.374342774356805,4.143680000000001,3.2246056646140833,8.287360000000001,18.197896877941776,,,nogo
59.337130316521,18.01064581517394,1.2931767422671512,Max Kungsholmen,0.48552,1.2931767422671512,0.97104,2.5863534845343024,1.94208,1.5518120907205815,3.88416,9.276331150509767,,,nogo
59.35005046926969,18.086729658782538,2.0836324458144975,Max Hamngatan,0.13134,2.0836324458144975,0.26268,4.167264891628995,0.52536,2.5003589349773967,1.05072,14.335247653212782,,,nogo
59.33744389198797,18.023884331299893,0.6321478640162197,Max Kungsholmen,0.95289,0.6321478640162197,1.90578,1.2642957280324394,3.81156,0.7585774368194637,7.62312,5.045746329703806,,,nogo
59.339779020095826,18.07786044671343,0.833050986211852,Max Hamngatan,0.63559,0.833050986211852,1.27118,1.666101972423704,2.54236,0.9996611834542225,5.08472,6.331526311755853,,,nogo
59.33264762596461,18.09312274795957,1.19990364520306,Max Hamngatan,0.39279000000000003,1.19990364520306,0.7855800000000001,2.39980729040612,1.5711600000000001,1.439884374243672,3.1423200000000002,8.679383329299585,,,nogo
59.34754871782348,18.06151349736084,0.80225237980933,Max Odenplan,0.48425999999999997,0.80225237980933,0.9685199999999999,1.60450475961866,1.93704,0.962702855771196,3.87408,6.1344152307797115,1.60450475961866,6.1344152307797115,clear
59.33371165676166,18.00409027382899,1.6124632483851329,Max Kungsholmen,1.44553,1.6124632483851329,2.89106,3.2249264967702658,5.78212,1.9349558980621597,11.56424,11.319764789664852,,,nogo
59.34613133222009,18.03413746527095,0.0988102401622937,Max Karolinska,2.07776,0.0988102401622937,4.15552,0.1976204803245874,8.31104,0.11857228819475243,16.62208,1.6323855370386797,0.1976204803245874,1.6323855370386797,clear
59.31400290182696,18.052814307938718,1.1681500833253557,Max Södermalm,1.01348,1.1681500833253557,2.02696,2.3363001666507115,4.05392,1.4017800999904269,8.10784,8.476160533282277,2.3363001666507115,8.476160533282277,clear
59.33326637637196,18.099343552076547,1.5540948274390232,Max Hamngatan,0.92296,1.5540948274390232,1.84592,3.1081896548780463,3.69184,1.8649137929268278,7.38368,10.946206895609748,,,nogo
59.33829571288239,18.08064138603598,0.773541938664961,Max Hamngatan,0.79496,0.773541938664961,1.58992,1.547083877329922,3.17984,0.9282503263979532,6.35968,5.95066840745575,,,nogo
59.33665943075564,18.032732954324253,0.3176504527497247,Max Kungsholmen,1.47848,0.3176504527497247,2.95696,0.6353009054994494,5.91392,0.38118054329966966,11.82784,3.032962897598238,,,nogo
59.354953653825234,18.08752049233575,2.479446068641539,Max Odenplan,1.00677,2.479446068641539,2.01354,4.958892137283078,4.02708,2.975335282369847,8.05416,16.868454839305848,4.958892137283078,16.868454839305848,clear
59.34439716538526,18.09947430877412,2.0179193564017903,Max Hamngatan,0.89123,2.0179193564017903,1.78246,4.035838712803581,3.56492,2.421503227682148,7.12984,13.914683880971458,,,nogo
59.318754660668134,18.028461848443794,1.692518719799054,Max Kungsholmen,1.1636,1.692518719799054,2.3272,3.385037439598108,4.6544,2.031022463758865,9.3088,11.832119806713948,,,nogo
59.31852306495125,18.0872987861668,0.8707255420693576,Max Södermalm,1.55692,0.8707255420693576,3.11384,1.7414510841387152,6.22768,1.044870650483229,12.45536,6.572643469243888,1.7414510841387152,6.572643469243888,clear
59.34363419459405,18.037306425908312,0.43029332220844746,Max Karolinska,0.94136,0.43029332220844746,1.88272,0.8605866444168949,3.76544,0.5163519866501369,7.53088,3.753877262134064,0.8605866444168949,3.753877262134064,clear
59.305082367666074,18.07962054318945,1.2366795963408195,Max Södermalm,0.45575,1.2366795963408195,0.9115,2.473359192681639,1.823,1.4840155156089834,3.646,8.914749416581245,2.473359192681639,8.914749416581245,clear
59.33743083442519,18.01609225472634,1.0129013895285937,Max Kungsholmen,0.64485,1.0129013895285937,1.2897,2.0258027790571873,2.5794,1.2154816674343123,5.1588,7.482568892982999,,,nogo
59.33668299541103,18.067487644555953,0.31223632063481493,Max Hötorget,1.48366,0.31223632063481493,2.96732,0.6244726412696299,5.93464,0.37468358476177793,11.86928,2.9983124520628155,,,nogo
59.32046805393467,18.041861029885425,1.5807786489711417,Max Kungsholmen,1.6747999999999998,1.5807786489711417,3.3495999999999997,3.1615572979422835,6.699199999999999,1.89693437876537,13.398399999999999,11.116983353415307,,,nogo
59.33676766531766,18.0174706822502,0.9122687534712887,Max Kungsholmen,1.0004,0.9122687534712887,2.0008,1.8245375069425773,4.0016,1.0947225041655464,8.0032,6.838520022216247,,,nogo
59.34715545935028,18.06600854134826,0.9802687317991886,Max Odenplan,0.35947,0.9802687317991886,0.71894,1.9605374635983772,1.43788,1.1763224781590262,2.87576,7.273719883514807,1.9605374635983772,7.273719883514807,clear
59.33236351567224,18.07432827078529,0.1436033879488745,Max Hamngatan,0.53283,0.1436033879488745,1.06566,0.287206775897749,2.13132,0.1723240655386494,4.26264,1.9190616828727969,,,nogo
59.35788439639417,18.088059233008394,2.698094988260541,Max Odenplan,0.29148,2.698094988260541,0.58296,5.396189976521082,1.16592,3.2377139859126496,2.33184,18.267807924867462,5.396189976521082,18.267807924867462,clear
59.31313850151453,18.103132598253566,1.7352586701010668,Max Södermalm,0.65383,1.7352586701010668,1.30766,3.4705173402021336,2.61532,2.08231040412128,5.23064,12.105655488646828,3.4705173402021336,12.105655488646828,clear
59.330562135402666,18.028297885112472,0.4314432499071825,Max Kungsholmen,0.82902,0.4314432499071825,1.65804,0.862886499814365,3.31608,0.5177318998886191,6.63216,3.7612367994059683,,,nogo
59.33969907824701,18.11858482310959,2.754242627111175,Max Hamngatan,1.08374,2.754242627111175,2.16748,5.50848525422235,4.33496,3.30509115253341,8.66992,18.627152813511522,,,nogo
59.31821937964453,18.076834032982234,0.35630138813947276,Max Södermalm,0.71496,0.35630138813947276,1.42992,0.7126027762789455,2.85984,0.4275616657673673,5.71968,3.2803288840926257,0.7126027762789455,3.2803288840926257,clear
59.31775380883944,18.06410860631786,0.5606626217190319,Max Södermalm,0.71573,0.5606626217190319,1.43146,1.1213252434380638,2.86292,0.6727951460628383,5.72584,4.588240779001804,1.1213252434380638,4.588240779001804,clear
59.311951827025034,18.088222304165857,0.957171296915763,Max Södermalm,0.22146000000000002,0.957171296915763,0.44292000000000004,1.914342593831526,0.8858400000000001,1.1486055562989157,1.7716800000000001,7.125896300260884,1.914342593831526,7.125896300260884,clear
59.314083595748414,18.041253339283447,1.8203138733892898,Max Södermalm,1.0996400000000002,1.8203138733892898,2.1992800000000003,3.6406277467785797,4.398560000000001,2.184376648067148,8.797120000000001,12.650008789691455,3.6406277467785797,12.650008789691455,clear
59.33456918407286,17.997231440240917,2.0045636394756934,Max Kungsholmen,0.23035,2.0045636394756934,0.4607,4.009127278951387,0.9214,2.405476367370832,1.8428,13.829207292644437,,,nogo
59.340018697641625,18.04942263472276,0.3063384557324913,Max Odenplan,1.05829,0.3063384557324913,2.11658,0.6126769114649826,4.23316,0.36760614687898957,8.46632,2.9605661166879442,0.6126769114649826,2.9605661166879442,clear
59.34336546790582,18.038683972229457,0.5002403422935348,Max Karolinska,1.5483900000000002,0.5002403422935348,3.0967800000000003,1.0004806845870695,6.193560000000001,0.6002884107522417,12.387120000000001,4.201538190678622,1.0004806845870695,4.201538190678622,clear
59.347879241272956,18.100666469503718,2.330425106218066,Max Hamngatan,0.84226,2.330425106218066,1.68452,4.660850212436132,3.36904,2.796510127461679,6.73808,15.914720679795622,,,nogo
59.309867978075644,18.05522334677765,1.2041150628693573,Max Södermalm,0.52716,1.2041150628693573,1.05432,2.4082301257387146,2.10864,1.4449380754432288,4.21728,8.706336402363887,2.4082301257387146,8.706336402363887,clear
59.345842255434036,18.105174556408002,2.3722251558353653,Max Hamngatan,0.5509700000000001,2.3722251558353653,1.1019400000000001,4.744450311670731,2.2038800000000003,2.8466701870024385,4.407760000000001,16.182240997346337,,,nogo
59.34444618925782,18.064977202365462,0.806773633423555,Max Odenplan,0.7337899999999999,0.806773633423555,1.4675799999999999,1.61354726684711,2.9351599999999998,0.968128360108266,5.8703199999999995,6.1633512539107524,1.61354726684711,6.1633512539107524,clear
59.33529640463288,18.087823007313276,0.9361850406740819,Max Hamngatan,0.90334,0.9361850406740819,1.80668,1.8723700813481639,3.61336,1.1234220488088984,7.22672,6.9915842603141245,,,nogo
59.31177959918949,18.098896635938804,1.5334366020330983,Max Södermalm,0.77581,1.5334366020330983,1.55162,3.0668732040661966,3.10324,1.840123922439718,6.20648,10.81399425301183,3.0668732040661966,10.81399425301183,clear
59.30769481335498,18.09101380454626,1.3540072442644888,Max Södermalm,1.7073,1.3540072442644888,3.4146,2.7080144885289776,6.8292,1.6248086931173866,13.6584,9.665646363292728,2.7080144885289776,9.665646363292728,clear
59.30795386774383,18.057862470659217,1.2198138899201332,Max Södermalm,1.0057,1.2198138899201332,2.0114,2.4396277798402664,4.0228,1.46377666790416,8.0456,8.806808895488853,2.4396277798402664,8.806808895488853,clear
59.33854982947733,18.019659715745536,0.8976974913906516,Max Kungsholmen,0.43987,0.8976974913906516,0.87974,1.7953949827813032,1.75948,1.077236989668782,3.51896,6.74526394490017,,,nogo
59.31843169450786,18.0891770911232,0.9677843114801108,Max Södermalm,1.3725699999999998,0.9677843114801108,2.7451399999999997,1.9355686229602216,5.490279999999999,1.161341173776133,10.980559999999999,7.193819593472709,1.9355686229602216,7.193819593472709,clear
59.31503616201658,18.075374805436635,0.14898649021347993,Max Södermalm,0.30451999999999996,0.14898649021347993,0.6090399999999999,0.29797298042695985,1.2180799999999998,0.1787837882561759,2.4361599999999997,1.9535135373662715,0.29797298042695985,1.9535135373662715,clear
59.3400503794578,18.007988292648992,1.554405543536685,Max Kungsholmen,0.76442,1.554405543536685,1.52884,3.10881108707337,3.05768,1.865286652244022,6.11536,10.948195478634783,,,nogo
59.3426984150072,18.040185205539785,0.6118685570861911,Max Karolinska,1.27347,0.6118685570861911,2.54694,1.2237371141723823,5.09388,0.7342422685034293,10.18776,4.915958765351624,1.2237371141723823,4.915958765351624,clear
59.33914203098474,18.054438971379376,0.4256690937065436,Max Odenplan,2.71624,0.4256690937065436,5.43248,0.8513381874130872,10.86496,0.5108029124478524,21.72992,3.724282199721879,0.8513381874130872,3.724282199721879,clear
59.339111127761,18.059238063302377,0.44275190625397337,Max Hötorget,2.91684,0.44275190625397337,5.83368,0.8855038125079467,11.66736,0.531302287504768,23.33472,3.8336122000254296,,,nogo
59.34705034736964,18.098494268471352,2.1781348052746656,Max Hamngatan,1.4448599999999998,2.1781348052746656,2.8897199999999996,4.356269610549331,5.779439999999999,2.6137617663295987,11.558879999999998,14.94006275375786,,,nogo
59.334708887148004,18.053453016861887,0.5230318796116971,Max Hötorget,2.08696,0.5230318796116971,4.17392,1.0460637592233941,8.34784,0.6276382555340364,16.69568,4.347404029514861,,,nogo
59.34329473274195,18.08101547091652,1.2638294672109753,Max Hamngatan,2.30065,1.2638294672109753,4.6013,2.5276589344219507,9.2026,1.5165953606531704,18.4052,9.088508590150242,,,nogo
59.31432316946656,18.07358481598325,0.1524492148389131,Max Södermalm,2.16238,0.1524492148389131,4.32476,0.3048984296778262,8.64952,0.18293905780669573,17.29904,1.9756749749690439,0.3048984296778262,1.9756749749690439,clear
59.33947115020216,18.007382422727684,1.5581312361798254,Max Kungsholmen,1.9677200000000001,1.5581312361798254,3.9354400000000003,3.116262472359651,7.8708800000000005,1.8697574834157906,15.741760000000001,10.972039911550883,,,nogo
59.34862777445535,18.057044638154007,0.7474422817942636,Max Odenplan,1.0626900000000001,0.7474422817942636,2.1253800000000003,1.4948845635885273,4.2507600000000005,0.8969307381531163,8.501520000000001,5.783630603483287,1.4948845635885273,5.783630603483287,clear
59.30821442984473,18.07680877119007,0.8570073715962641,Max Södermalm,1.65066,0.8570073715962641,3.30132,1.7140147431925281,6.60264,1.028408845915517,13.20528,6.48484717821609,1.7140147431925281,6.48484717821609,clear
59.330111392145746,18.037738101686625,0.5115310434546727,Max Kungsholmen,2.72173,0.5115310434546727,5.44346,1.0230620869093454,10.88692,0.6138372521456072,21.77384,4.273798678109905,,,nogo
59.34540295365557,18.108430256101297,2.494361234490413,Max Hamngatan,2.20398,2.494361234490413,4.40796,4.988722468980826,8.81592,2.9932334813884958,17.63184,16.963911900738644,,,nogo
59.31140100557243,18.065646316782093,0.6358555619916724,Max Södermalm,1.2731700000000001,0.6358555619916724,2.5463400000000003,1.2717111239833447,5.0926800000000005,0.7630266743900069,10.185360000000001,5.069475596746703,1.2717111239833447,5.069475596746703,clear
59.333211884041376,18.019472783400172,0.7399180602527515,Max Kungsholmen,3.03199,0.7399180602527515,6.06398,1.479836120505503,12.12796,0.8879016723033019,24.25592,5.73547558561761,,,nogo
59.31254391095026,18.10198294084554,1.6831294947384945,Max Södermalm,1.87568,1.6831294947384945,3.75136,3.366258989476989,7.50272,2.0197553936861934,15.00544,11.772028766326365,3.366258989476989,11.772028766326365,clear
59.3162517833326,18.087379670332872,0.8177032430348206,Max Södermalm,3.00219,0.8177032430348206,6.00438,1.6354064860696411,12.00876,0.9812438916417847,24.01752,6.233300755422851,1.6354064860696411,6.233300755422851,clear
59.347625304539065,18.094167549514953,2.0662937030360538,Max Hamngatan,2.34672,2.0662937030360538,4.69344,4.1325874060721075,9.38688,2.4795524436432643,18.77376,14.224279699430744,,,nogo
59.332237506651246,18.069549324430497,0.1610849475599255,Max Hamngatan,1.64556,0.1610849475599255,3.29112,0.322169895119851,6.58224,0.1933019370719106,13.16448,2.030943664383523,,,nogo
59.31803140486424,18.052858183530326,1.1805907586308855,Max Södermalm,2.00787,1.1805907586308855,4.01574,2.361181517261771,8.03148,1.4167089103570625,16.06296,8.555780855237668,2.361181517261771,8.555780855237668,clear
59.34585944909627,18.088043668098056,1.7052093798411934,Max Hamngatan,1.89121,1.7052093798411934,3.78242,3.4104187596823867,7.56484,2.046251255809432,15.12968,11.913340030983637,,,nogo
59.3428283663272,18.075681253949632,1.107896965202549,Max Hötorget,1.28233,1.107896965202549,2.56466,2.215793930405098,5.12932,1.3294763582430589,10.25864,8.090540577296313,,,nogo
59.35440194664535,18.08767795507857,2.4534468678141423,Max Odenplan,3.10481,2.4534468678141423,6.20962,4.906893735628285,12.41924,2.9441362413769707,24.83848,16.70205995401051,4.906893735628285,16.70205995401051,clear
59.31386590053811,18.068854689311593,0.3126373434176307,Max Södermalm,1.4355799999999999,0.3126373434176307,2.8711599999999997,0.6252746868352614,5.742319999999999,0.3751648121011569,11.484639999999999,3.0008789978728365,0.6252746868352614,3.0008789978728365,clear
59.328082503626995,18.02401452690175,0.7977113308240271,Max Kungsholmen,1.79748,0.7977113308240271,3.59496,1.5954226616480542,7.18992,0.9572535969888325,14.37984,6.105352517273774,,,nogo
59.34058761941826,18.09428043077106,1.5268767310104618,Max Hamngatan,2.1871799999999997,1.5268767310104618,4.374359999999999,3.0537534620209237,8.748719999999999,1.8322520772125541,17.497439999999997,10.772011078466956,,,nogo
59.35318343596658,18.089092170167678,2.453764224153585,Max Odenplan,2.0161700000000002,2.453764224153585,4.0323400000000005,4.90752844830717,8.064680000000001,2.944517068984302,16.129360000000002,16.704091034582945,4.90752844830717,16.704091034582945,clear
59.34481989626198,18.106848872561155,2.3834541448263797,Max Hamngatan,2.21106,2.3834541448263797,4.42212,4.7669082896527595,8.84424,2.8601449737916558,17.68848,16.25410652688883,,,nogo
59.34985833319107,18.102605439447828,2.5663033105885154,Max Hamngatan,0.97074,2.5663033105885154,1.94148,5.132606621177031,3.8829600000000006,3.0795639727062185,7.765920000000001,17.424341187766498,,,nogo
59.3327523730842,18.04170751409304,0.5417157033174538,Max Kungsholmen,2.3664899999999998,0.5417157033174538,4.7329799999999995,1.0834314066349076,9.465959999999999,0.6500588439809445,18.931919999999998,4.4669805012317045,,,nogo
59.33978883507449,18.07015293010874,0.6457154786568797,Max Hötorget,1.25277,0.6457154786568797,2.50554,1.2914309573137595,5.01108,0.7748585743882557,10.02216,5.13257906340403,,,nogo
59.3167184500114,18.055630085101438,0.9998719275364545,Max Södermalm,0.7259099999999999,0.9998719275364545,1.4518199999999999,1.999743855072909,2.9036399999999998,1.1998463130437453,5.8072799999999996,7.399180336233309,1.999743855072909,7.399180336233309,clear
59.342776403459986,18.079377331256303,1.1749966034230037,Max Hamngatan,2.95359,1.1749966034230037,5.90718,2.3499932068460074,11.81436,1.4099959241076045,23.62872,8.519978261907223,,,nogo
59.308846704075215,18.09022659184625,1.2378325528945378,Max Södermalm,1.43781,1.2378325528945378,2.87562,2.4756651057890755,5.75124,1.4853990634734453,11.50248,8.922128338525042,2.4756651057890755,8.922128338525042,clear
59.3170194620495,18.06863121415896,0.29418066761311634,Max Södermalm,1.66232,0.29418066761311634,3.32464,0.5883613352262327,6.64928,0.35301680113573963,13.29856,2.8827562727239444,0.5883613352262327,2.8827562727239444,clear
59.34939795643138,18.062570627773137,0.9933886268877216,Max Odenplan,1.4510399999999999,0.9933886268877216,2.9020799999999998,1.9867772537754431,5.8041599999999995,1.192066352265266,11.608319999999999,7.357687212081418,1.9867772537754431,7.357687212081418,clear
59.315876976692145,18.09426163031608,1.2072420207945531,Max Södermalm,0.6009800000000001,1.2072420207945531,1.2019600000000001,2.4144840415891062,2.4039200000000003,1.4486904249534638,4.807840000000001,8.72634893308514,2.4144840415891062,8.72634893308514,clear
59.33151093661099,18.00545311301858,1.5561713369552532,Max Kungsholmen,0.94088,1.5561713369552532,1.88176,3.1123426739105065,3.7635200000000006,1.8674056043463039,7.527040000000001,10.95949655651362,,,nogo
59.334881418694366,18.082507873721102,0.6343104084405123,Max Hamngatan,2.7605999999999997,0.6343104084405123,5.521199999999999,1.2686208168810247,11.042399999999999,0.7611724901286148,22.084799999999998,5.059586614019279,,,nogo
59.3162754319785,18.089507700418153,0.9387396566995637,Max Södermalm,1.80598,0.9387396566995637,3.61196,1.8774793133991274,7.22392,1.1264875880394765,14.44784,7.007933802877208,1.8774793133991274,7.007933802877208,clear
59.335568970331764,18.081524490122984,0.6150160618122378,Max Hamngatan,2.00503,0.6150160618122378,4.01006,1.2300321236244756,8.02012,0.7380192741746854,16.04024,4.936102795598321,,,nogo
59.333606638521275,18.00464054775068,1.5812723403695665,Max Kungsholmen,1.02722,1.5812723403695665,2.05444,3.162544680739133,4.10888,1.8975268084434798,8.21776,11.120142978365227,,,nogo
59.34839443726055,18.10498410143871,2.546785753451299,Max Hamngatan,0.88412,2.546785753451299,1.76824,5.093571506902598,3.53648,3.056142904141559,7.07296,17.299428822088313,,,nogo
59.338547836359666,18.01758270028063,0.9956345448007867,Max Kungsholmen,2.4231599999999998,0.9956345448007867,4.8463199999999995,1.9912690896015734,9.692639999999999,1.1947614537609441,19.385279999999998,7.372061086725035,,,nogo
59.339345878153374,18.09060181855581,1.2759747162432498,Max Hamngatan,1.32016,1.2759747162432498,2.64032,2.5519494324864995,5.28064,1.5311696594918998,10.56128,9.166238183956798,,,nogo
59.346373006464034,18.05178077427787,0.4210793654019479,Max Odenplan,1.6184,0.4210793654019479,3.2368,0.8421587308038958,6.4736,0.5052952384823375,12.9472,3.6949079385724666,0.8421587308038958,3.6949079385724666,clear
59.310827623581716,18.07116710854895,0.5497228670067177,Max Södermalm,1.2763,0.5497228670067177,2.5526,1.0994457340134354,5.1052,0.6596674404080612,10.2104,4.518226348842993,1.0994457340134354,4.518226348842993,clear
59.31369535782784,18.057775530422234,0.8980707716305721,Max Södermalm,0.38730000000000003,0.8980707716305721,0.7746000000000001,1.7961415432611443,1.5492000000000001,1.0776849259566865,3.0984000000000003,6.747652938435662,1.7961415432611443,6.747652938435662,clear
59.32726464122477,18.05323121136711,1.0590852472768102,Max Hötorget,1.12017,1.0590852472768102,2.24034,2.1181704945536204,4.48068,1.2709022967321721,8.96136,7.778145582571585,,,nogo
59.31330211576233,18.07968714885325,0.4598805981023187,Max Södermalm,0.73818,0.4598805981023187,1.47636,0.9197611962046374,2.95272,0.5518567177227824,5.90544,3.9432358278548394,0.9197611962046374,3.9432358278548394,clear
59.34434669434483,18.03929134430198,0.4461269530992503,Max Karolinska,2.22888,0.4461269530992503,4.45776,0.8922539061985006,8.91552,0.5353523437191003,17.83104,3.855212499835202,0.8922539061985006,3.855212499835202,clear
59.344436607417954,18.09659286458817,1.8969080485804979,Max Hamngatan,2.2431300000000003,1.8969080485804979,4.486260000000001,3.7938160971609958,8.972520000000001,2.2762896582965975,17.945040000000002,13.140211510915186,,,nogo
59.31588480705242,18.0553631946563,1.0084775240296542,Max Södermalm,1.27713,1.0084775240296542,2.55426,2.0169550480593084,5.10852,1.210173028835585,10.21704,7.454256153789787,2.0169550480593084,7.454256153789787,clear
59.32940370707012,18.026202725222653,0.6053369718218459,Max Kungsholmen,1.3963299999999998,0.6053369718218459,2.7926599999999997,1.2106739436436917,5.585319999999999,0.7264043661862151,11.170639999999999,4.874156619659813,,,nogo
59.33282802164212,17.997366941156493,1.9981414701164657,Max Kungsholmen,1.35293,1.9981414701164657,2.70586,3.9962829402329314,5.41172,2.397769764139759,10.82344,13.78810540874538,,,nogo
59.311254472759245,18.100548035922422,1.6404541231708873,Max Södermalm,0.58857,1.6404541231708873,1.17714,3.2809082463417747,2.35428,1.9685449478050647,4.70856,11.49890638829368,3.2809082463417747,11.49890638829368,clear
59.31777652081638,18.08562982973443,0.7530781559296019,Max Södermalm,0.91511,0.7530781559296019,1.83022,1.5061563118592038,3.66044,0.9036937871155224,7.32088,5.8197001979494525,1.5061563118592038,5.8197001979494525,clear
59.31302343209835,18.055709487577253,1.0313994778602773,Max Södermalm,1.22183,1.0313994778602773,2.44366,2.0627989557205546,4.88732,1.2376793734323326,9.77464,7.600956658305774,2.0627989557205546,7.600956658305774,clear
59.31614165335727,18.03290914262377,1.9687458956853499,Max Kungsholmen,1.50352,1.9687458956853499,3.00704,3.9374917913706997,6.01408,2.36249507482242,12.02816,13.599973732386239,,,nogo
59.34936133591819,18.098458481742053,2.369604013483624,Max Hamngatan,1.2263499999999998,2.369604013483624,2.4526999999999997,4.739208026967248,4.905399999999999,2.8435248161803486,9.810799999999999,16.165465686295192,,,nogo
59.34345630213424,18.050146486901546,0.11449724254327012,Max Odenplan,2.04181,0.11449724254327012,4.08362,0.22899448508654024,8.16724,0.13739669105192415,16.33448,1.7327823522769288,0.22899448508654024,1.7327823522769288,clear
59.335981455772796,18.022759697161675,0.6005299277698898,Max Kungsholmen,1.96531,0.6005299277698898,3.93062,1.2010598555397796,7.861239999999999,0.7206359133238678,15.722479999999997,4.843391537727294,,,nogo
59.33397825621921,18.037926312030798,0.31400076240885316,Max Kungsholmen,0.86553,0.31400076240885316,1.73106,0.6280015248177063,3.46212,0.3768009148906238,6.92424,3.0096048794166603,,,nogo
59.345361087207145,18.04929271274911,0.3272014011518867,Max Odenplan,2.15931,0.3272014011518867,4.31862,0.6544028023037733,8.63724,0.392641681382264,17.27448,3.0940889673720746,0.6544028023037733,3.0940889673720746,clear
59.31509754417973,18.08697673588853,0.7946854283567965,Max Södermalm,2.6238,0.7946854283567965,5.2476,1.589370856713593,10.4952,0.9536225140281557,20.9904,6.085986741483497,1.589370856713593,6.085986741483497,clear
59.341504153840255,18.049329837295918,0.1646388264608264,Max Odenplan,1.2625899999999999,0.1646388264608264,2.5251799999999998,0.3292776529216528,5.0503599999999995,0.19756659175299165,10.100719999999999,2.053688489349289,0.3292776529216528,2.053688489349289,clear
59.33223062638246,18.092152294949138,1.1468436813721636,Max Hamngatan,2.03028,1.1468436813721636,4.06056,2.2936873627443273,8.12112,1.3762124176465964,16.24224,8.339799560781847,,,nogo
59.34041432980524,18.10930421654065,2.278950533211211,Max Hamngatan,2.33482,2.278950533211211,4.66964,4.557901066422422,9.33928,2.7347406398534537,18.67856,15.585283412551753,,,nogo
59.34431586365614,18.05669210334607,0.36299612370954587,Max Odenplan,1.31396,0.36299612370954587,2.62792,0.7259922474190917,5.25584,0.4355953484514551,10.51168,3.3231751917410937,0.7259922474190917,3.3231751917410937,clear
59.33600650290816,18.014047562454586,1.0738238122544788,Max Kungsholmen,2.24046,1.0738238122544788,4.48092,2.1476476245089575,8.96184,1.2885885747053745,17.92368,7.872472398428664,,,nogo
59.333007072563305,18.054357741593922,0.5410340780422614,Max Hötorget,2.0221400000000003,0.5410340780422614,4.0442800000000005,1.082068156084523,8.088560000000001,0.6492408936507137,16.177120000000002,4.462618099470474,,,nogo
59.3349420889414,18.03815136165861,0.3496874917719993,Max Kungsholmen,1.97194,0.3496874917719993,3.94388,0.6993749835439986,7.88776,0.41962499012639914,15.77552,3.2379999473407954,,,nogo
59.33749448177487,18.072400791075932,0.5104620361784658,Max Hamngatan,1.8086300000000002,0.5104620361784658,3.6172600000000004,1.0209240723569315,7.234520000000001,0.6125544434141589,14.469040000000001,4.266957031542181,,,nogo
59.31643329525961,18.03540920047981,1.9435287949286884,Max Kungsholmen,2.13059,1.9435287949286884,4.26118,3.8870575898573767,8.52236,2.332234553914426,17.04472,13.438584287543605,,,nogo
59.34171956828055,18.06759603946732,0.7503721117049982,Max Hötorget,1.86276,0.7503721117049982,3.72552,1.5007442234099964,7.45104,0.9004465340459978,14.90208,5.802381514911988,,,nogo
59.32744024782703,18.01737164431295,1.1124783011628143,Max Kungsholmen,1.54267,1.1124783011628143,3.08534,2.2249566023256286,6.17068,1.3349739613953773,12.34136,8.119861127442011,,,nogo
59.345417868716105,18.102508809641453,2.2236474904508654,Max Hamngatan,0.7228600000000001,2.2236474904508654,1.4457200000000001,4.447294980901731,2.8914400000000002,2.6683769885410387,5.7828800000000005,15.231343938885539,,,nogo
59.310124739884216,18.069301770976622,0.6534557943186571,Max Södermalm,1.10533,0.6534557943186571,2.21066,1.3069115886373142,4.42132,0.7841469531823885,8.84264,5.1821170836394055,1.3069115886373142,5.1821170836394055,clear
59.35095955662699,18.10515269867721,2.7548223010646233,Max Hamngatan,1.1689500000000002,2.7548223010646233,2.3379000000000003,5.509644602129247,4.675800000000001,3.305786761277548,9.351600000000001,18.63086272681359,,,nogo
59.341424254451866,18.033076714949143,0.6087467427496391,Max Karolinska,2.1672399999999996,0.6087467427496391,4.334479999999999,1.2174934854992783,8.668959999999998,0.730496091299567,17.337919999999997,4.895979153597691,1.2174934854992783,4.895979153597691,clear
59.35710168810851,18.099041480612772,3.1013440992070778,Max Hamngatan,1.65744,3.1013440992070778,3.31488,6.2026881984141555,6.62976,3.7216129190484932,13.25952,20.8486022349253,,,nogo
59.320863793085614,18.060254845019763,0.9314340566793105,Max Södermalm,3.07877,0.9314340566793105,6.15754,1.862868113358621,12.31508,1.1177208680151725,24.63016,6.961177962747587,1.862868113358621,6.961177962747587,clear
59.34155072276519,18.0908886628322,1.4404848863720185,Max Hamngatan,1.62181,1.4404848863720185,3.24362,2.880969772744037,6.48724,1.7285818636464223,12.97448,10.219103272780918,,,nogo
59.330719938643654,18.078486845486168,0.4406135659628835,Max Hamngatan,1.46735,0.4406135659628835,2.9347,0.881227131925767,5.8694,0.5287362791554602,11.7388,3.8199268221624543,,,nogo
59.33135199059015,18.007670483618952,1.435114393484143,Max Kungsholmen,1.40927,1.435114393484143,2.81854,2.870228786968286,5.63708,1.7221372721809716,11.27416,10.184732118298516,,,nogo
59.33052553386142,18.0144828539073,1.0846261877567673,Max Kungsholmen,1.54622,1.0846261877567673,3.09244,2.1692523755135347,6.18488,1.3015514253081208,12.36976,7.941607601643311,,,nogo
59.348227739958446,18.055944797387205,0.6808783503025809,Max Odenplan,1.34452,0.6808783503025809,2.68904,1.3617567006051619,5.37808,0.817054020363097,10.75616,5.357621441936518,1.3617567006051619,5.357621441936518,clear
59.309802882913935,18.07234155309073,0.6544331884076829,Max Södermalm,2.09188,0.6544331884076829,4.18376,1.3088663768153659,8.36752,0.7853198260892196,16.73504,5.1883724058091705,1.3088663768153659,5.1883724058091705,clear
59.33235846552546,18.01238048622136,1.1520285576510831,Max Kungsholmen,0.65861,1.1520285576510831,1.31722,2.3040571153021663,2.63444,1.3824342691812999,5.26888,8.372982768966931,,,nogo
59.307531678520995,18.073404547028595,0.9063462340528323,Max Södermalm,1.19509,0.9063462340528323,2.39018,1.8126924681056646,4.78036,1.0876154808633989,9.56072,6.800615897938127,1.8126924681056646,6.800615897938127,clear
59.317007011345964,18.099645002894786,1.520917941648356,Max Södermalm,1.37413,1.520917941648356,2.74826,3.041835883296712,5.49652,1.8251015299780273,10.99304,10.733874826549478,3.041835883296712,10.733874826549478,clear
59.31701946866225,18.071032980824253,0.19014342166860754,Max Södermalm,3.03279,0.19014342166860754,6.06558,0.3802868433372151,12.13116,0.22817210600232904,24.26232,2.216917898679088,0.3802868433372151,2.216917898679088,clear
59.338609304366834,18.02397191565197,0.7188052405639868,Max Kungsholmen,1.7321300000000002,0.7188052405639868,3.4642600000000003,1.4376104811279735,6.928520000000001,0.8625662886767841,13.857040000000001,5.600353539609515,,,nogo
59.336206617832175,18.01091399279698,1.2527063302486003,Max Kungsholmen,1.8794000000000002,1.2527063302486003,3.7588000000000004,2.5054126604972007,7.517600000000001,1.5032475962983203,15.035200000000001,9.017320513591041,,,nogo
59.34477085953366,18.0511888234597,0.24161886243318367,Max Odenplan,2.1108000000000002,0.24161886243318367,4.2216000000000005,0.48323772486636735,8.443200000000001,0.2899426349198204,16.886400000000002,2.5463607195723754,0.48323772486636735,2.5463607195723754,clear
59.330663361219386,18.01791512533121,0.8970237210152329,Max Kungsholmen,0.64105,0.8970237210152329,1.2821,1.7940474420304657,2.5642,1.0764284652182794,5.1284,6.740951814497491,,,nogo
59.34448919379566,18.100639976989505,2.076006374027472,Max Hamngatan,2.06818,2.076006374027472,4.13636,4.152012748054944,8.27272,2.4912076488329666,16.54544,14.28644079377582,,,nogo
59.34900163946443,18.048914758173566,0.7253374832805816,Max Odenplan,0.7889700000000001,0.7253374832805816,1.5779400000000001,1.4506749665611631,3.1558800000000002,0.8704049799366979,6.3117600000000005,5.642159892995722,1.4506749665611631,5.642159892995722,clear
59.31748684999409,18.049268436076716,1.370335719679765,Max Södermalm,2.31858,1.370335719679765,4.63716,2.74067143935953,9.27432,1.644402863615718,18.54864,9.770148605950496,2.74067143935953,9.770148605950496,clear
59.33371488696034,18.097013977890274,1.4237826810227072,Max Hamngatan,2.0175799999999997,1.4237826810227072,4.035159999999999,2.8475653620454144,8.070319999999999,1.7085392172272487,16.140639999999998,10.112209158545326,,,nogo
59.339929962653486,18.106020171469943,2.0853682200148516,Max Hamngatan,1.60877,2.0853682200148516,3.21754,4.170736440029703,6.43508,2.502441864017822,12.87016,14.34635660809505,,,nogo
59.33553012012379,18.001373896216105,1.77731762055583,Max Kungsholmen,1.40948,1.77731762055583,2.81896,3.55463524111166,5.63792,2.132781144666996,11.27584,12.374832771557312,,,nogo
59.33424913253179,18.06054883695572,0.17897483043534068,Max Hötorget,1.70254,0.17897483043534068,3.40508,0.35794966087068136,6.81016,0.21476979652240882,13.62032,2.1454389147861805,,,nogo
59.34411439262687,18.042608904514513,0.5206162040062016,Max Odenplan,1.20533,0.5206162040062016,2.41066,1.0412324080124031,4.82132,0.6247394448074419,9.64264,4.33194370563969,1.0412324080124031,4.33194370563969,clear
59.34959548186027,18.100235488630883,2.4546756783131323,Max Hamngatan,1.05311,2.4546756783131323,2.10622,4.9093513566262645,4.21244,2.9456108139757586,8.42488,16.709924341204047,,,nogo
59.33106957979342,18.06399257540994,0.5012913684356347,Max Hötorget,1.82392,0.5012913684356347,3.64784,1.0025827368712694,7.29568,0.6015496421227616,14.59136,4.208264757988062,,,nogo
59.33124782751611,18.060275249401023,0.4910280035966675,Max Hötorget,1.35428,0.4910280035966675,2.70856,0.982056007193335,5.41712,0.5892336043160009,10.83424,4.1425792230186715,,,nogo
59.31842629756493,18.0600731121481,0.8012944608782372,Max Södermalm,1.6969100000000001,0.8012944608782372,3.3938200000000003,1.6025889217564744,6.787640000000001,0.9615533530538847,13.575280000000001,6.128284549620718,1.6025889217564744,6.128284549620718,clear
59.34258395037266,18.092760101509683,1.596681415621604,Max Hamngatan,2.10329,1.596681415621604,4.20658,3.193362831243208,8.41316,1.9160176987459248,16.82632,11.218761059978267,,,nogo
59.31567961422096,18.06114444738829,0.6789542969545728,Max Södermalm,2.5329200000000003,0.6789542969545728,5.065840000000001,1.3579085939091455,10.131680000000001,0.8147451563454873,20.263360000000002,5.345307500509266,1.3579085939091455,5.345307500509266,clear
59.33752173544016,18.07996198873106,0.6827368735107558,Max Hamngatan,1.3203,0.6827368735107558,2.6406,1.3654737470215117,5.2812,0.819284248212907,10.5624,5.369515990468837,,,nogo
59.35305142217283,18.10609886051876,2.9640708083452045,Max Hamngatan,0.8239500000000001,2.9640708083452045,1.6479000000000001,5.928141616690409,3.2958000000000003,3.5568849700142455,6.591600000000001,19.97005317340931,,,nogo
59.314887239539594,18.097102090214364,1.3715365100489973,Max Södermalm,1.8576300000000001,1.3715365100489973,3.7152600000000002,2.7430730200979947,7.4305200000000005,1.6458438120587968,14.861040000000001,9.777833664313583,2.7430730200979947,9.777833664313583,clear
59.32999459904708,18.015151439303402,1.070973599282894,Max Kungsholmen,0.8717,1.070973599282894,1.7434,2.141947198565788,3.4868,1.2851683191394727,6.9736,7.854231035410521,,,nogo
59.30894519903379,18.0866685532027,1.0773314075493534,Max Södermalm,0.7833300000000001,1.0773314075493534,1.5666600000000002,2.154662815098707,3.1333200000000003,1.292797689059224,6.266640000000001,7.894921008315862,2.154662815098707,7.894921008315862,clear
59.31096482467691,18.091828599166995,1.1899629833300527,Max Södermalm,0.81777,1.1899629833300527,1.63554,2.3799259666601054,3.27108,1.4279555799960633,6.54216,8.615763093312337,2.3799259666601054,8.615763093312337,clear
59.33307922910703,18.038830966827106,0.37398421013058675,Max Kungsholmen,1.69799,0.37398421013058675,3.39598,0.7479684202611735,6.79196,0.4487810521567041,13.58392,3.393498944835755,,,nogo
59.34037768434637,18.054961588602445,0.3250236904050039,Max Odenplan,1.85276,0.3250236904050039,3.70552,0.6500473808100078,7.41104,0.39002842848600466,14.82208,3.080151618592025,0.6500473808100078,3.080151618592025,clear
59.31479167719574,18.100020845511136,1.5380993966675016,Max Södermalm,1.44759,1.5380993966675016,2.89518,3.0761987933350032,5.79036,1.845719276001002,11.58072,10.84383613867201,3.0761987933350032,10.84383613867201,clear
59.31907987371057,18.035083287792048,1.6482220398534597,Max Kungsholmen,1.96184,1.6482220398534597,3.92368,3.2964440797069194,7.84736,1.9778664478241517,15.69472,11.548621055062142,,,nogo
59.34849442910656,18.058940820254033,0.78837481577508,Max Odenplan,2.96785,0.78837481577508,5.9357,1.57674963155016,11.8714,0.946049778930096,23.7428,6.045598820960512,1.57674963155016,6.045598820960512,clear
59.34160092300094,18.03678457931527,0.6227280417183374,Max Karolinska,1.33363,0.6227280417183374,2.66726,1.2454560834366748,5.33452,0.7472736500620049,10.66904,4.9854594669973595,1.2454560834366748,4.9854594669973595,clear
59.31729259758974,18.068509291406066,0.31654437254464474,Max Södermalm,0.9537899999999999,0.31654437254464474,1.9075799999999998,0.6330887450892895,3.815159999999999,0.37985324705357365,7.630319999999998,3.025883984285726,0.6330887450892895,3.025883984285726,clear
59.315547114524385,18.068035581135167,0.2868191900315719,Max Södermalm,2.4175,0.2868191900315719,4.835,0.5736383800631438,9.67,0.3441830280378863,19.34,2.83564281620206,0.5736383800631438,2.83564281620206,clear
59.344010139419964,18.10032382788731,2.0290019798004977,Max Hamngatan,2.87795,2.0290019798004977,5.7559,4.058003959600995,11.5118,2.434802375760597,23.0236,13.985612670723185,,,nogo
59.3439256550496,18.067167150072834,0.9167361742307932,Max Odenplan,3.12779,0.9167361742307932,6.25558,1.8334723484615865,12.51116,1.100083409076952,25.02232,6.867111515077077,1.8334723484615865,6.867111515077077,clear
59.3387152255947,18.0695982272413,0.5391120861157853,Max Hötorget,0.49945999999999996,0.5391120861157853,0.9989199999999999,1.0782241722315706,1.9978399999999998,0.6469345033389424,3.9956799999999997,4.450317351141026,,,nogo
59.33586514162789,18.074299437029154,0.3526502843435938,Max Hamngatan,2.3926100000000003,0.3526502843435938,4.785220000000001,0.7053005686871876,9.570440000000001,0.42318034121231257,19.140880000000003,3.2569618197990002,,,nogo
59.31876786858897,18.06052614128683,0.7933514808430657,Max Södermalm,1.1072899999999999,0.7933514808430657,2.2145799999999998,1.5867029616861315,4.4291599999999995,0.9520217770116788,8.858319999999999,6.0774494773956205,1.5867029616861315,6.0774494773956205,clear
59.340154554029255,18.072578839389703,0.7724408708747516,Max Hötorget,2.1888400000000003,0.7724408708747516,4.377680000000001,1.544881741749503,8.755360000000001,0.9269290450497019,17.510720000000003,5.94362157359841,,,nogo
59.33621002656228,18.074014877274845,0.38366335108483735,Max Hamngatan,1.2443499999999998,0.38366335108483735,2.4886999999999997,0.7673267021696747,4.977399999999999,0.4603960213018048,9.954799999999999,3.455445446942959,,,nogo
59.34901483160492,18.052075728702096,0.7158458526217645,Max Odenplan,1.8017999999999998,0.7158458526217645,3.6035999999999997,1.431691705243529,7.207199999999999,0.8590150231461173,14.414399999999999,5.581413456779293,1.431691705243529,5.581413456779293,clear
59.318828212020904,18.028855894751207,1.6815447854356094,Max Kungsholmen,0.78571,1.6815447854356094,1.57142,3.3630895708712187,3.14284,2.0178537425227314,6.28568,11.7618866267879,,,nogo
59.33371695844827,18.08492283913654,0.7381985071909766,Max Hamngatan,1.01116,0.7381985071909766,2.02232,1.4763970143819531,4.04464,0.885838208629172,8.08928,5.72447044602225,,,nogo
59.34649860467212,18.064049938162416,0.8470615170937984,Max Odenplan,1.28648,0.8470615170937984,2.57296,1.6941230341875968,5.14592,1.016473820512558,10.29184,6.42119370940031,1.6941230341875968,6.42119370940031,clear
59.3271765327128,18.073868217749688,0.647695516389887,Max Hamngatan,1.64293,0.647695516389887,3.28586,1.295391032779774,6.57172,0.7772346196678643,13.14344,5.145251304895277,,,nogo
59.349295764462994,18.080614088395727,1.8287564816492135,Max Odenplan,2.3806100000000003,1.8287564816492135,4.761220000000001,3.657512963298427,9.522440000000001,2.194507777979056,19.044880000000003,12.704041482554967,3.657512963298427,12.704041482554967,clear
59.339029285745724,18.06070238902471,0.405833475352314,Max Hötorget,0.6025499999999999,0.405833475352314,1.2050999999999998,0.811666950704628,2.4101999999999997,0.48700017042277677,4.820399999999999,3.5973342422548096,,,nogo
59.33404274069993,18.051898544712152,0.6255230366857728,Max Hötorget,2.9468,0.6255230366857728,5.8936,1.2510460733715456,11.7872,0.7506276440229274,23.5744,5.003347434788946,,,nogo
59.3422319121549,18.042903056939682,0.477672821895255,Max Odenplan,1.8553,0.477672821895255,3.7106,0.95534564379051,7.4212,0.573207386274306,14.8424,4.057106060129632,0.95534564379051,4.057106060129632,clear
59.30766817803988,18.05981049821127,1.1678197813684266,Max Södermalm,1.1899000000000002,1.1678197813684266,2.3798000000000004,2.335639562736853,4.759600000000001,1.4013837376421119,9.519200000000001,8.47404660075793,2.335639562736853,8.47404660075793,clear
59.318540104877016,18.04920156209178,1.396235397267507,Max Södermalm,2.3029,1.396235397267507,4.6058,2.792470794535014,9.2116,1.6754824767210084,18.4232,9.935906542512045,2.792470794535014,9.935906542512045,clear
59.33942053410262,18.018617570084384,1.0036407841774977,Max Kungsholmen,1.36595,1.0036407841774977,2.7319,2.0072815683549954,5.4638,1.2043689410129972,10.9276,7.423301018735986,,,nogo
59.32914836172563,18.019568394592767,0.8972459677203448,Max Kungsholmen,1.69608,0.8972459677203448,3.39216,1.7944919354406896,6.78432,1.0766951612644138,13.56864,6.742374193410207,,,nogo
59.310453240771025,18.094753453855535,1.364810532435734,Max Södermalm,1.45825,1.364810532435734,2.9165,2.729621064871468,5.833,1.6377726389228808,11.666,9.734787407588698,2.729621064871468,9.734787407588698,clear
59.304369505889305,18.08019748222538,1.3223292846014778,Max Södermalm,1.65297,1.3223292846014778,3.30594,2.6446585692029556,6.61188,1.5867951415217734,13.22376,9.462907421449458,2.6446585692029556,9.462907421449458,clear
59.351673171778565,18.086437262561162,2.2417572354173045,Max Odenplan,1.61609,2.2417572354173045,3.23218,4.483514470834609,6.46436,2.6901086825007656,12.92872,15.34724630667075,4.483514470834609,15.34724630667075,clear
59.3547294873215,18.098146864880952,2.847896322343823,Max Hamngatan,1.84683,2.847896322343823,3.69366,5.695792644687646,7.38732,3.417475586812588,14.77464,19.226536463000468,,,nogo
59.31765193826362,18.03274325193904,1.8003961448800054,Max Kungsholmen,1.24313,1.8003961448800054,2.48626,3.600792289760011,4.97252,2.1604753738560065,9.94504,12.522535327232035,,,nogo
59.33059712121081,18.028296946225648,0.428206707883636,Max Kungsholmen,2.28315,0.428206707883636,4.5663,0.856413415767272,9.1326,0.5138480494603632,18.2652,3.7405229304552705,,,nogo
59.345906185016254,18.045709209716748,0.4852224632972197,Max Odenplan,1.479,0.4852224632972197,2.958,0.9704449265944394,5.916,0.5822669559566637,11.832,4.105423765102206,0.9704449265944394,4.105423765102206,clear
59.34639973287208,18.08979811925362,1.8101533589734806,Max Hamngatan,0.61505,1.8101533589734806,1.2301,3.6203067179469612,2.4602,2.1721840307681766,4.9204,12.584981497430276,,,nogo
59.33369274977341,18.022051494438013,0.5902566369478955,Max Kungsholmen,3.0443000000000002,0.5902566369478955,6.0886000000000005,1.180513273895791,12.177200000000001,0.7083079643374747,24.354400000000002,4.777642476466531,,,nogo
59.33663632039364,18.031662568722073,0.31750673491127773,Max Kungsholmen,1.4011,0.31750673491127773,2.8022,0.6350134698225555,5.6044,0.3810080818935333,11.2088,3.0320431034321773,,,nogo
59.33909995501981,18.083446240598043,0.9462577900163489,Max Hamngatan,1.0908900000000001,0.9462577900163489,2.1817800000000003,1.8925155800326978,4.3635600000000005,1.1355093480196186,8.727120000000001,7.056049856104632,,,nogo
59.33772349917963,18.080121592720282,0.705666048469817,Max Hamngatan,1.03492,0.705666048469817,2.06984,1.411332096939634,4.13968,0.8467992581637804,8.27936,5.516262710206829,,,nogo
59.30971775965368,18.091937170254514,1.262581377459547,Max Södermalm,1.6389200000000002,1.262581377459547,3.2778400000000003,2.525162754919094,6.555680000000001,1.5150976529514564,13.111360000000001,9.0805208157411,2.525162754919094,9.0805208157411,clear
59.31087662689055,18.082002482511044,0.7373124483063318,Max Södermalm,1.32448,0.7373124483063318,2.64896,1.4746248966126636,5.29792,0.8847749379675981,10.59584,5.718799669160523,1.4746248966126636,5.718799669160523,clear
59.335765307535944,18.067019398150702,0.2583143709781593,Max Hötorget,2.05655,0.2583143709781593,4.1131,0.5166287419563186,8.2262,0.30997724517379116,16.4524,2.6532119742602194,,,nogo
59.325145057272024,18.07212369764481,0.8656784700903403,Max Hamngatan,1.8223900000000002,0.8656784700903403,3.6447800000000004,1.7313569401806805,7.289560000000001,1.0388141641084083,14.579120000000001,6.540342208578178,,,nogo
59.340255548777385,18.100260593909177,1.8018397576491505,Max Hamngatan,0.12419,1.8018397576491505,0.24838,3.603679515298301,0.49676,2.162207709178981,0.99352,12.531774448954565,,,nogo
59.311192504510394,18.05942000411341,0.9232438387343598,Max Södermalm,1.0455,0.9232438387343598,2.091,1.8464876774687196,4.182,1.1078926064812316,8.364,6.908760567899902,1.8464876774687196,6.908760567899902,clear
59.31595331607031,18.09806705692699,1.4240835533419949,Max Södermalm,1.77071,1.4240835533419949,3.54142,2.8481671066839898,7.08284,1.7089002640103939,14.16568,10.114134741388767,2.8481671066839898,10.114134741388767,clear
59.33586044016014,18.06971509449741,0.3539036026475345,Max Hamngatan,0.52346,0.3539036026475345,1.04692,0.707807205295069,2.09384,0.4246843231770414,4.18768,3.264983056944221,,,nogo
59.34221129580027,18.068664658948588,0.8251124253041449,Max Hötorget,1.97949,0.8251124253041449,3.95898,1.6502248506082897,7.91796,0.9901349103649739,15.83592,6.280719521946527,,,nogo
59.330605815942654,18.07406661759964,0.28180733661200374,Max Hamngatan,1.07585,0.28180733661200374,2.1517,0.5636146732240075,4.3034,0.3381688039344045,8.6068,2.803566954316824,,,nogo
59.31974771398467,18.074372597602558,0.46077149365831066,Max Södermalm,0.27479000000000003,0.46077149365831066,0.5495800000000001,0.9215429873166213,1.0991600000000001,0.5529257923899729,2.1983200000000003,3.9489375594131886,0.9215429873166213,3.9489375594131886,clear
59.333628365528114,18.0612804309472,0.2204725017543105,Max Hötorget,1.50982,0.2204725017543105,3.01964,0.440945003508621,6.03928,0.2645670021051726,12.07856,2.411024011227587,,,nogo
59.34672685566625,18.080682300332533,1.6151095446168067,Max Hamngatan,1.63043,1.6151095446168067,3.26086,3.2302190892336133,6.52172,1.938131453540168,13.04344,11.336701085547563,,,nogo
59.31048899179059,18.06202928803111,0.8530703133845327,Max Södermalm,1.70333,0.8530703133845327,3.40666,1.7061406267690653,6.81332,1.0236843760614391,13.62664,6.459650005661009,1.7061406267690653,6.459650005661009,clear
59.34812665824653,18.106224251466255,2.579473132387103,Max Hamngatan,1.25552,2.579473132387103,2.51104,5.158946264774206,5.02208,3.0953677588645236,10.04416,17.508628047277462,,,nogo
59.31419625284462,18.080069594623126,0.4311036133768208,Max Södermalm,1.44503,0.4311036133768208,2.89006,0.8622072267536416,5.78012,0.517324336052185,11.56024,3.759063125611653,0.8622072267536416,3.759063125611653,clear
59.334700442196834,18.096782005688745,1.421742124509186,Max Hamngatan,1.22926,1.421742124509186,2.45852,2.843484249018372,4.91704,1.706090549411023,9.83408,10.09914959685879,,,nogo
59.31669703336066,18.062475365558964,0.6139935169821733,Max Södermalm,1.96665,0.6139935169821733,3.9333,1.2279870339643466,7.8666,0.7367922203786079,15.7332,4.9295585086859095,1.2279870339643466,4.9295585086859095,clear
59.30590265624028,18.06600133149737,1.1596761788068328,Max Södermalm,0.94376,1.1596761788068328,1.88752,2.3193523576136656,3.77504,1.3916114145681995,7.55008,8.42192754436373,2.3193523576136656,8.42192754436373,clear
59.31952877232187,18.07741545624226,0.49650681550715536,Max Södermalm,2.04468,0.49650681550715536,4.08936,0.9930136310143107,8.17872,0.5958081786085864,16.35744,4.177643619245794,0.9930136310143107,4.177643619245794,clear
59.31199884951471,18.05844254490839,0.9276509309758033,Max Södermalm,2.2207,0.9276509309758033,4.4414,1.8553018619516066,8.8828,1.113181117170964,17.7656,6.936965958245141,1.8553018619516066,6.936965958245141,clear
59.31793236291383,18.045108629583044,1.612011314016096,Max Södermalm,2.67542,1.612011314016096,5.35084,3.224022628032192,10.70168,1.9344135768193154,21.40336,11.316872409703015,3.224022628032192,11.316872409703015,clear
59.34331495167344,18.097602837739903,1.8593221214798483,Max Hamngatan,1.93943,1.8593221214798483,3.87886,3.7186442429596966,7.757720000000001,2.231186545775818,15.515440000000002,12.89966157747103,,,nogo
59.335526402238656,18.040594616359495,0.5029682290943772,Max Kungsholmen,1.2326400000000002,0.5029682290943772,2.4652800000000004,1.0059364581887544,4.930560000000001,0.6035618749132526,9.861120000000001,4.218996666204014,,,nogo
59.34401184561958,18.10713618131337,2.348474543189378,Max Hamngatan,0.15447,2.348474543189378,0.30894,4.696949086378756,0.61788,2.8181694518272535,1.23576,16.030237076412018,,,nogo
59.341168962118346,18.032174717844963,0.6399554629048128,Max Karolinska,1.93053,0.6399554629048128,3.86106,1.2799109258096255,7.72212,0.7679465554857754,15.44424,5.095714962590802,1.2799109258096255,5.095714962590802,clear
59.34072957307969,18.0915638383321,1.4111283631320004,Max Hamngatan,0.6209,1.4111283631320004,1.2418,2.822256726264001,2.4836,1.6933540357584005,4.9672,10.031221524044803,,,nogo
59.33553611384261,18.002612120624182,1.7073434036038428,Max Kungsholmen,1.57408,1.7073434036038428,3.14816,3.4146868072076857,6.29632,2.048812084324611,12.59264,11.926997783064593,,,nogo
59.33786010481314,18.05775009916808,0.3770831693507465,Max Hötorget,1.7504300000000002,0.3770831693507465,3.5008600000000003,0.754166338701493,7.001720000000001,0.4524998032208958,14.003440000000001,3.4133322838447775,,,nogo
59.357973233375425,18.093707138649872,2.960045119788577,Max Odenplan,2.11059,2.960045119788577,4.22118,5.920090239577154,8.44236,3.5520541437462922,16.88472,19.944288766646892,5.920090239577154,19.944288766646892,clear
59.31581720015583,18.103400469461235,1.7275368515626373,Max Södermalm,1.917,1.7275368515626373,3.834,3.4550737031252745,7.668,2.073044221875165,15.336,12.056235850000878,3.4550737031252745,12.056235850000878,clear
59.32884551012986,18.034755917562443,0.5690930435043917,Max Kungsholmen,2.70915,0.5690930435043917,5.4183,1.1381860870087834,10.8366,0.6829116522052701,21.6732,4.642195478428107,,,nogo
59.35966312606183,18.098594025342123,3.2956785933753343,Max Odenplan,1.41637,3.2956785933753343,2.83274,6.591357186750669,5.66548,3.954814312050401,11.33096,22.092342997602138,6.591357186750669,22.092342997602138,clear
59.31911704005866,18.08342605664951,0.7041475052026377,Max Södermalm,0.58338,0.7041475052026377,1.16676,1.4082950104052754,2.33352,0.8449770062431653,4.66704,5.506544033296882,1.4082950104052754,5.506544033296882,clear
59.33321022323099,18.038293258346695,0.3410131738360339,Max Kungsholmen,2.70007,0.3410131738360339,5.40014,0.6820263476720678,10.80028,0.4092158086032407,21.60056,3.182484312550617,,,nogo
59.33091776136006,18.04962423575533,0.8939025394169188,Max Hötorget,1.74398,0.8939025394169188,3.48796,1.7878050788338375,6.97592,1.0726830473003026,13.95184,6.72097625226828,,,nogo
59.34729130884924,18.036029261160383,0.16538044303615476,Max Karolinska,1.43808,0.16538044303615476,2.87616,0.3307608860723095,5.75232,0.19845653164338573,11.50464,2.0584348354313904,0.3307608860723095,2.0584348354313904,clear
59.34292348580835,18.099550836160198,1.9216434226086756,Max Hamngatan,1.89252,1.9216434226086756,3.78504,3.843286845217351,7.57008,2.3059721071304105,15.14016,13.298517904695522,,,nogo
59.35118226448083,18.063083783754006,1.168623624845555,Max Odenplan,0.83492,1.168623624845555,1.66984,2.33724724969111,3.33968,1.402348349814666,6.67936,8.479191199011552,2.33724724969111,8.479191199011552,clear
59.30894651181326,18.06396753949097,0.9104181921111083,Max Södermalm,2.0243599999999997,0.9104181921111083,4.048719999999999,1.8208363842222166,8.097439999999999,1.0925018305333298,16.194879999999998,6.826676429511092,1.8208363842222166,6.826676429511092,clear
59.34027309874545,18.068219772259635,0.6226810886623666,Max Hötorget,2.2849899999999996,0.6226810886623666,4.569979999999999,1.2453621773247332,9.139959999999999,0.74721730639484,18.279919999999997,4.985158967439146,,,nogo
59.34415786533772,18.056398977774776,0.3396103936000651,Max Odenplan,1.1517,0.3396103936000651,2.3034,0.6792207872001302,4.6068,0.40753247232007817,9.2136,3.1735065190404166,0.6792207872001302,3.1735065190404166,clear
59.30539941825083,18.08360369585345,1.291581331330548,Max Södermalm,1.55782,1.291581331330548,3.11564,2.583162662661096,6.23128,1.5498975975966576,12.46256,9.266120520515507,2.583162662661096,9.266120520515507,clear
59.331988786414115,18.019425538698073,0.7669863136760648,Max Kungsholmen,2.16367,0.7669863136760648,4.32734,1.5339726273521297,8.65468,0.9203835764112779,17.30936,5.908712407526815,,,nogo
59.34454889666694,18.06511319105376,0.8172192218646835,Max Odenplan,1.69111,0.8172192218646835,3.38222,1.634438443729367,6.76444,0.9806630662376202,13.52888,6.230203019933975,1.634438443729367,6.230203019933975,clear
59.31138227932638,18.06729558890653,0.5794235836898991,Max Södermalm,2.08567,0.5794235836898991,4.17134,1.1588471673797982,8.34268,0.695308300427879,16.68536,4.708310935615354,1.1588471673797982,4.708310935615354,clear
59.348087318422856,18.086763830348495,1.886196976423759,Max Hamngatan,1.05105,1.886196976423759,2.1021,3.772393952847518,4.2042,2.2634363717085106,8.4084,13.071660649112058,,,nogo
59.339109340393414,18.064561483368188,0.41814459317795977,Max Hötorget,1.36385,0.41814459317795977,2.7277,0.8362891863559195,5.4554,0.5017735118135517,10.9108,3.6761253963389424,,,nogo
59.32903750324451,18.018610871783437,0.9490770559061042,Max Kungsholmen,0.6418200000000001,0.9490770559061042,1.2836400000000001,1.8981541118122085,2.5672800000000002,1.138892467087325,5.1345600000000005,7.0740931577990676,,,nogo
59.3358111140868,18.063669328878714,0.07429231687973036,Max Hötorget,2.08979,0.07429231687973036,4.17958,0.1485846337594607,8.35916,0.08915078025567642,16.71832,1.4754708280302742,,,nogo
59.35060658854161,18.07091300334764,1.4299213291265704,Max Odenplan,1.65769,1.4299213291265704,3.31538,2.859842658253141,6.63076,1.7159055949518844,13.26152,10.151496506410052,2.859842658253141,10.151496506410052,clear
59.34874306873314,18.061821449444754,0.910314321154635,Max Odenplan,1.5925,0.910314321154635,3.185,1.82062864230927,6.37,1.092377185385562,12.74,6.826011655389664,1.82062864230927,6.826011655389664,clear
59.33272848109282,18.07818015841795,0.34962636170617445,Max Hamngatan,1.7156,0.34962636170617445,3.4312,0.6992527234123489,6.8624,0.41955163404740936,13.7248,3.2376087149195163,,,nogo
59.34580978929786,18.1058383053336,2.400186493036574,Max Hamngatan,0.8563099999999999,2.400186493036574,1.7126199999999998,4.800372986073148,3.4252399999999996,2.880223791643889,6.850479999999999,16.361193555434074,,,nogo
59.333216191273635,18.018255299072358,0.8089161982358137,Max Kungsholmen,1.22023,0.8089161982358137,2.44046,1.6178323964716275,4.88092,0.9706994378829764,9.76184,6.1770636687092075,,,nogo
59.31243990319577,18.04503415070603,1.636429229888814,Max Södermalm,1.66974,1.636429229888814,3.33948,3.272858459777628,6.67896,1.9637150758665767,13.35792,11.473147071288409,3.272858459777628,11.473147071288409,clear
59.3353747348444,18.056544664894464,0.33979792392508734,Max Hötorget,2.28403,0.33979792392508734,4.56806,0.6795958478501747,9.13612,0.4077575087101048,18.27224,3.174706713120559,,,nogo
59.3187303622322,18.07123432877203,0.35698773287950364,Max Södermalm,2.97835,0.35698773287950364,5.9567,0.7139754657590073,11.9134,0.42838527945540433,23.8268,3.284721490428823,0.7139754657590073,3.284721490428823,clear
59.33244672041206,18.000680644139393,1.8129233405173095,Max Kungsholmen,2.3450900000000003,1.8129233405173095,4.690180000000001,3.625846681034619,9.380360000000001,2.1755080086207714,18.760720000000003,12.602709379310781,,,nogo
59.33391486102686,18.08175300255331,0.5634594545782096,Max Hamngatan,2.29463,0.5634594545782096,4.58926,1.1269189091564191,9.17852,0.6761513454938515,18.35704,4.606140509300541,,,nogo
59.32835092171759,18.042188773485268,0.8242852752558171,Max Kungsholmen,2.71688,0.8242852752558171,5.43376,1.6485705505116341,10.86752,0.9891423303069804,21.73504,6.275425761637229,,,nogo
59.33551535749077,18.040151391690223,0.47923691565208526,Max Kungsholmen,1.9730999999999999,0.47923691565208526,3.9461999999999997,0.9584738313041705,7.892399999999999,0.5750842987825023,15.784799999999999,4.0671162601733455,,,nogo
59.35097086709228,18.096972035075584,2.461091428563829,Max Hamngatan,1.0478299999999998,2.461091428563829,2.0956599999999996,4.922182857127658,4.191319999999999,2.9533097142765947,8.382639999999999,16.750985142808506,,,nogo
59.34777334398588,18.059407753680404,0.7392200452504286,Max Odenplan,1.2126400000000002,0.7392200452504286,2.4252800000000003,1.4784400905008572,4.850560000000001,0.8870640543005144,9.701120000000001,5.731008289602743,1.4784400905008572,5.731008289602743,clear
59.33094839712523,18.0507013825325,0.842266205769042,Max Hötorget,1.03513,0.842266205769042,2.07026,1.684532411538084,4.14052,1.0107194469228502,8.28104,6.390503716921868,,,nogo
59.35716108906639,18.095368552999705,2.9875945442786613,Max Odenplan,2.25787,2.9875945442786613,4.51574,5.975189088557323,9.03148,3.585113453134394,18.06296,20.12060508338343,5.975189088557323,20.12060508338343,clear
59.34731701335309,18.0981661098359,2.18696793533976,Max Hamngatan,0.99794,2.18696793533976,1.99588,4.37393587067952,3.9917600000000006,2.6243615224077117,7.983520000000001,14.996594786174462,,,nogo
59.342424388844265,18.040967915259152,0.5863373115205119,Max Odenplan,2.70449,0.5863373115205119,5.40898,1.1726746230410239,10.81796,0.7036047738246144,21.63592,4.752558793731277,1.1726746230410239,4.752558793731277,clear
59.34852636135715,18.08352433550752,1.8576037495792175,Max Hamngatan,0.5175299999999999,1.8576037495792175,1.0350599999999999,3.715207499158435,2.0701199999999997,2.229124499495061,4.1402399999999995,12.888663997306992,,,nogo
59.34233368084107,18.070277202877048,0.8798180471866038,Max Hötorget,1.7096099999999999,0.8798180471866038,3.4192199999999997,1.7596360943732077,6.838439999999999,1.0557816566239246,13.676879999999999,6.630835501994264,,,nogo
59.34382755582116,18.113021569739757,2.6296103421263184,Max Hamngatan,1.80616,2.6296103421263184,3.61232,5.259220684252637,7.22464,3.155532410551582,14.44928,17.829506189608438,,,nogo
59.312989602781876,18.059382236583225,0.8344145447199304,Max Södermalm,1.58457,0.8344145447199304,3.16914,1.6688290894398607,6.33828,1.0012974536639165,12.67656,6.340253086207555,1.6688290894398607,6.340253086207555,clear
59.3307475076177,18.020711502068124,0.7487857132513593,Max Kungsholmen,1.6202,0.7487857132513593,3.2404,1.4975714265027187,6.4808,0.8985428559016312,12.9616,5.7922285648087,,,nogo
59.33549158326089,18.009842353051766,1.2985354975153152,Max Kungsholmen,1.41532,1.2985354975153152,2.83064,2.5970709950306303,5.66128,1.5582425970183782,11.32256,9.310627184098017,,,nogo
59.31736195845123,18.02594142791946,1.8693438605691142,Max Kungsholmen,0.42344,1.8693438605691142,0.84688,3.7386877211382283,1.69376,2.243212632682937,3.38752,12.963800707642331,,,nogo
59.33500720499058,18.095378021154694,1.3481397090220801,Max Hamngatan,0.6788500000000001,1.3481397090220801,1.3577000000000001,2.6962794180441603,2.7154000000000003,1.6177676508264962,5.4308000000000005,9.628094137741313,,,nogo
59.33531296834787,18.03641720087236,0.2823505622567656,Max Kungsholmen,1.74425,0.2823505622567656,3.4885,0.5647011245135312,6.977,0.3388206747081187,13.954,2.8070435984432995,,,nogo
59.311623538945334,18.0735588827597,0.45117834279126334,Max Södermalm,2.53694,0.45117834279126334,5.07388,0.9023566855825267,10.14776,0.5414140113495161,20.29552,3.8875413938640855,0.9023566855825267,3.8875413938640855,clear
59.33147981324029,18.042869644287855,0.6491294035889454,Max Kungsholmen,2.96428,0.6491294035889454,5.92856,1.2982588071778909,11.85712,0.7789552843067346,23.71424,5.154428182969251,,,nogo
59.306857414848636,18.076391035715623,0.9993554999752043,Max Södermalm,1.99224,0.9993554999752043,3.98448,1.9987109999504087,7.968959999999999,1.1992265999702452,15.937919999999998,7.395875199841308,1.9987109999504087,7.395875199841308,clear
59.34139265290747,18.091757084166346,1.4662417266725494,Max Hamngatan,1.5445,1.4662417266725494,3.089,2.9324834533450987,6.178,1.7594900720070592,12.356,10.383947050704316,,,nogo
59.33738957745705,18.083151633448598,0.8048141095429576,Max Hamngatan,2.44286,0.8048141095429576,4.88572,1.6096282190859152,9.77144,0.9657769314515491,19.54288,6.150810301074928,,,nogo
59.31401365331935,18.060348326437072,0.7473254508342554,Max Södermalm,0.27794,0.7473254508342554,0.55588,1.4946509016685108,1.11176,0.8967905410011066,2.22352,5.782882885339235,1.4946509016685108,5.782882885339235,clear
59.33923898962092,18.072924409960113,0.7061694992324579,Max Hamngatan,1.69503,0.7061694992324579,3.39006,1.4123389984649157,6.78012,0.8474033990789495,13.56024,5.51948479508773,,,nogo
59.34257519950698,18.058332848622687,0.40213301064912305,Max Odenplan,0.58823,0.40213301064912305,1.17646,0.8042660212982461,2.35292,0.4825596127789477,4.70584,3.5736512681543875,0.8042660212982461,3.5736512681543875,clear
59.33269423751568,18.034940929557564,0.19006071401808466,Max Kungsholmen,1.70795,0.19006071401808466,3.4159,0.38012142803616933,6.8318,0.2280728568217016,13.6636,2.216388569715742,,,nogo
59.3506678455058,18.0579207155291,0.9750264525414042,Max Odenplan,2.49512,0.9750264525414042,4.99024,1.9500529050828084,9.98048,1.170031743049685,19.96096,7.240169296264987,1.9500529050828084,7.240169296264987,clear
59.34955495932013,18.109466263638573,2.8230651202671426,Max Hamngatan,1.7258399999999998,2.8230651202671426,3.4516799999999996,5.646130240534285,6.903359999999999,3.3876781443205712,13.806719999999999,19.067616769709712,,,nogo
59.3432622265355,18.055238732934694,0.2377075827468774,Max Odenplan,2.14308,0.2377075827468774,4.28616,0.4754151654937548,8.57232,0.28524909929625286,17.14464,2.5213285295800154,0.4754151654937548,2.5213285295800154,clear
59.32872204527342,18.013483398923192,1.2179390501545788,Max Kungsholmen,2.2161,1.2179390501545788,4.4322,2.4358781003091576,8.8644,1.4615268601854945,17.7288,8.794809920989305,,,nogo
59.349746330392286,18.05796930259214,0.8825202469043847,Max Odenplan,1.09554,0.8825202469043847,2.19108,1.7650404938087694,4.38216,1.0590242962852616,8.76432,6.648129580188062,1.7650404938087694,6.648129580188062,clear
59.337587311577586,18.043987690686325,0.6954688053643824,Max Odenplan,1.77006,0.6954688053643824,3.54012,1.3909376107287648,7.08024,0.8345625664372588,14.16048,5.451000354332047,1.3909376107287648,5.451000354332047,clear
59.32958465230496,18.048144903171018,1.0114832465233174,Max Kungsholmen,1.88334,1.0114832465233174,3.76668,2.022966493046635,7.53336,1.2137798958279808,15.06672,7.4734927777492315,,,nogo
59.30891485146074,18.055592070179163,1.2474416634582677,Max Södermalm,1.86722,1.2474416634582677,3.73444,2.4948833269165354,7.46888,1.4969299961499212,14.93776,8.983626646132914,2.4948833269165354,8.983626646132914,clear
59.3289185634278,18.046355772798165,0.9625820294586398,Max Kungsholmen,2.09701,0.9625820294586398,4.19402,1.9251640589172796,8.38804,1.1550984353503677,16.77608,7.160524988535295,,,nogo
59.30894038568336,18.09036120085725,1.2375476601797861,Max Södermalm,1.9418900000000001,1.2375476601797861,3.8837800000000002,2.4750953203595722,7.7675600000000005,1.4850571922157434,15.535120000000001,8.92030502515063,2.4750953203595722,8.92030502515063,clear
59.331430321195825,18.054894401184445,0.6276417621442469,Max Hötorget,2.14577,0.6276417621442469,4.29154,1.2552835242884939,8.58308,0.7531701145730963,17.16616,5.01690727772318,,,nogo
59.30523246574161,18.079576838370407,1.219989832739946,Max Södermalm,0.7453,1.219989832739946,1.4906,2.439979665479892,2.9812,1.4639877992879353,5.9624,8.807934929535655,2.439979665479892,8.807934929535655,clear
59.33773146806756,18.055372363418332,0.47592253622022535,Max Hötorget,1.13604,0.47592253622022535,2.27208,0.9518450724404507,4.54416,0.5711070434642704,9.08832,4.045904231809442,,,nogo
59.33925408793673,18.08566553694334,1.0484174295394595,Max Hamngatan,1.43876,1.0484174295394595,2.87752,2.096834859078919,5.75504,1.2581009154473515,11.51008,7.709871549052541,,,nogo
59.315788572199764,18.08413974756454,0.6307391124256083,Max Södermalm,2.47748,0.6307391124256083,4.95496,1.2614782248512166,9.90992,0.75688693491073,19.81984,5.036730319523893,1.2614782248512166,5.036730319523893,clear
59.35096001927563,18.097408981053853,2.474521624321278,Max Hamngatan,2.07933,2.474521624321278,4.15866,4.949043248642556,8.31732,2.9694259491855335,16.63464,16.83693839565618,,,nogo
59.33986464321546,18.086307775783588,1.1215333691651808,Max Hamngatan,1.96434,1.1215333691651808,3.92868,2.2430667383303615,7.857359999999999,1.345840042998217,15.714719999999998,8.177813562657157,,,nogo
59.31582855476172,18.052184771055593,1.1893269422201938,Max Södermalm,1.70382,1.1893269422201938,3.40764,2.3786538844403875,6.81528,1.4271923306642327,13.63056,8.61169243020924,2.3786538844403875,8.61169243020924,clear
59.329765366669626,18.04066871494459,0.650980637420514,Max Kungsholmen,2.00592,0.650980637420514,4.01184,1.301961274841028,8.02368,0.7811767649046168,16.04736,5.16627607949129,,,nogo
59.341041022648994,18.054301937276158,0.2451427176718477,Max Odenplan,2.20563,0.2451427176718477,4.41126,0.4902854353436954,8.82252,0.2941712612062172,17.64504,2.5689133930998254,0.4902854353436954,2.5689133930998254,clear
59.312889938544,18.100112730295333,1.571023617028887,Max Södermalm,0.25997000000000003,1.571023617028887,0.5199400000000001,3.142047234057774,1.0398800000000001,1.8852283404346641,2.0797600000000003,11.054551148984876,3.142047234057774,11.054551148984876,clear
59.30875164257071,18.076458902428726,0.7940981642657614,Max Södermalm,0.17939,0.7940981642657614,0.35878,1.5881963285315228,0.71756,0.9529177971189138,1.43512,6.082228251300873,1.5881963285315228,6.082228251300873,clear
59.33440276100734,18.099766014245407,1.5862964656452279,Max Hamngatan,1.30445,1.5862964656452279,2.6089,3.1725929312904557,5.2178,1.9035557587742733,10.4356,11.152297380129458,,,nogo
59.33334212096343,18.054048180362802,0.5385113952909465,Max Hötorget,1.46343,0.5385113952909465,2.92686,1.077022790581893,5.85372,0.6462136743491358,11.70744,4.4464729298620576,,,nogo
59.340825309459504,18.04652662423755,0.3345525642707654,Max Odenplan,1.9678699999999998,0.3345525642707654,3.9357399999999996,0.6691051285415308,7.87148,0.4014630771249185,15.74296,3.141136411332899,0.6691051285415308,3.141136411332899,clear
59.3340871185688,18.007498075140166,1.4187805225319639,Max Kungsholmen,1.55219,1.4187805225319639,3.10438,2.8375610450639277,6.20876,1.7025366270383566,12.41752,10.080195344204569,,,nogo
59.350651221537106,18.04662362541206,0.8696167191047981,Max Karolinska,1.90117,0.8696167191047981,3.80234,1.7392334382095962,7.60468,1.0435400629257576,15.20936,6.565547002270708,1.7392334382095962,6.565547002270708,clear
59.33265063429735,18.01905256223647,0.771742825371832,Max Kungsholmen,1.2138900000000001,0.771742825371832,2.4277800000000003,1.543485650743664,4.8555600000000005,0.9260913904461984,9.711120000000001,5.939154082379725,,,nogo
59.334494136972516,18.08800549492393,0.9250971990158896,Max Hamngatan,1.65592,0.9250971990158896,3.31184,1.8501943980317792,6.62368,1.1101166388190675,13.24736,6.9206220737016935,,,nogo
59.33176627785992,18.025264398587527,0.4667026099776315,Max Kungsholmen,1.67578,0.4667026099776315,3.35156,0.933405219955263,6.70312,0.5600431319731578,13.40624,3.986896703856842,,,nogo
59.338391026620165,18.09059581240277,1.219157415203741,Max Hamngatan,1.01494,1.219157415203741,2.02988,2.438314830407482,4.05976,1.4629888982444892,8.11952,8.802607457303942,,,nogo
59.30460379548128,18.081663321129128,1.326022818273325,Max Södermalm,1.64066,1.326022818273325,3.28132,2.65204563654665,6.56264,1.5912273819279898,13.12528,9.48654603694928,2.65204563654665,9.48654603694928,clear
59.34455755546744,18.10264266947285,2.171031610116151,Max Hamngatan,1.23525,2.171031610116151,2.4705,4.342063220232302,4.941,2.605237932139381,9.882,14.894602304743366,,,nogo
59.34655320532575,18.03879512782148,0.318726133917574,Max Karolinska,1.06545,0.318726133917574,2.1309,0.637452267835148,4.2618,0.3824713607010888,8.5236,3.0398472570724735,0.637452267835148,3.0398472570724735,clear
59.31834301841992,18.088457580412413,0.9258064099221414,Max Södermalm,1.5046300000000001,0.9258064099221414,3.0092600000000003,1.8516128198442827,6.0185200000000005,1.1109676919065696,12.037040000000001,6.925161023501705,1.8516128198442827,6.925161023501705,clear
59.34514530264253,18.033805127498074,0.19687564028308804,Max Karolinska,0.83428,0.19687564028308804,1.66856,0.3937512805661761,3.33712,0.23625076833970565,6.67424,2.2600040978117635,0.3937512805661761,2.2600040978117635,clear
59.30957844847683,18.095477354872745,1.445325763199783,Max Södermalm,1.60328,1.445325763199783,3.20656,2.890651526399566,6.41312,1.7343909158397395,12.82624,10.25008488447861,2.890651526399566,10.25008488447861,clear
59.33701325696732,18.07607565877675,0.5107724368020966,Max Hamngatan,2.0914699999999997,0.5107724368020966,4.182939999999999,1.0215448736041932,8.365879999999999,0.6129269241625159,16.731759999999998,4.268943595533418,,,nogo
59.31855191516908,18.05184429086638,1.2505674788296037,Max Södermalm,2.1524699999999997,1.2505674788296037,4.304939999999999,2.5011349576592075,8.609879999999999,1.5006809745955245,17.219759999999997,9.003631864509464,2.5011349576592075,9.003631864509464,clear
59.331870891142145,18.02974924570636,0.2643482275767863,Max Kungsholmen,1.81473,0.2643482275767863,3.62946,0.5286964551535726,7.25892,0.31721787309214355,14.51784,2.691828656491432,,,nogo
59.333368639599705,18.074191139342414,0.13197026775232107,Max Hamngatan,1.29472,0.13197026775232107,2.58944,0.26394053550464214,5.17888,0.1583643213027853,10.35776,1.844609713614855,,,nogo
59.348495055223744,18.107264492258057,2.6510687498411123,Max Hamngatan,1.22509,2.6510687498411123,2.45018,5.302137499682225,4.90036,3.1812824998093348,9.80072,17.96683999898312,,,nogo
59.33255810121047,18.0885469206212,0.9399231101980688,Max Hamngatan,1.92995,0.9399231101980688,3.8599,1.8798462203961377,7.719799999999999,1.1279077322376827,15.439599999999999,7.015507905267641,,,nogo
59.310643599766436,18.054605645945767,1.190991275221527,Max Södermalm,1.1263299999999998,1.190991275221527,2.2526599999999997,2.381982550443054,4.505319999999999,1.4291895302658326,9.010639999999999,8.622344161417773,2.381982550443054,8.622344161417773,clear
59.338708959890106,18.008980210209305,1.441211782308499,Max Kungsholmen,1.4542899999999999,1.441211782308499,2.9085799999999997,2.882423564616998,5.817159999999999,1.7294541387701987,11.634319999999999,10.223755406774393,,,nogo
59.34717790643916,18.085522987801948,1.7641691822314303,Max Hamngatan,3.2036,1.7641691822314303,6.4072,3.5283383644628605,12.8144,2.1170030186777162,25.6288,12.290682766281154,,,nogo
59.33854233688749,18.05259789970007,0.45859086354281975,Max Odenplan,0.6295,0.45859086354281975,1.259,0.9171817270856395,2.518,0.5503090362513837,5.036,3.934981526674046,0.9171817270856395,3.934981526674046,clear
59.326082301034454,18.065942590212455,0.836858667533997,Max Hamngatan,2.11382,0.836858667533997,4.22764,1.673717335067994,8.45528,1.0042304010407963,16.91056,6.355895472217581,,,nogo
59.34879623945389,18.105398889876774,2.5945100679918354,Max Hamngatan,1.5135,2.5945100679918354,3.027,5.189020135983671,6.054,3.1134120815902024,12.108,17.604864435147746,,,nogo
59.35308771922293,18.086783658529225,2.3340690122732064,Max Odenplan,1.17859,2.3340690122732064,2.35718,4.668138024546413,4.71436,2.800882814727848,9.42872,15.938041678548522,4.668138024546413,15.938041678548522,clear
59.31322653943029,18.075037057415415,0.29398941715107785,Max Södermalm,1.62368,0.29398941715107785,3.24736,0.5879788343021557,6.49472,0.35278730058129343,12.98944,2.881532269766898,0.5879788343021557,2.881532269766898,clear
59.31076223194772,18.062038264840666,0.8324071378273238,Max Södermalm,1.4396600000000002,0.8324071378273238,2.8793200000000003,1.6648142756546476,5.758640000000001,0.9988885653927886,11.517280000000001,6.327405682094872,1.6648142756546476,6.327405682094872,clear
59.31752903641157,18.01900856761965,1.9681156340447639,Max Kungsholmen,1.66347,1.9681156340447639,3.32694,3.9362312680895277,6.65388,2.3617387608537164,13.30776,13.595940057886487,,,nogo
59.310230285068926,18.0596050589293,0.9769580327342823,Max Södermalm,1.81599,0.9769580327342823,3.63198,1.9539160654685646,7.26396,1.1723496392811388,14.52792,7.252531409499406,1.9539160654685646,7.252531409499406,clear
59.30697639986631,18.067172172536452,1.0245665958820431,Max Södermalm,0.98841,1.0245665958820431,1.97682,2.0491331917640863,3.9536399999999996,1.2294799150584519,7.907279999999999,7.557226213645077,2.0491331917640863,7.557226213645077,clear
59.33118378785176,18.022122596938193,0.655169920132489,Max Kungsholmen,0.76462,0.655169920132489,1.52924,1.310339840264978,3.05848,0.7862039041589868,6.11696,5.1930874888479295,,,nogo
59.33316685590024,18.091402423267276,1.101957779061309,Max Hamngatan,1.5143,1.101957779061309,3.0286,2.203915558122618,6.0572,1.322349334873571,12.1144,8.052529785992379,,,nogo
59.316383839409795,18.07961603838517,0.3814520389626638,Max Södermalm,1.90923,0.3814520389626638,3.81846,0.7629040779253276,7.63692,0.45774244675519654,15.27384,3.441293049361048,0.7629040779253276,3.441293049361048,clear
59.34668989546928,18.093108360404543,1.9470097603589303,Max Hamngatan,2.22266,1.9470097603589303,4.44532,3.8940195207178605,8.89064,2.336411712430716,17.78128,13.460862466297154,,,nogo
59.342367117019414,18.086976920342813,1.3529124688783056,Max Hamngatan,1.8698800000000002,1.3529124688783056,3.7397600000000004,2.7058249377566113,7.479520000000001,1.6234949626539668,14.959040000000002,9.658639800821156,,,nogo
59.317843695444445,18.056119771937325,0.9950996804572735,Max Södermalm,1.9551500000000002,0.9950996804572735,3.9103000000000003,1.990199360914547,7.820600000000001,1.1941196165487282,15.641200000000001,7.36863795492655,1.990199360914547,7.36863795492655,clear
59.34088783892081,18.07437856563117,0.8979366316305482,Max Hamngatan,1.74577,0.8979366316305482,3.49154,1.7958732632610963,6.98308,1.0775239579566578,13.96616,6.746794442435508,,,nogo
59.31819823822219,18.059115437347657,0.8430756048133783,Max Södermalm,1.0451199999999998,0.8430756048133783,2.0902399999999997,1.6861512096267566,4.180479999999999,1.011690725776054,8.360959999999999,6.395683870805621,1.6861512096267566,6.395683870805621,clear
59.352747919884784,18.084725184133596,2.213888986766891,Max Odenplan,1.71554,2.213888986766891,3.43108,4.427777973533782,6.86216,2.656666784120269,13.72432,15.168889515308102,4.427777973533782,15.168889515308102,clear
59.33184010890916,18.082870221002867,0.6275161679644495,Max Hamngatan,2.7479299999999998,0.6275161679644495,5.4958599999999995,1.255032335928899,10.991719999999999,0.7530194015573395,21.983439999999998,5.016103474972477,,,nogo
59.340945022795836,18.101340278830094,1.8918716751616926,Max Hamngatan,1.28638,1.8918716751616926,2.57276,3.7837433503233853,5.14552,2.270246010194031,10.29104,13.107978721034833,,,nogo
59.34533814168236,18.101588068799508,2.1773925430065937,Max Hamngatan,1.70619,2.1773925430065937,3.41238,4.354785086013187,6.82476,2.6128710516079123,13.64952,14.9353122752422,,,nogo
59.3092759264074,18.082762420839703,0.9009092528573676,Max Södermalm,0.6554800000000001,0.9009092528573676,1.3109600000000001,1.8018185057147351,2.6219200000000003,1.081091103428841,5.2438400000000005,6.765819218287152,1.8018185057147351,6.765819218287152,clear
59.349385173191465,18.106664806582344,2.691928173916217,Max Hamngatan,1.17775,2.691928173916217,2.3555,5.383856347832434,4.711,3.23031380869946,9.422,18.22834031306379,,,nogo
59.3539865272459,18.097260800907392,2.7509906443028567,Max Hamngatan,1.98409,2.7509906443028567,3.96818,5.501981288605713,7.936359999999999,3.3011887731634277,15.872719999999997,18.60634012353828,,,nogo
59.31123319731418,18.06314569052129,0.75038613987216,Max Södermalm,1.8982,0.75038613987216,3.7964,1.50077227974432,7.5928,0.900463367846592,15.1856,5.802471295181824,1.50077227974432,5.802471295181824,clear
59.34600742748776,18.100466240288597,2.1776902990376055,Max Hamngatan,1.65959,2.1776902990376055,3.31918,4.355380598075211,6.63836,2.613228358845127,13.27672,14.937217913840676,,,nogo
59.34969098055434,18.06190299519262,0.9949295633147122,Max Odenplan,2.4764299999999997,0.9949295633147122,4.952859999999999,1.9898591266294243,9.905719999999999,1.1939154759776547,19.811439999999997,7.367549205214158,1.9898591266294243,7.367549205214158,clear
59.33361249986331,18.04320274438102,0.6141884670099881,Max Kungsholmen,2.43356,0.6141884670099881,4.86712,1.2283769340199762,9.73424,0.7370261604119858,19.46848,4.930806188863924,,,nogo
59.3185966085226,18.047350029827914,1.5004135340780316,Max Södermalm,2.30905,1.5004135340780316,4.6181,3.000827068156063,9.2362,1.8004962408936378,18.4724,10.602646618099403,3.000827068156063,10.602646618099403,clear
59.34523093794207,18.090696462743225,1.734465607756538,Max Hamngatan,1.6278599999999999,1.734465607756538,3.2557199999999997,3.468931215513076,6.5114399999999995,2.0813587293078455,13.022879999999999,12.100579889641843,,,nogo
59.341104925081076,18.09280092046977,1.492368777953723,Max Hamngatan,1.94584,1.492368777953723,3.89168,2.984737555907446,7.783360000000001,1.7908425335444675,15.566720000000002,10.551160178903826,,,nogo
59.34295970751366,18.05236750613925,0.07425067238185591,Max Odenplan,1.54633,0.07425067238185591,3.09266,0.14850134476371182,6.18532,0.08910080685822709,12.37064,1.4752043032438777,0.14850134476371182,1.4752043032438777,clear
59.34064924246341,18.05818326393411,0.4497507282085795,Max Odenplan,2.77192,0.4497507282085795,5.54384,0.899501456417159,11.08768,0.5397008738502953,22.17536,3.8784046605349083,0.899501456417159,3.8784046605349083,clear
59.314802278405736,18.09581148028101,1.2988612249543465,Max Södermalm,0.8817200000000001,1.2988612249543465,1.7634400000000001,2.597722449908693,3.5268800000000002,1.558633469945216,7.0537600000000005,9.312711839707818,2.597722449908693,9.312711839707818,clear
59.34647441650954,18.062790419995302,0.7848929227591096,Max Odenplan,1.44618,0.7848929227591096,2.89236,1.5697858455182192,5.78472,0.9418715073109316,11.56944,6.023314705658302,1.5697858455182192,6.023314705658302,clear
59.33477526398377,18.04319163401981,0.6224506018623347,Max Kungsholmen,0.92113,0.6224506018623347,1.84226,1.2449012037246694,3.68452,0.7469407222348017,7.36904,4.983683851918942,,,nogo
59.33127001937041,18.057364140533938,0.5553083375207463,Max Hötorget,1.37694,0.5553083375207463,2.75388,1.1106166750414925,5.50776,0.6663700050248955,11.01552,4.553973360132776,,,nogo
59.315569657422635,18.091145183762585,1.0295970801741285,Max Södermalm,1.36798,1.0295970801741285,2.73596,2.059194160348257,5.47192,1.2355164962089544,10.94384,7.589421313114423,2.059194160348257,7.589421313114423,clear
59.3491458742484,18.10504409197457,2.6066352180768684,Max Hamngatan,2.13031,2.6066352180768684,4.26062,5.213270436153737,8.52124,3.127962261692242,17.04248,17.682465395691956,,,nogo
59.343306365222034,18.056479070902885,0.3068263815007563,Max Odenplan,1.6628699999999998,0.3068263815007563,3.3257399999999997,0.6136527630015126,6.651479999999999,0.36819165780090757,13.302959999999999,2.9636888416048404,0.6136527630015126,2.9636888416048404,clear
59.31517193938384,18.065342674161496,0.44330052535498454,Max Södermalm,1.9493399999999999,0.44330052535498454,3.8986799999999997,0.8866010507099691,7.797359999999999,0.5319606304259814,15.594719999999999,3.837123362271901,0.8866010507099691,3.837123362271901,clear
59.3272355231868,18.01374880764303,1.2908625790064703,Max Kungsholmen,0.8120299999999999,1.2908625790064703,1.6240599999999998,2.5817251580129406,3.2481199999999997,1.5490350948077642,6.496239999999999,9.26152050564141,,,nogo
59.34977495558192,18.061123035585048,0.9762172356238036,Max Odenplan,1.8768099999999999,0.9762172356238036,3.7536199999999997,1.9524344712476072,7.5072399999999995,1.1714606827485643,15.014479999999999,7.247790307992343,1.9524344712476072,7.247790307992343,clear
59.311896769986745,18.07306453679609,0.41986870045242547,Max Södermalm,1.92538,0.41986870045242547,3.85076,0.8397374009048509,7.70152,0.5038424405429106,15.40304,3.687159682895523,0.8397374009048509,3.687159682895523,clear
59.35050222757303,18.059640336754807,1.0007624693564356,Max Odenplan,1.21392,1.0007624693564356,2.42784,2.0015249387128713,4.85568,1.2009149632277227,9.71136,7.4048798038811885,2.0015249387128713,7.4048798038811885,clear
59.33243260300813,18.054559051239984,0.5673934905555615,Max Hötorget,1.90347,0.5673934905555615,3.80694,1.134786981111123,7.613880000000001,0.6808721886666738,15.227760000000002,4.631318339555594,,,nogo
59.34306028483177,18.045674889440974,0.3222208242512461,Max Odenplan,2.1461900000000003,0.3222208242512461,4.2923800000000005,0.6444416485024922,8.584760000000001,0.3866649891014953,17.169520000000002,3.062213275207975,0.6444416485024922,3.062213275207975,clear
59.340963760230395,18.1016130767614,1.9065469307131435,Max Hamngatan,1.9632,1.9065469307131435,3.9264,3.813093861426287,7.8528,2.2878563168557724,15.7056,13.201900356564119,,,nogo
59.331037730514595,18.06771163686223,0.3235993409426001,Max Hamngatan,2.04425,0.3235993409426001,4.0885,0.6471986818852002,8.177,0.38831920913112017,16.354,3.0710357820326406,,,nogo
59.3346304729397,18.097152661026094,1.4415827729847694,Max Hamngatan,2.16316,1.4415827729847694,4.32632,2.883165545969539,8.65264,1.7298993275817234,17.30528,10.226129747102524,,,nogo
59.345252689450305,18.058475320561303,0.5054206870412724,Max Odenplan,0.62924,0.5054206870412724,1.25848,1.0108413740825448,2.51696,0.6065048244495269,5.03392,4.234692397064143,1.0108413740825448,4.234692397064143,clear
59.344515451600145,18.05108244790526,0.21338216926383605,Max Odenplan,1.6646400000000001,0.21338216926383605,3.3292800000000002,0.4267643385276721,6.6585600000000005,0.2560586031166033,13.317120000000001,2.3656458832885505,0.4267643385276721,2.3656458832885505,clear
59.34421759700438,18.093175776479264,1.740917057364846,Max Hamngatan,1.7690299999999999,1.740917057364846,3.5380599999999998,3.481834114729692,7.0761199999999995,2.0891004688378154,14.152239999999999,12.141869167135015,,,nogo
59.33326703054695,18.002129271483614,1.7251225121248634,Max Kungsholmen,1.7786600000000001,1.7251225121248634,3.5573200000000003,3.450245024249727,7.1146400000000005,2.070147014549836,14.229280000000001,12.040784077599126,,,nogo
59.343668811354654,18.083668222877545,1.368297360188163,Max Hamngatan,0.63255,1.368297360188163,1.2651,2.736594720376326,2.5302,1.6419568322257954,5.0604,9.757103105204243,,,nogo
59.33011515091893,18.03867200527916,0.5443654112371131,Max Kungsholmen,1.73684,0.5443654112371131,3.47368,1.0887308224742263,6.94736,0.6532384934845358,13.89472,4.483938631917524,,,nogo
59.316947980692156,18.077377919153154,0.28404091312343716,Max Södermalm,1.55887,0.28404091312343716,3.11774,0.5680818262468743,6.23548,0.34084909574812455,12.47096,2.8178618439899976,0.5680818262468743,2.8178618439899976,clear
59.33555125684373,18.08824819727419,0.9676481492885445,Max Hamngatan,1.22825,0.9676481492885445,2.4565,1.935296298577089,4.913,1.1611777791462534,9.826,7.192948155446684,,,nogo
59.3152318872437,18.072126958349664,0.07211331923654694,Max Södermalm,1.62849,0.07211331923654694,3.25698,0.1442266384730939,6.51396,0.08653598308385634,13.02792,1.4615252431139005,0.1442266384730939,1.4615252431139005,clear
59.31657647674286,18.0560519863959,0.974243847243402,Max Södermalm,2.33037,0.974243847243402,4.66074,1.948487694486804,9.32148,1.1690926166920823,18.64296,7.235160622357773,1.948487694486804,7.235160622357773,clear
59.3134989518221,18.069106003725558,0.3303709532901402,Max Södermalm,1.49747,0.3303709532901402,2.99494,0.6607419065802804,5.98988,0.3964451439481682,11.97976,3.1143741010568973,0.6607419065802804,3.1143741010568973,clear
59.34056868251214,18.073256162361876,0.8320123300109513,Max Hötorget,1.21242,0.8320123300109513,2.42484,1.6640246600219026,4.84968,0.9984147960131415,9.69936,6.324878912070089,,,nogo
59.33595297440472,18.085185302574633,0.8206877762555218,Max Hamngatan,0.9818,0.8206877762555218,1.9636,1.6413755525110436,3.9272,0.9848253315066262,7.8544,6.252401768035339,,,nogo
59.304336098572875,18.072159328159387,1.2631885680319457,Max Södermalm,0.9437300000000001,1.2631885680319457,1.8874600000000001,2.5263771360638914,3.7749200000000003,1.5158262816383348,7.5498400000000006,9.084406835404453,2.5263771360638914,9.084406835404453,clear
59.34916854451292,18.109345019559502,2.7897457221026243,Max Hamngatan,0.48886,2.7897457221026243,0.97772,5.579491444205249,1.9554400000000003,3.347694866523149,3.9108800000000006,18.854372621456797,,,nogo
59.341068772499845,18.09297487143234,1.497770741928779,Max Hamngatan,0.38626,1.497770741928779,0.77252,2.995541483857558,1.54504,1.7973248903145347,3.09008,10.585732748344185,,,nogo
59.34270575677232,18.04221200677611,0.5153358418136595,Max Odenplan,1.66309,0.5153358418136595,3.32618,1.030671683627319,6.65236,0.6184030101763914,13.30472,4.298149387607421,1.030671683627319,4.298149387607421,clear
59.334153323139084,17.99922267284581,1.8898477832604683,Max Kungsholmen,1.28232,1.8898477832604683,2.56464,3.7796955665209366,5.12928,2.267817339912562,10.25856,13.095025812866997,,,nogo
59.30668638597705,18.071094266718422,1.0065965166139648,Max Södermalm,1.92324,1.0065965166139648,3.84648,2.0131930332279295,7.692959999999999,1.2079158199367577,15.385919999999999,7.442217706329375,2.0131930332279295,7.442217706329375,clear
59.35128970377819,18.06983422772813,1.4327253809007074,Max Odenplan,1.69475,1.4327253809007074,3.3895,2.865450761801415,6.779,1.719270457080849,13.558,10.169442437764527,2.865450761801415,10.169442437764527,clear
59.333603952696606,18.020942993578906,0.6536135523965878,Max Kungsholmen,1.6135599999999999,0.6536135523965878,3.2271199999999998,1.3072271047931756,6.4542399999999995,0.7843362628759053,12.908479999999999,5.183126735338162,,,nogo
59.34161968781871,18.032744532917416,0.5875657839993678,Max Karolinska,1.77797,0.5875657839993678,3.55594,1.1751315679987355,7.11188,0.7050789407992413,14.22376,4.760421017595954,1.1751315679987355,4.760421017595954,clear
59.33490132626904,18.087523547728757,0.9081456905163056,Max Hamngatan,2.33777,0.9081456905163056,4.67554,1.8162913810326111,9.35108,1.0897748286195668,18.70216,6.812132419304356,,,nogo
59.31218973934419,18.094123004868482,1.2601542272571449,Max Södermalm,1.58223,1.2601542272571449,3.16446,2.5203084545142898,6.32892,1.5121850727085737,12.65784,9.064987054445726,2.5203084545142898,9.064987054445726,clear
59.31631907039332,18.053224207032503,1.1323277653808979,Max Södermalm,2.41421,1.1323277653808979,4.82842,2.2646555307617957,9.65684,1.3587933184570775,19.31368,8.246897698437746,2.2646555307617957,8.246897698437746,clear
59.349746051477744,18.09302765543169,2.2227184793257577,Max Hamngatan,0.99493,2.2227184793257577,1.98986,4.4454369586515154,3.9797199999999995,2.6672621751909094,7.959439999999999,15.225398267684849,,,nogo
59.3152023737473,18.101645758186958,1.6283599576187835,Max Södermalm,1.59363,1.6283599576187835,3.18726,3.256719915237567,6.37452,1.9540319491425404,12.74904,11.421503728760214,3.256719915237567,11.421503728760214,clear
59.3180971894425,18.058740004739565,0.8596403196010214,Max Södermalm,1.56529,0.8596403196010214,3.13058,1.7192806392020428,6.26116,1.0315683835212257,12.52232,6.5016980454465365,1.7192806392020428,6.5016980454465365,clear
59.355872425022326,18.092574997046167,2.776439451058763,Max Odenplan,1.4256099999999998,2.776439451058763,2.8512199999999996,5.552878902117526,5.702439999999999,3.3317273412705157,11.404879999999999,18.769212486776084,5.552878902117526,18.769212486776084,clear
59.34950986795082,18.047221482424916,0.8031838947953502,Max Odenplan,2.13789,0.8031838947953502,4.27578,1.6063677895907005,8.55156,0.9638206737544202,17.10312,6.140376926690241,1.6063677895907005,6.140376926690241,clear
59.31710963352718,18.04869212896025,1.3973506549259553,Max Södermalm,2.1088899999999997,1.3973506549259553,4.217779999999999,2.7947013098519107,8.435559999999999,1.6768207859111464,16.871119999999998,9.943044191526115,2.7947013098519107,9.943044191526115,clear
59.312045353224256,18.078714117268937,0.5158574118384177,Max Södermalm,1.67496,0.5158574118384177,3.34992,1.0317148236768354,6.69984,0.6190288942061013,13.39968,4.301487435765873,1.0317148236768354,4.301487435765873,clear
59.33756156303962,18.096068796582458,1.46180353991436,Max Hamngatan,1.1011,1.46180353991436,2.2022,2.92360707982872,4.4044,1.7541642478972321,8.8088,10.355542655451904,,,nogo
59.32872953627544,18.01925399151203,0.9392668319543027,Max Kungsholmen,1.36294,0.9392668319543027,2.72588,1.8785336639086054,5.45176,1.1271201983451633,10.90352,7.011307724507537,,,nogo
59.34218089096705,18.05282725737501,0.1004775787302626,Max Odenplan,2.00259,0.1004775787302626,4.00518,0.2009551574605252,8.01036,0.12057309447631512,16.02072,1.6430565038736806,0.2009551574605252,1.6430565038736806,clear
59.30992660368988,18.062019274766193,0.8970162762957188,Max Södermalm,1.3882999999999999,0.8970162762957188,2.7765999999999997,1.7940325525914376,5.5531999999999995,1.0764195315548624,11.106399999999999,6.7409041682926,1.7940325525914376,6.7409041682926,clear
59.3162581109028,18.029688834196925,1.9617428825974261,Max Kungsholmen,1.47887,1.9617428825974261,2.95774,3.9234857651948523,5.91548,2.354091459116911,11.83096,13.555154448623526,,,nogo
59.34414101521941,18.095915175205594,1.8462343304749773,Max Hamngatan,1.6417,1.8462343304749773,3.2834,3.6924686609499546,6.5668,2.2154811965699728,13.1336,12.815899715039855,,,nogo
59.33490741266481,18.036141719419117,0.24447885344946335,Max Kungsholmen,0.91562,0.24447885344946335,1.83124,0.4889577068989267,3.66248,0.29337462413935605,7.32496,2.5646646620765656,,,nogo
59.334662402691094,18.099685449222772,1.5850201811734224,Max Hamngatan,1.9832100000000001,1.5850201811734224,3.9664200000000003,3.1700403623468447,7.93284,1.9020242174081068,15.86568,11.144129159509903,,,nogo
59.34651369029204,18.04193797309629,0.4971048327757544,Max Karolinska,1.26836,0.4971048327757544,2.53672,0.9942096655515088,5.07344,0.5965257993309052,10.14688,4.181470929764828,0.9942096655515088,4.181470929764828,clear
59.336448284529325,18.02147347321897,0.6887095600382293,Max Kungsholmen,1.78886,0.6887095600382293,3.57772,1.3774191200764585,7.15544,0.8264514720458751,14.31088,5.407741184244667,,,nogo
59.31801445739225,18.023331620653945,1.8343856942102517,Max Kungsholmen,2.6933000000000002,1.8343856942102517,5.3866000000000005,3.6687713884205033,10.773200000000001,2.201262833052302,21.546400000000002,12.74006844294561,,,nogo
59.30743572008538,18.08244500358961,1.0610795332325365,Max Södermalm,1.06784,1.0610795332325365,2.13568,2.122159066465073,4.27136,1.2732954398790437,8.54272,7.790909012688234,2.122159066465073,7.790909012688234,clear
59.326364171188736,18.018796511401646,1.1357037257118672,Max Kungsholmen,1.66022,1.1357037257118672,3.32044,2.2714074514237343,6.64088,1.3628444708542407,13.28176,8.26850384455595,,,nogo
59.34404562065159,18.113839615083677,2.6821157355209855,Max Hamngatan,1.0711600000000001,2.6821157355209855,2.1423200000000002,5.364231471041971,4.2846400000000004,3.218538882625183,8.569280000000001,18.16554070733431,,,nogo
59.350515348184906,18.09823975494508,2.4627765254648897,Max Hamngatan,2.6733000000000002,2.4627765254648897,5.3466000000000005,4.925553050929779,10.693200000000001,2.9553318305578675,21.386400000000002,16.761769762975295,,,nogo
59.328952544069814,18.02004509553752,0.8883900528562837,Max Kungsholmen,1.01494,0.8883900528562837,2.02988,1.7767801057125674,4.05976,1.0660680634275406,8.11952,6.685696338280216,,,nogo
59.30649060193329,18.07707924203887,1.0473565351402152,Max Södermalm,1.6714,1.0473565351402152,3.3428,2.0947130702804304,6.6856,1.2568278421682584,13.3712,7.703081824897378,2.0947130702804304,7.703081824897378,clear
59.33871249257893,18.099700955194447,1.7011508054619022,Max Hamngatan,2.73698,1.7011508054619022,5.47396,3.4023016109238045,10.94792,2.0413809665542826,21.89584,11.887365154956175,,,nogo
59.330830957485446,18.022701576872457,0.6451924228055286,Max Kungsholmen,1.28942,0.6451924228055286,2.57884,1.2903848456110572,5.15768,0.7742309073666344,10.31536,5.129231505955383,,,nogo
59.34696831251965,18.09539546883057,2.0532636091446594,Max Hamngatan,0.21883000000000002,2.0532636091446594,0.43766000000000005,4.106527218289319,0.8753200000000001,2.463916330973591,1.7506400000000002,14.14088709852582,,,nogo
59.31072425507222,18.09724327884195,1.4828806316368783,Max Södermalm,2.00521,1.4828806316368783,4.01042,2.9657612632737567,8.02084,1.779456757964254,16.04168,10.490436042476022,2.9657612632737567,10.490436042476022,clear
59.340849048194244,18.050000179570866,0.2081760401179308,Max Odenplan,1.94306,0.2081760401179308,3.88612,0.4163520802358616,7.77224,0.249811248141517,15.54448,2.3323266567547574,0.4163520802358616,2.3323266567547574,clear
59.3368557977775,18.069383416193702,0.41916003328454776,Max Hötorget,2.1896999999999998,0.41916003328454776,4.3793999999999995,0.8383200665690955,8.758799999999999,0.5029920399414574,17.517599999999998,3.6826242130211058,,,nogo
59.343150976429804,18.049380940540868,0.12346233042711158,Max Odenplan,0.9605,0.12346233042711158,1.921,0.24692466085422315,3.8419999999999996,0.14815479651253388,7.683999999999999,1.7901589147335142,0.24692466085422315,1.7901589147335142,clear
59.34276016175796,18.08900247287115,1.460700963712655,Max Hamngatan,1.40717,1.460700963712655,2.81434,2.92140192742531,5.62868,1.7528411564551858,11.25736,10.348486167760992,,,nogo
59.33085661356308,18.00052681158018,1.8449498895543255,Max Kungsholmen,1.8696199999999998,1.8449498895543255,3.7392399999999997,3.689899779108651,7.478479999999999,2.2139398674651907,14.956959999999999,12.807679293147682,,,nogo
59.34217877026327,18.109208612540424,2.3531607976793203,Max Hamngatan,2.29875,2.3531607976793203,4.5975,4.706321595358641,9.195,2.823792957215184,18.39,16.06022910514765,,,nogo
59.31842981443627,18.08683239529678,0.8422081776723234,Max Södermalm,1.4863199999999999,0.8422081776723234,2.9726399999999997,1.6844163553446467,5.9452799999999995,1.010649813206788,11.890559999999999,6.3901323371028695,1.6844163553446467,6.3901323371028695,clear
59.34464614857646,18.04686193309026,0.3385900974072807,Max Odenplan,2.37284,0.3385900974072807,4.74568,0.6771801948145614,9.49136,0.40630811688873686,18.98272,3.1669766234065966,0.6771801948145614,3.1669766234065966,clear
59.348238672926975,18.064093476400036,0.9627825073722197,Max Odenplan,1.14933,0.9627825073722197,2.29866,1.9255650147444394,4.59732,1.1553390088466635,9.19464,7.161808047182205,1.9255650147444394,7.161808047182205,clear
59.35754244480159,18.1003027292406,3.179762884786104,Max Hamngatan,1.0703699999999998,3.179762884786104,2.1407399999999996,6.359525769572208,4.281479999999999,3.815715461743325,8.562959999999999,21.350482462631067,,,nogo
59.314698461394464,18.03306902013292,2.12964209511627,Max Kungsholmen,2.06557,2.12964209511627,4.13114,4.25928419023254,8.26228,2.555570514139524,16.52456,14.629709408744128,,,nogo
59.329978284318976,18.074928374528035,0.3660017054183715,Max Hamngatan,1.39796,0.3660017054183715,2.79592,0.732003410836743,5.59184,0.4392020465020458,11.18368,3.342410914677578,,,nogo
59.340574010371434,18.041971280883825,0.5751639143307882,Max Odenplan,1.5597,0.5751639143307882,3.1194,1.1503278286615763,6.2388,0.6901966971969458,12.4776,4.681049051717045,1.1503278286615763,4.681049051717045,clear
59.33002402307171,18.056486820104663,0.700255830970221,Max Hötorget,1.4831500000000002,0.700255830970221,2.9663000000000004,1.400511661940442,5.932600000000001,0.8403069971642653,11.865200000000002,5.4816373182094145,,,nogo
59.31593764027971,18.096445942890316,1.3317485889214287,Max Södermalm,2.36348,1.3317485889214287,4.72696,2.6634971778428573,9.45392,1.5980983067057144,18.90784,9.523190969097143,2.6634971778428573,9.523190969097143,clear
59.32975209607252,18.003465061899714,1.7090523860392055,Max Kungsholmen,1.65794,1.7090523860392055,3.31588,3.418104772078411,6.63176,2.0508628632470467,13.26352,11.937935270650915,,,nogo
59.33317214298545,18.013063755259175,1.1039867288394831,Max Kungsholmen,0.36123,1.1039867288394831,0.72246,2.2079734576789662,1.44492,1.3247840746073796,2.88984,8.065515064572692,,,nogo
59.3181000890365,18.07967459833753,0.46383121008314565,Max Södermalm,1.55349,0.46383121008314565,3.10698,0.9276624201662913,6.21396,0.5565974520997747,12.42792,3.968519744532132,0.9276624201662913,3.968519744532132,clear
59.340247062011684,18.064229835185095,0.5372449201782962,Max Hötorget,1.9616,0.5372449201782962,3.9232,1.0744898403565923,7.846399999999999,0.6446939042139553,15.692799999999998,4.438367489141095,,,nogo
59.35170843290071,18.09014629728395,2.333099963348367,Max Hamngatan,2.66504,2.333099963348367,5.33008,4.666199926696734,10.66016,2.7997199560180404,21.32032,15.93183976542955,,,nogo
59.32990734381064,18.057479441123423,0.6861897169144215,Max Hötorget,1.73105,0.6861897169144215,3.4621,1.372379433828843,6.9242,0.8234276602973059,13.8484,5.391614188252298,,,nogo
59.33072661041287,18.061793210021257,0.5338979455929994,Max Hötorget,0.7160700000000001,0.5338979455929994,1.4321400000000002,1.0677958911859988,2.8642800000000004,0.6406775347115993,5.728560000000001,4.416946851795196,,,nogo
59.318616919640064,18.06407761006621,0.608371719895349,Max Södermalm,2.74068,0.608371719895349,5.48136,1.216743439790698,10.96272,0.7300460638744187,21.92544,4.893579007330233,1.216743439790698,4.893579007330233,clear
59.31263316019455,18.056565633200965,0.9986305783900136,Max Södermalm,1.79929,0.9986305783900136,3.59858,1.9972611567800271,7.19716,1.1983566940680161,14.39432,7.391235701696086,1.9972611567800271,7.391235701696086,clear
59.307683815307115,18.07815565401456,0.9352399765291286,Max Södermalm,1.39748,0.9352399765291286,2.79496,1.8704799530582572,5.58992,1.1222879718349543,11.17984,6.985535849786423,1.8704799530582572,6.985535849786423,clear
59.33967533359163,18.112612722482666,2.4283604256092626,Max Hamngatan,1.15061,2.4283604256092626,2.30122,4.856720851218525,4.60244,2.9140325107311154,9.20488,16.541506723899282,,,nogo
59.33588135714784,18.000339240936732,1.840355547659542,Max Kungsholmen,2.23087,1.840355547659542,4.46174,3.680711095319084,8.92348,2.20842665719145,17.84696,12.778275505021067,,,nogo
59.318541617615644,18.026939829231452,1.7295539228421855,Max Kungsholmen,1.2011800000000001,1.7295539228421855,2.4023600000000003,3.459107845684371,4.8047200000000005,2.0754647074106223,9.609440000000001,12.069145106189985,,,nogo
59.344049581820094,18.09024316065725,1.6157163762883622,Max Hamngatan,2.34306,1.6157163762883622,4.68612,3.2314327525767244,9.37224,1.9388596515460348,18.74448,11.340584808245518,,,nogo
59.34953993817172,18.072678831317024,1.4427899108781186,Max Odenplan,1.58644,1.4427899108781186,3.17288,2.885579821756237,6.34576,1.7313478930537425,12.69152,10.23385542961996,2.885579821756237,10.23385542961996,clear
59.33636148911218,18.080873960463578,0.6321820806848859,Max Hamngatan,1.2618399999999999,0.6321820806848859,2.5236799999999997,1.2643641613697718,5.047359999999999,0.7586184968218631,10.094719999999999,5.04596531638327,,,nogo
59.329645315237904,18.022885722377314,0.7141324069126445,Max Kungsholmen,1.89001,0.7141324069126445,3.78002,1.428264813825289,7.560040000000001,0.8569588882951733,15.120080000000002,5.570447404240925,,,nogo
59.35257821673877,18.09395112365018,2.520161863014419,Max Hamngatan,1.97458,2.520161863014419,3.94916,5.040323726028838,7.898319999999999,3.0241942356173026,15.796639999999998,17.12903592329228,,,nogo
59.3302142994951,18.062111242786397,0.5898467097499167,Max Hötorget,0.39214,0.5898467097499167,0.78428,1.1796934194998334,1.56856,0.7078160516999,3.13712,4.775018942399467,,,nogo
59.34383169936618,18.10326135245769,2.152693858875728,Max Hamngatan,1.74425,2.152693858875728,3.4885,4.305387717751456,6.977,2.583232630650874,13.954,14.777240696804661,,,nogo
59.33102516881486,18.0687260711534,0.2830700376040527,Max Hamngatan,2.8555300000000003,0.2830700376040527,5.711060000000001,0.5661400752081054,11.422120000000001,0.3396840451248633,22.844240000000003,2.8116482406659373,,,nogo
59.3482770617644,18.04084643045766,0.46003636774160556,Max Karolinska,1.36285,0.46003636774160556,2.7257,0.9200727354832111,5.4514,0.5520436412899267,10.9028,3.9442327535462756,0.9200727354832111,3.9442327535462756,clear
59.32880283732327,18.00621036535893,1.5928288558555603,Max Kungsholmen,1.5397,1.5928288558555603,3.0794,3.1856577117111207,6.1588,1.9113946270266724,12.3176,11.194104677475586,,,nogo
59.33608482038629,18.087964081776096,0.9722169857391574,Max Hamngatan,2.0959499999999998,0.9722169857391574,4.1918999999999995,1.9444339714783148,8.383799999999999,1.1666603828869888,16.767599999999998,7.222188708730608,,,nogo
59.33156087165285,18.049177684755126,0.8768618534665973,Max Hötorget,1.0560699999999998,0.8768618534665973,2.1121399999999997,1.7537237069331946,4.224279999999999,1.0522342241599167,8.448559999999999,6.611915862186223,,,nogo
59.34168809572106,18.082361738368814,1.139955594872137,Max Hamngatan,2.36725,1.139955594872137,4.7345,2.279911189744274,9.469,1.3679467138465644,18.938,8.295715807181676,,,nogo
59.32561739830611,18.073882399336554,0.8197224860964771,Max Hamngatan,1.82814,0.8197224860964771,3.65628,1.6394449721929543,7.31256,0.9836669833157725,14.62512,6.246223911017454,,,nogo
59.30968023777319,18.065828542189823,0.7839327369455116,Max Södermalm,0.8929600000000001,0.7839327369455116,1.7859200000000002,1.5678654738910232,3.5718400000000003,0.9407192843346139,7.143680000000001,6.017169516451274,1.5678654738910232,6.017169516451274,clear
59.339016722230575,18.078183782726107,0.7640977228262867,Max Hamngatan,2.00806,0.7640977228262867,4.01612,1.5281954456525735,8.03224,0.916917267391544,16.06448,5.890225426088235,,,nogo
59.34830785339311,18.104445815637177,2.5177509384303445,Max Hamngatan,0.7145900000000001,2.5177509384303445,1.4291800000000001,5.035501876860689,2.8583600000000002,3.021301126116413,5.7167200000000005,17.113606005954203,,,nogo
59.315881391207235,18.094390294227356,1.2145773605605448,Max Södermalm,1.5170899999999998,1.2145773605605448,3.0341799999999997,2.4291547211210895,6.068359999999999,1.4574928326726537,12.136719999999999,8.773295107587487,2.4291547211210895,8.773295107587487,clear
59.3377881113572,18.099283587556812,1.6423707584475302,Max Hamngatan,1.5358900000000002,1.6423707584475302,3.0717800000000004,3.2847415168950604,6.143560000000001,1.970844910137036,12.287120000000002,11.511172854064192,,,nogo
59.338934103688054,18.041902734768225,0.6714918531943072,Max Odenplan,0.89048,0.6714918531943072,1.78096,1.3429837063886143,3.56192,0.8057902238331686,7.12384,5.297547860443566,1.3429837063886143,5.297547860443566,clear
59.35147697961715,18.099554026145324,2.5933115320134004,Max Hamngatan,2.16219,2.5933115320134004,4.32438,5.186623064026801,8.64876,3.1119738384160804,17.29752,17.597193804885762,,,nogo
59.33660439919226,18.060741802324667,0.15847884888673214,Max Hötorget,1.76401,0.15847884888673214,3.52802,0.3169576977734643,7.05604,0.19017461866407856,14.11208,2.0142646328750855,,,nogo
59.31810397696616,18.07083824364692,0.2998005768188195,Max Södermalm,1.71209,0.2998005768188195,3.42418,0.599601153637639,6.84836,0.35976069218258344,13.69672,2.918723691640445,0.599601153637639,2.918723691640445,clear
59.330681110968015,18.030137704524083,0.3722290864811229,Max Kungsholmen,2.0404400000000003,0.3722290864811229,4.0808800000000005,0.7444581729622458,8.161760000000001,0.44667490377734753,16.323520000000002,3.3822661534791867,,,nogo
59.35498463391994,18.093231673468335,2.7380670708973724,Max Hamngatan,2.2856799999999997,2.7380670708973724,4.571359999999999,5.476134141794745,9.142719999999999,3.285680485076847,18.285439999999998,18.523629253743184,,,nogo
59.339871663985235,18.066235711907805,0.5306459006830244,Max Hötorget,2.58615,0.5306459006830244,5.1723,1.0612918013660488,10.3446,0.6367750808196293,20.6892,4.396133764371356,,,nogo
59.318066235295404,18.016899078359067,1.9641133009107725,Max Kungsholmen,0.603,1.9641133009107725,1.206,3.928226601821545,2.412,2.356935961092927,4.824,13.570325125828944,,,nogo
59.3384570769292,18.010144574639494,1.3692574798061994,Max Kungsholmen,1.01168,1.3692574798061994,2.02336,2.7385149596123988,4.04672,1.6431089757674393,8.09344,9.763247870759676,,,nogo
59.31109374695651,18.051981534691613,1.3043941763008555,Max Södermalm,1.3833199999999999,1.3043941763008555,2.7666399999999998,2.608788352601711,5.5332799999999995,1.5652730115610267,11.066559999999999,9.348122728325475,2.608788352601711,9.348122728325475,clear
59.30887297342027,18.07739517450128,0.7958649064748138,Max Södermalm,1.54073,0.7958649064748138,3.08146,1.5917298129496276,6.16292,0.9550378877697765,12.32584,6.093535401438809,1.5917298129496276,6.093535401438809,clear
59.348853664566406,18.044296212673288,0.6664991747060882,Max Karolinska,1.9418499999999999,0.6664991747060882,3.8836999999999997,1.3329983494121764,7.7674,0.7997990096473059,15.5348,5.265594718118964,1.3329983494121764,5.265594718118964,clear
59.34807890169162,18.108714337581493,2.6845743771807724,Max Hamngatan,1.4381700000000002,2.6845743771807724,2.8763400000000003,5.369148754361545,5.752680000000001,3.221489252616927,11.505360000000001,18.181276013956943,,,nogo
59.333440004548216,18.03416600041565,0.10774218731482704,Max Kungsholmen,1.95388,0.10774218731482704,3.90776,0.21548437462965409,7.815519999999999,0.12929062477779243,15.631039999999999,1.689549998814893,,,nogo
59.34237190403807,18.047167987953863,0.23460512339805728,Max Odenplan,1.21045,0.23460512339805728,2.4209,0.46921024679611456,4.8418,0.28152614807766874,9.6836,2.5014727897475666,0.46921024679611456,2.5014727897475666,clear
59.3295838314153,18.032959819007935,0.4720844578694055,Max Kungsholmen,2.09119,0.4720844578694055,4.18238,0.944168915738811,8.36476,0.5665013494432867,16.72952,4.021340530364196,,,nogo
59.35684293106459,18.09590834777676,2.991324010276837,Max Hamngatan,1.50791,2.991324010276837,3.01582,5.982648020553674,6.03164,3.589588812332204,12.06328,20.144473665771756,,,nogo
59.30839218837836,18.06101809015437,1.0618169614352715,Max Södermalm,1.6916600000000002,1.0618169614352715,3.3833200000000003,2.123633922870543,6.766640000000001,1.2741803537223257,13.533280000000001,7.795628553185738,2.123633922870543,7.795628553185738,clear
59.31938292904571,18.031707906259133,1.6079779677247759,Max Kungsholmen,1.32351,1.6079779677247759,2.64702,3.2159559354495517,5.29404,1.9295735612697311,10.58808,11.291058993438565,,,nogo
59.3471044869697,18.03820773477577,0.28413574656879315,Max Karolinska,1.43843,0.28413574656879315,2.87686,0.5682714931375863,5.75372,0.3409628958825518,11.50744,2.818468778040276,0.5682714931375863,2.818468778040276,clear
59.34560681119735,18.033155395014703,0.1428076953956013,Max Karolinska,0.81196,0.1428076953956013,1.62392,0.2856153907912026,3.24784,0.17136923447472155,6.49568,1.9139692505318482,0.2856153907912026,1.9139692505318482,clear
59.35098661652756,18.087490657570513,2.1965298560876194,Max Hamngatan,1.5977999999999999,2.1965298560876194,3.1955999999999998,4.393059712175239,6.3911999999999995,2.635835827305143,12.782399999999999,15.057791078960765,,,nogo
59.349412181692074,18.094489969965498,2.237859866439012,Max Hamngatan,0.6685599999999999,2.237859866439012,1.3371199999999999,4.475719732878024,2.6742399999999997,2.685431839726814,5.3484799999999995,15.322303145209677,,,nogo
59.317014192956336,18.040545201673428,1.8580911294454885,Max Södermalm,2.69851,1.8580911294454885,5.39702,3.716182258890977,10.79404,2.2297093553345864,21.58808,12.891783228451127,3.716182258890977,12.891783228451127,clear
59.32780635484499,18.052730149926916,1.0224675963384553,Max Hötorget,1.76774,1.0224675963384553,3.53548,2.0449351926769106,7.07096,1.2269611156061464,14.14192,7.5437926165661136,,,nogo
59.33934591953295,18.057350046958675,0.5014600906291241,Max Odenplan,2.21948,0.5014600906291241,4.43896,1.0029201812582482,8.87792,0.6017521087549489,17.75584,4.209344580026395,1.0029201812582482,4.209344580026395,clear
59.32878851554479,18.023225358143627,0.7662337818580416,Max Kungsholmen,1.15165,0.7662337818580416,2.3033,1.5324675637160832,4.6066,0.9194805382296499,9.2132,5.903896203891466,,,nogo
59.35425898581152,18.094709338353784,2.7047851294652117,Max Hamngatan,1.7799800000000001,2.7047851294652117,3.5599600000000002,5.409570258930423,7.1199200000000005,3.245742155358254,14.239840000000001,18.310624828577353,,,nogo
59.34467910750297,18.113762455164817,2.711595533679599,Max Hamngatan,1.31499,2.711595533679599,2.62998,5.423191067359198,5.25996,3.253914640415519,10.51992,18.354211415549436,,,nogo
59.31992988881329,18.069757407371814,0.5110395561177847,Max Södermalm,1.6259700000000001,0.5110395561177847,3.2519400000000003,1.0220791122355695,6.5038800000000005,0.6132474673413417,13.007760000000001,4.270653159153822,1.0220791122355695,4.270653159153822,clear
59.31405259687009,18.098037791245694,1.4334060809060798,Max Södermalm,1.88777,1.4334060809060798,3.77554,2.8668121618121596,7.551080000000001,1.7200872970872958,15.102160000000001,10.17379891779891,2.8668121618121596,10.17379891779891,clear
59.344111610456906,18.069232581224707,1.032283222217509,Max Hötorget,2.26662,1.032283222217509,4.53324,2.064566444435018,9.06648,1.2387398666610108,18.13296,7.606612622192057,,,nogo
59.33607112975647,18.098089885291706,1.5232955517309683,Max Hamngatan,1.05867,1.5232955517309683,2.11734,3.0465911034619366,4.23468,1.8279546620771618,8.46936,10.749091531078196,,,nogo
59.345117400501664,18.067006426718358,0.938445874297472,Max Odenplan,1.19257,0.938445874297472,2.38514,1.876891748594944,4.77028,1.1261350491569664,9.54056,7.00605359550382,1.876891748594944,7.00605359550382,clear
59.31600702031457,18.063369530005588,0.5535420500725983,Max Södermalm,2.36339,0.5535420500725983,4.72678,1.1070841001451965,9.45356,0.6642504600871179,18.90712,4.542669120464629,1.1070841001451965,4.542669120464629,clear
59.34448651117968,18.068963267687,1.0286433842320493,Max Odenplan,1.92018,1.0286433842320493,3.84036,2.0572867684640985,7.680719999999999,1.234372061078459,15.361439999999998,7.583317659085115,2.0572867684640985,7.583317659085115,clear
59.330906932026465,18.05526054438774,0.6577539014048244,Max Hötorget,1.77532,0.6577539014048244,3.55064,1.3155078028096487,7.10128,0.7893046816857893,14.20256,5.209624968990876,,,nogo
59.3169118620235,18.04086556064683,1.8390150198474604,Max Södermalm,2.0976399999999997,1.8390150198474604,4.1952799999999995,3.678030039694921,8.390559999999999,2.2068180238169526,16.781119999999998,12.769696127023746,3.678030039694921,12.769696127023746,clear
59.31076999979153,18.075876579043847,0.5683847968062876,Max Södermalm,1.48901,0.5683847968062876,2.97802,1.1367695936125752,5.95604,0.6820617561675452,11.91208,4.637662699560241,1.1367695936125752,4.637662699560241,clear
59.34590224758061,18.09143029080354,1.8192080223990823,Max Hamngatan,1.48617,1.8192080223990823,2.97234,3.6384160447981646,5.94468,2.1830496268788986,11.88936,12.642931343354126,,,nogo
59.337226636465424,18.06960841325198,0.4472303985467366,Max Hötorget,1.8114700000000001,0.4472303985467366,3.6229400000000003,0.8944607970934731,7.2458800000000005,0.5366764782560839,14.491760000000001,3.862274550699114,,,nogo
59.351695050514735,18.08167056780948,2.004631762539123,Max Odenplan,1.4705599999999999,2.004631762539123,2.9411199999999997,4.009263525078246,5.8822399999999995,2.4055581150469476,11.764479999999999,13.829643280250387,4.009263525078246,13.829643280250387,clear
59.30880197099028,18.066245153349225,0.857673694422067,Max Södermalm,1.53394,0.857673694422067,3.06788,1.715347388844134,6.13576,1.0292084333064804,12.27152,6.489111644301229,1.715347388844134,6.489111644301229,clear
59.330046579951706,18.048961045542594,0.9820818535656942,Max Hötorget,2.07317,0.9820818535656942,4.14634,1.9641637071313884,8.29268,1.178498224278833,16.58536,7.285323862820443,,,nogo
59.31554336639887,18.040017749443102,1.8821361765561555,Max Södermalm,1.72674,1.8821361765561555,3.45348,3.764272353112311,6.90696,2.2585634118673865,13.81392,13.045671529959396,3.764272353112311,13.045671529959396,clear
59.34526489351863,18.04191163928033,0.5259277667077504,Max Karolinska,1.1551,0.5259277667077504,2.3102,1.0518555334155009,4.6204,0.6311133200493004,9.2408,4.365937706929603,1.0518555334155009,4.365937706929603,clear
59.33768308201065,18.097663543316774,1.5516031248075457,Max Hamngatan,0.90961,1.5516031248075457,1.81922,3.1032062496150914,3.63844,1.8619237497690548,7.27688,10.930259998768292,,,nogo
59.3317837998122,17.999112693568428,1.9092157438539064,Max Kungsholmen,0.9804400000000001,1.9092157438539064,1.9608800000000002,3.8184314877078127,3.92176,2.2910588926246875,7.84352,13.218980760665001,,,nogo
59.308828866540864,18.08268529862747,0.9381856258614669,Max Södermalm,1.4520899999999999,0.9381856258614669,2.9041799999999998,1.8763712517229338,5.8083599999999995,1.1258227510337602,11.616719999999999,7.004388005513388,1.8763712517229338,7.004388005513388,clear
59.34619340986527,18.067521195138593,1.0077296551040713,Max Odenplan,2.2509099999999997,1.0077296551040713,4.5018199999999995,2.0154593102081426,9.003639999999999,1.2092755861248854,18.007279999999998,7.449469792666056,2.0154593102081426,7.449469792666056,clear
59.347963129769305,18.080758308920633,1.7333304005321808,Max Hötorget,1.9967000000000001,1.7333304005321808,3.9934000000000003,3.4666608010643616,7.9868,2.079996480638617,15.9736,12.093314563405958,,,nogo
59.31372762141059,18.07302028097917,0.2159270466322869,Max Södermalm,1.37656,0.2159270466322869,2.75312,0.4318540932645738,5.50624,0.25911245595874427,11.01248,2.3819330984466363,0.4318540932645738,2.3819330984466363,clear
59.3099787226773,18.095398271926364,1.4209088152772638,Max Södermalm,1.4373900000000002,1.4209088152772638,2.8747800000000003,2.8418176305545275,5.749560000000001,1.7050905783327166,11.499120000000001,10.093816417774487,2.8418176305545275,10.093816417774487,clear
59.33006306531315,18.056916108440426,0.6847698055958992,Max Hötorget,1.98604,0.6847698055958992,3.97208,1.3695396111917983,7.94416,0.8217237667150791,15.88832,5.382526755813755,,,nogo
59.33712333170534,18.018107664353558,0.894152578360384,Max Kungsholmen,1.70756,0.894152578360384,3.41512,1.788305156720768,6.83024,1.0729830940324607,13.66048,6.722576501506458,,,nogo
59.31195558395967,18.05426775532976,1.1476382620476968,Max Södermalm,1.55934,1.1476382620476968,3.11868,2.2952765240953936,6.23736,1.3771659144572364,12.47472,8.34488487710526,2.2952765240953936,8.34488487710526,clear
59.35083981480749,18.105699348252937,2.766545392567237,Max Hamngatan,1.5565499999999999,2.766545392567237,3.1130999999999998,5.533090785134474,6.2261999999999995,3.3198544710806845,12.452399999999999,18.70589051243032,,,nogo
59.311024806208344,18.04810308600977,1.5128190942581,Max Södermalm,2.1638699999999997,1.5128190942581,4.3277399999999995,3.0256381885162,8.655479999999999,1.8153829131097199,17.310959999999998,10.68204220325184,3.0256381885162,10.68204220325184,clear
59.34173364273683,18.097041459383867,1.7286257888055387,Max Hamngatan,1.83286,1.7286257888055387,3.66572,3.4572515776110775,7.33144,2.0743509465666468,14.66288,12.06320504835545,,,nogo
59.3490616951987,18.102047717246933,2.4798163131023676,Max Hamngatan,1.83965,2.4798163131023676,3.6793,4.959632626204735,7.3586,2.975779575722841,14.7172,16.870824403855153,,,nogo
59.31855412930171,18.075470716781265,0.3496770251402069,Max Södermalm,1.34435,0.3496770251402069,2.6887,0.6993540502804138,5.3774,0.41961243016824823,10.7548,3.237932960897324,0.6993540502804138,3.237932960897324,clear
59.34856722378052,18.073043969240082,1.4060536074234604,Max Odenplan,1.5403699999999998,1.4060536074234604,3.0807399999999996,2.812107214846921,6.161479999999999,1.6872643289081526,12.322959999999998,9.998743087510146,2.812107214846921,9.998743087510146,clear
59.334695352602694,18.03508160012507,0.18065697268511696,Max Kungsholmen,1.68256,0.18065697268511696,3.36512,0.3613139453702339,6.73024,0.21678836722214034,13.46048,2.1562046251847486,,,nogo
59.34352169189034,18.049457916451864,0.14517672571389553,Max Odenplan,2.46428,0.14517672571389553,4.92856,0.29035345142779106,9.85712,0.17421207085667464,19.71424,1.9291310445689314,0.29035345142779106,1.9291310445689314,clear
59.34739793579821,18.043437390928094,0.5834262235441179,Max Karolinska,1.9435499999999999,0.5834262235441179,3.8870999999999998,1.1668524470882358,7.7741999999999996,0.7001114682529415,15.548399999999999,4.7339278306823545,1.1668524470882358,4.7339278306823545,clear
59.33230861166948,18.032608574563326,0.16788399931439751,Max Kungsholmen,1.31446,0.16788399931439751,2.62892,0.33576799862879503,5.25784,0.20146079917727702,10.51568,2.0744575956121443,,,nogo
59.30895488549687,18.07951703748769,0.8329839609416312,Max Södermalm,2.41547,0.8329839609416312,4.83094,1.6659679218832624,9.66188,0.9995807531299573,19.32376,6.33109735002644,1.6659679218832624,6.33109735002644,clear
59.30997267026194,18.09308727751093,1.3047459780621724,Max Södermalm,1.85247,1.3047459780621724,3.70494,2.609491956124345,7.40988,1.565695173674607,14.81976,9.350374259597903,2.609491956124345,9.350374259597903,clear
59.34346109232083,18.113564778110373,2.638646021577789,Max Hamngatan,1.6542000000000001,2.638646021577789,3.3084000000000002,5.277292043155578,6.6168000000000005,3.1663752258933466,13.233600000000001,17.88733453809785,,,nogo
59.34214284937523,18.104578803192872,2.1175631938752546,Max Hamngatan,2.34046,2.1175631938752546,4.68092,4.235126387750509,9.36184,2.5410758326503053,18.72368,14.552404440801629,,,nogo
59.31452809591696,18.101902576981097,1.6470665434775946,Max Södermalm,0.99194,1.6470665434775946,1.98388,3.2941330869551892,3.9677599999999997,1.9764798521731137,7.9355199999999995,11.541225878256606,3.2941330869551892,11.541225878256606,clear
59.32871815091579,18.01631669385846,1.0780573425283961,Max Kungsholmen,1.90686,1.0780573425283961,3.81372,2.1561146850567923,7.627439999999999,1.2936688110340753,15.254879999999998,7.899566992181735,,,nogo
59.328623865799976,18.038942761099264,0.687024301825953,Max Kungsholmen,2.1242199999999998,0.687024301825953,4.2484399999999996,1.374048603651906,8.496879999999999,0.8244291621911436,16.993759999999998,5.396955531686099,,,nogo
59.311486656868325,18.064123904256743,0.6900270465874369,Max Södermalm,2.84123,0.6900270465874369,5.68246,1.3800540931748737,11.36492,0.8280324559049242,22.72984,5.416173098159596,1.3800540931748737,5.416173098159596,clear
59.34237902755589,18.063129674894817,0.6755371085297133,Max Odenplan,1.7627599999999999,0.6755371085297133,3.5255199999999998,1.3510742170594265,7.0510399999999995,0.810644530235656,14.102079999999999,5.323437494590165,1.3510742170594265,5.323437494590165,clear
59.346643113956745,18.060078437241256,0.6738386929240866,Max Odenplan,2.0797,0.6738386929240866,4.1594,1.3476773858481732,8.3188,0.808606431508904,16.6376,5.312567634714155,1.3476773858481732,5.312567634714155,clear
59.33380403989885,18.082895358594474,0.6252601201559939,Max Hamngatan,1.56256,0.6252601201559939,3.12512,1.2505202403119877,6.25024,0.7503121441871927,12.50048,5.001664768998361,,,nogo
59.332501452295034,18.01337940472833,1.093521424313029,Max Kungsholmen,2.06418,1.093521424313029,4.12836,2.187042848626058,8.25672,1.3122257091756346,16.51344,7.998537115603385,,,nogo
59.31396503981061,18.04409562756943,1.6607387639417142,Max Södermalm,2.12465,1.6607387639417142,4.2493,3.3214775278834283,8.4986,1.9928865167300571,16.9972,11.628728089226971,3.3214775278834283,11.628728089226971,clear
59.31622158848317,18.08802773209817,0.8542462322312802,Max Södermalm,2.03751,0.8542462322312802,4.07502,1.7084924644625603,8.15004,1.0250954786775361,16.30008,6.467175886280193,1.7084924644625603,6.467175886280193,clear
59.31507907636525,18.063421490945355,0.5531582626377793,Max Södermalm,1.78556,0.5531582626377793,3.57112,1.1063165252755587,7.14224,0.6637899151653353,14.28448,4.540212880881787,1.1063165252755587,4.540212880881787,clear
59.31228986232256,18.04966884614357,1.3845884264455706,Max Södermalm,1.32898,1.3845884264455706,2.65796,2.769176852891141,5.31592,1.6615061117346845,10.63184,9.861365929251651,2.769176852891141,9.861365929251651,clear
59.336557224342634,18.011334719352305,1.2383746258498771,Max Kungsholmen,1.50805,1.2383746258498771,3.0161,2.4767492516997542,6.0322,1.4860495510198526,12.0644,8.925597605439213,,,nogo
59.34404612763577,18.051441218584618,0.16115131657749357,Max Odenplan,1.12347,0.16115131657749357,2.24694,0.32230263315498714,4.49388,0.19338157989299226,8.98776,2.031368426095959,0.32230263315498714,2.031368426095959,clear
59.34028008891755,18.08399517342872,1.065515040093532,Max Hamngatan,0.30407999999999996,1.065515040093532,0.6081599999999999,2.131030080187064,1.2163199999999998,1.2786180481122384,2.4326399999999997,7.819296256598605,,,nogo
59.34630466015804,18.047623893175363,0.4615852838481841,Max Odenplan,0.44082,0.4615852838481841,0.88164,0.9231705676963682,1.76328,0.5539023406178208,3.52656,3.954145816628378,0.9231705676963682,3.954145816628378,clear
59.350928152877486,18.057272725278292,0.9884676234741514,Max Odenplan,2.79994,0.9884676234741514,5.59988,1.9769352469483028,11.19976,1.1861611481689818,22.39952,7.326192790234569,1.9769352469483028,7.326192790234569,clear
59.31254785162781,18.086693244607222,0.8502289094926239,Max Södermalm,0.67013,0.8502289094926239,1.34026,1.7004578189852477,2.68052,1.0202746913911487,5.36104,6.441465020752792,1.7004578189852477,6.441465020752792,clear
59.342449865804944,18.093220181043538,1.6061932341690897,Max Hamngatan,1.81322,1.6061932341690897,3.62644,3.2123864683381793,7.25288,1.9274318810029074,14.50576,11.279636698682173,,,nogo
59.34842345516157,18.0838092136367,1.8526706721581496,Max Hamngatan,2.3485,1.8526706721581496,4.697,3.7053413443162992,9.394,2.2232048065897794,18.788,12.857092301812157,,,nogo
59.33769263415373,18.013008521117044,1.1863010854093259,Max Kungsholmen,1.27379,1.1863010854093259,2.54758,2.3726021708186518,5.09516,1.423561302491191,10.19032,8.592326946619686,,,nogo
59.34617763450776,18.098724503050125,2.1183061561791825,Max Hamngatan,1.5178800000000001,2.1183061561791825,3.0357600000000002,4.236612312358365,6.0715200000000005,2.541967387415019,12.143040000000001,14.557159399546768,,,nogo
59.33119304755413,18.048228997472133,0.9441652694081896,Max Hötorget,2.9915599999999998,0.9441652694081896,5.9831199999999995,1.8883305388163791,11.966239999999999,1.1329983232898275,23.932479999999998,7.042657724212413,,,nogo
59.345522962383356,18.095091011377654,1.9214653960847627,Max Hamngatan,1.97357,1.9214653960847627,3.94714,3.8429307921695255,7.894280000000001,2.3057584753017153,15.788560000000002,13.297378534942482,,,nogo
59.33554250129378,18.00096022636348,1.8008739915012375,Max Kungsholmen,1.71111,1.8008739915012375,3.42222,3.601747983002475,6.84444,2.1610487898014847,13.68888,12.525593545607919,,,nogo
59.30802735314376,18.077903701292495,0.8944080573294791,Max Södermalm,1.5139,0.8944080573294791,3.0278,1.7888161146589583,6.0556,1.073289668795375,12.1112,6.724211566908666,1.7888161146589583,6.724211566908666,clear
59.35333054707922,18.10391182600958,2.9085037946956205,Max Hamngatan,1.78424,2.9085037946956205,3.56848,5.817007589391241,7.13696,3.4902045536347446,14.27392,19.61442428605197,,,nogo
59.33301610961549,18.072208468865398,0.014408170395800819,Max Hamngatan,1.21042,0.014408170395800819,2.42084,0.028816340791601638,4.84168,0.017289804474960983,9.68336,1.0922122905331253,,,nogo
59.31637216985688,18.05751038043626,0.8893858912648847,Max Södermalm,1.33251,0.8893858912648847,2.66502,1.7787717825297693,5.33004,1.0672630695178615,10.66008,6.692069704095262,1.7787717825297693,6.692069704095262,clear
59.33933965905552,18.11278872023262,2.4266064773174025,Max Hamngatan,1.51377,2.4266064773174025,3.02754,4.853212954634805,6.05508,2.911927772780883,12.11016,16.530281454831375,,,nogo
59.34477936716894,18.074638178698894,1.2424969995226083,Max Hötorget,0.22544999999999998,1.2424969995226083,0.45089999999999997,2.4849939990452166,0.9017999999999999,1.49099639942713,1.8035999999999999,8.951980796944692,,,nogo
59.32657021793328,18.01901301404879,1.1105370069558183,Max Kungsholmen,2.0606,1.1105370069558183,4.1212,2.2210740139116365,8.2424,1.3326444083469817,16.4848,8.107436844517236,,,nogo
59.31154600953766,18.101375575486536,1.6762910478140964,Max Södermalm,0.98221,1.6762910478140964,1.96442,3.352582095628193,3.9288400000000006,2.011549257376916,7.857680000000001,11.728262706010216,3.352582095628193,11.728262706010216,clear
59.30779892742136,18.069804910969573,0.8958444343829389,Max Södermalm,1.41058,0.8958444343829389,2.82116,1.7916888687658779,5.64232,1.0750133212595268,11.28464,6.733404380050809,1.7916888687658779,6.733404380050809,clear
59.342084969440364,18.08800859747328,1.366891821217551,Max Hamngatan,1.09826,1.366891821217551,2.19652,2.733783642435102,4.39304,1.640270185461061,8.78608,9.748107655792326,,,nogo
59.34804893530725,18.103518163003873,2.459501881432712,Max Hamngatan,1.3168199999999999,2.459501881432712,2.6336399999999998,4.919003762865424,5.2672799999999995,2.9514022577192542,10.534559999999999,16.740812041169356,,,nogo
59.332200191100576,18.086026183780227,0.7995864041378503,Max Hamngatan,1.66699,0.7995864041378503,3.33398,1.5991728082757006,6.66796,0.9595036849654204,13.33592,6.117352986482242,,,nogo
59.34053719864803,18.06106284326263,0.5665825527511245,Max Hötorget,1.7096099999999999,0.5665825527511245,3.4192199999999997,1.133165105502249,6.838439999999999,0.6798990633013494,13.676879999999999,4.626128337607197,,,nogo
59.33327803766987,18.005565144227248,1.5296463210771165,Max Kungsholmen,0.95008,1.5296463210771165,1.90016,3.059292642154233,3.80032,1.83557558529254,7.60064,10.789736454893546,,,nogo
59.34575800025539,18.104741456267554,2.3469547644671964,Max Hamngatan,1.37149,2.3469547644671964,2.74298,4.693909528934393,5.48596,2.816345717360636,10.97192,16.020510492590056,,,nogo
59.33147833268668,18.010795903681483,1.2579614866795243,Max Kungsholmen,1.89372,1.2579614866795243,3.78744,2.5159229733590487,7.57488,1.5095537840154292,15.14976,9.050953514748956,,,nogo
59.33466218362758,18.042762463390737,0.5962755510846143,Max Kungsholmen,1.44831,0.5962755510846143,2.89662,1.1925511021692285,5.79324,0.7155306613015371,11.58648,4.816163526941532,,,nogo
59.33823333345041,18.04850722065085,0.5114036638957099,Max Odenplan,0.79422,0.5114036638957099,1.58844,1.0228073277914198,3.17688,0.6136843966748519,6.35376,4.272983448932544,1.0228073277914198,4.272983448932544,clear
59.34903794611445,18.049105548394667,0.7273999775710015,Max Odenplan,1.7145599999999999,0.7273999775710015,3.4291199999999997,1.454799955142003,6.8582399999999994,0.8728799730852018,13.716479999999999,5.655359856454409,1.454799955142003,5.655359856454409,clear
59.33957808656112,18.09730704103996,1.6178377518930065,Max Hamngatan,1.98929,1.6178377518930065,3.97858,3.235675503786013,7.95716,1.941405302271608,15.91432,11.354161612115242,,,nogo
59.34171354573509,18.08295086368169,1.1599699311110236,Max Hamngatan,2.09537,1.1599699311110236,4.19074,2.3199398622220473,8.38148,1.3919639173332283,16.76296,8.423807559110552,,,nogo
59.33527176537679,18.00337981049916,1.66079937214499,Max Kungsholmen,1.79659,1.66079937214499,3.59318,3.32159874428998,7.18636,1.9929592465739883,14.37272,11.629115981727937,,,nogo
59.3572275573472,18.090564138868814,2.766389279606671,Max Odenplan,1.96941,2.766389279606671,3.93882,5.532778559213342,7.8776399999999995,3.3196671355280047,15.755279999999999,18.704891389482693,5.532778559213342,18.704891389482693,clear
59.33250608173704,18.03509039644294,0.2104750350037965,Max Kungsholmen,1.9461,0.2104750350037965,3.8922,0.420950070007593,7.7844,0.2525700420045558,15.5688,2.3470402240242976,,,nogo
59.344548514482504,18.087859408624908,1.5776435124623205,Max Hamngatan,1.62832,1.5776435124623205,3.25664,3.155287024924641,6.51328,1.8931722149547847,13.02656,11.096918479758852,,,nogo
59.333847735566,18.094733697825276,1.2953706639531166,Max Hamngatan,2.08818,1.2953706639531166,4.17636,2.5907413279062332,8.35272,1.55444479674374,16.70544,9.290372249299946,,,nogo
59.337756764508555,18.04923440967543,0.5520416043985985,Max Odenplan,1.63948,0.5520416043985985,3.27896,1.104083208797197,6.55792,0.6624499252783183,13.11584,4.53306626815103,1.104083208797197,4.53306626815103,clear
59.33897325554081,18.068810623265954,0.5271305136259002,Max Hötorget,2.0982399999999997,0.5271305136259002,4.196479999999999,1.0542610272518005,8.392959999999999,0.6325566163510803,16.785919999999997,4.373635287205762,,,nogo
59.342834384809755,18.075447317001224,1.0994308963029777,Max Hötorget,0.32338,1.0994308963029777,0.64676,2.1988617926059555,1.29352,1.3193170755635732,2.58704,8.036357736339058,,,nogo
59.340665253217196,18.05535501297427,0.3173405630529791,Max Odenplan,1.42509,0.3173405630529791,2.85018,0.6346811261059582,5.70036,0.3808086756635749,11.40072,3.030979603539066,0.6346811261059582,3.030979603539066,clear
59.31424901878139,18.070684622607914,0.20811650939841483,Max Södermalm,2.17963,0.20811650939841483,4.35926,0.41623301879682967,8.71852,0.2497398112780978,17.43704,2.331945660149855,0.41623301879682967,2.331945660149855,clear
59.346524821437285,18.03487536630244,0.10189735550403071,Max Karolinska,1.2100199999999999,0.10189735550403071,2.4200399999999997,0.20379471100806143,4.8400799999999995,0.12227682660483687,9.680159999999999,1.6521430752257966,0.20379471100806143,1.6521430752257966,clear
59.33874571445923,18.101860588648847,1.8167841605127104,Max Hamngatan,1.70277,1.8167841605127104,3.40554,3.633568321025421,6.81108,2.180140992615253,13.62216,12.627418627281347,,,nogo
59.33294003945964,18.09430140756333,1.2666180847612272,Max Hamngatan,1.7946300000000002,1.2666180847612272,3.5892600000000003,2.5332361695224543,7.178520000000001,1.5199417017134724,14.357040000000001,9.106355742471854,,,nogo
59.34227822113887,18.07297319635306,0.9612008550441057,Max Hötorget,1.87628,0.9612008550441057,3.75256,1.9224017100882114,7.50512,1.1534410260529269,15.01024,7.151685472282276,,,nogo
59.33750048174827,18.058557459915736,0.3162217278173325,Max Hötorget,1.01494,0.3162217278173325,2.02988,0.632443455634665,4.05976,0.37946607338079896,8.11952,3.023819058030928,,,nogo
59.34578453591324,18.105358742644427,2.3766805358491228,Max Hamngatan,0.56302,2.3766805358491228,1.12604,4.7533610716982455,2.25208,2.8520166430189473,4.50416,16.210755429434386,,,nogo
59.34829330756981,18.063442757883216,0.93912428274364,Max Odenplan,2.07843,0.93912428274364,4.15686,1.87824856548728,8.31372,1.126949139292368,16.62744,7.010395409559296,1.87824856548728,7.010395409559296,clear
59.335416291603416,18.021429661629696,0.6504993288184442,Max Kungsholmen,1.30753,0.6504993288184442,2.61506,1.3009986576368884,5.23012,0.7805991945821331,10.46024,5.163195704438043,,,nogo
59.31753728500978,18.036760294335473,1.8298416553350967,Max Kungsholmen,1.21247,1.8298416553350967,2.42494,3.6596833106701934,4.84988,2.195809986402116,9.69976,12.710986594144618,,,nogo
59.31678078565449,18.028271814459266,1.9119837618946682,Max Kungsholmen,0.58905,1.9119837618946682,1.1781,3.8239675237893365,2.3562,2.294380514273602,4.7124,13.236696076125877,,,nogo
59.3097136916671,18.074167303647705,0.6660209805915562,Max Södermalm,0.31216000000000005,0.6660209805915562,0.6243200000000001,1.3320419611831125,1.2486400000000002,0.7992251767098675,2.4972800000000004,5.26253427578596,1.3320419611831125,5.26253427578596,clear
59.31588436339535,18.097411060602326,1.3865807389907725,Max Södermalm,1.34768,1.3865807389907725,2.69536,2.773161477981545,5.39072,1.663896886788927,10.78144,9.874116729540944,2.773161477981545,9.874116729540944,clear
59.31610763015767,18.041339829444226,1.8074517877224474,Max Södermalm,1.63297,1.8074517877224474,3.26594,3.614903575444895,6.53188,2.168942145266937,13.06376,12.567691441423664,3.614903575444895,12.567691441423664,clear
59.308083645019224,18.065683656557965,0.9435345621631083,Max Södermalm,2.53325,0.9435345621631083,5.0665,1.8870691243262165,10.133,1.1322414745957299,20.266,7.038621197843893,1.8870691243262165,7.038621197843893,clear
59.32839642403101,18.061189734533414,0.7954786845474573,Max Hötorget,1.00193,0.7954786845474573,2.00386,1.5909573690949146,4.00772,0.9545744214569487,8.01544,6.091063581103727,,,nogo
59.332147904718326,18.08089604541833,0.5108087499973917,Max Hamngatan,2.48821,0.5108087499973917,4.97642,1.0216174999947834,9.95284,0.61297049999687,19.90568,4.2691759999833065,,,nogo
59.31813069696715,18.077453236128097,0.3712150069867735,Max Södermalm,1.48669,0.3712150069867735,2.97338,0.742430013973547,5.94676,0.44545800838412825,11.89352,3.3757760447153506,0.742430013973547,3.3757760447153506,clear
59.312198628365145,18.04424453909792,1.686288111788751,Max Södermalm,1.62282,1.686288111788751,3.24564,3.372576223577502,6.49128,2.023545734146501,12.98256,11.792243915448005,3.372576223577502,11.792243915448005,clear
59.32094518676782,18.068898741808056,0.6342140887690284,Max Södermalm,2.01472,0.6342140887690284,4.02944,1.2684281775380568,8.05888,0.7610569065228341,16.11776,5.058970168121782,1.2684281775380568,5.058970168121782,clear
59.30926987491648,18.081149228081994,0.8482738687995388,Max Södermalm,1.5164000000000002,0.8482738687995388,3.0328000000000004,1.6965477375990776,6.065600000000001,1.0179286425594465,12.131200000000002,6.428952760317048,1.6965477375990776,6.428952760317048,clear
59.333226357279585,18.0723802451346,0.03940892364487003,Max Hamngatan,1.19828,0.03940892364487003,2.39656,0.07881784728974006,4.79312,0.04729070837384404,9.58624,1.2522171113271683,,,nogo
59.3494740892646,18.041932013478608,0.5727169437150369,Max Karolinska,1.84168,0.5727169437150369,3.68336,1.1454338874300738,7.36672,0.6872603324580442,14.73344,4.665388439776236,1.1454338874300738,4.665388439776236,clear
59.312274311138836,18.070924189164376,0.3970254691284186,Max Södermalm,0.15333000000000002,0.3970254691284186,0.30666000000000004,0.7940509382568371,0.6133200000000001,0.47643056295410224,1.2266400000000002,3.540963002421879,0.7940509382568371,3.540963002421879,clear
59.35471778278885,18.088996788422847,2.5356660391713475,Max Odenplan,1.21217,2.5356660391713475,2.42434,5.071332078342695,4.84868,3.042799247005617,9.69736,17.228262650696625,5.071332078342695,17.228262650696625,clear
59.31293215687386,18.048467252252433,1.4336698145794324,Max Södermalm,0.7887000000000001,1.4336698145794324,1.5774000000000001,2.867339629158865,3.1548000000000003,1.720403777495319,6.3096000000000005,10.175486813308368,2.867339629158865,10.175486813308368,clear
59.327271147083636,18.07414302562909,0.6400218439802581,Max Hamngatan,1.37956,0.6400218439802581,2.75912,1.2800436879605162,5.51824,0.7680262127763097,11.03648,5.096139801473652,,,nogo
59.34697817605496,18.091728741590526,1.9257212634940006,Max Hamngatan,1.1242,1.9257212634940006,2.2484,3.8514425269880013,4.4968,2.3108655161928007,8.9936,13.324616086361605,,,nogo
59.31584441628996,18.061376167658874,0.6660522348004032,Max Södermalm,0.89163,0.6660522348004032,1.78326,1.3321044696008064,3.56652,0.7992626817604839,7.13304,5.26273430272258,1.3321044696008064,5.26273430272258,clear
59.314234591608525,18.04406466958169,1.6593299019058352,Max Södermalm,1.26143,1.6593299019058352,2.52286,3.3186598038116704,5.04572,1.9911958822870022,10.09144,11.619711372197346,3.3186598038116704,11.619711372197346,clear
59.33658624831696,18.08923505075746,1.060209321471,Max Hamngatan,2.26229,1.060209321471,4.52458,2.120418642942,9.04916,1.2722511857652,18.09832,7.7853396574144,,,nogo
59.34001406964494,18.092815865563782,1.4220629879671252,Max Hamngatan,1.6792799999999999,1.4220629879671252,3.3585599999999998,2.8441259759342503,6.7171199999999995,1.70647558556055,13.434239999999999,10.1012031229896,,,nogo
59.3106870574894,18.06445434258297,0.7404063837138445,Max Södermalm,1.61978,0.7404063837138445,3.23956,1.480812767427689,6.47912,0.8884876604566134,12.95824,5.738600855768604,1.480812767427689,5.738600855768604,clear
59.34222049358729,18.077439327717425,1.080999189860022,Max Hamngatan,1.86247,1.080999189860022,3.72494,2.161998379720044,7.44988,1.2971990278320265,14.89976,7.918394815104141,,,nogo
59.310638159358845,18.085529801226564,0.9041636255205606,Max Södermalm,0.9899,0.9041636255205606,1.9798,1.8083272510411212,3.9596,1.0849963506246727,7.9192,6.786647203331588,1.8083272510411212,6.786647203331588,clear
59.34230391665107,18.03668864573704,0.547257614504531,Max Karolinska,2.29919,0.547257614504531,4.59838,1.094515229009062,9.19676,0.6567091374054372,18.39352,4.502448732828999,1.094515229009062,4.502448732828999,clear
59.31953746885386,18.058748152613454,0.9224198959414782,Max Södermalm,1.0653599999999999,0.9224198959414782,2.1307199999999997,1.8448397918829564,4.2614399999999995,1.1069038751297737,8.522879999999999,6.90348733402546,1.8448397918829564,6.90348733402546,clear
59.344177006581575,18.086922620551352,1.5133795214289878,Max Hamngatan,1.50253,1.5133795214289878,3.00506,3.0267590428579756,6.01012,1.8160554257147854,12.02024,10.685628937145522,,,nogo
59.34977635005775,18.089788505355248,2.13237391055132,Max Hamngatan,1.57152,2.13237391055132,3.14304,4.26474782110264,6.28608,2.558848692661584,12.57216,14.647193027528449,,,nogo
59.31612193601695,18.05244349943335,1.1755483902898423,Max Södermalm,1.80511,1.1755483902898423,3.61022,2.3510967805796845,7.22044,1.4106580683478107,14.44088,8.52350969785499,2.3510967805796845,8.52350969785499,clear
59.339233483617015,18.007610004404455,1.5356963403122008,Max Kungsholmen,1.64497,1.5356963403122008,3.28994,3.0713926806244016,6.57988,1.8428356083746409,13.15976,10.828456577998086,,,nogo
59.35119190057564,18.07983247215949,1.8860781713985686,Max Odenplan,0.73338,1.8860781713985686,1.46676,3.772156342797137,2.93352,2.2632938056782823,5.86704,13.070900296950839,3.772156342797137,13.070900296950839,clear
59.33673979761449,18.014265922230457,1.083440429174947,Max Kungsholmen,1.0135399999999999,1.083440429174947,2.0270799999999998,2.166880858349894,4.0541599999999995,1.3001285150099364,8.108319999999999,7.934018746719661,,,nogo
59.339742518688354,18.109342931608108,2.2546883498450048,Max Hamngatan,1.9383800000000002,2.2546883498450048,3.8767600000000004,4.5093766996900095,7.753520000000002,2.705626019814006,15.507040000000003,15.430005439008031,,,nogo
59.3130832500896,18.072079940450983,0.29313133713367157,Max Södermalm,1.88988,0.29313133713367157,3.77976,0.5862626742673431,7.559519999999999,0.3517576045604059,15.119039999999998,2.876040557655498,0.5862626742673431,2.876040557655498,clear
59.335405039300916,18.02076010572951,0.686897692174827,Max Kungsholmen,2.18946,0.686897692174827,4.37892,1.373795384349654,8.75784,0.8242772306097924,17.51568,5.396145229918893,,,nogo
59.30626422095095,18.08536705254822,1.2600515301031316,Max Södermalm,1.42872,1.2600515301031316,2.85744,2.5201030602062633,5.71488,1.5120618361237579,11.42976,9.064329792660043,2.5201030602062633,9.064329792660043,clear
59.33353864623744,18.044671025310997,0.6980238650859244,Max Kungsholmen,1.28505,0.6980238650859244,2.5701,1.3960477301718488,5.1402,0.8376286381031093,10.2804,5.467352736549916,,,nogo
59.33529161253375,18.025196663854427,0.4428720719304535,Max Kungsholmen,1.94919,0.4428720719304535,3.89838,0.885744143860907,7.796760000000001,0.5314464863165442,15.593520000000002,3.8343812603549026,,,nogo
59.34047291752048,18.04428737339515,0.46257954356933517,Max Odenplan,1.8428,0.46257954356933517,3.6856,0.9251590871386703,7.3712,0.5550954522832021,14.7424,3.960509078843745,0.9251590871386703,3.960509078843745,clear
59.31576473126104,18.100011187558618,1.5344816671503505,Max Södermalm,2.74702,1.5344816671503505,5.49404,3.068963334300701,10.98808,1.8413780005804206,21.97616,10.820682669762244,3.068963334300701,10.820682669762244,clear
59.35453648701263,18.091021714586084,2.6236219189532046,Max Odenplan,2.8534499999999996,2.6236219189532046,5.706899999999999,5.247243837906409,11.413799999999998,3.1483463027438456,22.827599999999997,17.79118028130051,5.247243837906409,17.79118028130051,clear
59.30704134463653,18.076816412560163,0.9842159038505216,Max Södermalm,2.38258,0.9842159038505216,4.76516,1.9684318077010432,9.53032,1.181059084620626,19.06064,7.298981784643338,1.9684318077010432,7.298981784643338,clear
59.30822212599331,18.07403665510126,0.8310639285482163,Max Södermalm,0.58715,0.8310639285482163,1.1743,1.6621278570964326,2.3486,0.9972767142578597,4.6972,6.318809142708584,1.6621278570964326,6.318809142708584,clear
59.33637355865338,18.008182428140863,1.4086469262883905,Max Kungsholmen,2.01756,1.4086469262883905,4.03512,2.817293852576781,8.07024,1.6903763115460686,16.14048,10.0153403282457,,,nogo
59.34784012930795,18.044768058335762,0.6648731611286215,Max Karolinska,1.8403800000000001,0.6648731611286215,3.6807600000000003,1.329746322257243,7.3615200000000005,0.7978477933543457,14.723040000000001,5.255188231223178,1.329746322257243,5.255188231223178,clear
59.35445835183454,18.09804951934039,2.8192593138983657,Max Hamngatan,2.13871,2.8192593138983657,4.27742,5.638518627796731,8.55484,3.383111176678039,17.10968,19.04325960894954,,,nogo
59.33890068024829,18.044225238646824,0.5749621480554227,Max Odenplan,2.1996599999999997,0.5749621480554227,4.3993199999999995,1.1499242961108453,8.798639999999999,0.6899545776665071,17.597279999999998,4.679757747554705,1.1499242961108453,4.679757747554705,clear
59.340474414709796,18.08083188620119,0.9792374747623018,Max Hamngatan,2.61351,0.9792374747623018,5.22702,1.9584749495246037,10.45404,1.1750849697147623,20.90808,7.267119838478732,,,nogo
59.35438331806077,18.10217291549086,2.94236061547662,Max Hamngatan,1.47971,2.94236061547662,2.95942,5.88472123095324,5.91884,3.5308327385719442,11.83768,19.83110793905037,,,nogo
59.35124763476762,18.104046671237978,2.7360382453427663,Max Hamngatan,1.48066,2.7360382453427663,2.96132,5.472076490685533,5.92264,3.2832458944113196,11.84528,18.510644770193704,,,nogo
59.34634599740695,18.03609613379566,0.17380296744364745,Max Karolinska,2.3704,0.17380296744364745,4.7408,0.3476059348872949,9.4816,0.20856356093237696,18.9632,2.112338991639344,0.3476059348872949,2.112338991639344,clear
59.33002828338062,18.02620566178531,0.5502791927189657,Max Kungsholmen,1.29257,0.5502791927189657,2.58514,1.1005583854379315,5.17028,0.6603350312627589,10.34056,4.52178683340138,,,nogo
59.33984453486779,18.097535524148928,1.643131196637874,Max Hamngatan,1.31561,1.643131196637874,2.63122,3.286262393275748,5.26244,1.971757435965449,10.52488,11.516039658482395,,,nogo
59.33337009927136,18.072080905757506,0.05064171202142842,Max Hamngatan,0.39549,0.05064171202142842,0.79098,0.10128342404285684,1.58196,0.0607700544257141,3.16392,1.324106956937142,,,nogo
59.334222398063154,18.003376469721417,1.6536705510205634,Max Kungsholmen,1.61252,1.6536705510205634,3.22504,3.3073411020411267,6.45008,1.984404661224676,12.90016,11.583491526531606,,,nogo
59.347736723393304,18.0911283353035,1.976084608388867,Max Hamngatan,1.3415,1.976084608388867,2.683,3.952169216777734,5.366,2.3713015300666402,10.732,13.646941493688749,,,nogo
59.31023984389862,18.053302653949377,1.2776464875967928,Max Södermalm,1.9048900000000002,1.2776464875967928,3.8097800000000004,2.5552929751935856,7.61956,1.5331757851161514,15.23912,9.176937520619473,2.5552929751935856,9.176937520619473,clear
59.352055197550584,18.1001929193845,2.6666232710634916,Max Hamngatan,1.79833,2.6666232710634916,3.59666,5.333246542126983,7.19332,3.19994792527619,14.38664,18.066388934806348,,,nogo
59.35256115147827,18.083173099760526,2.127514040315488,Max Odenplan,2.83033,2.127514040315488,5.66066,4.255028080630976,11.32132,2.5530168483785856,22.64264,14.616089858019123,4.255028080630976,14.616089858019123,clear
59.34115517660226,18.087029484219986,1.2527630386792874,Max Hamngatan,2.2697399999999996,1.2527630386792874,4.539479999999999,2.505526077358575,9.078959999999999,1.5033156464151447,18.157919999999997,9.017683447547439,,,nogo
59.31205123783255,18.07134477542677,0.41443059958141665,Max Södermalm,1.14221,0.41443059958141665,2.28442,0.8288611991628333,4.56884,0.49731671949769995,9.13768,3.6523558373210667,0.8288611991628333,3.6523558373210667,clear
59.31998341888183,18.050229245243194,1.3865714341737065,Max Södermalm,1.51386,1.3865714341737065,3.02772,2.773142868347413,6.05544,1.663885721008448,12.11088,9.874057178711722,2.773142868347413,9.874057178711722,clear
59.35169027065088,18.083022319709038,2.0711041262965857,Max Odenplan,2.42687,2.0711041262965857,4.85374,4.142208252593171,9.70748,2.485324951555903,19.41496,14.255066408298148,4.142208252593171,14.255066408298148,clear
59.30682353931708,18.067501008807398,1.0347800999236856,Max Södermalm,2.2801799999999997,1.0347800999236856,4.560359999999999,2.069560199847371,9.120719999999999,1.2417361199084227,18.241439999999997,7.622592639511588,2.069560199847371,7.622592639511588,clear
59.342929954899326,18.048918644305637,0.13847431572913843,Max Odenplan,1.47511,0.13847431572913843,2.95022,0.27694863145827686,5.90044,0.1661691788749661,11.80088,1.8862356206664859,0.27694863145827686,1.8862356206664859,clear
59.3432492644611,18.051103788801015,0.07266090348105594,Max Odenplan,0.74926,0.07266090348105594,1.49852,0.1453218069621119,2.99704,0.08719308417726712,5.99408,1.4650297822787581,0.1453218069621119,1.4650297822787581,clear
59.330745255878064,18.077664042549902,0.4007924104808325,Max Hamngatan,2.40836,0.4007924104808325,4.81672,0.801584820961665,9.63344,0.48095089257699897,19.26688,3.565071427077328,,,nogo
59.33647936295331,18.078279098635768,0.5323040228825993,Max Hamngatan,1.46705,0.5323040228825993,2.9341,1.0646080457651985,5.8682,0.6387648274591191,11.7364,4.406745746448635,,,nogo
59.3445232159352,18.042832972716003,0.5254112924595402,Max Odenplan,1.86806,0.5254112924595402,3.73612,1.0508225849190804,7.47224,0.6304935509514482,14.94448,4.362632271741058,1.0508225849190804,4.362632271741058,clear
59.33256526028081,18.021746122508134,0.6231843951280208,Max Kungsholmen,2.2516,0.6231843951280208,4.5032,1.2463687902560416,9.0064,0.747821274153625,18.0128,4.988380128819333,,,nogo
59.33738930590641,18.056952855954854,0.3795593731492563,Max Hötorget,2.08975,0.3795593731492563,4.1795,0.7591187462985126,8.359,0.4554712477791076,16.718,3.4291799881552403,,,nogo
59.33368829360611,18.09373088760761,1.2371246201749528,Max Hamngatan,2.3733,1.2371246201749528,4.7466,2.4742492403499057,9.4932,1.4845495442099435,18.9864,8.917597569119698,,,nogo
59.33297705325444,18.024736844644153,0.4470608890120101,Max Kungsholmen,2.00669,0.4470608890120101,4.01338,0.8941217780240202,8.02676,0.5364730668144121,16.05352,3.8611896896768645,,,nogo
59.336076360684515,18.06516410837565,0.1639407006179855,Max Hötorget,0.6054299999999999,0.1639407006179855,1.2108599999999998,0.327881401235971,2.4217199999999997,0.1967288407415826,4.843439999999999,2.049220483955107,,,nogo
59.33418655357864,18.020169103158615,0.6984867973845511,Max Kungsholmen,2.1727600000000002,0.6984867973845511,4.3455200000000005,1.3969735947691022,8.691040000000001,0.8381841568614613,17.382080000000002,5.470315503261127,,,nogo
59.342069263019745,18.114454892804282,2.619996113750577,Max Hamngatan,1.54625,2.619996113750577,3.0925,5.239992227501154,6.185,3.143995336500692,12.37,17.76797512800369,,,nogo
59.314824733511934,18.069499719352095,0.22370179580073069,Max Södermalm,1.4885599999999999,0.22370179580073069,2.9771199999999998,0.44740359160146137,5.9542399999999995,0.2684421549608768,11.908479999999999,2.4316914931246765,0.44740359160146137,2.4316914931246765,clear
59.35949739359524,18.09419425484541,3.0832624680102527,Max Odenplan,1.76657,3.0832624680102527,3.53314,6.166524936020505,7.06628,3.6999149616123033,14.13256,20.732879795265617,6.166524936020505,20.732879795265617,clear
59.33248759989342,18.024781497690512,0.4590997561763478,Max Kungsholmen,2.70533,0.4590997561763478,5.41066,0.9181995123526956,10.82132,0.5509197074116173,21.64264,3.938238439528626,,,nogo
59.33098549853414,18.02613931167551,0.4763957107840756,Max Kungsholmen,0.33007,0.4763957107840756,0.66014,0.9527914215681512,1.32028,0.5716748529408908,2.64056,4.048932549018084,,,nogo
59.311301281554826,18.05300203852685,1.2418582126261013,Max Södermalm,1.62428,1.2418582126261013,3.24856,2.4837164252522026,6.49712,1.4902298551513216,12.99424,8.947892560807048,2.4837164252522026,8.947892560807048,clear
59.350339096907604,18.063709657297686,1.115397545005681,Max Odenplan,1.80477,1.115397545005681,3.60954,2.230795090011362,7.21908,1.3384770540068172,14.43816,8.138544288036359,2.230795090011362,8.138544288036359,clear
59.33598030706885,18.012932634490074,1.1350834863541375,Max Kungsholmen,0.64477,1.1350834863541375,1.28954,2.270166972708275,2.57908,1.3621001836249649,5.15816,8.26453431266648,,,nogo
59.34131720226134,18.097930990492216,1.7452116076890742,Max Hamngatan,2.39539,1.7452116076890742,4.79078,3.4904232153781485,9.58156,2.0942539292268894,19.16312,12.169354289210077,,,nogo
59.349693587083735,18.10152479783025,2.5113557424885293,Max Hamngatan,1.50927,2.5113557424885293,3.01854,5.022711484977059,6.03708,3.013626890986235,12.07416,17.072676751926586,,,nogo
59.31332862321874,18.07417769722576,0.267937230974032,Max Södermalm,1.81599,0.267937230974032,3.63198,0.535874461948064,7.26396,0.32152467716883837,14.52792,2.714798278233805,0.535874461948064,2.714798278233805,clear
59.31698591153349,18.057805789805403,0.8814222909202111,Max Södermalm,1.82743,0.8814222909202111,3.65486,1.7628445818404221,7.30972,1.0577067491042533,14.61944,6.6411026618893505,1.7628445818404221,6.6411026618893505,clear
59.32963684364728,18.04486045921264,0.847293138367126,Max Kungsholmen,0.42419999999999997,0.847293138367126,0.8483999999999999,1.694586276734252,1.6967999999999999,1.0167517660405514,3.3935999999999997,6.4226760855496074,,,nogo
59.30641438364753,18.07431474141223,1.0330575731777363,Max Södermalm,2.16684,1.0330575731777363,4.33368,2.0661151463554726,8.66736,1.2396690878132834,17.33472,7.611568468337512,2.0661151463554726,7.611568468337512,clear
59.34017239729066,18.075400536610754,0.8305948502484659,Max Hamngatan,1.88077,0.8305948502484659,3.76154,1.6611897004969318,7.52308,0.996713820298159,15.04616,6.3158070415901815,,,nogo
59.35673333477918,18.098207114037688,3.042259390821972,Max Hamngatan,1.7273399999999999,3.042259390821972,3.4546799999999998,6.084518781643944,6.9093599999999995,3.6507112689863668,13.818719999999999,20.47046010126062,,,nogo
59.353284590067986,18.099426456669047,2.752412324776114,Max Hamngatan,1.96655,2.752412324776114,3.9331,5.504824649552228,7.866199999999999,3.302894789731337,15.732399999999998,18.61543887856713,,,nogo
59.31405324121423,18.083447583860586,0.617877746869189,Max Södermalm,2.8452800000000003,0.617877746869189,5.6905600000000005,1.235755493738378,11.381120000000001,0.7414532962430268,22.762240000000002,4.95441757996281,1.235755493738378,4.95441757996281,clear
59.32945425120041,18.060965577268533,0.6797850380186409,Max Hötorget,1.88459,0.6797850380186409,3.76918,1.3595700760372817,7.538359999999999,0.8157420456223691,15.076719999999998,5.350624243319301,,,nogo
59.31556962936743,18.104346579903353,1.7813724696390059,Max Södermalm,1.77169,1.7813724696390059,3.54338,3.5627449392780117,7.08676,2.137646963566807,14.17352,12.400783805689638,3.5627449392780117,12.400783805689638,clear
59.33741583884773,18.061727734903677,0.21744677711677693,Max Hötorget,2.43292,0.21744677711677693,4.86584,0.43489355423355386,9.73168,0.2609361325401323,19.46336,2.3916593735473723,,,nogo
59.30550499602409,18.080701298734482,1.2125676414178015,Max Södermalm,1.8236199999999998,1.2125676414178015,3.6472399999999996,2.425135282835603,7.294479999999999,1.4550811697013617,14.588959999999998,8.76043290507393,2.425135282835603,8.76043290507393,clear
59.315067738402945,18.034497478661716,2.0915328650969394,Max Kungsholmen,1.07547,2.0915328650969394,2.15094,4.183065730193879,4.30188,2.509839438116327,8.60376,14.385810336620413,,,nogo
59.34837502942105,18.089785756862735,1.9961669067302334,Max Hamngatan,2.2238200000000004,1.9961669067302334,4.447640000000001,3.992333813460467,8.895280000000001,2.39540028807628,17.790560000000003,13.775468203073494,,,nogo
59.30667515676199,18.070657736675514,1.010913062981113,Max Södermalm,1.14235,1.010913062981113,2.2847,2.021826125962226,4.5694,1.2130956755773354,9.1388,7.469843603079123,2.021826125962226,7.469843603079123,clear
59.303955141432205,18.07695155108781,1.3232022154868133,Max Södermalm,0.56116,1.3232022154868133,1.12232,2.6464044309736265,2.24464,1.587842658584176,4.48928,9.468494179115606,2.6464044309736265,9.468494179115606,clear
59.31465311409145,18.101828009119597,1.641813882641197,Max Södermalm,0.91251,1.641813882641197,1.82502,3.283627765282394,3.65004,1.9701766591694363,7.30008,11.507608848903661,3.283627765282394,11.507608848903661,clear
59.34358548793226,18.08169408140209,1.3092443020686555,Max Hamngatan,2.01397,1.3092443020686555,4.02794,2.618488604137311,8.05588,1.5710931624823867,16.11176,9.379163533239396,,,nogo
59.320944809258194,18.048794308828324,1.502075114543825,Max Södermalm,0.63714,1.502075114543825,1.27428,3.00415022908765,2.54856,1.80249013745259,5.09712,10.61328073308048,3.00415022908765,10.61328073308048,clear
59.34876729982586,18.105962189680177,2.615872333653411,Max Hamngatan,0.90942,2.615872333653411,1.81884,5.231744667306822,3.63768,3.1390468003840932,7.27536,17.74158293538183,,,nogo
59.34232877161486,18.07775136090543,1.097689558024946,Max Hamngatan,1.1683599999999998,1.097689558024946,2.3367199999999997,2.195379116049892,4.673439999999999,1.3172274696299353,9.346879999999999,8.025213171359654,,,nogo
59.33142348815945,18.066712001479004,0.3462827199077576,Max Hamngatan,2.20172,0.3462827199077576,4.40344,0.6925654398155152,8.80688,0.4155392638893091,17.61376,3.216209407409649,,,nogo
59.3165936840354,18.073717506706792,0.109813342540225,Max Södermalm,0.56429,0.109813342540225,1.12858,0.21962668508045,2.25716,0.13177601104827,4.51432,1.70280539225744,0.21962668508045,1.70280539225744,clear
59.31977069308704,18.070371891023,0.48235219828219505,Max Södermalm,1.6940899999999999,0.48235219828219505,3.3881799999999997,0.9647043965643901,6.7763599999999995,0.5788226379386341,13.552719999999999,4.087054069006048,0.9647043965643901,4.087054069006048,clear
59.342988931770606,18.065572892479093,0.8152378702169748,Max Odenplan,2.60283,0.8152378702169748,5.20566,1.6304757404339496,10.41132,0.9782854442603697,20.82264,6.217522369388639,1.6304757404339496,6.217522369388639,clear
59.33350590091877,18.06495064324985,0.26251054368850013,Max Hötorget,1.13956,0.26251054368850013,2.27912,0.5250210873770003,4.55824,0.31501265242620013,9.11648,2.680067479606401,,,nogo
59.34148979262784,18.07014627816375,0.7958415230737677,Max Hötorget,3.13847,0.7958415230737677,6.27694,1.5916830461475353,12.55388,0.9550098276885213,25.10776,6.093385747672113,,,nogo
59.308820163783714,18.080462005354917,0.8711879401298703,Max Södermalm,1.84075,0.8711879401298703,3.6815,1.7423758802597407,7.363,1.0454255281558444,14.726,6.57560281683117,1.7423758802597407,6.57560281683117,clear
59.35128074649085,18.102617196022297,2.6854005578139857,Max Hamngatan,2.0589,2.6854005578139857,4.1178,5.370801115627971,8.2356,3.2224806693767825,16.4712,18.186563570009508,,,nogo
59.33290102457614,18.08774332372773,0.89333445230447,Max Hamngatan,1.4755699999999998,0.89333445230447,2.9511399999999997,1.78666890460894,5.902279999999999,1.0720013427653639,11.804559999999999,6.7173404947486075,,,nogo
59.33800824471658,18.000642778025227,1.8679581054815158,Max Kungsholmen,2.86385,1.8679581054815158,5.7277,3.7359162109630315,11.4554,2.241549726577819,22.9108,12.954931875081702,,,nogo
59.33697716086165,18.07048395799382,0.46111991875490155,Max Hamngatan,2.79297,0.46111991875490155,5.58594,0.9222398375098031,11.17188,0.5533439025058818,22.34376,3.95116748003137,,,nogo
59.33692267425968,18.023212406485005,0.6281910891539995,Max Kungsholmen,1.33987,0.6281910891539995,2.67974,1.256382178307999,5.35948,0.7538293069847993,10.71896,5.020422970585597,,,nogo
59.30998803609624,18.062958989598435,0.8552486472492874,Max Södermalm,0.75299,0.8552486472492874,1.50598,1.7104972944985748,3.01196,1.026298376699145,6.02392,6.473591342395439,1.7104972944985748,6.473591342395439,clear
59.34145643974274,18.055115166737906,0.25351181213636936,Max Odenplan,1.91032,0.25351181213636936,3.82064,0.5070236242727387,7.64128,0.30421417456364325,15.28256,2.622475597672764,0.5070236242727387,2.622475597672764,clear
59.335483988116316,18.003614335773754,1.6500109561317244,Max Kungsholmen,0.8042699999999999,1.6500109561317244,1.6085399999999999,3.300021912263449,3.2170799999999997,1.9800131473580693,6.434159999999999,11.560070119243036,,,nogo
59.336752420270955,18.09554342759447,1.4038772008944709,Max Hamngatan,0.94096,1.4038772008944709,1.88192,2.8077544017889418,3.76384,1.684652641073365,7.52768,9.984814085724613,,,nogo
59.314116818011165,18.049907080527234,1.3301718708238461,Max Södermalm,1.62304,1.3301718708238461,3.24608,2.6603437416476923,6.49216,1.5962062449886154,12.98432,9.513099973272615,2.6603437416476923,9.513099973272615,clear
59.33748494957601,18.016663171954487,0.985662664266231,Max Kungsholmen,0.7972899999999999,0.985662664266231,1.5945799999999999,1.971325328532462,3.1891599999999998,1.182795197119477,6.3783199999999995,7.308241051303877,,,nogo
59.30959897160839,18.081860015385725,0.8411753639395072,Max Södermalm,2.0872800000000002,0.8411753639395072,4.1745600000000005,1.6823507278790144,8.349120000000001,1.0094104367274088,16.698240000000002,6.3835223292128465,1.6823507278790144,6.3835223292128465,clear
59.35100139026544,18.058806673535177,1.0293396840935567,Max Odenplan,0.66285,1.0293396840935567,1.3257,2.0586793681871134,2.6514,1.2352076209122682,5.3028,7.587773978198763,2.0586793681871134,7.587773978198763,clear
59.307489646899995,18.064999595582385,1.0201507581925615,Max Södermalm,0.22118000000000002,1.0201507581925615,0.44236000000000003,2.040301516385123,0.8847200000000001,1.2241809098310739,1.7694400000000001,7.528964852432393,2.040301516385123,7.528964852432393,clear
59.310336500612905,18.080288349973575,0.7222341943603114,Max Södermalm,0.95255,0.7222341943603114,1.9051,1.4444683887206229,3.8101999999999996,0.8666810332323737,7.620399999999999,5.622298843905993,1.4444683887206229,5.622298843905993,clear
59.35026828311686,18.086006545784034,2.0899001013827148,Max Hamngatan,0.83738,2.0899001013827148,1.67476,4.1798002027654295,3.34952,2.507880121659258,6.69904,14.375360648849375,,,nogo
59.34426851204294,18.090049881380992,1.6275655333700474,Max Hamngatan,3.05904,1.6275655333700474,6.11808,3.255131066740095,12.23616,1.9530786400440567,24.47232,11.416419413568303,,,nogo
59.35504617946327,18.103750793568125,3.0548208708682814,Max Hamngatan,1.48689,3.0548208708682814,2.97378,6.109641741736563,5.94756,3.665785045041938,11.89512,20.550853573557,,,nogo
59.352353252309385,18.104520238867227,2.84655677138548,Max Hamngatan,1.4253,2.84655677138548,2.8506,5.69311354277096,5.7012,3.415868125662576,11.4024,19.217963336867072,,,nogo
59.311254818072705,18.099782873559384,1.5989192701135195,Max Södermalm,2.8668,1.5989192701135195,5.7336,3.197838540227039,11.4672,1.9187031241362233,22.9344,11.233083328726526,3.197838540227039,11.233083328726526,clear
59.33441961739524,18.014044281129127,1.0480344955656398,Max Kungsholmen,1.81898,1.0480344955656398,3.63796,2.0960689911312795,7.27592,1.2576413946787677,14.55184,7.707420771620095,,,nogo
59.34982190492913,18.104716175043198,2.6462716160991917,Max Hamngatan,1.80891,2.6462716160991917,3.61782,5.292543232198383,7.23564,3.17552593931903,14.47128,17.936138343034827,,,nogo
59.31247569771334,18.09238776433251,1.1563182065576705,Max Södermalm,1.1678199999999999,1.1563182065576705,2.3356399999999997,2.312636413115341,4.671279999999999,1.3875818478692046,9.342559999999999,8.400436521969091,2.312636413115341,8.400436521969091,clear
59.341647066113396,18.11487497129523,2.6242550457080767,Max Hamngatan,2.1346700000000003,2.6242550457080767,4.269340000000001,5.248510091416153,8.538680000000001,3.1491060548496916,17.077360000000002,17.79523229253169,,,nogo
59.329781925499404,18.02964008901258,0.4760619523340156,Max Kungsholmen,0.8570399999999999,0.4760619523340156,1.7140799999999998,0.9521239046680312,3.4281599999999997,0.5712743428008187,6.856319999999999,4.0467964949377,,,nogo
59.34495051526683,18.0653888160869,0.8451073288480784,Max Odenplan,2.64079,0.8451073288480784,5.28158,1.6902146576961568,10.56316,1.0141287946176942,21.12632,6.408686904627702,1.6902146576961568,6.408686904627702,clear
59.31653183788441,18.054745490023436,1.0478008891036075,Max Södermalm,1.25614,1.0478008891036075,2.51228,2.095601778207215,5.02456,1.2573610669243291,10.04912,7.705925690263088,2.095601778207215,7.705925690263088,clear
59.31581420305867,18.059446766662752,0.7758073589063623,Max Södermalm,0.47129000000000004,0.7758073589063623,0.9425800000000001,1.5516147178127246,1.88516,0.9309688306876348,3.77032,5.965167097000719,1.5516147178127246,5.965167097000719,clear
59.34731609886756,18.093395176005394,2.0122527002251744,Max Hamngatan,0.26803,2.0122527002251744,0.53606,4.024505400450349,1.07212,2.4147032402702093,2.14424,13.878417281441116,,,nogo
59.312992797685986,18.09016930834235,1.0185040475133724,Max Södermalm,0.63751,1.0185040475133724,1.27502,2.037008095026745,2.55004,1.2222048570160469,5.10008,7.518425904085584,2.037008095026745,7.518425904085584,clear
59.33138270506123,18.04867600530905,0.9115250014366996,Max Hötorget,0.86041,0.9115250014366996,1.72082,1.8230500028733991,3.44164,1.0938300017240394,6.88328,6.833760009194878,,,nogo
59.33653873772258,18.059232017553445,0.21920495631691733,Max Hötorget,1.63547,0.21920495631691733,3.27094,0.43840991263383466,6.54188,0.2630459475803008,13.08376,2.402911720428271,,,nogo
59.326694122083964,18.068605745528927,0.7202775305717011,Max Hamngatan,1.35858,0.7202775305717011,2.71716,1.4405550611434021,5.43432,0.8643330366860412,10.86864,5.6097761956588865,,,nogo
59.33963353236764,18.068555154523906,0.5743636379634808,Max Hötorget,1.10462,0.5743636379634808,2.20924,1.1487272759269616,4.41848,0.689236365556177,8.83696,4.675927282966277,,,nogo
59.3524619579333,18.099186460915764,2.669452222030598,Max Hamngatan,0.40567000000000003,2.669452222030598,0.8113400000000001,5.338904444061196,1.6226800000000001,3.2033426664367175,3.2453600000000002,18.08449422099583,,,nogo
59.31423294834912,18.08221828598398,0.5450733324341439,Max Södermalm,2.1324699999999996,0.5450733324341439,4.264939999999999,1.0901466648682878,8.529879999999999,0.6540879989209727,17.059759999999997,4.488469327578521,1.0901466648682878,4.488469327578521,clear
59.30715096411281,18.084418277784447,1.1479377185060862,Max Södermalm,3.27366,1.1479377185060862,6.54732,2.2958754370121723,13.09464,1.3775252622073033,26.18928,8.346801398438952,2.2958754370121723,8.346801398438952,clear
59.33796918483926,18.012846695880338,1.2063654343262613,Max Kungsholmen,2.44216,1.2063654343262613,4.88432,2.4127308686525226,9.76864,1.4476385211915135,19.53728,8.720738779688073,,,nogo
59.33525120888645,18.01779543135427,0.8476238881785632,Max Kungsholmen,1.2320799999999998,0.8476238881785632,2.4641599999999997,1.6952477763571263,4.928319999999999,1.0171486658142757,9.856639999999999,6.4247928843428035,,,nogo
59.333183092741926,18.02811139858856,0.25501870234339125,Max Kungsholmen,0.22651,0.25501870234339125,0.45302,0.5100374046867825,0.90604,0.30602244281206953,1.81208,2.632119694997704,,,nogo
59.317641886423495,18.080783605822973,0.491508123732802,Max Södermalm,1.10798,0.491508123732802,2.21596,0.983016247465604,4.43192,0.5898097484793624,8.86384,4.145651991889933,0.983016247465604,4.145651991889933,clear
59.31168924778963,18.04274492902139,1.782789199835969,Max Södermalm,0.64716,1.782789199835969,1.29432,3.565578399671938,2.58864,2.139347039803163,5.17728,12.409850878950202,3.565578399671938,12.409850878950202,clear
59.338221137902366,18.097939431179235,1.5876798246094943,Max Hamngatan,0.34137,1.5876798246094943,0.68274,3.1753596492189886,1.36548,1.9052157895313933,2.73096,11.161150877500763,,,nogo
59.347198639579645,18.063714391011658,0.8739975564285519,Max Odenplan,0.69296,0.8739975564285519,1.38592,1.7479951128571038,2.77184,1.0487970677142624,5.54368,6.5935843611427325,1.7479951128571038,6.5935843611427325,clear
59.3445099803381,18.032196807393458,0.27139554131115384,Max Karolinska,0.9158,0.27139554131115384,1.8316,0.5427910826223077,3.6632,0.32567464957338466,7.3264,2.7369314643913847,0.5427910826223077,2.7369314643913847,clear
59.329873267578066,18.047855222745564,0.9821360010627354,Max Kungsholmen,1.57199,0.9821360010627354,3.14398,1.9642720021254707,6.28796,1.1785632012752825,12.57592,7.285670406801506,,,nogo
59.337238697886264,18.06378576040664,0.2063232238172831,Max Hötorget,0.86872,0.2063232238172831,1.73744,0.4126464476345662,3.47488,0.24758786858073975,6.94976,2.320468632430612,,,nogo
59.349937151901564,18.061350515807312,0.998441676457206,Max Odenplan,0.48711,0.998441676457206,0.97422,1.996883352914412,1.9484399999999997,1.1981300117486473,3.8968799999999995,7.390026729326118,1.996883352914412,7.390026729326118,clear
59.34702118223508,18.08393884119314,1.7108464168342725,Max Hamngatan,3.50764,1.7108464168342725,7.01528,3.421692833668545,14.03056,2.053015700201127,28.06112,11.949417067739343,,,nogo
59.351241776480585,18.103041277574896,2.697808648575664,Max Hamngatan,1.35827,2.697808648575664,2.71654,5.395617297151328,5.43308,3.237370378290797,10.86616,18.26597535088425,,,nogo
59.345012006828846,18.045888419908803,0.40705732660723065,Max Odenplan,1.70422,0.40705732660723065,3.40844,0.8141146532144613,6.81688,0.4884687919286768,13.63376,3.6051668902862763,0.8141146532144613,3.6051668902862763,clear
59.34730963272461,18.0591595088434,0.690444979494367,Max Odenplan,1.71555,0.690444979494367,3.4311,1.380889958988734,6.8622,0.8285339753932404,13.7244,5.418847868763949,1.380889958988734,5.418847868763949,clear
59.32954646561871,18.040364158426627,0.6560337351866954,Max Kungsholmen,1.83692,0.6560337351866954,3.67384,1.3120674703733908,7.34768,0.7872404822240345,14.69536,5.198615905194851,,,nogo
59.348120502649564,18.08856351527151,1.937074793917489,Max Hamngatan,2.99117,1.937074793917489,5.98234,3.874149587834978,11.96468,2.324489752700987,23.92936,13.397278681071931,,,nogo
59.3371965230388,18.09124872660317,1.1923086394479445,Max Hamngatan,2.14858,1.1923086394479445,4.29716,2.384617278895889,8.59432,1.4307703673375334,17.18864,8.630775292466845,,,nogo
59.33348385426607,18.088437820375407,0.9349992491470015,Max Hamngatan,1.21723,0.9349992491470015,2.43446,1.869998498294003,4.86892,1.121999098976402,9.73784,6.98399519454081,,,nogo
59.35003380420848,18.09207453779342,2.2215175032659427,Max Hamngatan,0.86218,2.2215175032659427,1.72436,4.443035006531885,3.44872,2.6658210039191315,6.89744,15.217712020902034,,,nogo
59.31754223895433,18.0321527522295,1.8125855836772837,Max Kungsholmen,1.23089,1.8125855836772837,2.46178,3.6251711673545675,4.92356,2.1751027004127406,9.84712,12.600547735534615,,,nogo
59.35605990957665,18.087810606985308,2.563240496150198,Max Odenplan,1.62045,2.563240496150198,3.2409,5.126480992300396,6.4818,3.075888595380237,12.9636,17.404739175361264,5.126480992300396,17.404739175361264,clear
59.31492845172679,18.05220622039178,1.1908190133128411,Max Södermalm,1.21557,1.1908190133128411,2.43114,2.3816380266256822,4.86228,1.4289828159754094,9.72456,8.621241685202182,2.3816380266256822,8.621241685202182,clear
59.348600403756656,18.05202146982143,0.669575164632079,Max Odenplan,0.5662,0.669575164632079,1.1324,1.339150329264158,2.2648,0.8034901975584948,4.5296,5.285281053645305,1.339150329264158,5.285281053645305,clear
59.33304605630571,17.996942495283335,2.0210862224763044,Max Kungsholmen,2.87112,2.0210862224763044,5.74224,4.042172444952609,11.48448,2.4253034669715654,22.96896,13.934951823848348,,,nogo
59.31144711697734,18.09766364776587,1.4775731408576847,Max Södermalm,1.4519000000000002,1.4775731408576847,2.9038000000000004,2.9551462817153693,5.807600000000001,1.7730877690292215,11.615200000000002,10.456468101489182,2.9551462817153693,10.456468101489182,clear
59.353909556645156,18.09296381946984,2.624120518740116,Max Hamngatan,0.98145,2.624120518740116,1.9629,5.248241037480232,3.9258,3.1489446224881394,7.8516,17.794371319936744,,,nogo
59.320838448324146,18.071113736024977,0.5868727485793425,Max Södermalm,0.81116,0.5868727485793425,1.62232,1.173745497158685,3.24464,0.7042472982952109,6.48928,4.755985590907792,1.173745497158685,4.755985590907792,clear
59.34908742975334,18.07904128369855,1.7376528741721382,Max Odenplan,1.21493,1.7376528741721382,2.42986,3.4753057483442764,4.85972,2.085183449006566,9.71944,12.120978394701684,3.4753057483442764,12.120978394701684,clear
59.31252354902273,18.097114487119494,1.4135718981431347,Max Södermalm,0.44277,1.4135718981431347,0.88554,2.8271437962862693,1.77108,1.6962862777717616,3.54216,10.046860148116062,2.8271437962862693,10.046860148116062,clear
59.309335509827555,18.079993915135393,0.8080551378974428,Max Södermalm,1.0906300000000002,0.8080551378974428,2.1812600000000004,1.6161102757948855,4.362520000000001,0.9696661654769314,8.725040000000002,6.171552882543634,1.6161102757948855,6.171552882543634,clear
59.338260019577,18.0882031493331,1.0953537579923545,Max Hamngatan,1.95455,1.0953537579923545,3.9091,2.190707515984709,7.818199999999999,1.3144245095908254,15.636399999999998,8.010264051151069,,,nogo
59.34402884185413,18.05514391498896,0.27192604759771877,Max Odenplan,0.92116,0.27192604759771877,1.84232,0.5438520951954375,3.68464,0.3263112571172625,7.36928,2.7403267046254003,0.5438520951954375,2.7403267046254003,clear
59.31295923767795,18.05707073559714,0.9595793347407378,Max Södermalm,1.3073,0.9595793347407378,2.6146,1.9191586694814755,5.2292,1.1514952016888853,10.4584,7.141307742340722,1.9191586694814755,7.141307742340722,clear
59.349204146033934,18.0622182958663,0.9639568158985422,Max Odenplan,2.54488,0.9639568158985422,5.08976,1.9279136317970844,10.17952,1.1567481790782506,20.35904,7.16932362175067,1.9279136317970844,7.16932362175067,clear
59.3345191284217,18.077465579511614,0.3563201213719403,Max Hamngatan,0.82301,0.3563201213719403,1.64602,0.7126402427438806,3.29204,0.42758414564632835,6.58408,3.280448776780418,,,nogo
59.349126353850664,18.040697955110222,0.4925549874637551,Max Karolinska,1.61439,0.4925549874637551,3.22878,0.9851099749275102,6.45756,0.5910659849565061,12.91512,4.152351919768033,0.9851099749275102,4.152351919768033,clear
59.30494567428898,18.08035340065276,1.2642869154566734,Max Södermalm,0.8514700000000001,1.2642869154566734,1.7029400000000001,2.5285738309133468,3.4058800000000002,1.5171442985480081,6.8117600000000005,9.091436258922709,2.5285738309133468,9.091436258922709,clear
59.33168315540902,18.037808021170232,0.3877585435647822,Max Kungsholmen,2.57997,0.3877585435647822,5.15994,0.7755170871295644,10.31988,0.46531025227773865,20.63976,3.481654678814606,,,nogo
59.333547539682385,18.097209180390273,1.4338394909638525,Max Hamngatan,2.84384,1.4338394909638525,5.68768,2.867678981927705,11.37536,1.720607389156623,22.75072,10.176572742168656,,,nogo
59.31794072547007,18.090476146345534,1.023285803412223,Max Södermalm,0.65685,1.023285803412223,1.3137,2.046571606824446,2.6274,1.2279429640946677,5.2548,7.549029141838227,2.046571606824446,7.549029141838227,clear
59.33324497187049,18.02789422690302,0.2651973426608747,Max Kungsholmen,0.7985099999999999,0.2651973426608747,1.5970199999999999,0.5303946853217494,3.1940399999999998,0.3182368111930496,6.3880799999999995,2.697262993029598,,,nogo
59.35392654527259,18.10322678834701,2.936990120127241,Max Hamngatan,1.79449,2.936990120127241,3.58898,5.873980240254482,7.17796,3.524388144152689,14.35592,19.79673676881434,,,nogo
59.3121479685755,18.073614718227812,0.39312588738858617,Max Södermalm,0.49925,0.39312588738858617,0.9985,0.7862517747771723,1.9970000000000003,0.47175106486630347,3.9940000000000007,3.516005679286952,0.7862517747771723,3.516005679286952,clear
59.32649832359291,18.071851034563878,0.7150015469883254,Max Hamngatan,0.79277,0.7150015469883254,1.58554,1.4300030939766508,3.17108,0.8580018563859905,6.34216,5.576009900725283,,,nogo
59.331446127311374,18.087904114793986,0.9172347564035945,Max Hamngatan,2.02736,0.9172347564035945,4.05472,1.834469512807189,8.10944,1.1006817076843134,16.21888,6.870302440983005,,,nogo
59.31447134858233,18.06178719698544,0.6559966950367885,Max Södermalm,2.81695,0.6559966950367885,5.6339,1.311993390073577,11.2678,0.7871960340441462,22.5356,5.198378848235446,1.311993390073577,5.198378848235446,clear
59.34657987629857,18.102487410056895,2.305996514802971,Max Hamngatan,0.90686,2.305996514802971,1.81372,4.611993029605942,3.62744,2.767195817763565,7.25488,15.758377694739014,,,nogo
59.33368585579283,18.028713406421176,0.21139388164875364,Max Kungsholmen,1.45912,0.21139388164875364,2.91824,0.4227877632975073,5.83648,0.25367265797850436,11.67296,2.3529208425520234,,,nogo
59.33729715199761,18.09851124111153,1.583251864065586,Max Hamngatan,1.4269,1.583251864065586,2.8538,3.166503728131172,5.7076,1.899902236878703,11.4152,11.13281193001975,,,nogo
59.34256056912263,18.070007807735603,0.8943445595146761,Max Hötorget,0.31662,0.8943445595146761,0.63324,1.7886891190293521,1.26648,1.0732134714176114,2.53296,6.723805180893927,,,nogo
59.350682906141216,18.067229842492576,1.2787938927976379,Max Odenplan,0.94217,1.2787938927976379,1.88434,2.5575877855952758,3.76868,1.5345526713571653,7.53736,9.184280913904882,2.5575877855952758,9.184280913904882,clear
59.318917114425474,18.084302194564163,0.735221071101496,Max Södermalm,1.29125,0.735221071101496,2.5825,1.470442142202992,5.165,0.8822652853217952,10.33,5.7054148550495745,1.470442142202992,5.7054148550495745,clear
59.345067135291146,18.053238783011842,0.29664153734656695,Max Odenplan,1.0192999999999999,0.29664153734656695,2.0385999999999997,0.5932830746931339,4.0771999999999995,0.35596984481588034,8.154399999999999,2.8985058390180285,0.5932830746931339,2.8985058390180285,clear
59.32058500656321,18.077326748037443,0.5992980520791467,Max Södermalm,0.11205,0.5992980520791467,0.2241,1.1985961041582933,0.4482,0.719157662494976,0.8964,4.835507533306538,1.1985961041582933,4.835507533306538,clear
59.34551082309965,18.06120665594926,0.6518564480805661,Max Odenplan,0.92192,0.6518564480805661,1.84384,1.3037128961611322,3.68768,0.7822277376966793,7.37536,5.171881267715623,1.3037128961611322,5.171881267715623,clear
59.35808320167729,18.087859502820677,2.703359168294252,Max Odenplan,1.1987,2.703359168294252,2.3974,5.406718336588504,4.7948,3.2440310019531027,9.5896,18.301498677083213,5.406718336588504,18.301498677083213,clear
59.33725855341355,18.049461173757898,0.6040959525326899,Max Odenplan,3.23889,0.6040959525326899,6.47778,1.2081919050653798,12.95556,0.7249151430392278,25.91112,4.866214096209215,1.2081919050653798,4.866214096209215,clear
59.33356472439531,18.007079509817988,1.4425497495702957,Max Kungsholmen,0.23677,1.4425497495702957,0.47354,2.8850994991405914,0.9470799999999999,1.7310596994843548,1.8941599999999998,10.232318397249893,,,nogo
59.34962071025877,18.0633894672026,1.0426455918731903,Max Odenplan,1.38555,1.0426455918731903,2.7711,2.0852911837463806,5.5422,1.2511747102478283,11.0844,7.672931787988418,2.0852911837463806,7.672931787988418,clear
59.34441338213285,18.07705233143751,1.2921861606918827,Max Hötorget,2.37547,1.2921861606918827,4.75094,2.5843723213837655,9.50188,1.5506233928302593,19.00376,9.26999142842805,,,nogo
59.323746889384786,18.071683251701103,0.903681985560918,Max Södermalm,1.40842,0.903681985560918,2.81684,1.807363971121836,5.63368,1.0844183826731018,11.26736,6.783564707589876,,,nogo
59.34977942181963,18.048963862816315,0.8101976002641071,Max Odenplan,3.0249800000000002,0.8101976002641071,6.0499600000000004,1.6203952005282143,12.099920000000001,0.9722371203169287,24.199840000000002,6.185264641690286,1.6203952005282143,6.185264641690286,clear
59.3348621205693,18.035437409857433,0.20780816692185958,Max Kungsholmen,2.4965300000000004,0.20780816692185958,4.993060000000001,0.41561633384371915,9.986120000000001,0.2493698003062315,19.972240000000003,2.329972268299901,,,nogo
59.317725280342756,18.051844842073013,1.230098783356018,Max Södermalm,2.88822,1.230098783356018,5.77644,2.460197566712036,11.55288,1.4761185400272216,23.10576,8.872632213478514,2.460197566712036,8.872632213478514,clear
59.33524309895198,18.065251245293744,0.15875903032832778,Max Hötorget,0.62926,0.15875903032832778,1.25852,0.31751806065665555,2.51704,0.19051083639399333,5.03408,2.0160577941012976,,,nogo
59.31237525484729,18.068287875417308,0.456553138814438,Max Södermalm,2.89898,0.456553138814438,5.79796,0.913106277628876,11.59592,0.5478637665773256,23.19184,3.921940088412403,0.913106277628876,3.921940088412403,clear
59.345947930862785,18.06973401336791,1.1149715017314008,Max Odenplan,1.0004199999999999,1.1149715017314008,2.0008399999999997,2.2299430034628016,4.0016799999999995,1.337965802077681,8.003359999999999,8.135817611080965,2.2299430034628016,8.135817611080965,clear
59.308940433507914,18.066972230253707,0.8257063852601984,Max Södermalm,0.87376,0.8257063852601984,1.74752,1.6514127705203967,3.49504,0.9908476623122381,6.99008,6.28452086566527,1.6514127705203967,6.28452086566527,clear
59.307199657918666,18.06883855023907,0.9733884436319172,Max Södermalm,1.74244,0.9733884436319172,3.48488,1.9467768872638345,6.96976,1.1680661323583006,13.93952,7.22968603924427,1.9467768872638345,7.22968603924427,clear
59.31711539545798,18.058344241489753,0.8538129694874848,Max Södermalm,1.27607,0.8538129694874848,2.55214,1.7076259389749695,5.10428,1.0245755633849816,10.20856,6.464403004719902,1.7076259389749695,6.464403004719902,clear
59.34645549650876,18.072970309619095,1.307443935359015,Max Odenplan,0.47336,1.307443935359015,0.94672,2.61488787071803,1.89344,1.568932722430818,3.78688,9.367641186297696,2.61488787071803,9.367641186297696,clear
59.33072599546213,18.02268022017839,0.6523225887383265,Max Kungsholmen,2.15228,0.6523225887383265,4.30456,1.304645177476653,8.60912,0.7827871064859917,17.21824,5.174864567925289,,,nogo
59.332219193998306,18.056990774031583,0.48235746661179385,Max Hötorget,2.76842,0.48235746661179385,5.53684,0.9647149332235877,11.07368,0.5788289599341526,22.14736,4.087087786315481,,,nogo
59.348983229487374,18.0881919723898,2.0119049506953472,Max Hamngatan,0.97849,2.0119049506953472,1.95698,4.0238099013906945,3.9139599999999994,2.4142859408344166,7.827919999999999,13.876191684450223,,,nogo
59.30935300259996,18.087919522712284,1.1000631091083695,Max Södermalm,2.09994,1.1000631091083695,4.19988,2.200126218216739,8.39976,1.3200757309300433,16.79952,8.040403898293565,2.200126218216739,8.040403898293565,clear
59.336983368721874,18.088779698210512,1.0545789841750177,Max Hamngatan,0.87778,1.0545789841750177,1.75556,2.1091579683500354,3.51112,1.2654947810100212,7.02224,7.749305498720114,,,nogo
59.34717320167485,18.08855852307218,1.845369195729151,Max Hamngatan,0.32988999999999996,1.845369195729151,0.6597799999999999,3.690738391458302,1.3195599999999998,2.214443034874981,2.6391199999999997,12.810362852666564,,,nogo
59.34274639793682,18.066925197851443,0.8449124060436038,Max Hötorget,1.34515,0.8449124060436038,2.6903,1.6898248120872077,5.3806,1.0138948872523246,10.7612,6.407439398679065,,,nogo
59.34268420068249,18.038564135805075,0.5580179606755897,Max Karolinska,1.71391,0.5580179606755897,3.42782,1.1160359213511795,6.85564,0.6696215528107077,13.71128,4.571314948323774,1.1160359213511795,4.571314948323774,clear
59.34611539399685,18.04691302616703,0.46315744581927965,Max Odenplan,2.01381,0.46315744581927965,4.02762,0.9263148916385593,8.05524,0.5557889349831355,16.11048,3.9642076532433896,0.9263148916385593,3.9642076532433896,clear
59.33167813493003,18.06617432306901,0.36168190817312273,Max Hamngatan,0.53939,0.36168190817312273,1.07878,0.7233638163462455,2.15756,0.4340182898077473,4.31512,3.3147642123079857,,,nogo
59.347626790569784,18.092699508884802,2.016625526197766,Max Hamngatan,1.73271,2.016625526197766,3.46542,4.033251052395532,6.93084,2.4199506314373194,13.86168,13.906403367665703,,,nogo
59.309689640644415,18.054808073942585,1.2347413390663855,Max Södermalm,2.73116,1.2347413390663855,5.46232,2.469482678132771,10.92464,1.4816896068796626,21.84928,8.902344570024868,2.469482678132771,8.902344570024868,clear
59.33796841299253,18.096079485381786,1.4790127650771763,Max Hamngatan,0.37687,1.4790127650771763,0.75374,2.9580255301543525,1.50748,1.7748153180926116,3.01496,10.465681696493927,,,nogo
59.340238081274165,18.10995231893893,2.3062963114088646,Max Hamngatan,0.66195,2.3062963114088646,1.3239,4.612592622817729,2.6478,2.767555573690638,5.2956,15.760296393016734,,,nogo
59.32473297730618,18.067384343602352,0.9494573056255137,Max Hamngatan,0.91637,0.9494573056255137,1.83274,1.8989146112510273,3.66548,1.1393487667506164,7.33096,7.076526756003288,,,nogo
59.312589179963275,18.09571728053121,1.3347259052089857,Max Södermalm,0.7879299999999999,1.3347259052089857,1.5758599999999998,2.6694518104179714,3.1517199999999996,1.6016710862507828,6.303439999999999,9.542245793337509,2.6694518104179714,9.542245793337509,clear
59.334274418923286,18.09278921446074,1.1901813349510493,Max Hamngatan,0.60017,1.1901813349510493,1.20034,2.3803626699020985,2.40068,1.4282176019412591,4.80136,8.617160543686715,,,nogo
59.3374607472699,18.080635200704716,0.7036951806805632,Max Hamngatan,1.36733,0.7036951806805632,2.73466,1.4073903613611265,5.46932,0.8444342168166759,10.93864,5.503649156355605,,,nogo
59.350816126753855,18.06944000449158,1.380759340601051,Max Odenplan,0.66908,1.380759340601051,1.33816,2.761518681202102,2.67632,1.6569112087212612,5.35264,9.836859779846726,2.761518681202102,9.836859779846726,clear
59.314003341206394,18.065521998701055,0.46788104741490316,Max Södermalm,2.1694,0.46788104741490316,4.3388,0.9357620948298063,8.6776,0.5614572568978838,17.3552,3.9944387034553803,0.9357620948298063,3.9944387034553803,clear
59.31212022747433,18.08023117845257,0.5678830980522684,Max Södermalm,0.8244,0.5678830980522684,1.6488,1.1357661961045369,3.2976,0.6814597176627221,6.5952,4.634451827534518,1.1357661961045369,4.634451827534518,clear
59.3484458100567,18.040516194182047,0.44930662898240264,Max Karolinska,0.33396,0.44930662898240264,0.66792,0.8986132579648053,1.33584,0.5391679547788831,2.67168,3.875562425487377,0.8986132579648053,3.875562425487377,clear
59.31618326591338,18.06493284032164,0.46678006062416644,Max Södermalm,0.5555,0.46678006062416644,1.111,0.9335601212483329,2.222,0.5601360727489997,4.444,3.987392387994665,0.9335601212483329,3.987392387994665,clear
59.33352244571758,18.014306017881236,1.0314726023289005,Max Kungsholmen,0.65299,1.0314726023289005,1.30598,2.062945204657801,2.61196,1.2377671227946805,5.22392,7.601424654904963,,,nogo
59.34154443640459,18.103957160929266,2.054697797874543,Max Hamngatan,0.35152999999999995,2.054697797874543,0.7030599999999999,4.109395595749086,1.4061199999999998,2.4656373574494515,2.8122399999999996,14.150065906397074,,,nogo
59.31300507897902,18.06819286251671,0.406076778869752,Max Södermalm,0.9518099999999999,0.406076778869752,1.9036199999999999,0.812153557739504,3.8072399999999997,0.48729213464370247,7.6144799999999995,3.598891384766413,0.812153557739504,3.598891384766413,clear
59.356816805913176,18.0899233354391,2.7100324683942785,Max Odenplan,3.0048600000000003,2.7100324683942785,6.009720000000001,5.420064936788557,12.019440000000001,3.2520389620731343,24.038880000000002,18.34420779772338,5.420064936788557,18.34420779772338,clear
59.3313459988502,18.016867623744975,0.9268581264515948,Max Kungsholmen,1.23669,0.9268581264515948,2.47338,1.8537162529031896,4.94676,1.1122297517419137,9.89352,6.931892009290207,,,nogo
59.34026618178736,18.111754668727016,2.403581610257553,Max Hamngatan,0.40466,2.403581610257553,0.80932,4.807163220515106,1.61864,2.8842979323090634,3.23728,16.38292230564834,,,nogo
59.342390428889075,18.03128420199772,0.5131583340651102,Max Karolinska,1.2233699999999998,0.5131583340651102,2.4467399999999997,1.0263166681302205,4.893479999999999,0.6157900008781323,9.786959999999999,4.284213338016706,1.0263166681302205,4.284213338016706,clear
59.34551149115511,18.09579567435715,1.9481329629725268,Max Hamngatan,1.2185599999999999,1.9481329629725268,2.4371199999999997,3.8962659259450536,4.8742399999999995,2.337759555567032,9.748479999999999,13.468050963024172,,,nogo
59.31889936064373,18.082175805023166,0.63153449677112,Max Södermalm,0.70888,0.63153449677112,1.41776,1.26306899354224,2.83552,0.757841396125344,5.67104,5.0418207793351675,1.26306899354224,5.0418207793351675,clear
59.349087462816996,18.08589159841782,1.9662364995818127,Max Hamngatan,0.77578,1.9662364995818127,1.55156,3.9324729991636254,3.10312,2.359483799498175,6.20624,13.583913597323601,,,nogo
59.352008376741296,18.097086768172264,2.560033758180612,Max Hamngatan,1.02016,2.560033758180612,2.04032,5.120067516361224,4.08064,3.072040509816734,8.16128,17.384216052355917,,,nogo
59.32987182258935,18.07324942537791,0.34592239717404283,Max Hamngatan,0.6722400000000001,0.34592239717404283,1.3444800000000001,0.6918447943480857,2.6889600000000002,0.41510687660885137,5.3779200000000005,3.2139033419138743,,,nogo
59.305841005143215,18.067012032677248,1.1475269811355848,Max Södermalm,1.28027,1.1475269811355848,2.56054,2.2950539622711696,5.12108,1.3770323773627018,10.24216,8.344172679267743,2.2950539622711696,8.344172679267743,clear
59.334013600114204,18.000032790372128,1.843496234486092,Max Kungsholmen,2.39667,1.843496234486092,4.79334,3.686992468972184,9.58668,2.2121954813833105,19.17336,12.798375900710989,,,nogo
59.35659395882411,18.084789919461187,2.463129309633271,Max Odenplan,0.9289299999999999,2.463129309633271,1.8578599999999998,4.926258619266542,3.7157199999999997,2.955755171559925,7.431439999999999,16.764027581652932,4.926258619266542,16.764027581652932,clear
59.32967129633321,18.00991355015795,1.3615877879448588,Max Kungsholmen,2.21456,1.3615877879448588,4.42912,2.7231755758897176,8.85824,1.6339053455338306,17.71648,9.714161842847096,,,nogo
59.31604455821754,18.09046839074705,0.9918901807673516,Max Södermalm,1.54701,0.9918901807673516,3.09402,1.9837803615347032,6.18804,1.1902682169208219,12.37608,7.3480971569110505,1.9837803615347032,7.3480971569110505,clear
59.34970929547406,18.043424372264287,0.6595833381817087,Max Karolinska,0.6670499999999999,0.6595833381817087,1.3340999999999998,1.3191666763634173,2.6681999999999997,0.7915000058180504,5.336399999999999,5.221333364362936,1.3191666763634173,5.221333364362936,clear
59.312395050228574,18.087896667538132,0.9198251977681009,Max Södermalm,1.04583,0.9198251977681009,2.09166,1.8396503955362018,4.18332,1.103790237321721,8.36664,6.886881265715846,1.8396503955362018,6.886881265715846,clear
59.319894607231625,18.078782159459337,0.5725893384851708,Max Södermalm,2.4093400000000003,0.5725893384851708,4.8186800000000005,1.1451786769703416,9.637360000000001,0.687107206182205,19.274720000000002,4.664571766305093,1.1451786769703416,4.664571766305093,clear
59.33545983075074,18.0376190993504,0.3482409852070151,Max Kungsholmen,2.7454699999999996,0.3482409852070151,5.490939999999999,0.6964819704140301,10.981879999999999,0.4178891822484181,21.963759999999997,3.2287423053248965,,,nogo
59.33764706043872,17.99992984091821,1.8978207574223542,Max Kungsholmen,1.88133,1.8978207574223542,3.76266,3.7956415148447085,7.525320000000001,2.277384908906825,15.050640000000001,13.146052847503068,,,nogo
59.307874850656866,18.08095284814293,0.9772470453937531,Max Södermalm,1.71801,0.9772470453937531,3.43602,1.9544940907875061,6.87204,1.1726964544725036,13.74408,7.2543810905200194,1.9544940907875061,7.2543810905200194,clear
59.35283949163863,18.08812888208364,2.387310486004162,Max Odenplan,0.75744,2.387310486004162,1.51488,4.774620972008324,3.02976,2.8647725832049944,6.05952,16.278787110426638,4.774620972008324,16.278787110426638,clear
59.3307702919029,18.04692404908153,0.8924800462787116,Max Kungsholmen,2.121,0.8924800462787116,4.242,1.7849600925574232,8.484,1.0709760555344539,16.968,6.7118722961837545,,,nogo
59.30709291472525,18.073497803555224,0.9553360173681461,Max Södermalm,0.5076,0.9553360173681461,1.0152,1.9106720347362922,2.0304,1.1464032208417754,4.0608,7.114150511156135,1.9106720347362922,7.114150511156135,clear
59.334522920003,17.998021620875154,1.959415728740585,Max Kungsholmen,2.70435,1.959415728740585,5.4087,3.91883145748117,10.8174,2.351298874488702,21.6348,13.540260663939744,,,nogo
59.33437162583409,18.056290685456634,0.3758002046317814,Max Hötorget,1.1099400000000001,0.3758002046317814,2.2198800000000003,0.7516004092635628,4.439760000000001,0.45096024555813763,8.879520000000001,3.405121309643401,,,nogo
59.334506467377025,18.03463982728866,0.14816319837401115,Max Kungsholmen,3.0268699999999997,0.14816319837401115,6.0537399999999995,0.2963263967480223,12.107479999999999,0.17779583804881338,24.214959999999998,1.9482444695936714,,,nogo
59.34821841338521,18.060498833128,0.8169437322313385,Max Odenplan,1.00243,0.8169437322313385,2.00486,1.633887464462677,4.00972,0.9803324786776063,8.01944,6.228439886280567,1.633887464462677,6.228439886280567,clear
59.35361989587841,18.103043038013066,2.9034806724400184,Max Hamngatan,0.50084,2.9034806724400184,1.00168,5.806961344880037,2.00336,3.4841768069280223,4.00672,19.58227630361612,,,nogo
59.343330330119166,18.107092410408107,2.3072797111067813,Max Hamngatan,2.51281,2.3072797111067813,5.02562,4.614559422213563,10.05124,2.7687356533281378,20.10248,15.7665901510834,,,nogo
59.33022172034457,18.05686633484483,0.670524546959948,Max Hötorget,1.0470899999999999,0.670524546959948,2.0941799999999997,1.341049093919896,4.188359999999999,0.8046294563519376,8.376719999999999,5.291357100543667,,,nogo
59.33106776776472,18.04014176509212,0.5354630251568541,Max Kungsholmen,1.89787,0.5354630251568541,3.79574,1.0709260503137081,7.591480000000001,0.6425556301882248,15.182960000000001,4.426963361003866,,,nogo
59.333673680986855,18.084301636474667,0.7025174836063283,Max Hamngatan,1.9787000000000001,0.7025174836063283,3.9574000000000003,1.4050349672126565,7.914800000000001,0.8430209803275939,15.829600000000003,5.496111895080501,,,nogo
59.34069202280117,18.090743743059228,1.372049296187631,Max Hamngatan,0.77408,1.372049296187631,1.54816,2.744098592375262,3.09632,1.646459155425157,6.19264,9.781115495600838,,,nogo
59.30730317355139,18.079694565978674,1.0051738359752982,Max Södermalm,0.98088,1.0051738359752982,1.96176,2.0103476719505964,3.9235199999999995,1.2062086031703578,7.847039999999999,7.433112550241908,2.0103476719505964,7.433112550241908,clear
59.352765573898424,18.103950129245852,2.860951798532336,Max Hamngatan,0.97281,2.860951798532336,1.94562,5.721903597064672,3.89124,3.433142158238803,7.78248,19.31009151060695,,,nogo
59.31778414085534,18.085473586899955,0.7448990968224976,Max Södermalm,0.70008,0.7448990968224976,1.40016,1.489798193644995,2.80032,0.8938789161869971,5.60064,5.767354219663984,1.489798193644995,5.767354219663984,clear
59.33821830530682,18.059483038768562,0.3478757318878028,Max Hötorget,1.87148,0.3478757318878028,3.74296,0.6957514637756056,7.48592,0.41745087826536337,14.97184,3.226404684081938,,,nogo
59.333520689257114,18.08105802057698,0.5172123223004786,Max Hamngatan,1.9403599999999999,0.5172123223004786,3.8807199999999997,1.0344246446009573,7.7614399999999995,0.6206547867605744,15.522879999999999,4.310158862723063,,,nogo
59.31824573515359,18.055243029314603,1.0548979144044286,Max Södermalm,1.1621700000000001,1.0548979144044286,2.3243400000000003,2.109795828808857,4.648680000000001,1.2658774972853142,9.297360000000001,7.751346652188342,2.109795828808857,7.751346652188342,clear
59.31106029199959,18.055405074463273,1.12915660873582,Max Södermalm,0.70721,1.12915660873582,1.41442,2.25831321747164,2.82884,1.354987930482984,5.65768,8.226602295909249,2.25831321747164,8.226602295909249,clear
59.336666387422966,18.02830540999418,0.394834013526922,Max Kungsholmen,2.3073699999999997,0.394834013526922,4.614739999999999,0.789668027053844,9.229479999999999,0.4738008162323064,18.458959999999998,3.5269376865723006,,,nogo
59.344523697382975,18.078104443672594,1.3382667994778725,Max Hamngatan,2.71472,1.3382667994778725,5.42944,2.676533598955745,10.85888,1.6059201593734471,21.71776,9.564907516658383,,,nogo
59.33202060672583,18.003348297251314,1.6666946765138928,Max Kungsholmen,0.77764,1.6666946765138928,1.55528,3.3333893530277856,3.11056,2.0000336118166713,6.22112,11.666845929688915,,,nogo
59.34533821988492,18.04071244438312,0.4593189827360654,Max Karolinska,0.42212,0.4593189827360654,0.84424,0.9186379654721308,1.68848,0.5511827792832785,3.37696,3.9396414895108185,0.9186379654721308,3.9396414895108185,clear
59.34105981542732,18.095609631645143,1.619001437886744,Max Hamngatan,1.2575999999999998,1.619001437886744,2.5151999999999997,3.238002875773488,5.030399999999999,1.9428017254640928,10.060799999999999,11.361609202475162,,,nogo
59.33175101624241,18.064918881355524,0.4260699221382563,Max Hamngatan,0.54084,0.4260699221382563,1.08168,0.8521398442765126,2.16336,0.5112839065659076,4.32672,3.7268475016848406,,,nogo
59.31282660267677,18.08943201445646,0.9842210528368759,Max Södermalm,2.91046,0.9842210528368759,5.82092,1.9684421056737518,11.64184,1.181065263404251,23.28368,7.299014738156005,1.9684421056737518,7.299014738156005,clear
59.341790464597366,18.038337134997878,0.637874264834179,Max Karolinska,1.38747,0.637874264834179,2.77494,1.275748529668358,5.54988,0.7654491178010148,11.09976,5.082395294938745,1.275748529668358,5.082395294938745,clear
59.33543986776606,18.063628712215447,0.06411801426274404,Max Hötorget,1.6096199999999998,0.06411801426274404,3.2192399999999997,0.12823602852548807,6.438479999999999,0.07694161711529283,12.876959999999999,1.4103552912815618,,,nogo
59.31368407996676,18.093407043968362,1.1792313083311277,Max Södermalm,1.28394,1.1792313083311277,2.56788,2.3584626166622553,5.13576,1.4150775699973532,10.27152,8.547080373319217,2.3584626166622553,8.547080373319217,clear
59.334111378155576,18.019792313449106,0.719460400503077,Max Kungsholmen,1.44295,0.719460400503077,2.8859,1.438920801006154,5.7718,0.8633524806036924,11.5436,5.604546563219693,,,nogo
59.316749993377584,18.03251277879397,1.9007862593723377,Max Kungsholmen,0.9464,1.9007862593723377,1.8928,3.8015725187446754,3.7856,2.280943511246805,7.5712,13.16503205998296,,,nogo
59.33191038931443,17.996528261144437,2.0538537690865106,Max Kungsholmen,1.7082899999999999,2.0538537690865106,3.4165799999999997,4.107707538173021,6.8331599999999995,2.464624522903813,13.666319999999999,14.144664122153667,,,nogo
59.31758081494443,18.032290751453484,1.8082395248016598,Max Kungsholmen,1.34749,1.8082395248016598,2.69498,3.6164790496033197,5.38996,2.169887429761992,10.77992,12.572732958730622,,,nogo
59.32513879931803,18.072877931796988,0.8676502553449543,Max Hamngatan,2.3067399999999996,0.8676502553449543,4.613479999999999,1.7353005106899086,9.226959999999998,1.0411803064139453,18.453919999999997,6.552961634207708,,,nogo
59.33052020050256,18.05749210071458,0.6244624230546885,Max Hötorget,1.32697,0.6244624230546885,2.65394,1.248924846109377,5.30788,0.7493549076656261,10.61576,4.996559507550006,,,nogo
59.34071865242593,18.05015108862008,0.21922406071730727,Max Odenplan,0.53652,0.21922406071730727,1.07304,0.43844812143461454,2.14608,0.2630688728607687,4.29216,2.4030339885907663,0.43844812143461454,2.4030339885907663,clear
59.30920487025814,18.061172396799375,0.9884035768133761,Max Södermalm,2.5732600000000003,0.9884035768133761,5.146520000000001,1.9768071536267522,10.293040000000001,1.1860842921760513,20.586080000000003,7.325782891605607,1.9768071536267522,7.325782891605607,clear
59.34082856498533,18.074908194137716,0.8963860260784545,Max Hamngatan,2.71391,0.8963860260784545,5.42782,1.792772052156909,10.85564,1.0756632312941454,21.71128,6.736870566902109,,,nogo
59.32616935427548,18.075219524908736,0.7729321871491511,Max Hamngatan,1.14699,0.7729321871491511,2.29398,1.5458643742983023,4.58796,0.9275186245789814,9.17592,5.946765997754567,,,nogo
59.33419598545652,18.066115483737228,0.25178578936461,Max Hötorget,1.2305899999999999,0.25178578936461,2.4611799999999997,0.50357157872922,4.922359999999999,0.302142947237532,9.844719999999999,2.611429051933504,,,nogo
59.31407262680779,18.04147307726335,1.80797890200566,Max Södermalm,2.7053000000000003,1.80797890200566,5.4106000000000005,3.61595780401132,10.821200000000001,2.1695746824067923,21.642400000000002,12.571064972836226,3.61595780401132,12.571064972836226,clear
59.32850988762587,18.04241518293378,0.8201886302557428,Max Kungsholmen,0.49726,0.8201886302557428,0.99452,1.6403772605114857,1.9890400000000001,0.9842263563068915,3.9780800000000003,6.249207233636755,,,nogo
59.334536607054396,18.0948972309695,1.3129730148463417,Max Hamngatan,0.9823200000000001,1.3129730148463417,1.9646400000000002,2.6259460296926833,3.9292800000000003,1.57556761781561,7.858560000000001,9.403027295016587,,,nogo
59.33039205026147,18.022087965547264,0.7007190489056033,Max Kungsholmen,0.4238,0.7007190489056033,0.8476,1.4014380978112067,1.6952,0.8408628586867241,3.3904,5.484601912995862,,,nogo
59.319888754878306,18.054227638491177,1.171404623494314,Max Södermalm,0.76589,1.171404623494314,1.53178,2.342809246988628,3.06356,1.4056855481931767,6.12712,8.49698959036361,2.342809246988628,8.49698959036361,clear
59.334078008373034,18.061663650347736,0.16611863312373146,Max Hötorget,2.3461399999999997,0.16611863312373146,4.692279999999999,0.3322372662474629,9.384559999999999,0.19934235974847775,18.769119999999997,2.0631592519918813,,,nogo
59.356903162675025,18.088312391475263,2.6419886308148173,Max Odenplan,0.88735,2.6419886308148173,1.7747,5.2839772616296345,3.5494,3.170386356977781,7.0988,17.90872723721483,5.2839772616296345,17.90872723721483,clear
59.31961078941625,18.07482042413469,0.4506814068504314,Max Södermalm,0.46041000000000004,0.4506814068504314,0.9208200000000001,0.9013628137008628,1.8416400000000002,0.5408176882205177,3.6832800000000003,3.884361003842761,0.9013628137008628,3.884361003842761,clear
59.314225376284625,18.042287654340985,1.7601822833687288,Max Södermalm,0.88417,1.7601822833687288,1.76834,3.5203645667374577,3.53668,2.112218740042475,7.07336,12.265166613559865,3.5203645667374577,12.265166613559865,clear
59.33933076641253,18.00566590472117,1.642030077483951,Max Kungsholmen,1.21817,1.642030077483951,2.43634,3.284060154967902,4.87268,1.9704360929807412,9.74536,11.508992495897285,,,nogo
59.34069022075146,18.106833754118256,2.160879074524866,Max Hamngatan,1.02154,2.160879074524866,2.04308,4.321758149049732,4.08616,2.5930548894298386,8.17232,14.82962607695914,,,nogo
59.340321647732125,18.00757901039323,1.5888333143313191,Max Kungsholmen,2.11723,1.5888333143313191,4.23446,3.1776666286626383,8.46892,1.906599977197583,16.93784,11.168533211720442,,,nogo
59.31817552385268,18.032219597251604,1.742010851794659,Max Kungsholmen,1.10973,1.742010851794659,2.21946,3.484021703589318,4.43892,2.090413022153591,8.87784,12.148869451485819,,,nogo
59.342284942138704,18.043402194407406,0.44887872109591587,Max Odenplan,0.75239,0.44887872109591587,1.50478,0.8977574421918317,3.00956,0.538654465315099,6.01912,3.872823815013861,0.8977574421918317,3.872823815013861,clear
59.30766430778896,18.06067721630539,1.1368676281603733,Max Södermalm,0.98834,1.1368676281603733,1.97668,2.2737352563207467,3.9533599999999995,1.364241153792448,7.906719999999999,8.27595282022639,2.2737352563207467,8.27595282022639,clear
59.32922982900627,18.014363608896144,1.1475640827760638,Max Kungsholmen,1.72645,1.1475640827760638,3.4529,2.2951281655521276,6.9058,1.3770768993312765,13.8116,8.344410129766809,,,nogo
59.33309133039188,18.064178364851173,0.2851918164769472,Max Hötorget,2.8519200000000002,0.2851918164769472,5.7038400000000005,0.5703836329538944,11.407680000000001,0.34223017977233666,22.815360000000002,2.825227625452462,,,nogo
59.31528164748495,18.032895976617716,2.0645318867580147,Max Kungsholmen,0.40248,2.0645318867580147,0.80496,4.129063773516029,1.60992,2.4774382641096175,3.21984,14.213004075251295,,,nogo
59.34674077299166,18.03576262822653,0.14492864561042462,Max Karolinska,0.85419,0.14492864561042462,1.70838,0.28985729122084924,3.41676,0.17391437473250956,6.83352,1.9275433319067177,0.28985729122084924,1.9275433319067177,clear
59.32088934159492,18.06289934387106,0.8208679885890613,Max Södermalm,0.27706000000000003,0.8208679885890613,0.5541200000000001,1.6417359771781226,1.1082400000000001,0.9850415863068736,2.2164800000000002,6.253555126969992,1.6417359771781226,6.253555126969992,clear
59.34562000963459,18.08353086055681,1.558828255160655,Max Hamngatan,1.5328499999999998,1.558828255160655,3.0656999999999996,3.11765651032131,6.131399999999999,1.8705939061927859,12.262799999999999,10.976500833028192,,,nogo
59.33178842245293,18.010528303200772,1.2662572829143004,Max Kungsholmen,1.37342,1.2662572829143004,2.74684,2.532514565828601,5.49368,1.5195087394971605,10.98736,9.104046610651523,,,nogo
59.340584924064345,18.083503474003635,1.0746720025439147,Max Hamngatan,1.2430999999999999,1.0746720025439147,2.4861999999999997,2.1493440050878294,4.9723999999999995,1.2896064030526977,9.944799999999999,7.877900816281054,,,nogo
59.31643738255354,18.047206802980643,1.4751684579921132,Max Södermalm,0.90762,1.4751684579921132,1.81524,2.9503369159842263,3.63048,1.7702021495905358,7.26096,10.441078131149524,2.9503369159842263,10.441078131149524,clear
59.33220750658958,18.02567284055089,0.4235811809324505,Max Kungsholmen,1.87361,0.4235811809324505,3.74722,0.847162361864901,7.49444,0.5082974171189406,14.98888,3.7109195579676832,,,nogo
59.33145080747447,18.088431440714793,0.9466935738405171,Max Hamngatan,0.9450700000000001,0.9466935738405171,1.8901400000000002,1.8933871476810342,3.78028,1.1360322886086205,7.56056,7.05883887257931,,,nogo
59.342484186052154,18.07537303794664,1.067877884887496,Max Hötorget,0.7159500000000001,1.067877884887496,1.4319000000000002,2.135755769774992,2.8638000000000003,1.281453461864995,5.727600000000001,7.834418463279974,,,nogo
59.35426583093426,18.08318460907046,2.232926218810278,Max Odenplan,0.31381,2.232926218810278,0.62762,4.465852437620556,1.25524,2.6795114625723335,2.51048,15.290727800385778,4.465852437620556,15.290727800385778,clear
59.31120644209358,18.07362288298472,0.4977804125059976,Max Södermalm,1.9027,0.4977804125059976,3.8054,0.9955608250119952,7.610799999999999,0.5973364950071971,15.221599999999999,4.1857946400383845,0.9955608250119952,4.1857946400383845,clear
59.33880172684076,18.099465203572926,1.6925693419332188,Max Hamngatan,3.233,1.6925693419332188,6.466,3.3851386838664377,12.932,2.0310832103198626,25.864,11.8324437883726,,,nogo
59.30366088980727,18.07669765291356,1.3532461324738874,Max Södermalm,1.00628,1.3532461324738874,2.01256,2.7064922649477747,4.02512,1.6238953589686649,8.05024,9.660775247832879,2.7064922649477747,9.660775247832879,clear
59.35745925722338,18.10109147350946,3.1947530464402454,Max Hamngatan,0.79902,3.1947530464402454,1.59804,6.389506092880491,3.19608,3.8337036557282946,6.39216,21.44641949721757,,,nogo
59.343617311994606,18.041444833825985,0.5701782829266918,Max Odenplan,0.8917999999999999,0.5701782829266918,1.7835999999999999,1.1403565658533836,3.5671999999999997,0.6842139395120301,7.134399999999999,4.649141010730828,1.1403565658533836,4.649141010730828,clear
59.30830047854428,18.05604217134685,1.270191323390857,Max Södermalm,1.70695,1.270191323390857,3.4139,2.540382646781714,6.8278,1.5242295880690284,13.6556,9.129224469701485,2.540382646781714,9.129224469701485,clear
59.31604951583499,18.100550614800103,1.5657386762868613,Max Södermalm,2.01771,1.5657386762868613,4.03542,3.1314773525737225,8.07084,1.8788864115442334,16.14168,11.020727528235913,3.1314773525737225,11.020727528235913,clear
59.33221673307585,18.00988993080309,1.294610569773419,Max Kungsholmen,0.83137,1.294610569773419,1.66274,2.589221139546838,3.32548,1.5535326837281027,6.65096,9.285507646549881,,,nogo
59.3316759123699,18.04519556615371,0.7651934579845147,Max Kungsholmen,2.21679,0.7651934579845147,4.43358,1.5303869159690293,8.86716,0.9182321495814176,17.73432,5.8972381311008935,,,nogo
59.33294279639107,18.077489141859672,0.30968419975569067,Max Hamngatan,0.91687,0.30968419975569067,1.83374,0.6193683995113813,3.66748,0.3716210397068288,7.33496,2.9819788784364203,,,nogo
59.3477982114261,18.050203158378093,0.5819803187912435,Max Odenplan,1.2428299999999999,0.5819803187912435,2.4856599999999998,1.163960637582487,4.9713199999999995,0.6983763825494922,9.942639999999999,4.724674040263958,1.163960637582487,4.724674040263958,clear
59.33929883457531,18.08592591427313,1.062747261689876,Max Hamngatan,2.86403,1.062747261689876,5.72806,2.125494523379752,11.45612,1.2752967140278513,22.91224,7.801582474815207,,,nogo
59.35293386063841,18.08116912791052,2.054063752012993,Max Odenplan,0.35495,2.054063752012993,0.7099,4.108127504025986,1.4198,2.4648765024155916,2.8396,14.146008012883154,4.108127504025986,14.146008012883154,clear
59.315599744308145,18.09773199089346,1.404668410935669,Max Södermalm,0.87312,1.404668410935669,1.74624,2.809336821871338,3.49248,1.6856020931228028,6.98496,9.989877829988282,2.809336821871338,9.989877829988282,clear
59.317407187436565,18.026176300837907,1.8618057264334613,Max Kungsholmen,2.9375999999999998,1.8618057264334613,5.8751999999999995,3.7236114528669226,11.750399999999999,2.2341668717201535,23.500799999999998,12.915556649174153,,,nogo
59.31591238491095,18.029204332374295,2.0024708400171356,Max Kungsholmen,1.70854,2.0024708400171356,3.41708,4.004941680034271,6.83416,2.402965008020563,13.66832,13.815813376109668,,,nogo
59.346516712664354,18.0764689803949,1.461443971323417,Max Hötorget,1.20946,1.461443971323417,2.41892,2.922887942646834,4.83784,1.7537327655881005,9.67568,10.353241416469869,,,nogo
59.344553952517906,18.107573444728757,2.4017110801327863,Max Hamngatan,1.0368499999999998,2.4017110801327863,2.0736999999999997,4.803422160265573,4.147399999999999,2.8820532961593437,8.294799999999999,16.370950912849832,,,nogo
59.33382948276421,18.09679125795123,1.4119911809378904,Max Hamngatan,2.1800900000000003,1.4119911809378904,4.360180000000001,2.823982361875781,8.720360000000001,1.6943894171254685,17.440720000000002,10.036743558002499,,,nogo
59.33966424257013,18.09937458780214,1.7273965664046078,Max Hamngatan,3.07927,1.7273965664046078,6.15854,3.4547931328092156,12.31708,2.072875879685529,24.63416,12.055338024989489,,,nogo
59.338348606891856,18.103222830740723,1.8746596714702979,Max Hamngatan,2.1045599999999998,1.8746596714702979,4.2091199999999995,3.7493193429405958,8.418239999999999,2.2495916057643575,16.836479999999998,12.997821897409906,,,nogo
59.33462703335216,18.04254714865168,0.5835576730519798,Max Kungsholmen,1.3785999999999998,0.5835576730519798,2.7571999999999997,1.1671153461039596,5.514399999999999,0.7002692076623758,11.028799999999999,4.734769107532671,,,nogo
59.33951854484078,18.013345096785756,1.257978106275531,Max Kungsholmen,2.4732399999999997,1.257978106275531,4.946479999999999,2.515956212551062,9.892959999999999,1.5095737275306373,19.785919999999997,9.051059880163399,,,nogo
59.3192443516857,18.029167928211884,1.6334263673337983,Max Kungsholmen,2.7567399999999997,1.6334263673337983,5.5134799999999995,3.2668527346675966,11.026959999999999,1.960111640800558,22.053919999999998,11.45392875093631,,,nogo
59.32032665575249,18.052001694487796,1.3070884454156217,Max Södermalm,1.37129,1.3070884454156217,2.74258,2.6141768908312435,5.48516,1.568506134498746,10.97032,9.36536605065998,2.6141768908312435,9.36536605065998,clear
59.33828345090077,18.019683917994335,0.8794462000179076,Max Kungsholmen,1.99407,0.8794462000179076,3.98814,1.7588924000358153,7.97628,1.0553354400214892,15.95256,6.628455680114609,,,nogo
59.3191745316409,18.059642106276133,0.8586028374667256,Max Södermalm,0.39223,0.8586028374667256,0.78446,1.7172056749334512,1.56892,1.0303234049600707,3.13784,6.495058159787044,1.7172056749334512,6.495058159787044,clear
59.34428104652275,18.108444655342073,2.4276067857243553,Max Hamngatan,3.45711,2.4276067857243553,6.91422,4.855213571448711,13.82844,2.913128142869226,27.65688,16.536683428635875,,,nogo
59.32036386575425,18.052378931708134,1.289079567484238,Max Södermalm,1.8393599999999999,1.289079567484238,3.6787199999999998,2.578159134968476,7.3574399999999995,1.5468954809810855,14.714879999999999,9.250109231899122,2.578159134968476,9.250109231899122,clear
59.33195630167026,18.05519099482654,0.5742978063110045,Max Hötorget,0.23918999999999999,0.5742978063110045,0.47837999999999997,1.148595612622009,0.9567599999999999,0.6891573675732053,1.9135199999999999,4.675505960390429,,,nogo
59.31807613793032,18.050711544563757,1.3010545165016842,Max Södermalm,0.59001,1.3010545165016842,1.18002,2.6021090330033685,2.36004,1.561265419802021,4.72008,9.32674890561078,2.6021090330033685,9.32674890561078,clear
59.337573185053365,18.016908304645085,0.9771594058378716,Max Kungsholmen,2.57885,0.9771594058378716,5.1577,1.9543188116757433,10.3154,1.172591287005446,20.6308,7.253820197362378,,,nogo
59.31640120925854,18.024311679263295,1.9937984116901049,Max Kungsholmen,0.9380599999999999,1.9937984116901049,1.8761199999999998,3.9875968233802097,3.752239999999999,2.392558094028126,7.504479999999998,13.76030983481667,,,nogo
59.33842810523508,18.010909343671507,1.3278076011716693,Max Kungsholmen,2.18016,1.3278076011716693,4.36032,2.6556152023433386,8.72064,1.5933691214060033,17.44128,9.497968647498684,,,nogo
59.328744530789656,18.021638868015124,0.8338458356812469,Max Kungsholmen,1.06596,0.8338458356812469,2.13192,1.6676916713624939,4.26384,1.0006150028174963,8.52768,6.336613348359981,,,nogo
59.33456469242341,18.07129302596356,0.18865514611457893,Max Hamngatan,0.25063,0.18865514611457893,0.50126,0.37731029222915785,1.00252,0.22638617533749472,2.00504,2.207392935133305,,,nogo
59.33000831450383,18.058244283993613,0.6587263731234351,Max Hötorget,0.28876999999999997,0.6587263731234351,0.5775399999999999,1.3174527462468701,1.1550799999999999,0.7904716477481221,2.3101599999999998,5.215848787989985,,,nogo
59.3339133247162,18.01923034673381,0.750761749761104,Max Kungsholmen,1.36725,0.750761749761104,2.7345,1.501523499522208,5.469,0.9009140997133248,10.938,5.804875198471065,,,nogo
59.314544826886596,18.04877685609739,1.3889143699316862,Max Södermalm,0.9422699999999999,1.3889143699316862,1.8845399999999999,2.7778287398633723,3.7690799999999998,1.6666972439180232,7.5381599999999995,9.889051967562791,2.7778287398633723,9.889051967562791,clear
59.33012475252262,18.00733533223253,1.4857246126624244,Max Kungsholmen,1.32171,1.4857246126624244,2.64342,2.971449225324849,5.28684,1.782869535194909,10.57368,10.508637521039516,,,nogo
59.32409079651042,18.073264911411574,0.9386212798582217,Max Södermalm,1.57825,0.9386212798582217,3.1565,1.8772425597164435,6.313,1.1263455358298662,12.626,7.007176191092619,,,nogo
59.33859219518166,18.015222770252972,1.1141782902972046,Max Kungsholmen,1.60948,1.1141782902972046,3.21896,2.228356580594409,6.43792,1.3370139483566454,12.87584,8.13074105790211,,,nogo
59.33294614462167,18.07532647933599,0.1866025576828621,Max Hamngatan,2.3249400000000002,0.1866025576828621,4.6498800000000005,0.3732051153657242,9.299760000000001,0.22392306921943453,18.599520000000002,2.1942563691703176,,,nogo
59.31438339080336,18.05917969055868,0.8036563504569303,Max Södermalm,1.6776600000000002,0.8036563504569303,3.3553200000000003,1.6073127009138606,6.710640000000001,0.9643876205483164,13.421280000000001,6.1434006429243535,1.6073127009138606,6.1434006429243535,clear
59.328725753214194,18.022391580638406,0.8043117522730794,Max Kungsholmen,1.96026,0.8043117522730794,3.92052,1.6086235045461588,7.84104,0.9651741027276952,15.68208,6.147595214547708,,,nogo
59.335185738038724,18.04375266079571,0.6629604721846017,Max Kungsholmen,1.4020299999999999,0.6629604721846017,2.8040599999999998,1.3259209443692035,5.6081199999999995,0.7955525666215222,11.216239999999999,5.242947021981451,,,nogo
59.34963712644665,18.06892326828232,1.2741589987884478,Max Odenplan,0.87133,1.2741589987884478,1.74266,2.5483179975768957,3.48532,1.5289907985461375,6.97064,9.154617592246066,2.5483179975768957,9.154617592246066,clear
59.34068586899906,18.063678350698442,0.5809526958914977,Max Hötorget,2.2502600000000004,0.5809526958914977,4.500520000000001,1.1619053917829953,9.001040000000001,0.6971432350697973,18.002080000000003,4.718097253705585,,,nogo
59.341912104308676,18.115661250174327,2.6767731312589382,Max Hamngatan,0.2831,2.6767731312589382,0.5662,5.3535462625178765,1.1324,3.212127757510726,2.2648,18.131348040057205,,,nogo
59.32914738301681,18.032360969224577,0.519711384680062,Max Kungsholmen,0.74511,0.519711384680062,1.49022,1.039422769360124,2.98044,0.6236536616160744,5.96088,4.326152861952396,,,nogo
59.342534156394336,18.075473236702774,1.0758394641338747,Max Hötorget,2.8016799999999997,1.0758394641338747,5.6033599999999995,2.1516789282677493,11.206719999999999,1.2910073569606497,22.413439999999998,7.8853725704567985,,,nogo
59.33867485095468,18.089970978941828,1.2050275445661334,Max Hamngatan,2.8369400000000002,1.2050275445661334,5.6738800000000005,2.4100550891322667,11.347760000000001,1.44603305347936,22.695520000000002,8.712176285223254,,,nogo
59.350344962241735,18.084252574559923,2.0620836999576664,Max Hamngatan,2.03026,2.0620836999576664,4.06052,4.124167399915333,8.12104,2.4745004399491997,16.24208,14.197335679729065,,,nogo
59.31278431914978,18.060904278678468,0.763423019444348,Max Södermalm,1.35497,0.763423019444348,2.70994,1.526846038888696,5.41988,0.9161076233332176,10.83976,5.885907324443827,1.526846038888696,5.885907324443827,clear
59.330128532441144,18.04187819950885,0.676997279441147,Max Kungsholmen,0.7623,0.676997279441147,1.5246,1.353994558882294,3.0492,0.8123967353293764,6.0984,5.33278258842334,,,nogo
59.330636547652055,18.038259802456114,0.4854953721813195,Max Kungsholmen,0.8425900000000001,0.4854953721813195,1.6851800000000001,0.970990744362639,3.3703600000000002,0.5825944466175834,6.7407200000000005,4.107170381960445,,,nogo
59.3106423177732,18.083120394972045,0.8006380581060065,Max Södermalm,0.53077,0.8006380581060065,1.06154,1.601276116212013,2.12308,0.9607656697272078,4.24616,6.124083571878442,1.601276116212013,6.124083571878442,clear
59.34502148068493,18.043781948390542,0.5039684076141627,Max Odenplan,1.96359,0.5039684076141627,3.92718,1.0079368152283255,7.85436,0.6047620891369953,15.70872,4.225397808730642,1.0079368152283255,4.225397808730642,clear
59.35217344888103,18.10402400389439,2.8130064952030334,Max Hamngatan,0.6413,2.8130064952030334,1.2826,5.626012990406067,2.5652,3.3756077942436398,5.1304,19.003241569299412,,,nogo
59.350950539246426,18.092737662212997,2.3286173979982006,Max Hamngatan,2.3685500000000004,2.3286173979982006,4.737100000000001,4.657234795996401,9.474200000000002,2.7943408775978407,18.948400000000003,15.903151347188484,,,nogo
59.316160273208475,18.07664296510758,0.2109797716180433,Max Södermalm,0.81764,0.2109797716180433,1.63528,0.4219595432360866,3.27056,0.25317572594165194,6.54112,2.350270538355477,0.4219595432360866,2.350270538355477,clear
59.342941016773786,18.054178614338323,0.16997205909332155,Max Odenplan,0.6354500000000001,0.16997205909332155,1.2709000000000001,0.3399441181866431,2.5418000000000003,0.2039664709119859,5.083600000000001,2.0878211781972578,0.3399441181866431,2.0878211781972578,clear
59.35369996296433,18.10426317473115,2.9531562677549146,Max Hamngatan,0.8901,2.9531562677549146,1.7802,5.906312535509829,3.5604,3.5437875213058976,7.1208,19.900200113631453,,,nogo
59.315969090966334,18.07208580887658,0.06528474128325805,Max Södermalm,0.5699500000000001,0.06528474128325805,1.1399000000000001,0.1305694825665161,2.2798000000000003,0.07834168953990966,4.5596000000000005,1.4178223442128515,0.1305694825665161,1.4178223442128515,clear
59.31363448502428,18.035908734168437,2.128212520256452,Max Södermalm,0.6229,2.128212520256452,1.2458,4.256425040512904,2.4916,2.5538550243077425,4.9832,14.620560129641294,4.256425040512904,14.620560129641294,clear
59.31326629591287,18.075786061490607,0.3089256663888579,Max Södermalm,1.3535899999999998,0.3089256663888579,2.7071799999999997,0.6178513327777158,5.414359999999999,0.37071079966662945,10.828719999999999,2.9771242648886904,0.6178513327777158,2.9771242648886904,clear
59.3297766799948,18.059269625853982,0.6642726698932365,Max Hötorget,1.18329,0.6642726698932365,2.36658,1.328545339786473,4.73316,0.7971272038718837,9.46632,5.251345087316714,,,nogo
59.33369826630989,18.00920664713026,1.3212714487336294,Max Kungsholmen,4.3147,1.3212714487336294,8.6294,2.642542897467259,17.2588,1.5855257384803554,34.5176,9.456137271895228,,,nogo
59.30511313817739,18.074227719880188,1.1774268257411684,Max Södermalm,2.2928,1.1774268257411684,4.5856,2.354853651482337,9.1712,1.4129121908894022,18.3424,8.535531684743479,2.354853651482337,8.535531684743479,clear
59.35007482449785,18.08598797929186,2.0695776115769187,Max Hamngatan,0.88886,2.0695776115769187,1.77772,4.139155223153837,3.55544,2.4834931338923023,7.11088,14.24529671409228,,,nogo
59.35018004627443,18.093338639942555,2.273028127882266,Max Hamngatan,2.2303800000000003,2.273028127882266,4.4607600000000005,4.546056255764532,8.921520000000001,2.7276337534587194,17.843040000000002,15.547380018446503,,,nogo
59.33490860792915,18.043408605193807,0.6372962802938156,Max Kungsholmen,1.10179,0.6372962802938156,2.20358,1.2745925605876312,4.40716,0.7647555363525786,8.81432,5.07869619388042,,,nogo
59.35563556351175,18.09410745683581,2.8251381624227005,Max Hamngatan,1.48037,2.8251381624227005,2.96074,5.650276324845401,5.92148,3.3901657949072406,11.84296,19.080884239505284,,,nogo
59.339964612867064,18.063716530322854,0.5015101083781826,Max Hötorget,0.49476,0.5015101083781826,0.98952,1.003020216756365,1.97904,0.6018121300538191,3.95808,4.209664693620368,,,nogo
59.3117425921485,18.04529002812771,1.641188693719544,Max Södermalm,1.57671,1.641188693719544,3.15342,3.282377387439088,6.30684,1.9694264324634527,12.61368,11.50360763980508,3.282377387439088,11.50360763980508,clear
59.35089238737896,18.04622813733415,0.8635370689131768,Max Karolinska,0.96517,0.8635370689131768,1.93034,1.7270741378263537,3.8606799999999994,1.0362444826958122,7.721359999999999,6.526637241044332,1.7270741378263537,6.526637241044332,clear
59.31444638549174,18.088145901617604,0.8694285836365714,Max Södermalm,0.45341000000000004,0.8694285836365714,0.9068200000000001,1.7388571672731428,1.8136400000000001,1.0433143003638856,3.6272800000000003,6.564342935274057,1.7388571672731428,6.564342935274057,clear
59.30806623938976,18.08029340049662,0.9413434777891577,Max Södermalm,1.3887,0.9413434777891577,2.7774,1.8826869555783154,5.5548,1.1296121733469893,11.1096,7.024598257850609,1.8826869555783154,7.024598257850609,clear
59.34784352809551,18.1016824071691,2.3683928955363256,Max Hamngatan,0.89686,2.3683928955363256,1.79372,4.736785791072651,3.58744,2.842071474643591,7.17488,16.157714531432482,,,nogo
59.3401065448997,18.108980300834713,2.2493799545415296,Max Hamngatan,2.4988099999999998,2.2493799545415296,4.9976199999999995,4.498759909083059,9.995239999999999,2.6992559454498353,19.990479999999998,15.396031709065788,,,nogo
59.3352746011321,18.031446065819146,0.17203509878728754,Max Kungsholmen,2.31013,0.17203509878728754,4.62026,0.3440701975745751,9.24052,0.20644211854474503,18.48104,2.1010246322386403,,,nogo
59.315918678171286,18.03960716641867,1.9056666314968274,Max Södermalm,0.60497,1.9056666314968274,1.20994,3.8113332629936547,2.41988,2.286799957796193,4.83976,13.196266441579695,3.8113332629936547,13.196266441579695,clear
59.33297913731269,18.0810917728553,0.5147775877126931,Max Hamngatan,0.37968,0.5147775877126931,0.75936,1.0295551754253862,1.51872,0.6177331052552317,3.03744,4.294576561361236,,,nogo
59.30934816181637,18.095734478787367,1.4703830757943621,Max Södermalm,0.6391699999999999,1.4703830757943621,1.2783399999999998,2.9407661515887242,2.5566799999999996,1.7644596909532344,5.113359999999999,10.410451685083917,2.9407661515887242,10.410451685083917,clear
59.32903198266474,18.061347054108115,0.7241510843943397,Max Hötorget,1.79515,0.7241510843943397,3.5903,1.4483021687886795,7.1806,0.8689813012732077,14.3612,5.634566940123774,,,nogo
59.32419354340924,18.07529324941195,0.9584220590533649,Max Södermalm,0.34042,0.9584220590533649,0.68084,1.9168441181067297,1.36168,1.1501064708640378,2.72336,7.133901177941535,,,nogo
59.355945670938254,18.0938536853493,2.8425380310303927,Max Odenplan,1.04178,2.8425380310303927,2.08356,5.685076062060785,4.16712,3.4110456372364713,8.33424,19.192243398594513,5.685076062060785,19.192243398594513,clear
59.31401296276538,18.058541841235858,0.8474312315414371,Max Södermalm,1.29745,0.8474312315414371,2.5949,1.6948624630828741,5.1898,1.0169174778497245,10.3796,6.423559881865197,1.6948624630828741,6.423559881865197,clear
59.307177022021904,18.064887660582276,1.0541647121591364,Max Södermalm,1.07739,1.0541647121591364,2.15478,2.108329424318273,4.30956,1.2649976545909638,8.61912,7.746654157818473,2.108329424318273,7.746654157818473,clear
59.31801663906346,18.02327690109513,1.8350336758801067,Max Kungsholmen,2.16892,1.8350336758801067,4.33784,3.6700673517602134,8.67568,2.202040411056128,17.35136,12.744215525632683,,,nogo
59.34629004062982,18.04220520137238,0.5148868234697664,Max Karolinska,1.84631,0.5148868234697664,3.69262,1.0297736469395329,7.38524,0.6178641881637197,14.77048,4.295275670206506,1.0297736469395329,4.295275670206506,clear
59.3193887203735,18.072650161252362,0.41541666921610226,Max Södermalm,0.46486,0.41541666921610226,0.92972,0.8308333384322045,1.85944,0.49850000305932274,3.71888,3.6586666829830543,0.8308333384322045,3.6586666829830543,clear
59.33826927205693,18.00349580774759,1.7193914664289072,Max Kungsholmen,2.34914,1.7193914664289072,4.69828,3.4387829328578143,9.39656,2.0632697597146885,18.79312,12.004105385145007,,,nogo
59.34195579782127,18.07085392107848,0.8613381350799897,Max Hötorget,1.27311,0.8613381350799897,2.54622,1.7226762701599794,5.09244,1.0336057620959878,10.18488,6.512564064511935,,,nogo
59.34702938565569,18.04543166184024,0.5945052138028125,Max Odenplan,2.3546799999999997,0.5945052138028125,4.709359999999999,1.189010427605625,9.418719999999999,0.7134062565633751,18.837439999999997,4.8048333683380005,1.189010427605625,4.8048333683380005,clear
59.33271151586858,18.048080769015364,0.8782364578942291,Max Hötorget,0.22258,0.8782364578942291,0.44516,1.7564729157884582,0.89032,1.0538837494730748,1.78064,6.620713330523066,,,nogo
59.34781642841481,18.08225245638309,1.7585760557241932,Max Hamngatan,0.91391,1.7585760557241932,1.82782,3.5171521114483864,3.65564,2.110291266869032,7.31128,12.254886756634836,,,nogo
59.35038419963449,18.051946212044747,0.8677744852534277,Max Odenplan,0.6362599999999999,0.8677744852534277,1.2725199999999999,1.7355489705068554,2.5450399999999997,1.0413293823041132,5.0900799999999995,6.553756705621938,1.7355489705068554,6.553756705621938,clear
59.313722116418866,18.069906974482517,0.28153750408934997,Max Södermalm,2.0092,0.28153750408934997,4.0184,0.5630750081786999,8.0368,0.33784500490721997,16.0736,2.8018400261718397,0.5630750081786999,2.8018400261718397,clear
59.342337729439066,18.043815095364568,0.4250116079151476,Max Odenplan,0.90151,0.4250116079151476,1.80302,0.8500232158302952,3.60604,0.5100139294981771,7.21208,3.7200742906569446,0.8500232158302952,3.7200742906569446,clear
59.346341440861366,18.058231317224948,0.5749605854856638,Max Odenplan,2.70267,0.5749605854856638,5.40534,1.1499211709713275,10.81068,0.6899527025827965,21.62136,4.679747747108248,1.1499211709713275,4.679747747108248,clear
59.33766400240015,18.013670862384114,1.150084152226492,Max Kungsholmen,2.34953,1.150084152226492,4.69906,2.300168304452984,9.39812,1.3801009826717905,18.79624,8.36053857424955,,,nogo
59.342235276588646,18.046759678218432,0.2596708771586806,Max Odenplan,2.7174699999999996,0.2596708771586806,5.434939999999999,0.5193417543173612,10.869879999999998,0.3116050525904167,21.739759999999997,2.661893613815556,0.5193417543173612,2.661893613815556,clear
59.34851857371715,18.109980833055182,2.771408769918667,Max Hamngatan,1.1249500000000001,2.771408769918667,2.2499000000000002,5.542817539837334,4.4998000000000005,3.325690523902401,8.999600000000001,18.73701612747947,,,nogo
59.354044944193554,18.10178655237563,2.898922807003583,Max Hamngatan,1.0541099999999999,2.898922807003583,2.1082199999999998,5.797845614007166,4.2164399999999995,3.4787073684042995,8.432879999999999,19.55310596482293,,,nogo
59.35008864569874,18.07067295652568,1.3837540081884971,Max Odenplan,2.02504,1.3837540081884971,4.05008,2.7675080163769943,8.10016,1.6605048098261965,16.20032,9.856025652406382,2.7675080163769943,9.856025652406382,clear
59.334219377497895,18.056242644633286,0.38437053947985944,Max Hötorget,1.81346,0.38437053947985944,3.62692,0.7687410789597189,7.25384,0.4612446473758313,14.50768,3.4599714526711005,,,nogo
59.34776404315313,18.042426576950323,0.5321639362045755,Max Karolinska,2.44387,0.5321639362045755,4.88774,1.064327872409151,9.77548,0.6385967234454906,19.55096,4.405849191709283,1.064327872409151,4.405849191709283,clear
59.359606631991845,18.096407753870107,3.1911362164455324,Max Odenplan,1.54668,3.1911362164455324,3.09336,6.382272432891065,6.18672,3.8293634597346387,12.37344,21.42327178525141,6.382272432891065,21.42327178525141,clear
59.34917985991685,18.04266277124429,0.594209033276305,Max Karolinska,2.80935,0.594209033276305,5.6187,1.18841806655261,11.2374,0.713050839931566,22.4748,4.802937812968352,1.18841806655261,4.802937812968352,clear
59.330321439471795,18.00053209720287,1.8562375881323818,Max Kungsholmen,1.43026,1.8562375881323818,2.86052,3.7124751762647636,5.72104,2.2274851057588583,11.44208,12.879920564047243,,,nogo
59.309833960207236,18.063376741379997,0.8524272700076244,Max Södermalm,0.5219,0.8524272700076244,1.0438,1.7048545400152488,2.0876,1.0229127240091493,4.1752,6.455534528048796,1.7048545400152488,6.455534528048796,clear
59.353747352876105,18.104251460917773,2.9568833342581224,Max Hamngatan,1.54478,2.9568833342581224,3.08956,5.913766668516245,6.17912,3.548260001109747,12.35824,19.924053339251984,,,nogo
59.3450716110286,18.105809792227486,2.3505867519984456,Max Hamngatan,0.95205,2.3505867519984456,1.9041,4.701173503996891,3.8082,2.8207041023981345,7.6164,16.043755212790053,,,nogo
59.33872564969949,18.09510408989386,1.4631280300134588,Max Hamngatan,2.8512,1.4631280300134588,5.7024,2.9262560600269176,11.4048,1.7557536360161505,22.8096,10.364019392086137,,,nogo
59.343222809162654,18.030656568800055,0.43381689772619475,Max Karolinska,2.97655,0.43381689772619475,5.9531,0.8676337954523895,11.9062,0.5205802772714337,23.8124,3.7764281454476465,0.8676337954523895,3.7764281454476465,clear
59.34504050965499,18.101022699790352,2.131490900733859,Max Hamngatan,0.82426,2.131490900733859,1.64852,4.262981801467718,3.29704,2.5577890808806307,6.59408,14.641541764696697,,,nogo
59.3159200854965,18.075334870012682,0.1322385441153857,Max Södermalm,1.46344,0.1322385441153857,2.92688,0.2644770882307714,5.85376,0.15868625293846284,11.70752,1.8463266823384683,0.2644770882307714,1.8463266823384683,clear
59.307239990987334,18.063247450249133,1.092615497348517,Max Södermalm,2.7404499999999996,1.092615497348517,5.480899999999999,2.185230994697034,10.961799999999998,1.3111385968182203,21.923599999999997,7.992739183030508,2.185230994697034,7.992739183030508,clear
59.31457212980888,18.066187244551845,0.41028601478721805,Max Södermalm,1.1276199999999998,0.41028601478721805,2.2552399999999997,0.8205720295744361,4.510479999999999,0.49234321774466167,9.020959999999999,3.6258304946381954,0.8205720295744361,3.6258304946381954,clear
59.332971878078524,18.02038105489661,0.6915614638221489,Max Kungsholmen,1.10122,0.6915614638221489,2.20244,1.3831229276442978,4.40488,0.8298737565865787,8.80976,5.425993368461753,,,nogo
59.3367869429888,18.092489945342408,1.240794886818223,Max Hamngatan,3.01575,1.240794886818223,6.0315,2.481589773636446,12.063,1.4889538641818676,24.126,8.941087275636628,,,nogo
59.340087107573986,18.008211888786047,1.5448792776584241,Max Kungsholmen,1.6290499999999999,1.5448792776584241,3.2580999999999998,3.0897585553168483,6.5161999999999995,1.853855133190109,13.032399999999999,10.887227377013915,,,nogo
59.3413782783584,18.047658359137312,0.24645488317580996,Max Odenplan,1.0246199999999999,0.24645488317580996,2.0492399999999997,0.4929097663516199,4.0984799999999995,0.29574585981097196,8.196959999999999,2.5773112523251838,0.4929097663516199,2.5773112523251838,clear
59.318901040365226,18.06138321765061,0.756671329397422,Max Södermalm,1.04111,0.756671329397422,2.08222,1.513342658794844,4.16444,0.9080055952769064,8.32888,5.842696508143501,1.513342658794844,5.842696508143501,clear
59.33287060345517,18.027643345278804,0.29138096610470415,Max Kungsholmen,1.70419,0.29138096610470415,3.40838,0.5827619322094083,6.81676,0.349657159325645,13.63352,2.8648381830701064,,,nogo
59.31528527667763,18.03609414964972,2.074527390470859,Max Kungsholmen,1.4445299999999999,2.074527390470859,2.8890599999999997,4.149054780941718,5.7781199999999995,2.489432868565031,11.556239999999999,14.276975299013497,,,nogo
59.33884353804535,18.079686030330613,0.7905775743233151,Max Hamngatan,1.08741,0.7905775743233151,2.17482,1.5811551486466302,4.34964,0.9486930891879781,8.69928,6.059696475669217,,,nogo
59.31406320348712,18.086732925205254,0.7985005281456216,Max Södermalm,0.9675199999999999,0.7985005281456216,1.9350399999999999,1.5970010562912431,3.8700799999999997,0.958200633774746,7.7401599999999995,6.110403380131978,1.5970010562912431,6.110403380131978,clear
59.339938543075206,18.060332260081267,0.5091844851105786,Max Hötorget,0.65425,0.5091844851105786,1.3085,1.0183689702211571,2.617,0.6110213821326943,5.234,4.258780704707703,,,nogo
59.332311992897125,18.032931907116893,0.16968966577975844,Max Kungsholmen,1.00729,0.16968966577975844,2.01458,0.3393793315595169,4.02916,0.20362759893571014,8.05832,2.086013860990454,,,nogo
59.30997349885579,18.085599916930153,0.9547928743406495,Max Södermalm,0.8864299999999999,0.9547928743406495,1.7728599999999999,1.909585748681299,3.5457199999999998,1.1457514492087795,7.0914399999999995,7.110674395780157,1.909585748681299,7.110674395780157,clear
59.31132495701336,18.064352822724906,0.6929108271910991,Max Södermalm,1.59057,0.6929108271910991,3.18114,1.3858216543821982,6.36228,0.8314929926293189,12.72456,5.4346292940230345,1.3858216543821982,5.4346292940230345,clear
59.34025887080569,18.099731005879374,1.7752042793757024,Max Hamngatan,0.94096,1.7752042793757024,1.88192,3.5504085587514047,3.76384,2.130245135250843,7.52768,12.361307388004494,,,nogo
59.34805403576679,18.066028024610503,1.036503165108834,Max Odenplan,0.25592,1.036503165108834,0.51184,2.073006330217668,1.02368,1.2438037981306007,2.04736,7.6336202566965365,2.073006330217668,7.6336202566965365,clear
59.339931692077585,18.117117639376836,2.681471800197442,Max Hamngatan,2.94054,2.681471800197442,5.88108,5.362943600394884,11.76216,3.21776616023693,23.52432,18.16141952126363,,,nogo
59.30610814663251,18.078823268733313,1.1140637382128493,Max Södermalm,2.2071,1.1140637382128493,4.4142,2.2281274764256986,8.8284,1.3368764858554192,17.6568,8.130007924562236,2.2281274764256986,8.130007924562236,clear
59.312284830816395,18.079406746666944,0.5217570308561418,Max Södermalm,1.5668199999999999,0.5217570308561418,3.1336399999999998,1.0435140617122836,6.2672799999999995,0.6261084370273702,12.534559999999999,4.339244997479307,1.0435140617122836,4.339244997479307,clear
59.344533721235074,18.11343621138603,2.6875234599984408,Max Hamngatan,2.23408,2.6875234599984408,4.46816,5.3750469199968816,8.93632,3.2250281519981288,17.87264,18.200150143990022,,,nogo
59.31513977499174,18.033827478358404,2.0817028581615333,Max Kungsholmen,0.90763,2.0817028581615333,1.81526,4.163405716323067,3.63052,2.49804342979384,7.26104,14.322898292233813,,,nogo
59.351588127001314,18.096365733693165,2.498320934123902,Max Hamngatan,1.81393,2.498320934123902,3.62786,4.996641868247804,7.25572,2.997985120948682,14.51144,16.989253978392973,,,nogo
59.352902697910906,18.10180889122034,2.7973759327970584,Max Hamngatan,0.43711,2.7973759327970584,0.87422,5.594751865594117,1.74844,3.3568511193564703,3.49688,18.903205969901173,,,nogo
59.31810810819143,18.019783087416783,1.891615002056082,Max Kungsholmen,2.91719,1.891615002056082,5.83438,3.783230004112164,11.66876,2.2699380024672986,23.33752,13.106336013158925,,,nogo
59.31285597099815,18.066883082696634,0.47116332477989037,Max Södermalm,0.27048,0.47116332477989037,0.54096,0.9423266495597807,1.08192,0.5653959897358685,2.16384,4.015445278591298,0.9423266495597807,4.015445278591298,clear
59.348007071229354,18.10042802076542,2.331209370447172,Max Hamngatan,2.79493,2.331209370447172,5.58986,4.662418740894344,11.17972,2.797451244536606,22.35944,15.919739970861901,,,nogo
59.35593410470602,18.098430865705016,2.971348057441948,Max Hamngatan,3.16705,2.971348057441948,6.3341,5.942696114883896,12.6682,3.565617668930338,25.3364,20.01662756762847,,,nogo
59.30635047093233,18.065262349430604,1.128922832768643,Max Södermalm,0.7163999999999999,1.128922832768643,1.4327999999999999,2.257845665537286,2.8655999999999997,1.3547073993223715,5.731199999999999,8.225106129719315,2.257845665537286,8.225106129719315,clear
59.34525172934335,18.054083641869813,0.33588008497835176,Max Odenplan,2.16398,0.33588008497835176,4.32796,0.6717601699567035,8.65592,0.40305610197402214,17.31184,3.1496325438614514,0.6717601699567035,3.1496325438614514,clear
59.34590617146614,18.102866570472244,2.2737736695408226,Max Hamngatan,2.8625700000000003,2.2737736695408226,5.725140000000001,4.547547339081645,11.450280000000001,2.728528403448987,22.900560000000002,15.552151485061264,,,nogo
59.33344108621695,18.02606855049602,0.36382460392565613,Max Kungsholmen,1.67053,0.36382460392565613,3.34106,0.7276492078513123,6.68212,0.4365895247107874,13.36424,3.328477465124199,,,nogo
59.32974659109342,18.001609353587234,1.8112842388193195,Max Kungsholmen,1.1773,1.8112842388193195,2.3546,3.622568477638639,4.7092,2.1735410865831835,9.4184,12.592219128443645,,,nogo
59.34231298664147,18.113470716693286,2.5793854126818223,Max Hamngatan,2.26777,2.5793854126818223,4.53554,5.158770825363645,9.07108,3.095262495218187,18.14216,17.508066641163662,,,nogo
59.33478966945805,18.073746794009274,0.23004037516214446,Max Hamngatan,1.53473,0.23004037516214446,3.06946,0.4600807503242889,6.13892,0.27604845019457336,12.27784,2.4722584010377244,,,nogo
59.34849337780813,18.08821389164423,1.9641008440397658,Max Hamngatan,0.47454,1.9641008440397658,0.94908,3.9282016880795316,1.8981600000000003,2.3569210128477187,3.7963200000000006,13.5702454018545,,,nogo
59.316960299826235,18.088629608608,0.8979214845877649,Max Södermalm,2.0589,0.8979214845877649,4.1178,1.7958429691755298,8.2356,1.0775057815053177,16.4712,6.7466975013616945,1.7958429691755298,6.7466975013616945,clear
59.315590268250716,18.067192170625656,0.3346508691612395,Max Södermalm,2.3322399999999996,0.3346508691612395,4.664479999999999,0.669301738322479,9.328959999999999,0.40158104299348735,18.657919999999997,3.1417655626319325,0.669301738322479,3.1417655626319325,clear
59.31130719213228,18.05778129113362,0.9967884980589168,Max Södermalm,1.2466,0.9967884980589168,2.4932,1.9935769961178336,4.9864,1.1961461976707002,9.9728,7.379446387577067,1.9935769961178336,7.379446387577067,clear
59.31883757079825,18.039884028800817,1.721502675859686,Max Kungsholmen,1.80943,1.721502675859686,3.61886,3.443005351719372,7.23772,2.065803211031623,14.47544,12.01761712550199,,,nogo
59.33126821577875,18.00689018699612,1.480495693366689,Max Kungsholmen,1.9513,1.480495693366689,3.9026,2.960991386733378,7.805199999999999,1.7765948320400269,15.610399999999998,10.47517243754681,,,nogo
59.33511646007184,18.077651283901123,0.40223205879360974,Max Hamngatan,1.37258,0.40223205879360974,2.74516,0.8044641175872195,5.49032,0.4826784705523317,10.98064,3.574285176279102,,,nogo
59.3379292724048,18.01564843996691,1.0589549127296443,Max Kungsholmen,0.85775,1.0589549127296443,1.7155,2.1179098254592885,3.431,1.270745895275573,6.862,7.777311441469723,,,nogo
59.337904182407854,18.001409209766287,1.8228265826936627,Max Kungsholmen,2.47498,1.8228265826936627,4.94996,3.6456531653873254,9.89992,2.187391899232395,19.79984,12.666090129239441,,,nogo
59.34454810058912,18.089575456210014,1.6352746286561803,Max Hamngatan,1.52095,1.6352746286561803,3.0419,3.2705492573123607,6.0838,1.9623295543874164,12.1676,11.465757623399554,,,nogo
59.31055702139147,18.057878487645624,1.0354392396316494,Max Södermalm,0.10759,1.0354392396316494,0.21518,2.070878479263299,0.43036,1.2425270875579792,0.86072,7.626811133642557,2.070878479263299,7.626811133642557,clear
59.31172595338699,18.05176650004449,1.2900379912170064,Max Södermalm,2.3545100000000003,1.2900379912170064,4.709020000000001,2.5800759824340127,9.418040000000001,1.5480455894604077,18.836080000000003,9.25624314378884,2.5800759824340127,9.25624314378884,clear
59.32714743649946,18.06962058064524,0.6572977647052243,Max Hamngatan,1.01314,0.6572977647052243,2.02628,1.3145955294104485,4.05256,0.7887573176462691,8.10512,5.2067056941134355,,,nogo
59.30428170444316,18.07497916262364,1.2728600050369285,Max Södermalm,3.0120500000000003,1.2728600050369285,6.024100000000001,2.545720010073857,12.048200000000001,1.527432006044314,24.096400000000003,9.146304032236342,2.545720010073857,9.146304032236342,clear
59.3290127978669,18.015101515863474,1.12143069552728,Max Kungsholmen,0.7819299999999999,1.12143069552728,1.5638599999999998,2.24286139105456,3.1277199999999996,1.3457168346327357,6.255439999999999,8.177156451374591,,,nogo
59.3453683452824,18.069496993441973,1.0821541655236673,Max Odenplan,1.96054,1.0821541655236673,3.92108,2.1643083310473346,7.84216,1.2985849986284008,15.68432,7.925786659351471,2.1643083310473346,7.925786659351471,clear
59.34749475490279,18.047434138361556,0.5870182470917252,Max Odenplan,3.07814,0.5870182470917252,6.15628,1.1740364941834505,12.31256,0.7044218965100703,24.62512,4.756916781387042,1.1740364941834505,4.756916781387042,clear
59.30890663137878,18.059414766148798,1.0823690342279864,Max Södermalm,2.0724099999999996,1.0823690342279864,4.144819999999999,2.1647380684559727,8.289639999999999,1.2988428410735835,16.579279999999997,7.927161819059112,2.1647380684559727,7.927161819059112,clear
59.33140389167087,18.06783654882807,0.293004135985449,Max Hamngatan,1.79286,0.293004135985449,3.58572,0.586008271970898,7.17144,0.3516049631825388,14.34288,2.8752264703068735,,,nogo
59.30878429993495,18.058784530123575,1.1177388377960187,Max Södermalm,1.45215,1.1177388377960187,2.9043,2.2354776755920374,5.8086,1.3412866053552226,11.6172,8.15352856189452,2.2354776755920374,8.15352856189452,clear
59.30676332975357,18.086068543218605,1.2377100642717944,Max Södermalm,1.76023,1.2377100642717944,3.52046,2.475420128543589,7.04092,1.4852520771261533,14.08184,8.921344411339485,2.475420128543589,8.921344411339485,clear
59.34322145660831,18.106451565390756,2.269672444267339,Max Hamngatan,3.14659,2.269672444267339,6.29318,4.539344888534678,12.58636,2.7236069331208066,25.17272,15.525903643310969,,,nogo
59.31713755342862,18.050354625676892,1.3037380495580415,Max Södermalm,1.1696900000000001,1.3037380495580415,2.3393800000000002,2.607476099116083,4.6787600000000005,1.5644856594696497,9.357520000000001,9.343923517171465,2.607476099116083,9.343923517171465,clear
59.350505382403355,18.05172171050068,0.8807927282900063,Max Odenplan,0.54864,0.8807927282900063,1.09728,1.7615854565800126,2.19456,1.0569512739480076,4.38912,6.6370734610560405,1.7615854565800126,6.6370734610560405,clear
59.34265216810583,18.09950739122071,1.9022405244089957,Max Hamngatan,0.7112999999999999,1.9022405244089957,1.4225999999999999,3.8044810488179914,2.8451999999999997,2.282688629290795,5.6903999999999995,13.174339356217573,,,nogo
59.341809913378896,18.113501928023556,2.5588068886360853,Max Hamngatan,2.05782,2.5588068886360853,4.11564,5.117613777272171,8.23128,3.0705682663633023,16.46256,17.376364087270947,,,nogo
59.3457820714054,18.035487911672693,0.17793447974053575,Max Karolinska,1.0322200000000001,0.17793447974053575,2.0644400000000003,0.3558689594810715,4.1288800000000005,0.21352137568864288,8.257760000000001,2.138780670339429,0.3558689594810715,2.138780670339429,clear
59.34675668758278,18.102467497071558,2.3181960211219934,Max Hamngatan,2.3512,2.3181960211219934,4.7024,4.636392042243987,9.4048,2.7818352253463923,18.8096,15.836454535180758,,,nogo
59.31119426223438,18.06227973394963,0.7909146058892255,Max Södermalm,1.78822,0.7909146058892255,3.57644,1.581829211778451,7.15288,0.9490975270670705,14.30576,6.061853477691043,1.581829211778451,6.061853477691043,clear
59.33072322570609,18.033179214448932,0.34685952867186176,Max Kungsholmen,2.70604,0.34685952867186176,5.41208,0.6937190573437235,10.82416,0.4162314344062341,21.64832,3.2199009834999153,,,nogo
59.350184561054824,18.086858101741036,2.100247151256714,Max Hamngatan,1.42957,2.100247151256714,2.85914,4.200494302513428,5.71828,2.5202965815080565,11.43656,14.441581768042969,,,nogo
59.34668364634101,18.096997413988564,2.0900185750446187,Max Hamngatan,2.71596,2.0900185750446187,5.43192,4.1800371500892375,10.86384,2.5080222900535425,21.72768,14.37611888028556,,,nogo
59.34658129729038,18.1001805936778,2.209193991735617,Max Hamngatan,3.08458,2.209193991735617,6.16916,4.418387983471234,12.33832,2.6510327900827404,24.67664,15.13884154710795,,,nogo
59.31860718345077,18.087698782639087,0.895351939193642,Max Södermalm,0.33498,0.895351939193642,0.66996,1.790703878387284,1.33992,1.0744223270323703,2.67984,6.7302524108393085,1.790703878387284,6.7302524108393085,clear
59.31348423518473,18.074196355558684,0.2513954031956779,Max Södermalm,1.12221,0.2513954031956779,2.24442,0.5027908063913558,4.48884,0.3016744838348135,8.97768,2.6089305804523386,0.5027908063913558,2.6089305804523386,clear
59.350096343323735,18.042578924342425,0.6407300392845285,Max Karolinska,0.25365,0.6407300392845285,0.5073,1.281460078569057,1.0146,0.7688760471414342,2.0292,5.100672251420983,1.281460078569057,5.100672251420983,clear
59.33587692548226,18.005438817687697,1.5527439447276172,Max Kungsholmen,1.9918699999999998,1.5527439447276172,3.9837399999999996,3.1054878894552345,7.967479999999999,1.8632927336731406,15.934959999999998,10.93756124625675,,,nogo
59.34107366808509,18.04859358093139,0.2283139951326272,Max Odenplan,3.19767,0.2283139951326272,6.39534,0.4566279902652544,12.79068,0.27397679415915266,25.58136,2.461209568848814,0.4566279902652544,2.461209568848814,clear
59.34346979160259,18.072039796739652,1.0398984285688988,Max Hötorget,1.5448499999999998,1.0398984285688988,3.0896999999999997,2.0797968571377976,6.179399999999999,1.2478781142826785,12.358799999999999,7.655349942840952,,,nogo
59.31933717644413,18.06202437523824,0.7501189205803043,Max Södermalm,1.0585799999999999,0.7501189205803043,2.1171599999999997,1.5002378411606085,4.234319999999999,0.9001427046963651,8.468639999999999,5.800761091713947,1.5002378411606085,5.800761091713947,clear
59.34347812508659,18.07659827427006,1.1965478466867874,Max Hötorget,1.27667,1.1965478466867874,2.55334,2.3930956933735748,5.10668,1.4358574160241449,10.21336,8.65790621879544,,,nogo
59.31027515514921,18.097462070135098,1.5136099587132912,Max Södermalm,2.1118699999999997,1.5136099587132912,4.223739999999999,3.0272199174265824,8.447479999999999,1.8163319504559494,16.894959999999998,10.687103735765064,3.0272199174265824,10.687103735765064,clear
59.33980627666176,18.102903285095156,1.9164908902487723,Max Hamngatan,0.45419,1.9164908902487723,0.90838,3.8329817804975446,1.81676,2.2997890682985265,3.63352,13.265541697592141,,,nogo
59.3470392682359,18.069960405578822,1.1729320178701264,Max Odenplan,0.8713500000000001,1.1729320178701264,1.7427000000000001,2.3458640357402527,3.4854000000000003,1.4075184214441516,6.9708000000000006,8.506764914368809,2.3458640357402527,8.506764914368809,clear
59.33002137210648,17.999596225129345,1.915458573836099,Max Kungsholmen,1.26854,1.915458573836099,2.53708,3.830917147672198,5.07416,2.2985502886033187,10.14832,13.258934872551034,,,nogo
59.33140962290999,18.049198824401834,0.8843956635490215,Max Hötorget,0.11374,0.8843956635490215,0.22748,1.768791327098043,0.45496,1.061274796258826,0.90992,6.660132246713738,,,nogo
59.34906765486698,18.088551013869477,2.0296485513682474,Max Hamngatan,0.51273,2.0296485513682474,1.02546,4.059297102736495,2.05092,2.435578261641897,4.10184,13.989750728756784,,,nogo
59.331961709386974,18.081268935126943,0.5354756475136255,Max Hamngatan,0.50619,0.5354756475136255,1.01238,1.070951295027251,2.02476,0.6425707770163507,4.04952,4.427044144087203,,,nogo
59.32794556479189,18.018539202721108,1.0253816979142483,Max Kungsholmen,0.90565,1.0253816979142483,1.8113,2.0507633958284965,3.6226,1.230458037497098,7.2452,7.562442866651189,,,nogo
59.33707676379493,18.05864995206995,0.28089245023053794,Max Hötorget,0.92211,0.28089245023053794,1.84422,0.5617849004610759,3.68844,0.3370709402766455,7.37688,2.797711681475443,,,nogo
59.31401570387524,18.088248451537854,0.8839212227279486,Max Södermalm,0.40488999999999997,0.8839212227279486,0.8097799999999999,1.7678424454558972,1.6195599999999999,1.0607054672735383,3.2391199999999998,6.657095825458871,1.7678424454558972,6.657095825458871,clear
59.34705608209603,18.035939534759976,0.15519225329843236,Max Karolinska,0.70827,0.15519225329843236,1.41654,0.31038450659686473,2.83308,0.18623070395811883,5.66616,1.9932304211099672,0.31038450659686473,1.9932304211099672,clear
59.34715699544002,18.084893332589672,1.7467766621545406,Max Hamngatan,0.66384,1.7467766621545406,1.32768,3.4935533243090813,2.65536,2.096131994585449,5.31072,12.17937063778906,,,nogo
59.33290304585352,18.005584833355197,1.5307314444044402,Max Kungsholmen,0.15606,1.5307314444044402,0.31212,3.0614628888088804,0.62424,1.8368777332853283,1.24848,10.796681244188417,,,nogo
59.310131183295695,18.06095256503341,0.9252853889841024,Max Södermalm,1.75033,0.9252853889841024,3.50066,1.8505707779682048,7.00132,1.110342466780923,14.00264,6.9218264894982555,1.8505707779682048,6.9218264894982555,clear
59.34769357557961,18.094164629834903,2.0722286392450635,Max Hamngatan,0.71321,2.0722286392450635,1.42642,4.144457278490127,2.85284,2.486674367094076,5.70568,14.262263291168406,,,nogo
59.31778656205832,18.055271593210097,1.0405466909256964,Max Södermalm,0.81824,1.0405466909256964,1.63648,2.081093381851393,3.27296,1.2486560291108355,6.54592,7.659498821924457,2.081093381851393,7.659498821924457,clear
59.3256315190121,18.075252392475768,0.8317171032143065,Max Hamngatan,1.0773199999999998,0.8317171032143065,2.1546399999999997,1.663434206428613,4.309279999999999,0.9980605238571677,8.618559999999999,6.322989460571561,,,nogo
59.313305587527275,18.10126335823939,1.6271915763816238,Max Södermalm,1.48156,1.6271915763816238,2.96312,3.2543831527632476,5.92624,1.9526298916579485,11.85248,11.414026088842393,3.2543831527632476,11.414026088842393,clear
59.317128172072195,18.069188496782548,0.27443816954961087,Max Södermalm,3.3114299999999997,0.27443816954961087,6.622859999999999,0.5488763390992217,13.245719999999999,0.32932580345953305,26.491439999999997,2.7564042851175095,0.5488763390992217,2.7564042851175095,clear
59.34853399129308,18.08227109820182,1.8345540809458865,Max Hamngatan,3.13913,1.8345540809458865,6.27826,3.669108161891773,12.55652,2.2014648971350637,25.11304,12.741146118053674,,,nogo
59.315764379300084,18.08052095098538,0.4246488515057662,Max Södermalm,0.8878400000000001,0.4246488515057662,1.7756800000000001,0.8492977030115324,3.5513600000000003,0.5095786218069195,7.102720000000001,3.7177526496369038,0.8492977030115324,3.7177526496369038,clear
59.3457579500072,18.045437829400413,0.4832821947485936,Max Odenplan,2.1463200000000002,0.4832821947485936,4.2926400000000005,0.9665643894971871,8.585280000000001,0.5799386336983122,17.170560000000002,4.0930060463909985,0.9665643894971871,4.0930060463909985,clear
59.32882601313725,18.007055151704165,1.5469522338829924,Max Kungsholmen,3.58903,1.5469522338829924,7.17806,3.093904467765985,14.35612,1.8563426806595908,28.71224,10.900494296851152,,,nogo
59.32772890756272,18.046034530230862,1.0295522967208417,Max Kungsholmen,0.66641,1.0295522967208417,1.33282,2.0591045934416834,2.66564,1.23546275606501,5.33128,7.589134699013387,,,nogo
59.3184501800333,18.051273131130788,1.2792332198064567,Max Södermalm,1.2973800000000002,1.2792332198064567,2.5947600000000004,2.5584664396129133,5.189520000000001,1.535079863767748,10.379040000000002,9.187092606761322,2.5584664396129133,9.187092606761322,clear
59.33687343121647,18.050729913819254,0.6389316770467592,Max Odenplan,0.36984,0.6389316770467592,0.73968,1.2778633540935185,1.47936,0.766718012456111,2.95872,5.0891627330992595,,,nogo
59.3465132641983,18.04210460328292,0.5065566000764368,Max Karolinska,2.71262,0.5065566000764368,5.42524,1.0131132001528735,10.85048,0.6078679200917241,21.70096,4.241962240489196,1.0131132001528735,4.241962240489196,clear
59.31771474389205,18.061744150094015,0.6839912348996925,Max Södermalm,0.80335,0.6839912348996925,1.6067,1.367982469799385,3.2134,0.8207894818796311,6.4268,5.377543903358032,1.367982469799385,5.377543903358032,clear
59.35024634338677,18.097680119808572,2.419661592057387,Max Hamngatan,1.18372,2.419661592057387,2.36744,4.839323184114774,4.73488,2.9035939104688646,9.46976,16.485834189167278,,,nogo
59.34369356559119,18.06486789037745,0.7834636304584269,Max Odenplan,0.41444,0.7834636304584269,0.82888,1.5669272609168539,1.65776,0.9401563565501124,3.31552,6.014167234933932,1.5669272609168539,6.014167234933932,clear
59.3484968895191,18.082489760462806,1.8346268252735136,Max Hamngatan,2.27369,1.8346268252735136,4.54738,3.6692536505470272,9.09476,2.2015521903282167,18.18952,12.741611681750488,,,nogo
59.33800129157097,18.08960096051586,1.1484520902602307,Max Hamngatan,1.33676,1.1484520902602307,2.67352,2.2969041805204613,5.34704,1.378142508312277,10.69408,8.350093377665477,,,nogo
59.33665795822358,18.046916435928868,0.7069579203037946,Max Odenplan,1.68762,0.7069579203037946,3.37524,1.4139158406075891,6.75048,0.8483495043645535,13.50096,5.524530689944285,,,nogo
59.35984167623138,18.094884655495388,3.1377808700695566,Max Odenplan,0.51034,3.1377808700695566,1.02068,6.275561740139113,2.04136,3.7653370440834677,4.08272,21.08179756844516,6.275561740139113,21.08179756844516,clear
59.313291468223746,18.087466996076856,0.8616997412905246,Max Södermalm,3.89389,0.8616997412905246,7.78778,1.7233994825810492,15.575559999999998,1.0340396895486295,31.151119999999995,6.514878344259357,1.7233994825810492,6.514878344259357,clear
59.33394516425173,18.067846972478506,0.26522484933337603,Max Hamngatan,1.1829100000000001,0.26522484933337603,2.3658200000000003,0.5304496986667521,4.7316400000000005,0.31826981920005126,9.463280000000001,2.6974390357336064,,,nogo
59.31731727159111,18.07234985713781,0.18845272245116287,Max Södermalm,2.90637,0.18845272245116287,5.81274,0.37690544490232575,11.62548,0.22614326694139544,23.25096,2.206097423687442,0.37690544490232575,2.206097423687442,clear
59.34066988686323,18.09812472967268,1.7171572481502024,Max Hamngatan,0.21566,1.7171572481502024,0.43132,3.434314496300405,0.86264,2.060588697780243,1.72528,11.989806388161295,,,nogo
59.31392656591702,18.071337398989982,0.2173416411273274,Max Södermalm,0.9817100000000001,0.2173416411273274,1.9634200000000002,0.4346832822546548,3.9268400000000008,0.2608099693527929,7.8536800000000015,2.3909865032148954,0.4346832822546548,2.3909865032148954,clear
59.337870500377356,18.071234277504843,0.5539000061274824,Max Hamngatan,0.32994,0.5539000061274824,0.65988,1.1078000122549647,1.31976,0.6646800073529788,2.63952,4.544960039215887,,,nogo
59.34603577204335,18.11270707964015,2.736773682588024,Max Hamngatan,0.89846,2.736773682588024,1.79692,5.473547365176048,3.59384,3.284128419105629,7.18768,18.515351568563354,,,nogo
59.31038456375953,18.08598659915161,0.9421084551112057,Max Södermalm,1.7452999999999999,0.9421084551112057,3.4905999999999997,1.8842169102224113,6.981199999999999,1.1305301461334467,13.962399999999999,7.029494112711716,1.8842169102224113,7.029494112711716,clear
59.34782847672025,18.099147204081643,2.266702105217424,Max Hamngatan,2.3789000000000002,2.266702105217424,4.7578000000000005,4.533404210434848,9.515600000000001,2.720042526260909,19.031200000000002,15.506893473391514,,,nogo
59.33634419787718,18.06803769352041,0.3282263488177634,Max Hötorget,0.9119700000000001,0.3282263488177634,1.8239400000000001,0.6564526976355268,3.6478800000000002,0.39387161858131614,7.2957600000000005,3.100648632433686,,,nogo
59.35045444864685,18.059359991754448,0.9885545782496122,Max Odenplan,0.9936200000000001,0.9885545782496122,1.9872400000000001,1.9771091564992245,3.97448,1.1862654938995347,7.94896,7.326749300797518,1.9771091564992245,7.326749300797518,clear
59.31188334240357,18.058138840914467,0.9488557791623555,Max Södermalm,1.22624,0.9488557791623555,2.45248,1.897711558324711,4.90496,1.1386269349948266,9.80992,7.072676986639076,1.897711558324711,7.072676986639076,clear
59.31769213639046,18.085551549283633,0.7459469789224737,Max Södermalm,1.30201,0.7459469789224737,2.60402,1.4918939578449475,5.20804,0.8951363747069685,10.41608,5.774060665103832,1.4918939578449475,5.774060665103832,clear
59.331539814638994,18.020385033324633,0.7302723683377779,Max Kungsholmen,0.95113,0.7302723683377779,1.90226,1.4605447366755557,3.80452,0.8763268420053334,7.60904,5.673743157361779,,,nogo
59.335794928043654,17.99803433907827,1.9694773199831626,Max Kungsholmen,0.42055000000000003,1.9694773199831626,0.8411000000000001,3.938954639966325,1.6822000000000001,2.363372783979795,3.3644000000000003,13.60465484789224,,,nogo
59.33336341244311,18.07174192127618,0.05283173157767937,Max Hamngatan,0.29037,0.05283173157767937,0.58074,0.10566346315535874,1.16148,0.06339807789321524,2.32296,1.338123082097148,,,nogo
59.33467749531665,18.064307911577295,0.13776810023470715,Max Hötorget,0.24139,0.13776810023470715,0.48278,0.2755362004694143,0.9655599999999999,0.16532172028164857,1.9311199999999997,1.8817158415021258,,,nogo
59.350990131708144,18.072086358126555,1.5087724175228603,Max Odenplan,2.5670900000000003,1.5087724175228603,5.134180000000001,3.0175448350457206,10.268360000000001,1.8105269010274323,20.536720000000003,10.656143472146306,3.0175448350457206,10.656143472146306,clear
59.35303032016764,18.101483731662736,2.7975867424171303,Max Hamngatan,0.41429000000000005,2.7975867424171303,0.8285800000000001,5.595173484834261,1.6571600000000002,3.3571040909005565,3.3143200000000004,18.904555151469634,,,nogo
59.35025993966318,18.046927750545816,0.8650197387602725,Max Karolinska,1.6378499999999998,0.8650197387602725,3.2756999999999996,1.730039477520545,6.551399999999999,1.038023686512327,13.102799999999998,6.536126328065744,1.730039477520545,6.536126328065744,clear
59.340167333822166,18.040318487475115,0.6794720943945355,Max Odenplan,1.32817,0.6794720943945355,2.65634,1.358944188789071,5.31268,0.8153665132734426,10.62536,5.348621404125027,1.358944188789071,5.348621404125027,clear
59.333513800714165,18.076999280957864,0.28955202994299273,Max Hamngatan,2.06957,0.28955202994299273,4.13914,0.5791040598859855,8.27828,0.3474624359315913,16.55656,2.8531329916351535,,,nogo
59.318991157728874,18.074639393417364,0.3811219889345145,Max Södermalm,1.34498,0.3811219889345145,2.68996,0.762243977869029,5.37992,0.4573463867214174,10.75984,3.439180729180893,0.762243977869029,3.439180729180893,clear
59.3160294911509,18.044945479638347,1.6019612233325284,Max Södermalm,0.48214999999999997,1.6019612233325284,0.9642999999999999,3.203922446665057,1.9285999999999999,1.9223534679990342,3.8571999999999997,11.252551829328182,3.203922446665057,11.252551829328182,clear
59.30782608546196,18.084671491652408,1.0952561530734144,Max Södermalm,0.39436,1.0952561530734144,0.78872,2.190512306146829,1.57744,1.3143073836880972,3.15488,8.009639379669853,2.190512306146829,8.009639379669853,clear
59.343952585203176,18.08692491629064,1.4927964237825613,Max Hamngatan,1.29731,1.4927964237825613,2.59462,2.9855928475651226,5.18924,1.7913557085390737,10.37848,10.553897112208393,,,nogo
59.34280875005094,18.102248130694175,2.041685748616445,Max Hamngatan,1.39034,2.041685748616445,2.78068,4.08337149723289,5.56136,2.450022898339734,11.12272,14.066788791145248,,,nogo
59.3109147736447,18.06511950212492,0.6964029145611659,Max Södermalm,3.61298,0.6964029145611659,7.22596,1.3928058291223318,14.45192,0.8356834974733991,28.90384,5.456978653191461,1.3928058291223318,5.456978653191461,clear
59.31122556220869,18.051312453471716,1.3340411251189137,Max Södermalm,1.34296,1.3340411251189137,2.68592,2.6680822502378274,5.37184,1.6008493501426964,10.74368,9.537863200761048,2.6680822502378274,9.537863200761048,clear
59.331989392596626,18.0101320279203,1.2847262666262498,Max Kungsholmen,0.66575,1.2847262666262498,1.3315,2.5694525332524996,2.663,1.5416715199514999,5.326,9.222248106408,,,nogo
59.31468713090727,18.096066674142207,1.3143587964352397,Max Södermalm,3.1283000000000003,1.3143587964352397,6.256600000000001,2.6287175928704793,12.513200000000001,1.5772305557222877,25.026400000000002,9.411896297185534,2.6287175928704793,9.411896297185534,clear
59.33344347264251,18.031393762229705,0.07138880169619584,Max Kungsholmen,0.49063999999999997,0.07138880169619584,0.9812799999999999,0.14277760339239168,1.96256,0.085666562035435,3.92512,1.4568883308556533,,,nogo
59.32060953011571,18.072901529043616,0.5508182362161432,Max Södermalm,1.47651,0.5508182362161432,2.95302,1.1016364724322865,5.90604,0.6609818834593719,11.81208,4.525236711783316,1.1016364724322865,4.525236711783316,clear
59.34561649445796,18.079747473346472,1.4811526087708164,Max Hamngatan,1.17508,1.4811526087708164,2.35016,2.962305217541633,4.70032,1.7773831305249796,9.40064,10.479376696133226,,,nogo
59.31015855468123,18.05840051114623,1.0363821592355638,Max Södermalm,0.8704299999999999,1.0363821592355638,1.7408599999999999,2.0727643184711275,3.4817199999999997,1.2436585910826765,6.963439999999999,7.632845819107608,2.0727643184711275,7.632845819107608,clear
59.34639811202799,18.04567033073139,0.5293261482751196,Max Odenplan,0.90412,0.5293261482751196,1.80824,1.0586522965502392,3.61648,0.6351913779301436,7.23296,4.387687348960766,1.0586522965502392,4.387687348960766,clear
59.33332855308605,18.098442861031984,1.5030395148297204,Max Hamngatan,3.4442,1.5030395148297204,6.8884,3.006079029659441,13.7768,1.8036474177956645,27.5536,10.61945289491021,,,nogo
59.347295299131076,18.04943930931966,0.5330369703456368,Max Odenplan,3.44848,0.5330369703456368,6.89696,1.0660739406912736,13.79392,0.6396443644147641,27.58784,4.411436610212076,1.0660739406912736,4.411436610212076,clear
59.334479086167185,18.08263149381798,0.6270257021198585,Max Hamngatan,3.5270300000000003,0.6270257021198585,7.054060000000001,1.254051404239717,14.108120000000001,0.7524308425438302,28.216240000000003,5.012964493567095,,,nogo
59.31440896485809,18.073603141507178,0.1433030940248012,Max Södermalm,0.32273,0.1433030940248012,0.64546,0.2866061880496024,1.29092,0.17196371282976144,2.58184,1.9171398017587278,0.2866061880496024,1.9171398017587278,clear
59.30862087780982,18.07650080500806,0.8088093616027555,Max Södermalm,0.55836,0.8088093616027555,1.11672,1.617618723205511,2.23344,0.9705712339233066,4.46688,6.176379914257636,1.617618723205511,6.176379914257636,clear
59.316210453790646,18.084329166663846,0.64423772618806,Max Södermalm,0.86779,0.64423772618806,1.73558,1.28847545237612,3.47116,0.773085271425672,6.94232,5.123121447603584,1.28847545237612,5.123121447603584,clear
59.34509265795611,18.067442383865163,0.9613507246042621,Max Odenplan,0.92628,0.9613507246042621,1.85256,1.9227014492085241,3.70512,1.1536208695251144,7.41024,7.152644637467278,1.9227014492085241,7.152644637467278,clear
59.338065547849524,18.09365413487212,1.3569188117611235,Max Hamngatan,0.57612,1.3569188117611235,1.15224,2.713837623522247,2.30448,1.6283025741133481,4.60896,9.684280395271191,,,nogo
59.333238991602684,17.997563425856274,1.9849621663564676,Max Kungsholmen,2.86913,1.9849621663564676,5.73826,3.969924332712935,11.47652,2.381954599627761,22.95304,13.703757864681393,,,nogo
59.33985152245222,18.059226030090898,0.5189919356785897,Max Hötorget,2.6982399999999997,0.5189919356785897,5.3964799999999995,1.0379838713571794,10.792959999999999,0.6227903228143077,21.585919999999998,4.321548388342974,,,nogo
59.340813110210725,18.06154179464964,0.5938650128793472,Max Hötorget,0.98514,0.5938650128793472,1.97028,1.1877300257586945,3.94056,0.7126380154552168,7.88112,4.8007360824278225,,,nogo
59.3346604100278,18.072683856286897,0.19768443701725014,Max Hamngatan,1.4248399999999999,0.19768443701725014,2.8496799999999998,0.3953688740345003,5.6993599999999995,0.23722132442070015,11.398719999999999,2.265180396910401,,,nogo
59.338759485834956,18.021341628621222,0.8373711900457412,Max Kungsholmen,0.9046000000000001,0.8373711900457412,1.8092000000000001,1.6747423800914825,3.6184000000000003,1.0048454280548895,7.236800000000001,6.3591756162927435,,,nogo
59.316500917116336,18.02445573094652,1.9811012385156526,Max Kungsholmen,2.24441,1.9811012385156526,4.48882,3.962202477031305,8.97764,2.377321486218783,17.95528,13.679047926500175,,,nogo
59.336132563210256,18.02298440304564,0.5959478514843103,Max Kungsholmen,0.82256,0.5959478514843103,1.64512,1.1918957029686206,3.29024,0.7151374217811723,6.58048,4.814066249499586,,,nogo
59.32913687977018,18.059031241522707,0.7365436891611822,Max Hötorget,0.66749,0.7365436891611822,1.33498,1.4730873783223644,2.66996,0.8838524269934187,5.33992,5.713879610631566,,,nogo
59.338950729244395,18.007086030773984,1.5512674685321344,Max Kungsholmen,0.8061499999999999,1.5512674685321344,1.6122999999999998,3.1025349370642687,3.2245999999999997,1.8615209622385613,6.449199999999999,10.92811179860566,,,nogo
59.325758933467064,18.075862166226102,0.8263076516037605,Max Hamngatan,0.66695,0.8263076516037605,1.3339,1.652615303207521,2.6678,0.9915691819245125,5.3356,6.288368970264067,,,nogo
59.34821130675161,18.07255527446858,1.3629905641647122,Max Odenplan,1.25982,1.3629905641647122,2.51964,2.7259811283294244,5.03928,1.6355886769976546,10.07856,9.723139610654158,2.7259811283294244,9.723139610654158,clear
59.3453518626574,18.091780234185673,1.7833173691497903,Max Hamngatan,0.9833200000000001,1.7833173691497903,1.9666400000000002,3.5666347382995807,3.9332800000000008,2.1399808429797487,7.8665600000000016,12.41323116255866,,,nogo
59.31915745800573,18.042301455179555,1.7268060741888533,Max Kungsholmen,1.058,1.7268060741888533,2.116,3.4536121483777067,4.232,2.0721672890266243,8.464,12.051558874808663,,,nogo
59.35045887950873,18.10067109205295,2.544050827283959,Max Hamngatan,2.87891,2.544050827283959,5.75782,5.088101654567918,11.51564,3.052860992740751,23.03128,17.281925294617338,,,nogo
59.337891893331474,18.07568013662776,0.5916188270393383,Max Hamngatan,1.71324,0.5916188270393383,3.42648,1.1832376540786766,6.85296,0.709942592447206,13.70592,4.786360493051765,,,nogo
59.33235748112533,18.073909318823496,0.1228221626274751,Max Hamngatan,3.4353000000000002,0.1228221626274751,6.8706000000000005,0.2456443252549502,13.741200000000001,0.14738659515297012,27.482400000000002,1.7860618408158406,,,nogo
59.32995195214675,18.00302298569747,1.7276502419164514,Max Kungsholmen,0.5541,1.7276502419164514,1.1082,3.455300483832903,2.2164,2.073180290299742,4.4328,12.056961548265289,,,nogo
59.34453211975708,18.057524997071212,0.4159985498085962,Max Odenplan,1.88538,0.4159985498085962,3.77076,0.8319970996171924,7.54152,0.49919825977031546,15.08304,3.6623907187750158,0.8319970996171924,3.6623907187750158,clear
59.34185773594084,18.03766460026627,0.6145398690107488,Max Karolinska,4.00013,0.6145398690107488,8.00026,1.2290797380214975,16.00052,0.7374478428128985,32.00104,4.933055161668792,1.2290797380214975,4.933055161668792,clear
59.32617401582548,18.067281442875686,0.7985655252286612,Max Hamngatan,0.83788,0.7985655252286612,1.67576,1.5971310504573224,3.35152,0.9582786302743933,6.70304,6.110819361463431,,,nogo
59.319385195224,18.075298098341012,0.4333923755431212,Max Södermalm,2.42396,0.4333923755431212,4.84792,0.8667847510862424,9.69584,0.5200708506517455,19.39168,3.773711203475976,0.8667847510862424,3.773711203475976,clear
59.3306501428395,18.005736814284848,1.5590976917315353,Max Kungsholmen,2.66662,1.5590976917315353,5.33324,3.1181953834630707,10.66648,1.8709172300778425,21.33296,10.978225227081825,,,nogo
59.33854125824062,18.067420668494904,0.4387697305979814,Max Hötorget,3.736,0.4387697305979814,7.472,0.8775394611959628,14.944,0.5265236767175776,29.888,3.808126275827081,,,nogo
59.35955070023573,18.098273862603488,3.27357956798579,Max Odenplan,0.98887,3.27357956798579,1.97774,6.54715913597158,3.9554800000000006,3.9282954815829485,7.910960000000001,21.95090923510906,6.54715913597158,21.95090923510906,clear
59.33855101984141,18.06751166719436,0.4429194212386378,Max Hötorget,0.6452100000000001,0.4429194212386378,1.2904200000000001,0.8858388424772756,2.5808400000000002,0.5315033054863654,5.1616800000000005,3.834684295927282,,,nogo
59.31041344471728,18.082492083725796,0.7940477031200367,Max Södermalm,0.521,0.7940477031200367,1.042,1.5880954062400734,2.084,0.952857243744044,4.168,6.081905299968235,1.5880954062400734,6.081905299968235,clear
59.34446543513792,18.064555610951167,0.7841632660702758,Max Odenplan,1.7193699999999998,0.7841632660702758,3.4387399999999997,1.5683265321405515,6.877479999999999,0.9409959192843309,13.754959999999999,6.018644902849765,1.5683265321405515,6.018644902849765,clear
59.34287226561412,18.112541691872693,2.5575347257588588,Max Hamngatan,0.8423200000000001,2.5575347257588588,1.6846400000000001,5.1150694515177175,3.3692800000000003,3.0690416709106305,6.7385600000000005,17.368222244856696,,,nogo
59.338976073650464,18.01349287487447,1.2211314895988303,Max Kungsholmen,4.23065,1.2211314895988303,8.4613,2.4422629791976607,16.9226,1.4653577875185964,33.8452,8.815241533432514,,,nogo
59.34922927873955,18.092976087573724,2.172772887397203,Max Hamngatan,1.0359200000000002,2.172772887397203,2.0718400000000003,4.345545774794406,4.143680000000001,2.6073274648766436,8.287360000000001,14.905746479342099,,,nogo
59.34620382941182,18.063861024496106,0.8213200251277575,Max Odenplan,0.80211,0.8213200251277575,1.60422,1.642640050255515,3.20844,0.9855840301533091,6.41688,6.256448160817648,1.642640050255515,6.256448160817648,clear
59.344466667185664,18.054179173294482,0.26572887275134566,Max Odenplan,0.86151,0.26572887275134566,1.72302,0.5314577455026913,3.44604,0.31887464730161474,6.89208,2.700664785608612,0.5314577455026913,2.700664785608612,clear
59.31233397739625,18.080447174755385,0.5607465834197619,Max Södermalm,0.64986,0.5607465834197619,1.29972,1.1214931668395238,2.59944,0.6728959001037143,5.19888,4.588778133886477,1.1214931668395238,4.588778133886477,clear
59.33432180342818,18.00915177942484,1.3255356584807723,Max Kungsholmen,0.42748,1.3255356584807723,0.85496,2.6510713169615445,1.70992,1.5906427901769267,3.41984,9.483428214276943,,,nogo
59.310999710975146,18.06741223493226,0.6114735112166789,Max Södermalm,0.55764,0.6114735112166789,1.11528,1.2229470224333578,2.23056,0.7337682134600148,4.46112,4.913430471786745,1.2229470224333578,4.913430471786745,clear
59.345060762744055,18.044825423340072,0.4575112777291181,Max Odenplan,1.40032,0.4575112777291181,2.80064,0.9150225554582362,5.60128,0.5490135332749417,11.20256,3.9280721774663556,0.9150225554582362,3.9280721774663556,clear
59.314836670496376,18.10252465000912,1.6801428920575712,Max Södermalm,3.6764099999999997,1.6801428920575712,7.3528199999999995,3.3602857841151423,14.705639999999999,2.0161714704690854,29.411279999999998,11.752914509168455,3.3602857841151423,11.752914509168455,clear
59.340074510492585,18.113630666654775,2.4973343268401975,Max Hamngatan,0.83387,2.4973343268401975,1.66774,4.994668653680395,3.33548,2.9968011922082374,6.67096,16.982939691777265,,,nogo
59.350725085143566,18.082241742084673,1.9811347792857683,Max Odenplan,3.2960700000000003,1.9811347792857683,6.5921400000000006,3.9622695585715366,13.184280000000001,2.3773617351429217,26.368560000000002,13.679262587428916,3.9622695585715366,13.679262587428916,clear
59.30681851645023,18.071271914128886,0.9908755406859711,Max Södermalm,1.49474,0.9908755406859711,2.98948,1.9817510813719421,5.97896,1.1890506488231654,11.95792,7.341603460390215,1.9817510813719421,7.341603460390215,clear
59.33169154203503,18.065403340756724,0.4020913970859098,Max Hamngatan,1.00841,0.4020913970859098,2.01682,0.8041827941718196,4.03364,0.4825096765030918,8.06728,3.573384941349823,,,nogo
59.34215879676029,18.11414109583725,2.607474446303427,Max Hamngatan,1.0237,2.607474446303427,2.0474,5.214948892606854,4.0948,3.1289693355641126,8.1896,17.687836456341934,,,nogo
59.30786730341008,18.089872611027015,1.2926418532223827,Max Södermalm,1.02776,1.2926418532223827,2.05552,2.5852837064447654,4.11104,1.5511702238668592,8.22208,9.27290786062325,2.5852837064447654,9.27290786062325,clear
59.317095440262214,18.021886884195798,1.956448634314749,Max Kungsholmen,0.52507,1.956448634314749,1.05014,3.912897268629498,2.10028,2.3477383611776985,4.20056,13.521271259614393,,,nogo
59.35046508827448,18.062611734391936,1.0880939894375257,Max Odenplan,0.24683000000000002,1.0880939894375257,0.49366000000000004,2.1761879788750513,0.9873200000000002,1.305712787325031,1.9746400000000004,7.963801532400165,2.1761879788750513,7.963801532400165,clear
59.33929110905058,18.088400342518714,1.1706837780984627,Max Hamngatan,0.61324,1.1706837780984627,1.22648,2.3413675561969254,2.45296,1.4048205337181552,4.90592,8.492376179830162,,,nogo
59.34999390406482,18.10500613345627,2.6714967715536626,Max Hamngatan,1.4374,2.6714967715536626,2.8748,5.342993543107325,5.7496,3.205796125864395,11.4992,18.09757933794344,,,nogo
59.313557123495904,18.101646987431568,1.6445142704557592,Max Södermalm,0.60636,1.6445142704557592,1.21272,3.2890285409115183,2.42544,1.973417124546911,4.85088,11.524891330916859,3.2890285409115183,11.524891330916859,clear
59.34324245955463,18.078025601481762,1.1996340527089646,Max Hamngatan,1.15054,1.1996340527089646,2.30108,2.3992681054179292,4.60216,1.4395608632507575,9.20432,8.677657937337374,,,nogo
59.314548613178175,18.085009241585656,0.6914119787097595,Max Södermalm,1.2030699999999999,0.6914119787097595,2.4061399999999997,1.382823957419519,4.8122799999999994,0.8296943744517113,9.624559999999999,5.4250366637424605,1.382823957419519,5.4250366637424605,clear
59.33652474540859,18.05000999694029,0.6808097028440311,Max Odenplan,0.8610800000000001,0.6808097028440311,1.7221600000000001,1.3616194056880622,3.4443200000000003,0.8169716434128373,6.8886400000000005,5.357182098201799,,,nogo
59.31592656288187,18.105770568275855,1.862651008675534,Max Södermalm,2.1877600000000004,1.862651008675534,4.375520000000001,3.725302017351068,8.751040000000001,2.2351812104106408,17.502080000000003,12.920966455523416,3.725302017351068,12.920966455523416,clear
59.34669609941254,18.044141060308124,0.6102003135608585,Max Odenplan,2.79162,0.6102003135608585,5.58324,1.220400627121717,11.16648,0.7322403762730302,22.33296,4.905282006789494,1.220400627121717,4.905282006789494,clear
59.32817742535504,18.025739693568887,0.7339188217065877,Max Kungsholmen,1.01749,0.7339188217065877,2.03498,1.4678376434131755,4.06996,0.8807025860479053,8.13992,5.697080458922161,,,nogo
59.31135317698446,18.074721839151653,0.48958552552092555,Max Södermalm,1.60282,0.48958552552092555,3.20564,0.9791710510418511,6.41128,0.5875026306251107,12.82256,4.1333473633339235,0.9791710510418511,4.1333473633339235,clear
59.33479030043483,18.062125563678606,0.08258323158032273,Max Hötorget,0.62087,0.08258323158032273,1.24174,0.16516646316064545,2.48348,0.09909987789638727,4.96696,1.5285326821140655,,,nogo
59.311027128012604,18.088899235111565,1.0392725690442854,Max Södermalm,0.14195,1.0392725690442854,0.2839,2.078545138088571,0.5678,1.2471270828531424,1.1356,7.651344441883427,2.078545138088571,7.651344441883427,clear
59.309307600072835,18.06476884980818,0.8514916294272797,Max Södermalm,1.25271,0.8514916294272797,2.50542,1.7029832588545595,5.01084,1.0217899553127356,10.02168,6.449546428334591,1.7029832588545595,6.449546428334591,clear
59.33615029752584,18.027585063370722,0.3788447404803502,Max Kungsholmen,3.23502,0.3788447404803502,6.47004,0.7576894809607004,12.94008,0.45461368857642026,25.88016,3.4246063390742414,,,nogo
59.32954387514621,18.03599734234581,0.5173149076780738,Max Kungsholmen,1.05641,0.5173149076780738,2.11282,1.0346298153561475,4.22564,0.6207778892136885,8.45128,4.310815409139672,,,nogo
59.33855032004439,18.0064361530119,1.5701607713681605,Max Kungsholmen,3.1864299999999997,1.5701607713681605,6.372859999999999,3.140321542736321,12.745719999999999,1.8841929256417926,25.491439999999997,11.049028936756226,,,nogo
59.338866089675165,18.097430036708328,1.5893939908383619,Max Hamngatan,1.2150699999999999,1.5893939908383619,2.4301399999999997,3.1787879816767237,4.8602799999999995,1.9072727890060341,9.720559999999999,11.172121541365517,,,nogo
59.30470426106016,18.073761887291173,1.221759235470947,Max Södermalm,3.48476,1.221759235470947,6.96952,2.443518470941894,13.93904,1.4661110825651362,27.87808,8.81925910701406,2.443518470941894,8.81925910701406,clear
59.30621501972827,18.075712632805224,1.0635495317553196,Max Södermalm,0.44712,1.0635495317553196,0.89424,2.1270990635106393,1.78848,1.2762594381063834,3.57696,7.806717003234045,2.1270990635106393,7.806717003234045,clear
59.34279237077669,18.03394922136167,0.45809573049036745,Max Karolinska,1.2715699999999999,0.45809573049036745,2.5431399999999997,0.9161914609807349,5.0862799999999995,0.549714876588441,10.172559999999999,3.9318126751383518,0.9161914609807349,3.9318126751383518,clear
59.3450051028779,18.063379340296617,0.7394102939535013,Max Odenplan,0.5809,0.7394102939535013,1.1618,1.4788205879070027,2.3236,0.8872923527442016,4.6472,5.7322258813024085,1.4788205879070027,5.7322258813024085,clear
59.31231376399534,18.074647920384425,0.3841203413540721,Max Södermalm,1.26853,0.3841203413540721,2.53706,0.7682406827081442,5.07412,0.4609444096248865,10.14824,3.4583701846660615,0.7682406827081442,3.4583701846660615,clear
59.35034061865615,18.090735825287,2.2133310186492228,Max Hamngatan,3.12504,2.2133310186492228,6.25008,4.4266620372984455,12.50016,2.6559972223790673,25.00032,15.165318519355026,,,nogo
59.33799218635091,18.084157167819505,0.891484969063598,Max Hamngatan,3.07702,0.891484969063598,6.15404,1.782969938127196,12.30808,1.0697819628763177,24.61616,6.705503802007027,,,nogo
59.33089560842471,18.02017133552499,0.7691606432530723,Max Kungsholmen,1.4673399999999999,0.7691606432530723,2.9346799999999997,1.5383212865061446,5.8693599999999995,0.9229927719036868,11.738719999999999,5.922628116819663,,,nogo
59.31209983211587,18.078346305835364,0.4982111821465453,Max Södermalm,0.63003,0.4982111821465453,1.26006,0.9964223642930906,2.52012,0.5978534185758544,5.04024,4.18855156573789,0.9964223642930906,4.18855156573789,clear
59.34195236871622,18.088292418938153,1.3667632083522119,Max Hamngatan,0.21527000000000002,1.3667632083522119,0.43054000000000003,2.7335264167044238,0.8610800000000001,1.6401158500226543,1.7221600000000001,9.747284533454156,,,nogo
59.34677168344318,18.071747328181317,1.2545285089885,Max Odenplan,0.45392,1.2545285089885,0.90784,2.509057017977,1.81568,1.5054342107862,3.63136,9.0289824575264,2.509057017977,9.0289824575264,clear
59.34046620857774,18.034804875785138,0.7209881378765701,Max Karolinska,0.47136,0.7209881378765701,0.94272,1.4419762757531402,1.88544,0.8651857654518842,3.77088,5.614324082410048,1.4419762757531402,5.614324082410048,clear
59.35066615276598,18.049212523332194,0.9058878767622182,Max Odenplan,0.79518,0.9058878767622182,1.59036,1.8117757535244363,3.18072,1.0870654521146619,6.36144,6.797682411278196,1.8117757535244363,6.797682411278196,clear
59.337763535183065,18.076387461642444,0.5938235418445602,Max Hamngatan,1.12807,0.5938235418445602,2.25614,1.1876470836891204,4.51228,0.7125882502134723,9.02456,4.800470667805185,,,nogo
59.325500951820125,18.072393816756485,0.8262546671085315,Max Hamngatan,0.44173,0.8262546671085315,0.88346,1.652509334217063,1.76692,0.9915056005302378,3.53384,6.2880298694946015,,,nogo
59.31396709648075,18.049896602529454,1.3330317142700994,Max Södermalm,1.03683,1.3330317142700994,2.07366,2.6660634285401987,4.14732,1.599638057124119,8.29464,9.531402971328635,2.6660634285401987,9.531402971328635,clear
59.35541694871946,18.095149267634685,2.8303805775292346,Max Hamngatan,0.79047,2.8303805775292346,1.58094,5.660761155058469,3.16188,3.3964566930350815,6.32376,19.1144356961871,,,nogo
59.31964829791157,18.055203566250565,1.1097568777234608,Max Södermalm,0.34606,1.1097568777234608,0.69212,2.2195137554469215,1.38424,1.3317082532681528,2.76848,8.102444017430148,2.2195137554469215,8.102444017430148,clear
59.341920772631376,18.09270374296009,1.5453753034211979,Max Hamngatan,1.18837,1.5453753034211979,2.37674,3.0907506068423958,4.75348,1.8544503641054375,9.50696,10.890401941895666,,,nogo
59.32069898702052,18.050442534671287,1.4050412400529046,Max Södermalm,1.4296,1.4050412400529046,2.8592,2.8100824801058093,5.7184,1.6860494880634855,11.4368,9.99226393633859,2.8100824801058093,9.99226393633859,clear
59.337660246656604,18.09520367678277,1.4199148169365599,Max Hamngatan,1.1289500000000001,1.4199148169365599,2.2579000000000002,2.8398296338731197,4.5158000000000005,1.7038977803238717,9.031600000000001,10.087454828393984,,,nogo
59.339782467482294,18.068148338233662,0.5744849914979463,Max Hötorget,1.16138,0.5744849914979463,2.32276,1.1489699829958926,4.64552,0.6893819897975355,9.29104,4.676703945586857,,,nogo
59.31432993410327,18.070149725576947,0.22302731127030195,Max Södermalm,2.48137,0.22302731127030195,4.96274,0.4460546225406039,9.92548,0.2676327735243624,19.85096,2.4273747921299327,0.4460546225406039,2.4273747921299327,clear
59.35647190319469,18.094695488305565,2.9141062416970835,Max Odenplan,0.70661,2.9141062416970835,1.41322,5.828212483394167,2.82644,3.4969274900365,5.65288,19.650279946861335,5.828212483394167,19.650279946861335,clear
59.33393984623255,18.00126302616455,1.7733964188994737,Max Kungsholmen,2.8497600000000003,1.7733964188994737,5.699520000000001,3.5467928377989475,11.399040000000001,2.1280757026793684,22.798080000000002,12.349737080956633,,,nogo
59.320831608992286,18.073884132468482,0.5773571244467459,Max Södermalm,0.7885599999999999,0.5773571244467459,1.5771199999999999,1.1547142488934918,3.1542399999999997,0.6928285493360951,6.308479999999999,4.695085596459174,,,nogo
59.320367338496446,18.078504390344648,0.6084429265014595,Max Södermalm,3.72002,0.6084429265014595,7.44004,1.216885853002919,14.88008,0.7301315118017514,29.76016,4.8940347296093405,1.216885853002919,4.8940347296093405,clear
59.33565728919151,18.059881854442615,0.15050590043012851,Max Hötorget,4.00218,0.15050590043012851,8.00436,0.30101180086025703,16.00872,0.18060708051615423,32.01744,1.9632377627528226,,,nogo
59.348299267425,18.091067646213304,2.0268864080165603,Max Hamngatan,1.7509700000000001,2.0268864080165603,3.5019400000000003,4.053772816033121,7.0038800000000005,2.4322636896198726,14.007760000000001,13.972073011305987,,,nogo
59.350114355244024,18.055221625289388,0.8665849054501069,Max Odenplan,0.6337200000000001,0.8665849054501069,1.2674400000000001,1.7331698109002138,2.5348800000000002,1.0399018865401282,5.0697600000000005,6.5461433948806835,1.7331698109002138,6.5461433948806835,clear
59.33076600897701,18.04866234706001,0.9486490461001227,Max Hötorget,1.2733299999999999,0.9486490461001227,2.5466599999999997,1.8972980922002454,5.093319999999999,1.1383788553201473,10.186639999999999,7.071353895040785,,,nogo
59.32424052391227,18.071316289170483,0.9604189678978103,Max Södermalm,2.29593,0.9604189678978103,4.59186,1.9208379357956207,9.18372,1.1525027614773724,18.36744,7.146681394545986,,,nogo
59.31354625543734,18.0365629233788,2.0922604303926287,Max Södermalm,1.27915,2.0922604303926287,2.5583,4.184520860785257,5.1166,2.5107125164711546,10.2332,14.390466754512824,4.184520860785257,14.390466754512824,clear
59.312622392565956,18.040178024055173,1.9034762266841496,Max Södermalm,1.08273,1.9034762266841496,2.16546,3.8069524533682992,4.33092,2.28417147202098,8.66184,13.182247850778559,3.8069524533682992,13.182247850778559,clear
59.34942843641602,18.083373542989506,1.9491443293748683,Max Hamngatan,4.172770000000001,1.9491443293748683,8.345540000000002,3.8982886587497365,16.691080000000003,2.338973195249842,33.382160000000006,13.474523707999158,,,nogo
59.313580383470224,18.044515001211572,1.6425337949550949,Max Södermalm,0.76259,1.6425337949550949,1.52518,3.2850675899101898,3.05036,1.971040553946114,6.10072,11.512216287712608,3.2850675899101898,11.512216287712608,clear
59.343764099107815,18.044579845985375,0.4018745046675288,Max Odenplan,0.8866499999999999,0.4018745046675288,1.7732999999999999,0.8037490093350576,3.5465999999999998,0.4822494056010345,7.0931999999999995,3.5719968298721843,0.8037490093350576,3.5719968298721843,clear
59.31850581440416,18.073593235018787,0.317800280808062,Max Södermalm,1.49971,0.317800280808062,2.99942,0.635600561616124,5.99884,0.38136033696967436,11.99768,3.0339217971715966,0.635600561616124,3.0339217971715966,clear
59.34327022563884,18.070648695666303,0.9812381225003938,Max Hötorget,0.44950999999999997,0.9812381225003938,0.8990199999999999,1.9624762450007875,1.7980399999999999,1.1774857470004725,3.5960799999999997,7.2799239840025205,,,nogo
59.34214386744456,18.100567197535018,1.9212175898893595,Max Hamngatan,1.36093,1.9212175898893595,2.72186,3.842435179778719,5.44372,2.305461107867232,10.88744,13.295792575291902,,,nogo
59.34746178957902,18.097960070663422,2.1909159525817645,Max Hamngatan,1.2266,2.1909159525817645,2.4532,4.381831905163529,4.9064,2.6290991430981174,9.8128,15.021862096523293,,,nogo
59.34031893201744,18.008230151803787,1.5558106789920503,Max Kungsholmen,0.36792,1.5558106789920503,0.73584,3.1116213579841006,1.47168,1.8669728147904603,2.94336,10.957188345549122,,,nogo
59.30897839580672,18.058295433021502,1.1237197323711152,Max Södermalm,0.6658200000000001,1.1237197323711152,1.3316400000000002,2.2474394647422304,2.6632800000000003,1.3484636788453384,5.326560000000001,8.191806287175137,2.2474394647422304,8.191806287175137,clear
59.342480185351405,18.089060485412855,1.4396528305477523,Max Hamngatan,0.575,1.4396528305477523,1.15,2.8793056610955046,2.3,1.7275833966573027,4.6,10.213778115505615,,,nogo
59.35919919041341,18.096025486173588,3.146792561116576,Max Odenplan,2.95321,3.146792561116576,5.90642,6.293585122233152,11.81284,3.776151073339891,23.62568,21.139472391146086,6.293585122233152,21.139472391146086,clear
59.34364890648174,18.068001643061002,0.9594040773830782,Max Odenplan,2.80308,0.9594040773830782,5.60616,1.9188081547661564,11.21232,1.151284892859694,22.42464,7.140186095251701,1.9188081547661564,7.140186095251701,clear
59.3535815751026,18.097352991757848,2.7153829847714808,Max Hamngatan,1.43129,2.7153829847714808,2.86258,5.4307659695429615,5.72516,3.258459581725777,11.45032,18.378451102537475,,,nogo
59.30640862102245,18.08944758141514,1.3906656729654945,Max Södermalm,0.23128,1.3906656729654945,0.46256,2.781331345930989,0.92512,1.6687988075585933,1.85024,9.900260306979165,2.781331345930989,9.900260306979165,clear
59.314406552571505,18.04763457246757,1.4551219716350396,Max Södermalm,0.66835,1.4551219716350396,1.3367,2.9102439432700793,2.6734,1.7461463659620475,5.3468,10.312780618464254,2.9102439432700793,10.312780618464254,clear
59.31938647593978,18.03674985901676,1.6258751702346135,Max Kungsholmen,0.98238,1.6258751702346135,1.96476,3.251750340469227,3.9295200000000006,1.951050204281536,7.859040000000001,11.405601089501527,,,nogo
59.340156770061334,18.05036319929662,0.27723814893269744,Max Odenplan,0.72527,0.27723814893269744,1.45054,0.5544762978653949,2.90108,0.33268577871923694,5.80216,2.7743241531692635,0.5544762978653949,2.7743241531692635,clear
59.31196884894208,18.04735830710645,1.5209498843513902,Max Södermalm,1.48105,1.5209498843513902,2.9621,3.0418997687027804,5.9242,1.8251398612216683,11.8484,10.734079259848897,3.0418997687027804,10.734079259848897,clear
59.33373381867609,18.01285167488055,1.1137759924387514,Max Kungsholmen,1.4695799999999999,1.1137759924387514,2.9391599999999998,2.2275519848775027,5.8783199999999995,1.3365311909265016,11.756639999999999,8.128166351608009,,,nogo
59.3363160864159,18.091237985369407,1.1560145521772016,Max Hamngatan,0.4635,1.1560145521772016,0.927,2.3120291043544032,1.854,1.387217462612642,3.708,8.39849313393409,,,nogo
59.316450712897186,18.09592154271987,1.3044648615865395,Max Södermalm,0.79428,1.3044648615865395,1.58856,2.608929723173079,3.17712,1.5653578339038474,6.35424,9.348575114153853,2.608929723173079,9.348575114153853,clear
59.33983790610849,18.053707862290366,0.3378532564410071,Max Odenplan,0.38735,0.3378532564410071,0.7747,0.6757065128820142,1.5494,0.40542390772920855,3.0988,3.1622608412224453,0.6757065128820142,3.1622608412224453,clear
59.31676165342115,18.032315413580882,1.8994890214239342,Max Kungsholmen,0.81869,1.8994890214239342,1.63738,3.7989780428478683,3.27476,2.279386825708721,6.54952,13.156729737113178,,,nogo
59.336831965469564,18.056727625894705,0.36073605885871834,Max Hötorget,2.32774,0.36073605885871834,4.65548,0.7214721177174367,9.31096,0.432883270630462,18.62192,3.3087107766957975,,,nogo
59.30930248019878,18.066269310829068,0.8076983531846622,Max Södermalm,3.63297,0.8076983531846622,7.26594,1.6153967063693244,14.53188,0.9692380238215946,29.06376,6.169269460381838,1.6153967063693244,6.169269460381838,clear
59.31708221405091,18.038280224636868,1.8934045551387149,Max Kungsholmen,1.009,1.8934045551387149,2.018,3.7868091102774297,4.036,2.2720854661664576,8.072,13.117789152887774,,,nogo
59.33003626312652,18.074264489146245,0.3446894977118705,Max Hamngatan,0.19403,0.3446894977118705,0.38806,0.689378995423741,0.77612,0.41362739725424463,1.55224,3.2060127853559712,,,nogo
59.3500779127418,18.104549034621527,2.660017819573162,Max Hamngatan,0.3892,2.660017819573162,0.7784,5.320035639146324,1.5568,3.1920213834877944,3.1136,18.024114045268238,,,nogo
59.31470723941332,18.055524732279817,1.0046908557041303,Max Södermalm,0.2425,1.0046908557041303,0.485,2.0093817114082606,0.97,1.2056290268449563,1.94,7.430021476506434,2.0093817114082606,7.430021476506434,clear
59.346332485620884,18.10309328452345,2.3141174097085497,Max Hamngatan,0.55796,2.3141174097085497,1.11592,4.6282348194170995,2.23184,2.7769408916502596,4.46368,15.810351422134719,,,nogo
59.31598681564921,18.04670658122427,1.5015843343953326,Max Södermalm,1.31836,1.5015843343953326,2.63672,3.003168668790665,5.27344,1.801901201274399,10.54688,10.610139740130128,3.003168668790665,10.610139740130128,clear
59.344169874493055,18.080217350763082,1.3371286947857053,Max Hamngatan,1.02028,1.3371286947857053,2.04056,2.6742573895714106,4.08112,1.6045544337428463,8.16224,9.557623646628514,,,nogo
59.310892549408194,18.08595375351152,0.9063257439733086,Max Södermalm,2.2291399999999997,0.9063257439733086,4.458279999999999,1.8126514879466171,8.916559999999999,1.0875908927679703,17.833119999999997,6.800484761429175,1.8126514879466171,6.800484761429175,clear
59.33382892260688,18.027445783885906,0.2830783643142166,Max Kungsholmen,0.94409,0.2830783643142166,1.88818,0.5661567286284332,3.77636,0.3396940371770599,7.55272,2.8117015316109866,,,nogo
59.33775035299422,18.019628445211392,0.8499351266480467,Max Kungsholmen,0.7130599999999999,0.8499351266480467,1.4261199999999998,1.6998702532960934,2.8522399999999997,1.019922151977656,5.704479999999999,6.439584810547499,,,nogo
59.314846512461266,18.09141878844791,1.0491111614608044,Max Södermalm,0.60887,1.0491111614608044,1.21774,2.098222322921609,2.43548,1.2589333937529652,4.87096,7.714311433349148,2.098222322921609,7.714311433349148,clear
59.33314247709895,18.029150037257477,0.20048537721674944,Max Kungsholmen,1.34163,0.20048537721674944,2.68326,0.4009707544334989,5.36652,0.24058245266009934,10.73304,2.2831064141871966,,,nogo
59.31640045897704,18.077962307581274,0.29055903828774454,Max Södermalm,1.47424,0.29055903828774454,2.94848,0.5811180765754891,5.89696,0.34867084594529346,11.79392,2.859577845041565,0.5811180765754891,2.859577845041565,clear
59.31384393785068,18.056328123574282,0.9746252738702921,Max Södermalm,2.69375,0.9746252738702921,5.3875,1.9492505477405841,10.775,1.1695503286443505,21.55,7.237601752769869,1.9492505477405841,7.237601752769869,clear
59.35266202062996,18.08363404927997,2.15575293639682,Max Odenplan,1.37303,2.15575293639682,2.74606,4.31150587279364,5.49212,2.586903523676184,10.98424,14.79681879293965,4.31150587279364,14.79681879293965,clear
59.34608510472183,18.06791769237381,1.0238441573207118,Max Odenplan,2.02342,1.0238441573207118,4.04684,2.0476883146414235,8.09368,1.2286129887848543,16.18736,7.552602606852556,2.0476883146414235,7.552602606852556,clear
59.34009579255591,18.114964501036436,2.5701233525279426,Max Hamngatan,0.23965999999999998,2.5701233525279426,0.47931999999999997,5.140246705055885,0.9586399999999999,3.084148023033531,1.9172799999999999,17.448789456178833,,,nogo
59.3353183345364,18.065135479904963,0.15090463992735206,Max Hötorget,1.28125,0.15090463992735206,2.5625,0.3018092798547041,5.125,0.1810855679128225,10.25,1.9657896955350531,,,nogo
59.31166985220756,18.086553645398205,0.8877728768485298,Max Södermalm,0.89724,0.8877728768485298,1.79448,1.7755457536970596,3.58896,1.0653274522182357,7.17792,6.6817464118305905,1.7755457536970596,6.6817464118305905,clear
59.3052027948225,18.082468785108116,1.28271390633179,Max Södermalm,0.34919,1.28271390633179,0.69838,2.56542781266358,1.39676,1.5392566875981482,2.79352,9.209369000523456,2.56542781266358,9.209369000523456,clear
59.32551625266535,18.07237263170031,0.8245227683575721,Max Hamngatan,0.55271,0.8245227683575721,1.10542,1.6490455367151442,2.21084,0.9894273220290866,4.42168,6.276945717488461,,,nogo
59.34416440641176,18.09379599338024,1.7612586950540652,Max Hamngatan,1.55178,1.7612586950540652,3.10356,3.5225173901081304,6.20712,2.1135104340648785,12.41424,12.272055648346019,,,nogo
59.336704750919885,18.068328037091245,0.3571058433873723,Max Hötorget,0.77861,0.3571058433873723,1.55722,0.7142116867747446,3.11444,0.4285270120648467,6.22888,3.2854773976791827,,,nogo
59.304069972828486,18.07469602168402,1.2951066363541603,Max Södermalm,1.0584500000000001,1.2951066363541603,2.1169000000000002,2.5902132727083207,4.2338000000000005,1.5541279636249925,8.467600000000001,9.288682472666626,2.5902132727083207,9.288682472666626,clear
59.33308000910238,18.00156959551826,1.7578077486131207,Max Kungsholmen,3.48909,1.7578077486131207,6.97818,3.5156154972262414,13.95636,2.1093692983357446,27.91272,12.249969591123971,,,nogo
59.31823554625612,18.019455402371765,1.885715257348163,Max Kungsholmen,0.7716900000000001,1.885715257348163,1.5433800000000002,3.771430514696326,3.0867600000000004,2.2628583088177954,6.173520000000001,13.068577647028242,,,nogo
59.31613338046632,18.099528184281013,1.5078278072726992,Max Södermalm,0.35982,1.5078278072726992,0.71964,3.0156556145453983,1.43928,1.809393368727239,2.87856,10.650097966545275,3.0156556145453983,10.650097966545275,clear
59.3440737083673,18.084573344092675,1.4328676694254607,Max Hamngatan,1.32322,1.4328676694254607,2.64644,2.8657353388509215,5.29288,1.7194412033105528,10.58576,10.170353084322949,,,nogo
59.34493657676404,18.03434597382484,0.2264607816466686,Max Karolinska,3.3148299999999997,0.2264607816466686,6.629659999999999,0.4529215632933372,13.259319999999999,0.2717529379760023,26.518639999999998,2.4493490025386793,0.4529215632933372,2.4493490025386793,clear
59.310373212187365,18.049927580683967,1.4437159274325873,Max Södermalm,2.70698,1.4437159274325873,5.41396,2.8874318548651745,10.82792,1.7324591129191047,21.65584,10.239781935568558,2.8874318548651745,10.239781935568558,clear
59.33927530658752,18.06600366168553,0.46469448455114193,Max Hötorget,0.82166,0.46469448455114193,1.64332,0.9293889691022839,3.28664,0.5576333814613703,6.57328,3.9740447011273083,,,nogo
59.31612916849364,18.088554896879632,0.8835307687312272,Max Södermalm,3.7960100000000003,0.8835307687312272,7.592020000000001,1.7670615374624543,15.184040000000001,1.0602369224774726,30.368080000000003,6.654596919879854,1.7670615374624543,6.654596919879854,clear
59.31654581991978,18.09098785378974,1.0252651531591477,Max Södermalm,0.85995,1.0252651531591477,1.7199,2.0505303063182954,3.4398,1.2303181837909773,6.8796,7.561696980218546,2.0505303063182954,7.561696980218546,clear
59.3135970302117,18.049959605634857,1.3359784032802846,Max Södermalm,2.8108400000000002,1.3359784032802846,5.6216800000000005,2.671956806560569,11.243360000000001,1.6031740839363415,22.486720000000002,9.550261780993822,2.671956806560569,9.550261780993822,clear
59.339754055510795,18.051082030501345,0.3174711616415009,Max Odenplan,2.68225,0.3174711616415009,5.3645,0.6349423232830018,10.729,0.3809653939698011,21.458,3.0318154345056056,0.6349423232830018,3.0318154345056056,clear
59.31237965866701,18.04649597217806,1.5568823082793726,Max Södermalm,0.2881,1.5568823082793726,0.5762,3.113764616558745,1.1524,1.868258769935247,2.3048,10.964046772987984,3.113764616558745,10.964046772987984,clear
59.34469095482901,18.053971148945752,0.2789814204338436,Max Odenplan,0.18403,0.2789814204338436,0.36806,0.5579628408676872,0.73612,0.33477770452061234,1.47224,2.785481090776599,0.5579628408676872,2.785481090776599,clear
59.30759756667195,18.075210851256223,0.9070602995147946,Max Södermalm,0.82816,0.9070602995147946,1.65632,1.8141205990295892,3.31264,1.0884723594177534,6.62528,6.805185916894685,1.8141205990295892,6.805185916894685,clear
59.31537449454872,18.08285626931523,0.5584457764860498,Max Södermalm,3.9404,0.5584457764860498,7.8808,1.1168915529720995,15.7616,0.6701349317832598,31.5232,4.574052969510719,1.1168915529720995,4.574052969510719,clear
59.32649319295541,18.02212284440354,1.004173843116366,Max Kungsholmen,1.64584,1.004173843116366,3.29168,2.008347686232732,6.58336,1.2050086117396392,13.16672,7.426712595944743,,,nogo
59.34878539149739,18.056798170035105,0.7573144731218311,Max Odenplan,1.5066199999999998,0.7573144731218311,3.0132399999999997,1.5146289462436622,6.026479999999999,0.9087773677461973,12.052959999999999,5.846812627979719,1.5146289462436622,5.846812627979719,clear
59.33955615394138,18.101578598261764,1.836260842348158,Max Hamngatan,0.50712,1.836260842348158,1.01424,3.672521684696316,2.02848,2.2035130108177894,4.05696,12.752069391028211,,,nogo
59.33675873782873,18.087553766883985,0.9808513067811344,Max Hamngatan,1.50404,0.9808513067811344,3.00808,1.9617026135622688,6.01616,1.1770215681373615,12.03232,7.277448363399261,,,nogo
59.31713314797155,18.092639139843588,1.1265175540678654,Max Södermalm,1.27775,1.1265175540678654,2.5555,2.2530351081357307,5.111,1.3518210648814384,10.222,8.209712346034339,2.2530351081357307,8.209712346034339,clear
59.33640314680549,18.017089930766733,0.918966404930056,Max Kungsholmen,1.06531,0.918966404930056,2.13062,1.837932809860112,4.26124,1.1027596859160673,8.52248,6.881384991552359,,,nogo
59.30865184304067,18.079932601177916,0.8737446531473992,Max Södermalm,1.48755,0.8737446531473992,2.9751,1.7474893062947985,5.9502,1.0484935837768792,11.9004,6.591965780143355,1.7474893062947985,6.591965780143355,clear
59.349054103145804,18.092633244108264,2.145766187713882,Max Hamngatan,0.612,2.145766187713882,1.224,4.291532375427764,2.448,2.5749194252566583,4.896,14.732903601368843,,,nogo
59.30609729632888,18.06963271460035,1.0837282821030116,Max Södermalm,1.1000999999999999,1.0837282821030116,2.2001999999999997,2.1674565642060233,4.400399999999999,1.300473938523614,8.800799999999999,7.935861005459275,2.1674565642060233,7.935861005459275,clear
59.34847128812763,18.05729359284513,0.7382997090474913,Max Odenplan,3.25885,0.7382997090474913,6.5177,1.4765994180949826,13.0354,0.8859596508569896,26.0708,5.725118137903944,1.4765994180949826,5.725118137903944,clear
59.333276890814034,18.01434406923079,1.0305331392251385,Max Kungsholmen,0.99973,1.0305331392251385,1.99946,2.061066278450277,3.9989199999999996,1.2366397670701663,7.997839999999999,7.595412091040886,,,nogo
59.309340712723994,18.05225362668331,1.3789882180291317,Max Södermalm,2.39431,1.3789882180291317,4.78862,2.7579764360582635,9.57724,1.6547858616349582,19.15448,9.825524595386444,2.7579764360582635,9.825524595386444,clear
59.34545517509118,18.084162606110336,1.5577503777987165,Max Hamngatan,0.5846399999999999,1.5577503777987165,1.1692799999999999,3.115500755597433,2.3385599999999998,1.8693004533584598,4.6771199999999995,10.969602417911785,,,nogo
59.3183527117709,18.05094236428034,1.2949639465726872,Max Södermalm,1.33358,1.2949639465726872,2.66716,2.5899278931453744,5.33432,1.5539567358872248,10.66864,9.287769258065198,2.5899278931453744,9.287769258065198,clear
59.35616429352803,18.09830734849471,2.9899854355595945,Max Hamngatan,2.3078499999999997,2.9899854355595945,4.6156999999999995,5.979970871119189,9.231399999999999,3.5879825226715134,18.462799999999998,20.135906787581405,,,nogo
59.32117009440732,18.052190942845765,1.3375755278151282,Max Södermalm,0.89885,1.3375755278151282,1.7977,2.6751510556302565,3.5954,1.605090633378154,7.1908,9.560483378016821,2.6751510556302565,9.560483378016821,clear
59.31949669322439,18.053415099296934,1.1976782264417607,Max Södermalm,0.9358,1.1976782264417607,1.8716,2.3953564528835214,3.7432,1.4372138717301128,7.4864,8.665140649227268,2.3953564528835214,8.665140649227268,clear
59.338984991728,18.003199932122907,1.7599721284889336,Max Kungsholmen,3.50508,1.7599721284889336,7.01016,3.519944256977867,14.02032,2.1119665541867203,28.04064,12.263821622329175,,,nogo
59.349157079042705,18.100568390105497,2.430531893041936,Max Hamngatan,0.9326599999999999,2.430531893041936,1.8653199999999999,4.861063786083872,3.7306399999999997,2.9166382716503234,7.4612799999999995,16.55540411546839,,,nogo
59.34637470151272,18.081697123220838,1.5967118141699628,Max Hamngatan,1.47409,1.5967118141699628,2.94818,3.1934236283399255,5.89636,1.9160541770039552,11.79272,11.218955610687761,,,nogo
59.31617143425615,18.07991863846405,0.3942488810468951,Max Södermalm,1.22695,0.3942488810468951,2.4539,0.7884977620937902,4.9078,0.4730986572562741,9.8156,3.523192838700129,0.7884977620937902,3.523192838700129,clear
59.335349506557556,18.090962356190715,1.1101348110661946,Max Hamngatan,1.4677200000000001,1.1101348110661946,2.9354400000000003,2.220269622132389,5.8708800000000005,1.3321617732794335,11.741760000000001,8.104862790823645,,,nogo
59.31232409783869,18.048272613676875,1.4602981394158001,Max Södermalm,1.76045,1.4602981394158001,3.5209,2.9205962788316002,7.0418,1.75235776729896,14.0836,10.345908092261121,2.9205962788316002,10.345908092261121,clear
59.33337696864448,18.026774965601494,0.32489982759483804,Max Kungsholmen,0.59973,0.32489982759483804,1.19946,0.6497996551896761,2.39892,0.38987979311380566,4.79784,3.0793588966069634,,,nogo
59.34177323733562,18.055571898169596,0.26184676498060516,Max Odenplan,2.3091999999999997,0.26184676498060516,4.618399999999999,0.5236935299612103,9.236799999999999,0.3142161179767262,18.473599999999998,2.675819295875873,0.5236935299612103,2.675819295875873,clear
59.33851258481378,18.050962176983738,0.4559275306438986,Max Odenplan,3.41525,0.4559275306438986,6.8305,0.9118550612877973,13.661,0.5471130367726783,27.322,3.917936196120951,0.9118550612877973,3.917936196120951,clear
59.34582554435862,18.08484120494442,1.6119216588057403,Max Hamngatan,3.29542,1.6119216588057403,6.59084,3.2238433176114807,13.18168,1.9343059905668885,26.36336,11.316298616356738,,,nogo
59.33444920510433,18.05314885828113,0.5456007134914139,Max Hötorget,3.03383,0.5456007134914139,6.06766,1.0912014269828278,12.13532,0.6547208561896968,24.27064,4.4918445663450495,,,nogo
59.334095815377,18.042613916164395,0.5811225208940888,Max Kungsholmen,1.15351,0.5811225208940888,2.30702,1.1622450417881776,4.61404,0.6973470250729066,9.22808,4.719184133722168,,,nogo
59.32318722320566,18.07528428957846,0.8473563012629758,Max Södermalm,0.37239,0.8473563012629758,0.74478,1.6947126025259516,1.48956,1.016827561515571,2.97912,6.423080328083046,,,nogo
59.338305164652525,18.08637185867875,1.0124300451308865,Max Hamngatan,3.37933,1.0124300451308865,6.75866,2.024860090261773,13.51732,1.2149160541570638,27.03464,7.479552288837674,,,nogo
59.31154006188445,18.063976019277682,0.6923025780688175,Max Södermalm,0.72357,0.6923025780688175,1.44714,1.384605156137635,2.89428,0.8307630936825809,5.78856,5.430736499640432,1.384605156137635,5.430736499640432,clear
59.34422194960715,18.10062254806596,2.056870265734656,Max Hamngatan,3.1485700000000003,2.056870265734656,6.297140000000001,4.113740531469312,12.594280000000001,2.4682443188815872,25.188560000000003,14.163969700701799,,,nogo
59.33960438908833,18.090320943576092,1.2793301782525617,Max Hamngatan,0.8874099999999999,1.2793301782525617,1.7748199999999998,2.5586603565051234,3.5496399999999997,1.5351962139030741,7.099279999999999,9.187713140816395,,,nogo
59.33009987814306,18.075250083312604,0.3627864351364598,Max Hamngatan,0.81838,0.3627864351364598,1.63676,0.7255728702729196,3.27352,0.4353437221637518,6.54704,3.3218331848733427,,,nogo
59.33007407698737,18.018623562056533,0.8888621431237158,Max Kungsholmen,2.9311599999999998,0.8888621431237158,5.8623199999999995,1.7777242862474316,11.724639999999999,1.0666345717484589,23.449279999999998,6.688717715991781,,,nogo
59.34673034706851,18.090311785735278,1.8570293608677273,Max Hamngatan,2.17169,1.8570293608677273,4.34338,3.7140587217354546,8.68676,2.2284352330412727,17.37352,12.884987909553455,,,nogo
59.33121911500057,18.064365562485722,0.4764268027596609,Max Hamngatan,0.75649,0.4764268027596609,1.51298,0.9528536055193217,3.02596,0.571712163311593,6.05192,4.04913153766183,,,nogo
59.31322076544717,18.053829984665132,1.1288901555058588,Max Södermalm,0.39549,1.1288901555058588,0.79098,2.2577803110117176,1.58196,1.3546681866070305,3.16392,8.224896995237497,2.2577803110117176,8.224896995237497,clear
59.334534780119775,18.03209471389626,0.08255131242695357,Max Kungsholmen,3.6556100000000002,0.08255131242695357,7.3112200000000005,0.16510262485390714,14.622440000000001,0.09906157491234428,29.244880000000002,1.5283283995325028,,,nogo
59.337909954229886,18.098043311945098,1.580642883700165,Max Hamngatan,0.87274,1.580642883700165,1.74548,3.16128576740033,3.49096,1.896771460440198,6.98192,11.116114455681055,,,nogo
59.33896222003184,18.064801465212025,0.4066072174605448,Max Hötorget,1.23932,0.4066072174605448,2.47864,0.8132144349210896,4.95728,0.48792866095265375,9.91456,3.6022861917474867,,,nogo
59.33722043377352,18.09123951688349,1.192896170290982,Max Hamngatan,0.5784900000000001,1.192896170290982,1.1569800000000001,2.385792340581964,2.3139600000000002,1.4314754043491782,4.6279200000000005,8.634535489862284,,,nogo
59.34371244438289,18.045030122137753,0.3757753178205411,Max Odenplan,0.822,0.3757753178205411,1.644,0.7515506356410822,3.288,0.4509303813846493,6.576,3.404962034051463,0.7515506356410822,3.404962034051463,clear
59.31703261511356,18.040863093279814,1.840216100965778,Max Södermalm,0.7088099999999999,1.840216100965778,1.4176199999999999,3.680432201931556,2.8352399999999998,2.2082593211589336,5.6704799999999995,12.77738304618098,3.680432201931556,12.77738304618098,clear
59.33393495787808,18.025031684340846,0.4206986748786581,Max Kungsholmen,2.25879,0.4206986748786581,4.51758,0.8413973497573162,9.03516,0.5048384098543897,18.07032,3.6924715192234117,,,nogo
59.341630331765224,18.107111022274488,2.2190974853603196,Max Hamngatan,3.98471,2.2190974853603196,7.96942,4.438194970720639,15.93884,2.6629169824323835,31.87768,15.202223906306045,,,nogo
59.33062972090682,18.07495542153054,0.3037004068561953,Max Hamngatan,0.70696,0.3037004068561953,1.41392,0.6074008137123906,2.82784,0.3644404882274344,5.65568,2.94368260387965,,,nogo
59.3148893325068,18.072644559079592,0.08977435356731106,Max Södermalm,1.5440099999999999,0.08977435356731106,3.0880199999999998,0.17954870713462212,6.1760399999999995,0.10772922428077326,12.352079999999999,1.5745558628307907,0.17954870713462212,1.5745558628307907,clear
59.33671820725458,18.035072309500542,0.3571864625982047,Max Kungsholmen,0.55231,0.3571864625982047,1.10462,0.7143729251964094,2.20924,0.4286237551178456,4.41848,3.28599336062851,,,nogo
59.336274203372106,18.020420077512767,0.7359394468721671,Max Kungsholmen,1.56121,0.7359394468721671,3.12242,1.4718788937443341,6.24484,0.8831273362466006,12.48968,5.710012459981869,,,nogo
59.35878293552858,18.096973498721493,3.1639578791525937,Max Odenplan,0.84525,3.1639578791525937,1.6905,6.3279157583051875,3.381,3.7967494549831122,6.762,21.2493304265766,6.3279157583051875,21.2493304265766,clear
59.30951032401095,18.06487806070418,0.8292854639635139,Max Södermalm,1.2334,0.8292854639635139,2.4668,1.6585709279270278,4.9336,0.9951425567562167,9.8672,6.307426969366489,1.6585709279270278,6.307426969366489,clear
59.336305447278065,18.079702762356998,0.57652068094358,Max Hamngatan,0.5386299999999999,0.57652068094358,1.0772599999999999,1.15304136188716,2.1545199999999998,0.6918248171322959,4.3090399999999995,4.689732358038912,,,nogo
59.33454066229442,18.018971525800495,0.7696884337717179,Max Kungsholmen,1.92485,0.7696884337717179,3.8497,1.5393768675434358,7.699399999999999,0.9236261205260615,15.398799999999998,5.9260059761389945,,,nogo
59.340714070939576,18.106012581475248,2.1192316485080838,Max Hamngatan,0.69008,2.1192316485080838,1.38016,4.2384632970161675,2.76032,2.5430779782097006,5.52064,14.563082550451735,,,nogo
59.344117808017245,18.029507515312297,0.3743645695673053,Max Karolinska,0.88462,0.3743645695673053,1.76924,0.7487291391346106,3.53848,0.44923748348076636,7.07696,3.395933245230754,0.7487291391346106,3.395933245230754,clear
59.310997712546296,18.059364636481384,0.9377591562595603,Max Södermalm,1.47272,0.9377591562595603,2.94544,1.8755183125191206,5.89088,1.1253109875114724,11.78176,7.001658600061186,1.8755183125191206,7.001658600061186,clear
59.34560258774374,18.085331518886562,1.602771744525856,Max Hamngatan,1.10184,1.602771744525856,2.20368,3.205543489051712,4.40736,1.9233260934310272,8.81472,11.257739164965479,,,nogo
59.33432575353556,18.027234826893253,0.30056553991180224,Max Kungsholmen,3.92574,0.30056553991180224,7.85148,0.6011310798236045,15.702960000000001,0.3606786478941627,31.405920000000002,2.923619455435534,,,nogo
59.33233896289878,18.0757616986289,0.22089984247940106,Max Hamngatan,1.46106,0.22089984247940106,2.92212,0.4417996849588021,5.84424,0.26507981097528127,11.68848,2.413758991868167,,,nogo
59.34513394467417,18.072724418044125,1.2200398099602137,Max Hötorget,2.3933,1.2200398099602137,4.7866,2.4400796199204273,9.5732,1.4640477719522564,19.1464,8.808254783745367,,,nogo
59.31616905048411,18.06961800234352,0.2042420936207518,Max Södermalm,1.12337,0.2042420936207518,2.24674,0.4084841872415036,4.49348,0.24509051234490214,8.98696,2.3071493991728116,0.4084841872415036,2.3071493991728116,clear
59.3471858118269,18.0822954077517,1.6932658017697957,Max Hamngatan,0.78867,1.6932658017697957,1.57734,3.3865316035395914,3.15468,2.031918962123755,6.30936,11.836901131326693,,,nogo
59.35194769804178,18.08059287149128,1.966712617444833,Max Odenplan,0.82339,1.966712617444833,1.64678,3.933425234889666,3.29356,2.3600551409337998,6.58712,13.58696075164693,3.933425234889666,13.58696075164693,clear
59.338652658037965,18.068798663428364,0.5010579968775878,Max Hötorget,1.45046,0.5010579968775878,2.90092,1.0021159937551756,5.80184,0.6012695962531053,11.60368,4.2067711800165615,,,nogo
59.337186792215775,18.029389018357286,0.41357007448969896,Max Kungsholmen,1.98997,0.41357007448969896,3.97994,0.8271401489793979,7.959880000000001,0.49628408938763874,15.919760000000002,3.6468484767340734,,,nogo
59.32960780222196,18.075104757502675,0.4075109840205591,Max Hamngatan,0.74221,0.4075109840205591,1.48442,0.8150219680411181,2.96884,0.4890131808246708,5.93768,3.6080702977315777,,,nogo
59.32937804865792,18.032069819889006,0.49440446862968473,Max Kungsholmen,4.00218,0.49440446862968473,8.00436,0.9888089372593695,16.00872,0.5932853623556217,32.01744,4.164188599229982,,,nogo
59.33092027880974,18.068386869537093,0.30473488895967504,Max Hamngatan,1.29059,0.30473488895967504,2.58118,0.6094697779193501,5.16236,0.3656818667516101,10.32472,2.95030328934192,,,nogo
59.34057394862023,18.11631490259233,2.659857470262129,Max Hamngatan,1.1851800000000001,2.659857470262129,2.3703600000000002,5.319714940524258,4.7407200000000005,3.191828964314555,9.481440000000001,18.023087809677627,,,nogo
59.33507800384853,18.032106686500192,0.1420925885101583,Max Kungsholmen,0.45138,0.1420925885101583,0.90276,0.2841851770203166,1.80552,0.17051110621218996,3.61104,1.909392566465013,,,nogo
59.34581692180231,18.095912262963427,1.977328265282443,Max Hamngatan,0.7344400000000001,1.977328265282443,1.4688800000000002,3.954656530564886,2.9377600000000004,2.3727939183389317,5.875520000000001,13.654900897807636,,,nogo
59.3142002042756,18.042623306030144,1.7414088364750777,Max Södermalm,2.54477,1.7414088364750777,5.08954,3.4828176729501554,10.17908,2.089690603770093,20.35816,12.145016553440497,3.4828176729501554,12.145016553440497,clear
59.31938753147696,18.06047415724772,0.8283175935274997,Max Södermalm,1.59558,0.8283175935274997,3.19116,1.6566351870549993,6.38232,0.9939811122329996,12.76464,6.301232598575998,1.6566351870549993,6.301232598575998,clear
59.349103506808,18.06321235826242,0.9932468873134566,Max Odenplan,0.97762,0.9932468873134566,1.95524,1.9864937746269131,3.91048,1.191896264776148,7.82096,7.356780078806122,1.9864937746269131,7.356780078806122,clear
59.30499919965328,18.073411544162404,1.188423473689193,Max Södermalm,0.94262,1.188423473689193,1.88524,2.376846947378386,3.77048,1.4261081684270316,7.54096,8.605910231610835,2.376846947378386,8.605910231610835,clear
59.33689015771554,18.010306359313148,1.3044209547639185,Max Kungsholmen,1.15181,1.3044209547639185,2.30362,2.608841909527837,4.60724,1.5653051457167022,9.21448,9.348294110489078,,,nogo
59.31970287496726,18.05640340336345,1.0500746413738196,Max Södermalm,1.77904,1.0500746413738196,3.55808,2.100149282747639,7.11616,1.2600895696485834,14.23232,7.7204777047924456,2.100149282747639,7.7204777047924456,clear
59.34157453008932,18.03736379524196,0.6369253433186409,Max Karolinska,1.28278,0.6369253433186409,2.56556,1.2738506866372818,5.13112,0.7643104119823692,10.26224,5.076322197239302,1.2738506866372818,5.076322197239302,clear
59.331535812748946,18.07297850136558,0.16258856074899747,Max Hamngatan,3.81387,0.16258856074899747,7.62774,0.32517712149799494,15.255479999999999,0.19510627289879695,30.510959999999997,2.040566788793584,,,nogo
59.33199860253152,18.040777842477826,0.5169087101193475,Max Kungsholmen,1.488,0.5169087101193475,2.976,1.033817420238695,5.952,0.620290452143217,11.904,4.308215744763824,,,nogo
59.33656289981073,18.06639152011862,0.25040093571991445,Max Hötorget,0.70945,0.25040093571991445,1.4189,0.5008018714398289,2.8378,0.30048112286389733,5.6756,2.6025659886074526,,,nogo
59.31596280557155,18.072897313373506,0.034467263992304896,Max Södermalm,3.8608800000000003,0.034467263992304896,7.721760000000001,0.06893452798460979,15.443520000000001,0.041360716790765875,30.887040000000002,1.2205904895507513,0.06893452798460979,1.2205904895507513,clear
59.33930083960153,18.07727944918964,0.7710865489359775,Max Hamngatan,1.5046,0.7710865489359775,3.0092,1.542173097871955,6.0184,0.925303858723173,12.0368,5.934953913190256,,,nogo
59.32874347889266,18.035968599989406,0.5997529071883575,Max Kungsholmen,0.37162,0.5997529071883575,0.74324,1.199505814376715,1.48648,0.7197034886260291,2.97296,4.838418606005488,,,nogo
59.35040994766089,18.06780057179339,1.2812270830981518,Max Odenplan,0.5407000000000001,1.2812270830981518,1.0814000000000001,2.5624541661963036,2.1628000000000003,1.5374724997177822,4.3256000000000006,9.199853331828171,2.5624541661963036,9.199853331828171,clear
59.31482356930007,18.046993993359777,1.487777358812735,Max Södermalm,2.9689200000000002,1.487777358812735,5.9378400000000005,2.97555471762547,11.875680000000001,1.7853328305752818,23.751360000000002,10.521775096401504,2.97555471762547,10.521775096401504,clear
59.332807573628436,18.07796720819107,0.33709727132737716,Max Hamngatan,1.41673,0.33709727132737716,2.83346,0.6741945426547543,5.66692,0.40451672559285257,11.33384,3.157422536495214,,,nogo
59.342146760966,18.06773133477222,0.7973270669345391,Max Hötorget,0.43581,0.7973270669345391,0.87162,1.5946541338690783,1.74324,0.9567924803214469,3.48648,6.102893228381051,,,nogo
59.32518142138003,18.06939581744558,0.8747510693715416,Max Hamngatan,0.44654000000000005,0.8747510693715416,0.8930800000000001,1.7495021387430831,1.7861600000000002,1.0497012832458499,3.5723200000000004,6.598406843977866,,,nogo
59.33463656147582,18.060823648989977,0.1362717641391896,Max Hötorget,1.2520799999999999,0.1362717641391896,2.5041599999999997,0.2725435282783792,5.008319999999999,0.1635261169670275,10.016639999999999,1.8721392904908134,,,nogo
59.30677435966746,18.067199170143862,1.0453650634515248,Max Södermalm,1.13097,1.0453650634515248,2.26194,2.0907301269030496,4.52388,1.2544380761418297,9.04776,7.6903364060897585,2.0907301269030496,7.6903364060897585,clear
59.311733142726766,18.056444117697716,1.0431386650579901,Max Södermalm,0.5425,1.0431386650579901,1.085,2.0862773301159803,2.17,1.2517663980695881,4.34,7.676087456371137,2.0862773301159803,7.676087456371137,clear
59.308197397486374,18.09482757760654,1.4927356179638807,Max Södermalm,0.64312,1.4927356179638807,1.28624,2.9854712359277613,2.57248,1.7912827415566568,5.14496,10.553507954968836,2.9854712359277613,10.553507954968836,clear
59.3157705393807,18.099629011917155,1.5127227189415473,Max Södermalm,0.68437,1.5127227189415473,1.36874,3.0254454378830946,2.73748,1.8152672627298567,5.47496,10.681425401225903,3.0254454378830946,10.681425401225903,clear
59.34067985143404,18.047852806812113,0.28912381164592627,Max Odenplan,3.9060900000000003,0.28912381164592627,7.812180000000001,0.5782476232918525,15.624360000000001,0.34694857397511153,31.248720000000002,2.850392394533928,0.5782476232918525,2.850392394533928,clear
59.33173362034689,18.062166185919217,0.4206114669953348,Max Hötorget,2.76255,0.4206114669953348,5.5251,0.8412229339906696,11.0502,0.5047337603944018,22.1004,3.6919133887701427,,,nogo
59.333459582421796,18.017448745728036,0.8529951358279961,Max Kungsholmen,1.42979,0.8529951358279961,2.85958,1.7059902716559923,5.71916,1.0235941629935954,11.43832,6.459168869299175,,,nogo
59.320959262199615,18.06157650813243,0.8808224844813406,Max Södermalm,2.24952,0.8808224844813406,4.49904,1.7616449689626812,8.99808,1.0569869813776087,17.99616,6.63726390068058,1.7616449689626812,6.63726390068058,clear
59.34172994865024,18.06308611642287,0.6795912163318749,Max Odenplan,0.5196900000000001,0.6795912163318749,1.0393800000000002,1.3591824326637498,2.0787600000000004,0.8155094595982499,4.157520000000001,5.349383784523999,1.3591824326637498,5.349383784523999,clear
59.328558816071094,18.06314998815237,0.7015480071933278,Max Hamngatan,1.1663800000000002,0.7015480071933278,2.3327600000000004,1.4030960143866555,4.665520000000001,0.8418576086319933,9.331040000000002,5.489907246037298,,,nogo
